[
  {
    "anime_title": "Bakuman",
    "episode_title": "Bakuman Episode 25 (End) Subtitle Indonesia",
    "episode_link": "https://otakudesu.best/episode/bkmn-episode-25-sub-indo/",
    "episode_date": "22 Juli,2020",
    "server": "otakuplay",
    "quality": "480p",
    "data_content": "eyJpZCI6OTYzOTUsImkiOjAsInEiOiI0ODBwIn0=",
    "decoded_data": {
      "id": 96395,
      "i": 0,
      "q": "480p"
    },
    "stream_url": "https://desustream.info/dstream/otakuplay/v2/index.php?id=S1llMlRSYWlrRjNrWE5EZzAzQzdpaVhwbzIzV0ppdlNKODVHZjhNUjhtaz0=",
    "is_default": true,
    "timestamp": "2025-09-12T08:42:19.625Z"
  },
  {
    "anime_title": "Bakuman",
    "episode_title": "Bakuman Episode 25 (End) Subtitle Indonesia",
    "episode_link": "https://otakudesu.best/episode/bkmn-episode-25-sub-indo/",
    "episode_date": "22 Juli,2020",
    "server": "desudrive",
    "quality": "480p",
    "data_content": "eyJpZCI6OTYzOTUsImkiOjEsInEiOiI0ODBwIn0=",
    "decoded_data": {
      "id": 96395,
      "i": 1,
      "q": "480p"
    },
    "stream_url": "https://desustream.info/dstream/desudrive/player.php?id=Tm45WTJNRDYybWhYblNYWm5xOERlU3ZVb3B5bmFKUkIvK2xaR2h0L2Uvb0JCTmtydXI0TkM0YXJzMjBsMTNFTg==",
    "is_default": false,
    "timestamp": "2025-09-12T08:42:19.662Z"
  },
  {
    "anime_title": "Bakuman",
    "episode_title": "Bakuman Episode 25 (End) Subtitle Indonesia",
    "episode_link": "https://otakudesu.best/episode/bkmn-episode-25-sub-indo/",
    "episode_date": "22 Juli,2020",
    "server": "mp4load",
    "quality": "480p",
    "data_content": "eyJpZCI6OTYzOTUsImkiOjIsInEiOiI0ODBwIn0=",
    "decoded_data": {
      "id": 96395,
      "i": 2,
      "q": "480p"
    },
    "stream_url": "https://www.mp4upload.com/embed-1xn6uai3qkcg.html",
    "is_default": false,
    "timestamp": "2025-09-12T08:42:19.696Z"
  },
  {
    "anime_title": "Bakuman",
    "episode_title": "Bakuman Episode 25 (End) Subtitle Indonesia",
    "episode_link": "https://otakudesu.best/episode/bkmn-episode-25-sub-indo/",
    "episode_date": "22 Juli,2020",
    "server": "solidfiles",
    "quality": "480p",
    "data_content": "eyJpZCI6OTYzOTUsImkiOjMsInEiOiI0ODBwIn0=",
    "decoded_data": {
      "id": 96395,
      "i": 3,
      "q": "480p"
    },
    "stream_url": "https://www.solidfiles.com/e/38jDyNYWjBGB8",
    "is_default": false,
    "timestamp": "2025-09-12T08:42:19.727Z"
  },
  {
    "anime_title": "Bakuman",
    "episode_title": "Bakuman Episode 25 (End) Subtitle Indonesia",
    "episode_link": "https://otakudesu.best/episode/bkmn-episode-25-sub-indo/",
    "episode_date": "22 Juli,2020",
    "server": "mega",
    "quality": "480p",
    "data_content": "eyJpZCI6OTYzOTUsImkiOjQsInEiOiI0ODBwIn0=",
    "decoded_data": {
      "id": 96395,
      "i": 4,
      "q": "480p"
    },
    "stream_url": "https://mega.nz/embed/2vYQ1aIL#xvRDu-2mHvULx1RcfFXY6sZPjEwS_niyzXMwYlsbumQ",
    "is_default": false,
    "timestamp": "2025-09-12T08:42:19.751Z"
  },
  {
    "anime_title": "Bakuman",
    "episode_title": "Bakuman Episode 25 (End) Subtitle Indonesia",
    "episode_link": "https://otakudesu.best/episode/bkmn-episode-25-sub-indo/",
    "episode_date": "22 Juli,2020",
    "server": "otakustream",
    "quality": "720p",
    "data_content": "eyJpZCI6OTYzOTUsImkiOjAsInEiOiI3MjBwIn0=",
    "decoded_data": {
      "id": 96395,
      "i": 0,
      "q": "720p"
    },
    "stream_url": "https://desustream.info/dstream/otakustream/v2/index.php?id=d3BuL3dNanZlclluY0xPNUpCSWMvQmtHRXVDa00zcHVhMTROWlg3TkhNND0=",
    "is_default": false,
    "timestamp": "2025-09-12T08:42:19.805Z"
  },
  {
    "anime_title": "Bakuman",
    "episode_title": "Bakuman Episode 25 (End) Subtitle Indonesia",
    "episode_link": "https://otakudesu.best/episode/bkmn-episode-25-sub-indo/",
    "episode_date": "22 Juli,2020",
    "server": "desudrive",
    "quality": "720p",
    "data_content": "eyJpZCI6OTYzOTUsImkiOjEsInEiOiI3MjBwIn0=",
    "decoded_data": {
      "id": 96395,
      "i": 1,
      "q": "720p"
    },
    "stream_url": "https://desustream.info/dstream/desudrive/player.php?id=K0I4bFF1VzFLcVZESmRFMTBKait6VGZLaFd4Ukx3dURmLzBSbUthdUJyekQ3M0FKcVl1UGdiRDZiazdyV2ZRcg==",
    "is_default": false,
    "timestamp": "2025-09-12T08:42:19.841Z"
  },
  {
    "anime_title": "Bakuman",
    "episode_title": "Bakuman Episode 25 (End) Subtitle Indonesia",
    "episode_link": "https://otakudesu.best/episode/bkmn-episode-25-sub-indo/",
    "episode_date": "22 Juli,2020",
    "server": "yourupload",
    "quality": "720p",
    "data_content": "eyJpZCI6OTYzOTUsImkiOjIsInEiOiI3MjBwIn0=",
    "decoded_data": {
      "id": 96395,
      "i": 2,
      "q": "720p"
    },
    "stream_url": "https://desudrive.com/stream/yuplod.php?id=4IYTHjVrKyao",
    "is_default": false,
    "timestamp": "2025-09-12T08:42:19.892Z"
  },
  {
    "anime_title": "Bakuman",
    "episode_title": "Bakuman Episode 25 (End) Subtitle Indonesia",
    "episode_link": "https://otakudesu.best/episode/bkmn-episode-25-sub-indo/",
    "episode_date": "22 Juli,2020",
    "server": "solidfiles",
    "quality": "720p",
    "data_content": "eyJpZCI6OTYzOTUsImkiOjMsInEiOiI3MjBwIn0=",
    "decoded_data": {
      "id": 96395,
      "i": 3,
      "q": "720p"
    },
    "stream_url": "https://www.solidfiles.com/e/Gv7BWx7WK2z4G",
    "is_default": false,
    "timestamp": "2025-09-12T08:42:19.909Z"
  },
  {
    "anime_title": "Bakuman",
    "episode_title": "Bakuman Episode 25 (End) Subtitle Indonesia",
    "episode_link": "https://otakudesu.best/episode/bkmn-episode-25-sub-indo/",
    "episode_date": "22 Juli,2020",
    "server": "mega",
    "quality": "720p",
    "data_content": "eyJpZCI6OTYzOTUsImkiOjQsInEiOiI3MjBwIn0=",
    "decoded_data": {
      "id": 96395,
      "i": 4,
      "q": "720p"
    },
    "stream_url": "https://mega.nz/embed/K2AiWA4B#_bqOlm3i3zd6K87s4fuagy29pYVrPUqrf-n04k33FlU",
    "is_default": false,
    "timestamp": "2025-09-12T08:42:19.950Z"
  },
  {
    "anime_title": "Bakuman",
    "episode_title": "Bakuman Episode 25 (End) Subtitle Indonesia",
    "episode_link": "https://otakudesu.best/episode/bkmn-episode-25-sub-indo/",
    "episode_date": "22 Juli,2020",
    "server": "otakuplay",
    "quality": "480p",
    "data_content": "eyJpZCI6OTYzOTUsImkiOjAsInEiOiI0ODBwIn0=",
    "decoded_data": {
      "id": 96395,
      "i": 0,
      "q": "480p"
    },
    "stream_url": "https://desustream.info/dstream/otakuplay/v2/index.php?id=S1llMlRSYWlrRjNrWE5EZzAzQzdpaVhwbzIzV0ppdlNKODVHZjhNUjhtaz0=",
    "is_default": true,
    "timestamp": "2025-09-12T08:42:19.625Z"
  },
  {
    "anime_title": "Bakuman",
    "episode_title": "Bakuman Episode 25 (End) Subtitle Indonesia",
    "episode_link": "https://otakudesu.best/episode/bkmn-episode-25-sub-indo/",
    "episode_date": "22 Juli,2020",
    "server": "desudrive",
    "quality": "480p",
    "data_content": "eyJpZCI6OTYzOTUsImkiOjEsInEiOiI0ODBwIn0=",
    "decoded_data": {
      "id": 96395,
      "i": 1,
      "q": "480p"
    },
    "stream_url": "https://desustream.info/dstream/desudrive/player.php?id=Tm45WTJNRDYybWhYblNYWm5xOERlU3ZVb3B5bmFKUkIvK2xaR2h0L2Uvb0JCTmtydXI0TkM0YXJzMjBsMTNFTg==",
    "is_default": false,
    "timestamp": "2025-09-12T08:42:19.662Z"
  },
  {
    "anime_title": "Bakuman",
    "episode_title": "Bakuman Episode 25 (End) Subtitle Indonesia",
    "episode_link": "https://otakudesu.best/episode/bkmn-episode-25-sub-indo/",
    "episode_date": "22 Juli,2020",
    "server": "mp4load",
    "quality": "480p",
    "data_content": "eyJpZCI6OTYzOTUsImkiOjIsInEiOiI0ODBwIn0=",
    "decoded_data": {
      "id": 96395,
      "i": 2,
      "q": "480p"
    },
    "stream_url": "https://www.mp4upload.com/embed-1xn6uai3qkcg.html",
    "is_default": false,
    "timestamp": "2025-09-12T08:42:19.696Z"
  },
  {
    "anime_title": "Bakuman",
    "episode_title": "Bakuman Episode 25 (End) Subtitle Indonesia",
    "episode_link": "https://otakudesu.best/episode/bkmn-episode-25-sub-indo/",
    "episode_date": "22 Juli,2020",
    "server": "solidfiles",
    "quality": "480p",
    "data_content": "eyJpZCI6OTYzOTUsImkiOjMsInEiOiI0ODBwIn0=",
    "decoded_data": {
      "id": 96395,
      "i": 3,
      "q": "480p"
    },
    "stream_url": "https://www.solidfiles.com/e/38jDyNYWjBGB8",
    "is_default": false,
    "timestamp": "2025-09-12T08:42:19.727Z"
  },
  {
    "anime_title": "Bakuman",
    "episode_title": "Bakuman Episode 25 (End) Subtitle Indonesia",
    "episode_link": "https://otakudesu.best/episode/bkmn-episode-25-sub-indo/",
    "episode_date": "22 Juli,2020",
    "server": "mega",
    "quality": "480p",
    "data_content": "eyJpZCI6OTYzOTUsImkiOjQsInEiOiI0ODBwIn0=",
    "decoded_data": {
      "id": 96395,
      "i": 4,
      "q": "480p"
    },
    "stream_url": "https://mega.nz/embed/2vYQ1aIL#xvRDu-2mHvULx1RcfFXY6sZPjEwS_niyzXMwYlsbumQ",
    "is_default": false,
    "timestamp": "2025-09-12T08:42:19.751Z"
  },
  {
    "anime_title": "Bakuman",
    "episode_title": "Bakuman Episode 25 (End) Subtitle Indonesia",
    "episode_link": "https://otakudesu.best/episode/bkmn-episode-25-sub-indo/",
    "episode_date": "22 Juli,2020",
    "server": "otakustream",
    "quality": "720p",
    "data_content": "eyJpZCI6OTYzOTUsImkiOjAsInEiOiI3MjBwIn0=",
    "decoded_data": {
      "id": 96395,
      "i": 0,
      "q": "720p"
    },
    "stream_url": "https://desustream.info/dstream/otakustream/v2/index.php?id=d3BuL3dNanZlclluY0xPNUpCSWMvQmtHRXVDa00zcHVhMTROWlg3TkhNND0=",
    "is_default": false,
    "timestamp": "2025-09-12T08:42:19.805Z"
  },
  {
    "anime_title": "Bakuman",
    "episode_title": "Bakuman Episode 25 (End) Subtitle Indonesia",
    "episode_link": "https://otakudesu.best/episode/bkmn-episode-25-sub-indo/",
    "episode_date": "22 Juli,2020",
    "server": "desudrive",
    "quality": "720p",
    "data_content": "eyJpZCI6OTYzOTUsImkiOjEsInEiOiI3MjBwIn0=",
    "decoded_data": {
      "id": 96395,
      "i": 1,
      "q": "720p"
    },
    "stream_url": "https://desustream.info/dstream/desudrive/player.php?id=K0I4bFF1VzFLcVZESmRFMTBKait6VGZLaFd4Ukx3dURmLzBSbUthdUJyekQ3M0FKcVl1UGdiRDZiazdyV2ZRcg==",
    "is_default": false,
    "timestamp": "2025-09-12T08:42:19.841Z"
  },
  {
    "anime_title": "Bakuman",
    "episode_title": "Bakuman Episode 25 (End) Subtitle Indonesia",
    "episode_link": "https://otakudesu.best/episode/bkmn-episode-25-sub-indo/",
    "episode_date": "22 Juli,2020",
    "server": "yourupload",
    "quality": "720p",
    "data_content": "eyJpZCI6OTYzOTUsImkiOjIsInEiOiI3MjBwIn0=",
    "decoded_data": {
      "id": 96395,
      "i": 2,
      "q": "720p"
    },
    "stream_url": "https://desudrive.com/stream/yuplod.php?id=4IYTHjVrKyao",
    "is_default": false,
    "timestamp": "2025-09-12T08:42:19.892Z"
  },
  {
    "anime_title": "Bakuman",
    "episode_title": "Bakuman Episode 25 (End) Subtitle Indonesia",
    "episode_link": "https://otakudesu.best/episode/bkmn-episode-25-sub-indo/",
    "episode_date": "22 Juli,2020",
    "server": "solidfiles",
    "quality": "720p",
    "data_content": "eyJpZCI6OTYzOTUsImkiOjMsInEiOiI3MjBwIn0=",
    "decoded_data": {
      "id": 96395,
      "i": 3,
      "q": "720p"
    },
    "stream_url": "https://www.solidfiles.com/e/Gv7BWx7WK2z4G",
    "is_default": false,
    "timestamp": "2025-09-12T08:42:19.909Z"
  },
  {
    "anime_title": "Bakuman",
    "episode_title": "Bakuman Episode 25 (End) Subtitle Indonesia",
    "episode_link": "https://otakudesu.best/episode/bkmn-episode-25-sub-indo/",
    "episode_date": "22 Juli,2020",
    "server": "mega",
    "quality": "720p",
    "data_content": "eyJpZCI6OTYzOTUsImkiOjQsInEiOiI3MjBwIn0=",
    "decoded_data": {
      "id": 96395,
      "i": 4,
      "q": "720p"
    },
    "stream_url": "https://mega.nz/embed/K2AiWA4B#_bqOlm3i3zd6K87s4fuagy29pYVrPUqrf-n04k33FlU",
    "is_default": false,
    "timestamp": "2025-09-12T08:42:19.950Z"
  },
  {
    "anime_title": "Bakuman Season 2",
    "episode_title": "Bakuman Season 2 Episode 1 Subtitle Indonesia",
    "episode_link": "https://otakudesu.best/episode/bkmn-s2-episode-1-sub-indo/",
    "episode_date": "23 Juli,2020",
    "server": "otakuplay",
    "quality": "480p",
    "data_content": "eyJpZCI6OTY0NTUsImkiOjAsInEiOiI0ODBwIn0=",
    "decoded_data": {
      "id": 96455,
      "i": 0,
      "q": "480p"
    },
    "stream_url": "https://desustream.info/dstream/otakuplay/v2/index.php?id=S1llMlRSYWlrRjNrWE5EZzAzQzdpdmcwL0p2ZTRGYTMxd2VSYzZBVkRUUT0=",
    "is_default": true,
    "timestamp": "2025-09-12T08:42:20.992Z"
  },
  {
    "anime_title": "Bakuman Season 2",
    "episode_title": "Bakuman Season 2 Episode 1 Subtitle Indonesia",
    "episode_link": "https://otakudesu.best/episode/bkmn-s2-episode-1-sub-indo/",
    "episode_date": "23 Juli,2020",
    "server": "desudrive",
    "quality": "480p",
    "data_content": "eyJpZCI6OTY0NTUsImkiOjEsInEiOiI0ODBwIn0=",
    "decoded_data": {
      "id": 96455,
      "i": 1,
      "q": "480p"
    },
    "stream_url": "https://desustream.info/dstream/desudrive/player.php?id=TmliTStsMno5QjZoYThiUlpPSFBNTTdvUHhndFVQZTZMazdxbUdaWElIZlZkZk1adUlLVHI3aW9TbFhEbjRLTw==",
    "is_default": false,
    "timestamp": "2025-09-12T08:42:21.017Z"
  },
  {
    "anime_title": "Bakuman Season 2",
    "episode_title": "Bakuman Season 2 Episode 1 Subtitle Indonesia",
    "episode_link": "https://otakudesu.best/episode/bkmn-s2-episode-1-sub-indo/",
    "episode_date": "23 Juli,2020",
    "server": "mp4load",
    "quality": "480p",
    "data_content": "eyJpZCI6OTY0NTUsImkiOjIsInEiOiI0ODBwIn0=",
    "decoded_data": {
      "id": 96455,
      "i": 2,
      "q": "480p"
    },
    "stream_url": "https://www.mp4upload.com/embed-46zhloa1lf9n.html",
    "is_default": false,
    "timestamp": "2025-09-12T08:42:21.085Z"
  },
  {
    "anime_title": "Bakuman Season 2",
    "episode_title": "Bakuman Season 2 Episode 1 Subtitle Indonesia",
    "episode_link": "https://otakudesu.best/episode/bkmn-s2-episode-1-sub-indo/",
    "episode_date": "23 Juli,2020",
    "server": "solidfiles",
    "quality": "480p",
    "data_content": "eyJpZCI6OTY0NTUsImkiOjMsInEiOiI0ODBwIn0=",
    "decoded_data": {
      "id": 96455,
      "i": 3,
      "q": "480p"
    },
    "stream_url": "https://www.solidfiles.com/e/nDZkXy2RrmYM2",
    "is_default": false,
    "timestamp": "2025-09-12T08:42:21.107Z"
  },
  {
    "anime_title": "Bakuman Season 2",
    "episode_title": "Bakuman Season 2 Episode 1 Subtitle Indonesia",
    "episode_link": "https://otakudesu.best/episode/bkmn-s2-episode-1-sub-indo/",
    "episode_date": "23 Juli,2020",
    "server": "mega",
    "quality": "480p",
    "data_content": "eyJpZCI6OTY0NTUsImkiOjQsInEiOiI0ODBwIn0=",
    "decoded_data": {
      "id": 96455,
      "i": 4,
      "q": "480p"
    },
    "stream_url": "https://mega.nz/embed/SIhVQBAK#V7DjeydT58UmmPPjne1Xwsljdx0e6Oae_rVrKTIg1SA",
    "is_default": false,
    "timestamp": "2025-09-12T08:42:21.191Z"
  },
  {
    "anime_title": "Bakuman Season 2",
    "episode_title": "Bakuman Season 2 Episode 1 Subtitle Indonesia",
    "episode_link": "https://otakudesu.best/episode/bkmn-s2-episode-1-sub-indo/",
    "episode_date": "23 Juli,2020",
    "server": "otakustream",
    "quality": "720p",
    "data_content": "eyJpZCI6OTY0NTUsImkiOjAsInEiOiI3MjBwIn0=",
    "decoded_data": {
      "id": 96455,
      "i": 0,
      "q": "720p"
    },
    "stream_url": "https://desustream.info/dstream/otakustream/v2/index.php?id=d3BuL3dNanZlclluY0xPNUpCSWMvTFRkMlZzOVJFM3lIOHBIOGc2YXFBMD0=",
    "is_default": false,
    "timestamp": "2025-09-12T08:42:21.211Z"
  },
  {
    "anime_title": "Bakuman Season 2",
    "episode_title": "Bakuman Season 2 Episode 1 Subtitle Indonesia",
    "episode_link": "https://otakudesu.best/episode/bkmn-s2-episode-1-sub-indo/",
    "episode_date": "23 Juli,2020",
    "server": "desudrive",
    "quality": "720p",
    "data_content": "eyJpZCI6OTY0NTUsImkiOjEsInEiOiI3MjBwIn0=",
    "decoded_data": {
      "id": 96455,
      "i": 1,
      "q": "720p"
    },
    "stream_url": "https://desustream.info/dstream/desudrive/player.php?id=MCsycEZyS0kwbXp0N2twZ2VENk5US1RJNjluWVJDZnhjMU5WVEZJWmlXenA3Mmdjb1RhRGY5OTlQTTB1UmNjQw==",
    "is_default": false,
    "timestamp": "2025-09-12T08:42:21.246Z"
  },
  {
    "anime_title": "Bakuman Season 2",
    "episode_title": "Bakuman Season 2 Episode 1 Subtitle Indonesia",
    "episode_link": "https://otakudesu.best/episode/bkmn-s2-episode-1-sub-indo/",
    "episode_date": "23 Juli,2020",
    "server": "yourupload",
    "quality": "720p",
    "data_content": "eyJpZCI6OTY0NTUsImkiOjIsInEiOiI3MjBwIn0=",
    "decoded_data": {
      "id": 96455,
      "i": 2,
      "q": "720p"
    },
    "stream_url": "https://desudrive.com/stream/yuplod.php?id=8jD1VY485x44",
    "is_default": false,
    "timestamp": "2025-09-12T08:42:21.265Z"
  },
  {
    "anime_title": "Bakuman Season 2",
    "episode_title": "Bakuman Season 2 Episode 1 Subtitle Indonesia",
    "episode_link": "https://otakudesu.best/episode/bkmn-s2-episode-1-sub-indo/",
    "episode_date": "23 Juli,2020",
    "server": "solidfiles",
    "quality": "720p",
    "data_content": "eyJpZCI6OTY0NTUsImkiOjMsInEiOiI3MjBwIn0=",
    "decoded_data": {
      "id": 96455,
      "i": 3,
      "q": "720p"
    },
    "stream_url": "https://www.solidfiles.com/e/dV4NX6ApqjygP",
    "is_default": false,
    "timestamp": "2025-09-12T08:42:21.309Z"
  },
  {
    "anime_title": "Bakuman Season 2",
    "episode_title": "Bakuman Season 2 Episode 1 Subtitle Indonesia",
    "episode_link": "https://otakudesu.best/episode/bkmn-s2-episode-1-sub-indo/",
    "episode_date": "23 Juli,2020",
    "server": "mega",
    "quality": "720p",
    "data_content": "eyJpZCI6OTY0NTUsImkiOjQsInEiOiI3MjBwIn0=",
    "decoded_data": {
      "id": 96455,
      "i": 4,
      "q": "720p"
    },
    "stream_url": "https://mega.nz/embed/DYoTxDjA#geB0BPJ8Y0ytzTAv30SkxYy_isUVZB5yMzuu4Crk8-8",
    "is_default": false,
    "timestamp": "2025-09-12T08:42:21.462Z"
  },
  {
    "anime_title": "Bakuman Season 2",
    "episode_title": "Bakuman Season 2 Episode 1 Subtitle Indonesia",
    "episode_link": "https://otakudesu.best/episode/bkmn-s2-episode-1-sub-indo/",
    "episode_date": "23 Juli,2020",
    "server": "otakuplay",
    "quality": "480p",
    "data_content": "eyJpZCI6OTY0NTUsImkiOjAsInEiOiI0ODBwIn0=",
    "decoded_data": {
      "id": 96455,
      "i": 0,
      "q": "480p"
    },
    "stream_url": "https://desustream.info/dstream/otakuplay/v2/index.php?id=S1llMlRSYWlrRjNrWE5EZzAzQzdpdmcwL0p2ZTRGYTMxd2VSYzZBVkRUUT0=",
    "is_default": true,
    "timestamp": "2025-09-12T08:42:20.992Z"
  },
  {
    "anime_title": "Bakuman Season 2",
    "episode_title": "Bakuman Season 2 Episode 1 Subtitle Indonesia",
    "episode_link": "https://otakudesu.best/episode/bkmn-s2-episode-1-sub-indo/",
    "episode_date": "23 Juli,2020",
    "server": "desudrive",
    "quality": "480p",
    "data_content": "eyJpZCI6OTY0NTUsImkiOjEsInEiOiI0ODBwIn0=",
    "decoded_data": {
      "id": 96455,
      "i": 1,
      "q": "480p"
    },
    "stream_url": "https://desustream.info/dstream/desudrive/player.php?id=TmliTStsMno5QjZoYThiUlpPSFBNTTdvUHhndFVQZTZMazdxbUdaWElIZlZkZk1adUlLVHI3aW9TbFhEbjRLTw==",
    "is_default": false,
    "timestamp": "2025-09-12T08:42:21.017Z"
  },
  {
    "anime_title": "Bakuman Season 2",
    "episode_title": "Bakuman Season 2 Episode 1 Subtitle Indonesia",
    "episode_link": "https://otakudesu.best/episode/bkmn-s2-episode-1-sub-indo/",
    "episode_date": "23 Juli,2020",
    "server": "mp4load",
    "quality": "480p",
    "data_content": "eyJpZCI6OTY0NTUsImkiOjIsInEiOiI0ODBwIn0=",
    "decoded_data": {
      "id": 96455,
      "i": 2,
      "q": "480p"
    },
    "stream_url": "https://www.mp4upload.com/embed-46zhloa1lf9n.html",
    "is_default": false,
    "timestamp": "2025-09-12T08:42:21.085Z"
  },
  {
    "anime_title": "Bakuman Season 2",
    "episode_title": "Bakuman Season 2 Episode 1 Subtitle Indonesia",
    "episode_link": "https://otakudesu.best/episode/bkmn-s2-episode-1-sub-indo/",
    "episode_date": "23 Juli,2020",
    "server": "solidfiles",
    "quality": "480p",
    "data_content": "eyJpZCI6OTY0NTUsImkiOjMsInEiOiI0ODBwIn0=",
    "decoded_data": {
      "id": 96455,
      "i": 3,
      "q": "480p"
    },
    "stream_url": "https://www.solidfiles.com/e/nDZkXy2RrmYM2",
    "is_default": false,
    "timestamp": "2025-09-12T08:42:21.107Z"
  },
  {
    "anime_title": "Bakuman Season 2",
    "episode_title": "Bakuman Season 2 Episode 1 Subtitle Indonesia",
    "episode_link": "https://otakudesu.best/episode/bkmn-s2-episode-1-sub-indo/",
    "episode_date": "23 Juli,2020",
    "server": "mega",
    "quality": "480p",
    "data_content": "eyJpZCI6OTY0NTUsImkiOjQsInEiOiI0ODBwIn0=",
    "decoded_data": {
      "id": 96455,
      "i": 4,
      "q": "480p"
    },
    "stream_url": "https://mega.nz/embed/SIhVQBAK#V7DjeydT58UmmPPjne1Xwsljdx0e6Oae_rVrKTIg1SA",
    "is_default": false,
    "timestamp": "2025-09-12T08:42:21.191Z"
  },
  {
    "anime_title": "Bakuman Season 2",
    "episode_title": "Bakuman Season 2 Episode 1 Subtitle Indonesia",
    "episode_link": "https://otakudesu.best/episode/bkmn-s2-episode-1-sub-indo/",
    "episode_date": "23 Juli,2020",
    "server": "otakustream",
    "quality": "720p",
    "data_content": "eyJpZCI6OTY0NTUsImkiOjAsInEiOiI3MjBwIn0=",
    "decoded_data": {
      "id": 96455,
      "i": 0,
      "q": "720p"
    },
    "stream_url": "https://desustream.info/dstream/otakustream/v2/index.php?id=d3BuL3dNanZlclluY0xPNUpCSWMvTFRkMlZzOVJFM3lIOHBIOGc2YXFBMD0=",
    "is_default": false,
    "timestamp": "2025-09-12T08:42:21.211Z"
  },
  {
    "anime_title": "Bakuman Season 2",
    "episode_title": "Bakuman Season 2 Episode 1 Subtitle Indonesia",
    "episode_link": "https://otakudesu.best/episode/bkmn-s2-episode-1-sub-indo/",
    "episode_date": "23 Juli,2020",
    "server": "desudrive",
    "quality": "720p",
    "data_content": "eyJpZCI6OTY0NTUsImkiOjEsInEiOiI3MjBwIn0=",
    "decoded_data": {
      "id": 96455,
      "i": 1,
      "q": "720p"
    },
    "stream_url": "https://desustream.info/dstream/desudrive/player.php?id=MCsycEZyS0kwbXp0N2twZ2VENk5US1RJNjluWVJDZnhjMU5WVEZJWmlXenA3Mmdjb1RhRGY5OTlQTTB1UmNjQw==",
    "is_default": false,
    "timestamp": "2025-09-12T08:42:21.246Z"
  },
  {
    "anime_title": "Bakuman Season 2",
    "episode_title": "Bakuman Season 2 Episode 1 Subtitle Indonesia",
    "episode_link": "https://otakudesu.best/episode/bkmn-s2-episode-1-sub-indo/",
    "episode_date": "23 Juli,2020",
    "server": "yourupload",
    "quality": "720p",
    "data_content": "eyJpZCI6OTY0NTUsImkiOjIsInEiOiI3MjBwIn0=",
    "decoded_data": {
      "id": 96455,
      "i": 2,
      "q": "720p"
    },
    "stream_url": "https://desudrive.com/stream/yuplod.php?id=8jD1VY485x44",
    "is_default": false,
    "timestamp": "2025-09-12T08:42:21.265Z"
  },
  {
    "anime_title": "Bakuman Season 2",
    "episode_title": "Bakuman Season 2 Episode 1 Subtitle Indonesia",
    "episode_link": "https://otakudesu.best/episode/bkmn-s2-episode-1-sub-indo/",
    "episode_date": "23 Juli,2020",
    "server": "solidfiles",
    "quality": "720p",
    "data_content": "eyJpZCI6OTY0NTUsImkiOjMsInEiOiI3MjBwIn0=",
    "decoded_data": {
      "id": 96455,
      "i": 3,
      "q": "720p"
    },
    "stream_url": "https://www.solidfiles.com/e/dV4NX6ApqjygP",
    "is_default": false,
    "timestamp": "2025-09-12T08:42:21.309Z"
  },
  {
    "anime_title": "Bakuman Season 2",
    "episode_title": "Bakuman Season 2 Episode 1 Subtitle Indonesia",
    "episode_link": "https://otakudesu.best/episode/bkmn-s2-episode-1-sub-indo/",
    "episode_date": "23 Juli,2020",
    "server": "mega",
    "quality": "720p",
    "data_content": "eyJpZCI6OTY0NTUsImkiOjQsInEiOiI3MjBwIn0=",
    "decoded_data": {
      "id": 96455,
      "i": 4,
      "q": "720p"
    },
    "stream_url": "https://mega.nz/embed/DYoTxDjA#geB0BPJ8Y0ytzTAv30SkxYy_isUVZB5yMzuu4Crk8-8",
    "is_default": false,
    "timestamp": "2025-09-12T08:42:21.462Z"
  },
  {
    "anime_title": "Bakuman Season 2",
    "episode_title": "Bakuman Season 2 Episode 2 Subtitle Indonesia",
    "episode_link": "https://otakudesu.best/episode/bkmn-s2-episode-2-sub-indo/",
    "episode_date": "23 Juli,2020",
    "server": "otakuplay",
    "quality": "480p",
    "data_content": "eyJpZCI6OTY0NTIsImkiOjAsInEiOiI0ODBwIn0=",
    "decoded_data": {
      "id": 96452,
      "i": 0,
      "q": "480p"
    },
    "stream_url": "https://desustream.info/dstream/otakuplay/v2/index.php?id=S1llMlRSYWlrRjNrWE5EZzAzQzdpc0dReDFtdFZKZ2ZyVEpSK1JYdFpIbz0=",
    "is_default": true,
    "timestamp": "2025-09-12T08:42:22.166Z"
  },
  {
    "anime_title": "Bakuman Season 2",
    "episode_title": "Bakuman Season 2 Episode 2 Subtitle Indonesia",
    "episode_link": "https://otakudesu.best/episode/bkmn-s2-episode-2-sub-indo/",
    "episode_date": "23 Juli,2020",
    "server": "desudrive",
    "quality": "480p",
    "data_content": "eyJpZCI6OTY0NTIsImkiOjEsInEiOiI0ODBwIn0=",
    "decoded_data": {
      "id": 96452,
      "i": 1,
      "q": "480p"
    },
    "stream_url": "https://desustream.info/dstream/desudrive/player.php?id=NE9sa01LUVQxTEdtbWFBNFRqazlsdFZDcmZOM1VpMUxQK0R0emNIdmJJUmRlQWNERWhlY2Zsb0JvRGRrQUVxSg==",
    "is_default": false,
    "timestamp": "2025-09-12T08:42:22.200Z"
  },
  {
    "anime_title": "Bakuman Season 2",
    "episode_title": "Bakuman Season 2 Episode 2 Subtitle Indonesia",
    "episode_link": "https://otakudesu.best/episode/bkmn-s2-episode-2-sub-indo/",
    "episode_date": "23 Juli,2020",
    "server": "solidfiles",
    "quality": "480p",
    "data_content": "eyJpZCI6OTY0NTIsImkiOjMsInEiOiI0ODBwIn0=",
    "decoded_data": {
      "id": 96452,
      "i": 3,
      "q": "480p"
    },
    "stream_url": "https://www.solidfiles.com/e/Gv7WyAPwpgdvA",
    "is_default": false,
    "timestamp": "2025-09-12T08:42:22.396Z"
  },
  {
    "anime_title": "Bakuman Season 2",
    "episode_title": "Bakuman Season 2 Episode 2 Subtitle Indonesia",
    "episode_link": "https://otakudesu.best/episode/bkmn-s2-episode-2-sub-indo/",
    "episode_date": "23 Juli,2020",
    "server": "yourupload",
    "quality": "720p",
    "data_content": "eyJpZCI6OTY0NTIsImkiOjIsInEiOiI3MjBwIn0=",
    "decoded_data": {
      "id": 96452,
      "i": 2,
      "q": "720p"
    },
    "stream_url": "https://desudrive.com/stream/yuplod.php?id=EFJk5XA2l6f8",
    "is_default": false,
    "timestamp": "2025-09-12T08:42:22.467Z"
  },
  {
    "anime_title": "Bakuman Season 2",
    "episode_title": "Bakuman Season 2 Episode 2 Subtitle Indonesia",
    "episode_link": "https://otakudesu.best/episode/bkmn-s2-episode-2-sub-indo/",
    "episode_date": "23 Juli,2020",
    "server": "mega",
    "quality": "720p",
    "data_content": "eyJpZCI6OTY0NTIsImkiOjQsInEiOiI3MjBwIn0=",
    "decoded_data": {
      "id": 96452,
      "i": 4,
      "q": "720p"
    },
    "stream_url": "https://mega.nz/embed/DQwF3J5a#RquGPes9ZeYMCoMcMas6TfU1_SWIb0VDFGxDWqMdq_k",
    "is_default": false,
    "timestamp": "2025-09-12T08:42:22.548Z"
  },
  {
    "anime_title": "Bakuman Season 2",
    "episode_title": "Bakuman Season 2 Episode 2 Subtitle Indonesia",
    "episode_link": "https://otakudesu.best/episode/bkmn-s2-episode-2-sub-indo/",
    "episode_date": "23 Juli,2020",
    "server": "mega",
    "quality": "480p",
    "data_content": "eyJpZCI6OTY0NTIsImkiOjQsInEiOiI0ODBwIn0=",
    "decoded_data": {
      "id": 96452,
      "i": 4,
      "q": "480p"
    },
    "stream_url": "https://mega.nz/embed/fJhxmDiS#7EG1RHWIKGXCxMA7sQY2IBmQEgI986ZFDnFye9Q7plA",
    "is_default": false,
    "timestamp": "2025-09-12T08:42:22.722Z"
  },
  {
    "anime_title": "Bakuman Season 2",
    "episode_title": "Bakuman Season 2 Episode 2 Subtitle Indonesia",
    "episode_link": "https://otakudesu.best/episode/bkmn-s2-episode-2-sub-indo/",
    "episode_date": "23 Juli,2020",
    "server": "otakustream",
    "quality": "720p",
    "data_content": "eyJpZCI6OTY0NTIsImkiOjAsInEiOiI3MjBwIn0=",
    "decoded_data": {
      "id": 96452,
      "i": 0,
      "q": "720p"
    },
    "stream_url": "https://desustream.info/dstream/otakustream/v2/index.php?id=d3BuL3dNanZlclluY0xPNUpCSWMvQkZZSG1HSXFhWlBWQnY0VkN1dFJEVT0=",
    "is_default": false,
    "timestamp": "2025-09-12T08:42:22.745Z"
  },
  {
    "anime_title": "Bakuman Season 2",
    "episode_title": "Bakuman Season 2 Episode 2 Subtitle Indonesia",
    "episode_link": "https://otakudesu.best/episode/bkmn-s2-episode-2-sub-indo/",
    "episode_date": "23 Juli,2020",
    "server": "desudrive",
    "quality": "720p",
    "data_content": "eyJpZCI6OTY0NTIsImkiOjEsInEiOiI3MjBwIn0=",
    "decoded_data": {
      "id": 96452,
      "i": 1,
      "q": "720p"
    },
    "stream_url": "https://desustream.info/dstream/desudrive/player.php?id=SXkyTGN5VFh2WmpDTjR3aitROXJoTnY0ZloraU9WZmdzQlRSQWFUTGw2Vk9ZZE4rSkVXSlh4bE41cW1qVVgzOA==",
    "is_default": false,
    "timestamp": "2025-09-12T08:42:22.767Z"
  },
  {
    "anime_title": "Bakuman Season 2",
    "episode_title": "Bakuman Season 2 Episode 2 Subtitle Indonesia",
    "episode_link": "https://otakudesu.best/episode/bkmn-s2-episode-2-sub-indo/",
    "episode_date": "23 Juli,2020",
    "server": "solidfiles",
    "quality": "720p",
    "data_content": "eyJpZCI6OTY0NTIsImkiOjMsInEiOiI3MjBwIn0=",
    "decoded_data": {
      "id": 96452,
      "i": 3,
      "q": "720p"
    },
    "stream_url": "https://www.solidfiles.com/e/ZjrZX355vqg24",
    "is_default": false,
    "timestamp": "2025-09-12T08:42:22.787Z"
  },
  {
    "anime_title": "Bakuman Season 2",
    "episode_title": "Bakuman Season 2 Episode 2 Subtitle Indonesia",
    "episode_link": "https://otakudesu.best/episode/bkmn-s2-episode-2-sub-indo/",
    "episode_date": "23 Juli,2020",
    "server": "mp4load",
    "quality": "480p",
    "data_content": "eyJpZCI6OTY0NTIsImkiOjIsInEiOiI0ODBwIn0=",
    "decoded_data": {
      "id": 96452,
      "i": 2,
      "q": "480p"
    },
    "stream_url": "https://www.mp4upload.com/embed-u0w89d4341yj.html",
    "is_default": false,
    "timestamp": "2025-09-12T08:42:22.806Z"
  },
  {
    "anime_title": "Bakuman Season 2",
    "episode_title": "Bakuman Season 2 Episode 2 Subtitle Indonesia",
    "episode_link": "https://otakudesu.best/episode/bkmn-s2-episode-2-sub-indo/",
    "episode_date": "23 Juli,2020",
    "server": "otakuplay",
    "quality": "480p",
    "data_content": "eyJpZCI6OTY0NTIsImkiOjAsInEiOiI0ODBwIn0=",
    "decoded_data": {
      "id": 96452,
      "i": 0,
      "q": "480p"
    },
    "stream_url": "https://desustream.info/dstream/otakuplay/v2/index.php?id=S1llMlRSYWlrRjNrWE5EZzAzQzdpc0dReDFtdFZKZ2ZyVEpSK1JYdFpIbz0=",
    "is_default": true,
    "timestamp": "2025-09-12T08:42:22.166Z"
  },
  {
    "anime_title": "Bakuman Season 2",
    "episode_title": "Bakuman Season 2 Episode 2 Subtitle Indonesia",
    "episode_link": "https://otakudesu.best/episode/bkmn-s2-episode-2-sub-indo/",
    "episode_date": "23 Juli,2020",
    "server": "desudrive",
    "quality": "480p",
    "data_content": "eyJpZCI6OTY0NTIsImkiOjEsInEiOiI0ODBwIn0=",
    "decoded_data": {
      "id": 96452,
      "i": 1,
      "q": "480p"
    },
    "stream_url": "https://desustream.info/dstream/desudrive/player.php?id=NE9sa01LUVQxTEdtbWFBNFRqazlsdFZDcmZOM1VpMUxQK0R0emNIdmJJUmRlQWNERWhlY2Zsb0JvRGRrQUVxSg==",
    "is_default": false,
    "timestamp": "2025-09-12T08:42:22.200Z"
  },
  {
    "anime_title": "Bakuman Season 2",
    "episode_title": "Bakuman Season 2 Episode 2 Subtitle Indonesia",
    "episode_link": "https://otakudesu.best/episode/bkmn-s2-episode-2-sub-indo/",
    "episode_date": "23 Juli,2020",
    "server": "mp4load",
    "quality": "480p",
    "data_content": "eyJpZCI6OTY0NTIsImkiOjIsInEiOiI0ODBwIn0=",
    "decoded_data": {
      "id": 96452,
      "i": 2,
      "q": "480p"
    },
    "stream_url": "https://www.mp4upload.com/embed-u0w89d4341yj.html",
    "is_default": false,
    "timestamp": "2025-09-12T08:42:22.806Z"
  },
  {
    "anime_title": "Bakuman Season 2",
    "episode_title": "Bakuman Season 2 Episode 2 Subtitle Indonesia",
    "episode_link": "https://otakudesu.best/episode/bkmn-s2-episode-2-sub-indo/",
    "episode_date": "23 Juli,2020",
    "server": "solidfiles",
    "quality": "480p",
    "data_content": "eyJpZCI6OTY0NTIsImkiOjMsInEiOiI0ODBwIn0=",
    "decoded_data": {
      "id": 96452,
      "i": 3,
      "q": "480p"
    },
    "stream_url": "https://www.solidfiles.com/e/Gv7WyAPwpgdvA",
    "is_default": false,
    "timestamp": "2025-09-12T08:42:22.396Z"
  },
  {
    "anime_title": "Bakuman Season 2",
    "episode_title": "Bakuman Season 2 Episode 2 Subtitle Indonesia",
    "episode_link": "https://otakudesu.best/episode/bkmn-s2-episode-2-sub-indo/",
    "episode_date": "23 Juli,2020",
    "server": "mega",
    "quality": "480p",
    "data_content": "eyJpZCI6OTY0NTIsImkiOjQsInEiOiI0ODBwIn0=",
    "decoded_data": {
      "id": 96452,
      "i": 4,
      "q": "480p"
    },
    "stream_url": "https://mega.nz/embed/fJhxmDiS#7EG1RHWIKGXCxMA7sQY2IBmQEgI986ZFDnFye9Q7plA",
    "is_default": false,
    "timestamp": "2025-09-12T08:42:22.722Z"
  },
  {
    "anime_title": "Bakuman Season 2",
    "episode_title": "Bakuman Season 2 Episode 2 Subtitle Indonesia",
    "episode_link": "https://otakudesu.best/episode/bkmn-s2-episode-2-sub-indo/",
    "episode_date": "23 Juli,2020",
    "server": "otakustream",
    "quality": "720p",
    "data_content": "eyJpZCI6OTY0NTIsImkiOjAsInEiOiI3MjBwIn0=",
    "decoded_data": {
      "id": 96452,
      "i": 0,
      "q": "720p"
    },
    "stream_url": "https://desustream.info/dstream/otakustream/v2/index.php?id=d3BuL3dNanZlclluY0xPNUpCSWMvQkZZSG1HSXFhWlBWQnY0VkN1dFJEVT0=",
    "is_default": false,
    "timestamp": "2025-09-12T08:42:22.745Z"
  },
  {
    "anime_title": "Bakuman Season 2",
    "episode_title": "Bakuman Season 2 Episode 2 Subtitle Indonesia",
    "episode_link": "https://otakudesu.best/episode/bkmn-s2-episode-2-sub-indo/",
    "episode_date": "23 Juli,2020",
    "server": "desudrive",
    "quality": "720p",
    "data_content": "eyJpZCI6OTY0NTIsImkiOjEsInEiOiI3MjBwIn0=",
    "decoded_data": {
      "id": 96452,
      "i": 1,
      "q": "720p"
    },
    "stream_url": "https://desustream.info/dstream/desudrive/player.php?id=SXkyTGN5VFh2WmpDTjR3aitROXJoTnY0ZloraU9WZmdzQlRSQWFUTGw2Vk9ZZE4rSkVXSlh4bE41cW1qVVgzOA==",
    "is_default": false,
    "timestamp": "2025-09-12T08:42:22.767Z"
  },
  {
    "anime_title": "Bakuman Season 2",
    "episode_title": "Bakuman Season 2 Episode 2 Subtitle Indonesia",
    "episode_link": "https://otakudesu.best/episode/bkmn-s2-episode-2-sub-indo/",
    "episode_date": "23 Juli,2020",
    "server": "yourupload",
    "quality": "720p",
    "data_content": "eyJpZCI6OTY0NTIsImkiOjIsInEiOiI3MjBwIn0=",
    "decoded_data": {
      "id": 96452,
      "i": 2,
      "q": "720p"
    },
    "stream_url": "https://desudrive.com/stream/yuplod.php?id=EFJk5XA2l6f8",
    "is_default": false,
    "timestamp": "2025-09-12T08:42:22.467Z"
  },
  {
    "anime_title": "Bakuman Season 2",
    "episode_title": "Bakuman Season 2 Episode 2 Subtitle Indonesia",
    "episode_link": "https://otakudesu.best/episode/bkmn-s2-episode-2-sub-indo/",
    "episode_date": "23 Juli,2020",
    "server": "solidfiles",
    "quality": "720p",
    "data_content": "eyJpZCI6OTY0NTIsImkiOjMsInEiOiI3MjBwIn0=",
    "decoded_data": {
      "id": 96452,
      "i": 3,
      "q": "720p"
    },
    "stream_url": "https://www.solidfiles.com/e/ZjrZX355vqg24",
    "is_default": false,
    "timestamp": "2025-09-12T08:42:22.787Z"
  },
  {
    "anime_title": "Bakuman Season 2",
    "episode_title": "Bakuman Season 2 Episode 2 Subtitle Indonesia",
    "episode_link": "https://otakudesu.best/episode/bkmn-s2-episode-2-sub-indo/",
    "episode_date": "23 Juli,2020",
    "server": "mega",
    "quality": "720p",
    "data_content": "eyJpZCI6OTY0NTIsImkiOjQsInEiOiI3MjBwIn0=",
    "decoded_data": {
      "id": 96452,
      "i": 4,
      "q": "720p"
    },
    "stream_url": "https://mega.nz/embed/DQwF3J5a#RquGPes9ZeYMCoMcMas6TfU1_SWIb0VDFGxDWqMdq_k",
    "is_default": false,
    "timestamp": "2025-09-12T08:42:22.548Z"
  },
  {
    "anime_title": "Bakuman Season 2",
    "episode_title": "Bakuman Season 2 Episode 3 Subtitle Indonesia",
    "episode_link": "https://otakudesu.best/episode/bkmn-s2-episode-3-sub-indo/",
    "episode_date": "23 Juli,2020",
    "server": "otakuplay",
    "quality": "480p",
    "data_content": "eyJpZCI6OTY0NTMsImkiOjAsInEiOiI0ODBwIn0=",
    "decoded_data": {
      "id": 96453,
      "i": 0,
      "q": "480p"
    },
    "stream_url": "https://desustream.info/dstream/otakuplay/v2/index.php?id=S1llMlRSYWlrRjNrWE5EZzAzQzdpa1J4Rjl5YW1JMHhjSktvaGdNeDVqOD0=",
    "is_default": true,
    "timestamp": "2025-09-12T08:42:23.451Z"
  },
  {
    "anime_title": "Bakuman Season 2",
    "episode_title": "Bakuman Season 2 Episode 3 Subtitle Indonesia",
    "episode_link": "https://otakudesu.best/episode/bkmn-s2-episode-3-sub-indo/",
    "episode_date": "23 Juli,2020",
    "server": "desudrive",
    "quality": "480p",
    "data_content": "eyJpZCI6OTY0NTMsImkiOjEsInEiOiI0ODBwIn0=",
    "decoded_data": {
      "id": 96453,
      "i": 1,
      "q": "480p"
    },
    "stream_url": "https://desustream.info/dstream/desudrive/player.php?id=Q0ZTSVprWDdEaVJnSm40UDZaRmU1UjdHWjdNdWFNZytwOHZHU3hSN3hqUFNGWUVRaWhBOEpPRFZXYzBpZVYwMg==",
    "is_default": false,
    "timestamp": "2025-09-12T08:42:23.516Z"
  },
  {
    "anime_title": "Bakuman Season 2",
    "episode_title": "Bakuman Season 2 Episode 3 Subtitle Indonesia",
    "episode_link": "https://otakudesu.best/episode/bkmn-s2-episode-3-sub-indo/",
    "episode_date": "23 Juli,2020",
    "server": "mp4load",
    "quality": "480p",
    "data_content": "eyJpZCI6OTY0NTMsImkiOjIsInEiOiI0ODBwIn0=",
    "decoded_data": {
      "id": 96453,
      "i": 2,
      "q": "480p"
    },
    "stream_url": "https://www.mp4upload.com/embed-c2x0js4t275e.html",
    "is_default": false,
    "timestamp": "2025-09-12T08:42:23.539Z"
  },
  {
    "anime_title": "Bakuman Season 2",
    "episode_title": "Bakuman Season 2 Episode 3 Subtitle Indonesia",
    "episode_link": "https://otakudesu.best/episode/bkmn-s2-episode-3-sub-indo/",
    "episode_date": "23 Juli,2020",
    "server": "solidfiles",
    "quality": "480p",
    "data_content": "eyJpZCI6OTY0NTMsImkiOjMsInEiOiI0ODBwIn0=",
    "decoded_data": {
      "id": 96453,
      "i": 3,
      "q": "480p"
    },
    "stream_url": "https://www.solidfiles.com/e/yZ76rmq24g5mX",
    "is_default": false,
    "timestamp": "2025-09-12T08:42:23.560Z"
  },
  {
    "anime_title": "Bakuman Season 2",
    "episode_title": "Bakuman Season 2 Episode 3 Subtitle Indonesia",
    "episode_link": "https://otakudesu.best/episode/bkmn-s2-episode-3-sub-indo/",
    "episode_date": "23 Juli,2020",
    "server": "otakustream",
    "quality": "720p",
    "data_content": "eyJpZCI6OTY0NTMsImkiOjAsInEiOiI3MjBwIn0=",
    "decoded_data": {
      "id": 96453,
      "i": 0,
      "q": "720p"
    },
    "stream_url": "https://desustream.info/dstream/otakustream/v2/index.php?id=d3BuL3dNanZlclluY0xPNUpCSWMvUHgrd00vUXNpS1kxdG1scFhNMW5YYz0=",
    "is_default": false,
    "timestamp": "2025-09-12T08:42:23.727Z"
  },
  {
    "anime_title": "Bakuman Season 2",
    "episode_title": "Bakuman Season 2 Episode 3 Subtitle Indonesia",
    "episode_link": "https://otakudesu.best/episode/bkmn-s2-episode-3-sub-indo/",
    "episode_date": "23 Juli,2020",
    "server": "solidfiles",
    "quality": "720p",
    "data_content": "eyJpZCI6OTY0NTMsImkiOjMsInEiOiI3MjBwIn0=",
    "decoded_data": {
      "id": 96453,
      "i": 3,
      "q": "720p"
    },
    "stream_url": "https://www.solidfiles.com/e/dV4NXgBnnZva6",
    "is_default": false,
    "timestamp": "2025-09-12T08:42:23.755Z"
  },
  {
    "anime_title": "Bakuman Season 2",
    "episode_title": "Bakuman Season 2 Episode 3 Subtitle Indonesia",
    "episode_link": "https://otakudesu.best/episode/bkmn-s2-episode-3-sub-indo/",
    "episode_date": "23 Juli,2020",
    "server": "mega",
    "quality": "480p",
    "data_content": "eyJpZCI6OTY0NTMsImkiOjQsInEiOiI0ODBwIn0=",
    "decoded_data": {
      "id": 96453,
      "i": 4,
      "q": "480p"
    },
    "stream_url": "https://mega.nz/embed/yV4lQJTI#LJQEzwOeRV1YL37CaTsiLYAJuZ-hwWZVjqSNKYNxiJ0",
    "is_default": false,
    "timestamp": "2025-09-12T08:42:23.773Z"
  },
  {
    "anime_title": "Bakuman Season 2",
    "episode_title": "Bakuman Season 2 Episode 3 Subtitle Indonesia",
    "episode_link": "https://otakudesu.best/episode/bkmn-s2-episode-3-sub-indo/",
    "episode_date": "23 Juli,2020",
    "server": "mega",
    "quality": "720p",
    "data_content": "eyJpZCI6OTY0NTMsImkiOjQsInEiOiI3MjBwIn0=",
    "decoded_data": {
      "id": 96453,
      "i": 4,
      "q": "720p"
    },
    "stream_url": "https://mega.nz/embed/aIoxzRZA#GkpyEOVnB6FAONP8xSgym1odrAWGVIxvGVK-JJ72e10",
    "is_default": false,
    "timestamp": "2025-09-12T08:42:23.818Z"
  },
  {
    "anime_title": "Bakuman Season 2",
    "episode_title": "Bakuman Season 2 Episode 3 Subtitle Indonesia",
    "episode_link": "https://otakudesu.best/episode/bkmn-s2-episode-3-sub-indo/",
    "episode_date": "23 Juli,2020",
    "server": "yourupload",
    "quality": "720p",
    "data_content": "eyJpZCI6OTY0NTMsImkiOjIsInEiOiI3MjBwIn0=",
    "decoded_data": {
      "id": 96453,
      "i": 2,
      "q": "720p"
    },
    "stream_url": "https://desudrive.com/stream/yuplod.php?id=e36Hk1AJN73p",
    "is_default": false,
    "timestamp": "2025-09-12T08:42:23.990Z"
  },
  {
    "anime_title": "Bakuman Season 2",
    "episode_title": "Bakuman Season 2 Episode 3 Subtitle Indonesia",
    "episode_link": "https://otakudesu.best/episode/bkmn-s2-episode-3-sub-indo/",
    "episode_date": "23 Juli,2020",
    "server": "desudrive",
    "quality": "720p",
    "data_content": "eyJpZCI6OTY0NTMsImkiOjEsInEiOiI3MjBwIn0=",
    "decoded_data": {
      "id": 96453,
      "i": 1,
      "q": "720p"
    },
    "stream_url": "https://desustream.info/dstream/desudrive/player.php?id=R3B2VndTYWx1Ujc2SGJqMTFvd0FaMlkrakV1TWVCT2JjNCtOTlZhelcyMjRTT0JndCtUVFQ1NVBtZEdaS3dhdg==",
    "is_default": false,
    "timestamp": "2025-09-12T08:42:24.009Z"
  },
  {
    "anime_title": "Bakuman Season 2",
    "episode_title": "Bakuman Season 2 Episode 3 Subtitle Indonesia",
    "episode_link": "https://otakudesu.best/episode/bkmn-s2-episode-3-sub-indo/",
    "episode_date": "23 Juli,2020",
    "server": "otakuplay",
    "quality": "480p",
    "data_content": "eyJpZCI6OTY0NTMsImkiOjAsInEiOiI0ODBwIn0=",
    "decoded_data": {
      "id": 96453,
      "i": 0,
      "q": "480p"
    },
    "stream_url": "https://desustream.info/dstream/otakuplay/v2/index.php?id=S1llMlRSYWlrRjNrWE5EZzAzQzdpa1J4Rjl5YW1JMHhjSktvaGdNeDVqOD0=",
    "is_default": true,
    "timestamp": "2025-09-12T08:42:23.451Z"
  },
  {
    "anime_title": "Bakuman Season 2",
    "episode_title": "Bakuman Season 2 Episode 3 Subtitle Indonesia",
    "episode_link": "https://otakudesu.best/episode/bkmn-s2-episode-3-sub-indo/",
    "episode_date": "23 Juli,2020",
    "server": "desudrive",
    "quality": "480p",
    "data_content": "eyJpZCI6OTY0NTMsImkiOjEsInEiOiI0ODBwIn0=",
    "decoded_data": {
      "id": 96453,
      "i": 1,
      "q": "480p"
    },
    "stream_url": "https://desustream.info/dstream/desudrive/player.php?id=Q0ZTSVprWDdEaVJnSm40UDZaRmU1UjdHWjdNdWFNZytwOHZHU3hSN3hqUFNGWUVRaWhBOEpPRFZXYzBpZVYwMg==",
    "is_default": false,
    "timestamp": "2025-09-12T08:42:23.516Z"
  },
  {
    "anime_title": "Bakuman Season 2",
    "episode_title": "Bakuman Season 2 Episode 3 Subtitle Indonesia",
    "episode_link": "https://otakudesu.best/episode/bkmn-s2-episode-3-sub-indo/",
    "episode_date": "23 Juli,2020",
    "server": "mp4load",
    "quality": "480p",
    "data_content": "eyJpZCI6OTY0NTMsImkiOjIsInEiOiI0ODBwIn0=",
    "decoded_data": {
      "id": 96453,
      "i": 2,
      "q": "480p"
    },
    "stream_url": "https://www.mp4upload.com/embed-c2x0js4t275e.html",
    "is_default": false,
    "timestamp": "2025-09-12T08:42:23.539Z"
  },
  {
    "anime_title": "Bakuman Season 2",
    "episode_title": "Bakuman Season 2 Episode 3 Subtitle Indonesia",
    "episode_link": "https://otakudesu.best/episode/bkmn-s2-episode-3-sub-indo/",
    "episode_date": "23 Juli,2020",
    "server": "solidfiles",
    "quality": "480p",
    "data_content": "eyJpZCI6OTY0NTMsImkiOjMsInEiOiI0ODBwIn0=",
    "decoded_data": {
      "id": 96453,
      "i": 3,
      "q": "480p"
    },
    "stream_url": "https://www.solidfiles.com/e/yZ76rmq24g5mX",
    "is_default": false,
    "timestamp": "2025-09-12T08:42:23.560Z"
  },
  {
    "anime_title": "Bakuman Season 2",
    "episode_title": "Bakuman Season 2 Episode 3 Subtitle Indonesia",
    "episode_link": "https://otakudesu.best/episode/bkmn-s2-episode-3-sub-indo/",
    "episode_date": "23 Juli,2020",
    "server": "mega",
    "quality": "480p",
    "data_content": "eyJpZCI6OTY0NTMsImkiOjQsInEiOiI0ODBwIn0=",
    "decoded_data": {
      "id": 96453,
      "i": 4,
      "q": "480p"
    },
    "stream_url": "https://mega.nz/embed/yV4lQJTI#LJQEzwOeRV1YL37CaTsiLYAJuZ-hwWZVjqSNKYNxiJ0",
    "is_default": false,
    "timestamp": "2025-09-12T08:42:23.773Z"
  },
  {
    "anime_title": "Bakuman Season 2",
    "episode_title": "Bakuman Season 2 Episode 3 Subtitle Indonesia",
    "episode_link": "https://otakudesu.best/episode/bkmn-s2-episode-3-sub-indo/",
    "episode_date": "23 Juli,2020",
    "server": "otakustream",
    "quality": "720p",
    "data_content": "eyJpZCI6OTY0NTMsImkiOjAsInEiOiI3MjBwIn0=",
    "decoded_data": {
      "id": 96453,
      "i": 0,
      "q": "720p"
    },
    "stream_url": "https://desustream.info/dstream/otakustream/v2/index.php?id=d3BuL3dNanZlclluY0xPNUpCSWMvUHgrd00vUXNpS1kxdG1scFhNMW5YYz0=",
    "is_default": false,
    "timestamp": "2025-09-12T08:42:23.727Z"
  },
  {
    "anime_title": "Bakuman Season 2",
    "episode_title": "Bakuman Season 2 Episode 3 Subtitle Indonesia",
    "episode_link": "https://otakudesu.best/episode/bkmn-s2-episode-3-sub-indo/",
    "episode_date": "23 Juli,2020",
    "server": "desudrive",
    "quality": "720p",
    "data_content": "eyJpZCI6OTY0NTMsImkiOjEsInEiOiI3MjBwIn0=",
    "decoded_data": {
      "id": 96453,
      "i": 1,
      "q": "720p"
    },
    "stream_url": "https://desustream.info/dstream/desudrive/player.php?id=R3B2VndTYWx1Ujc2SGJqMTFvd0FaMlkrakV1TWVCT2JjNCtOTlZhelcyMjRTT0JndCtUVFQ1NVBtZEdaS3dhdg==",
    "is_default": false,
    "timestamp": "2025-09-12T08:42:24.009Z"
  },
  {
    "anime_title": "Bakuman Season 2",
    "episode_title": "Bakuman Season 2 Episode 3 Subtitle Indonesia",
    "episode_link": "https://otakudesu.best/episode/bkmn-s2-episode-3-sub-indo/",
    "episode_date": "23 Juli,2020",
    "server": "yourupload",
    "quality": "720p",
    "data_content": "eyJpZCI6OTY0NTMsImkiOjIsInEiOiI3MjBwIn0=",
    "decoded_data": {
      "id": 96453,
      "i": 2,
      "q": "720p"
    },
    "stream_url": "https://desudrive.com/stream/yuplod.php?id=e36Hk1AJN73p",
    "is_default": false,
    "timestamp": "2025-09-12T08:42:23.990Z"
  },
  {
    "anime_title": "Bakuman Season 2",
    "episode_title": "Bakuman Season 2 Episode 3 Subtitle Indonesia",
    "episode_link": "https://otakudesu.best/episode/bkmn-s2-episode-3-sub-indo/",
    "episode_date": "23 Juli,2020",
    "server": "solidfiles",
    "quality": "720p",
    "data_content": "eyJpZCI6OTY0NTMsImkiOjMsInEiOiI3MjBwIn0=",
    "decoded_data": {
      "id": 96453,
      "i": 3,
      "q": "720p"
    },
    "stream_url": "https://www.solidfiles.com/e/dV4NXgBnnZva6",
    "is_default": false,
    "timestamp": "2025-09-12T08:42:23.755Z"
  },
  {
    "anime_title": "Bakuman Season 2",
    "episode_title": "Bakuman Season 2 Episode 3 Subtitle Indonesia",
    "episode_link": "https://otakudesu.best/episode/bkmn-s2-episode-3-sub-indo/",
    "episode_date": "23 Juli,2020",
    "server": "mega",
    "quality": "720p",
    "data_content": "eyJpZCI6OTY0NTMsImkiOjQsInEiOiI3MjBwIn0=",
    "decoded_data": {
      "id": 96453,
      "i": 4,
      "q": "720p"
    },
    "stream_url": "https://mega.nz/embed/aIoxzRZA#GkpyEOVnB6FAONP8xSgym1odrAWGVIxvGVK-JJ72e10",
    "is_default": false,
    "timestamp": "2025-09-12T08:42:23.818Z"
  },
  {
    "anime_title": "Bakuman Season 2",
    "episode_title": "Bakuman Season 2 Episode 4 Subtitle Indonesia",
    "episode_link": "https://otakudesu.best/episode/bkmn-s2-episode-4-sub-indo/",
    "episode_date": "23 Juli,2020",
    "server": "otakuplay",
    "quality": "480p",
    "data_content": "eyJpZCI6OTY0NTQsImkiOjAsInEiOiI0ODBwIn0=",
    "decoded_data": {
      "id": 96454,
      "i": 0,
      "q": "480p"
    },
    "stream_url": "https://desustream.info/dstream/otakuplay/v2/index.php?id=S1llMlRSYWlrRjNrWE5EZzAzQzdpcUhiTDNsbmlZUkJmUEsrR1p1MlE4OD0=",
    "is_default": true,
    "timestamp": "2025-09-12T08:42:24.688Z"
  },
  {
    "anime_title": "Bakuman Season 2",
    "episode_title": "Bakuman Season 2 Episode 4 Subtitle Indonesia",
    "episode_link": "https://otakudesu.best/episode/bkmn-s2-episode-4-sub-indo/",
    "episode_date": "23 Juli,2020",
    "server": "desudrive",
    "quality": "480p",
    "data_content": "eyJpZCI6OTY0NTQsImkiOjEsInEiOiI0ODBwIn0=",
    "decoded_data": {
      "id": 96454,
      "i": 1,
      "q": "480p"
    },
    "stream_url": "https://desustream.info/dstream/desudrive/player.php?id=ZUdaRUtEbVBFbHZ5aXpSb1JSd1V1TzRTMHgxcHVBNy9mWll6b0hSd21vczBNTjRrd1V4UWpnbzJnTWJ5cFRJMw==",
    "is_default": false,
    "timestamp": "2025-09-12T08:42:24.737Z"
  },
  {
    "anime_title": "Bakuman Season 2",
    "episode_title": "Bakuman Season 2 Episode 4 Subtitle Indonesia",
    "episode_link": "https://otakudesu.best/episode/bkmn-s2-episode-4-sub-indo/",
    "episode_date": "23 Juli,2020",
    "server": "mp4load",
    "quality": "480p",
    "data_content": "eyJpZCI6OTY0NTQsImkiOjIsInEiOiI0ODBwIn0=",
    "decoded_data": {
      "id": 96454,
      "i": 2,
      "q": "480p"
    },
    "stream_url": "https://www.mp4upload.com/embed-0uk5fj0lmvcr.html",
    "is_default": false,
    "timestamp": "2025-09-12T08:42:24.758Z"
  },
  {
    "anime_title": "Bakuman Season 2",
    "episode_title": "Bakuman Season 2 Episode 4 Subtitle Indonesia",
    "episode_link": "https://otakudesu.best/episode/bkmn-s2-episode-4-sub-indo/",
    "episode_date": "23 Juli,2020",
    "server": "solidfiles",
    "quality": "480p",
    "data_content": "eyJpZCI6OTY0NTQsImkiOjMsInEiOiI0ODBwIn0=",
    "decoded_data": {
      "id": 96454,
      "i": 3,
      "q": "480p"
    },
    "stream_url": "https://www.solidfiles.com/e/55YdnA7PnD7nX",
    "is_default": false,
    "timestamp": "2025-09-12T08:42:24.782Z"
  },
  {
    "anime_title": "Bakuman Season 2",
    "episode_title": "Bakuman Season 2 Episode 4 Subtitle Indonesia",
    "episode_link": "https://otakudesu.best/episode/bkmn-s2-episode-4-sub-indo/",
    "episode_date": "23 Juli,2020",
    "server": "mega",
    "quality": "480p",
    "data_content": "eyJpZCI6OTY0NTQsImkiOjQsInEiOiI0ODBwIn0=",
    "decoded_data": {
      "id": 96454,
      "i": 4,
      "q": "480p"
    },
    "stream_url": "https://mega.nz/embed/vEgDhZoB#Wq58q99jcqCg2GRjiiBtOxyRWMpwxbYh0SVYJHBj6BE",
    "is_default": false,
    "timestamp": "2025-09-12T08:42:24.812Z"
  },
  {
    "anime_title": "Bakuman Season 2",
    "episode_title": "Bakuman Season 2 Episode 4 Subtitle Indonesia",
    "episode_link": "https://otakudesu.best/episode/bkmn-s2-episode-4-sub-indo/",
    "episode_date": "23 Juli,2020",
    "server": "otakustream",
    "quality": "720p",
    "data_content": "eyJpZCI6OTY0NTQsImkiOjAsInEiOiI3MjBwIn0=",
    "decoded_data": {
      "id": 96454,
      "i": 0,
      "q": "720p"
    },
    "stream_url": "https://desustream.info/dstream/otakustream/v2/index.php?id=d3BuL3dNanZlclluY0xPNUpCSWMvSE0wYUQ1bTN3VXhTcWhqKzRnOXZWbz0=",
    "is_default": false,
    "timestamp": "2025-09-12T08:42:24.847Z"
  },
  {
    "anime_title": "Bakuman Season 2",
    "episode_title": "Bakuman Season 2 Episode 4 Subtitle Indonesia",
    "episode_link": "https://otakudesu.best/episode/bkmn-s2-episode-4-sub-indo/",
    "episode_date": "23 Juli,2020",
    "server": "desudrive",
    "quality": "720p",
    "data_content": "eyJpZCI6OTY0NTQsImkiOjEsInEiOiI3MjBwIn0=",
    "decoded_data": {
      "id": 96454,
      "i": 1,
      "q": "720p"
    },
    "stream_url": "https://desustream.info/dstream/desudrive/player.php?id=RGxWVmxZSnpqV25SV1pvTHNJajZxUDAwY2VyZ2ZWeTFpOU5CSjN3cTdPeU5RZUFSb1Z1VnNRTGpObWtFbDRRSQ==",
    "is_default": false,
    "timestamp": "2025-09-12T08:42:24.889Z"
  },
  {
    "anime_title": "Bakuman Season 2",
    "episode_title": "Bakuman Season 2 Episode 4 Subtitle Indonesia",
    "episode_link": "https://otakudesu.best/episode/bkmn-s2-episode-4-sub-indo/",
    "episode_date": "23 Juli,2020",
    "server": "yourupload",
    "quality": "720p",
    "data_content": "eyJpZCI6OTY0NTQsImkiOjIsInEiOiI3MjBwIn0=",
    "decoded_data": {
      "id": 96454,
      "i": 2,
      "q": "720p"
    },
    "stream_url": "https://desudrive.com/stream/yuplod.php?id=voVac2ghW7vh",
    "is_default": false,
    "timestamp": "2025-09-12T08:42:24.930Z"
  },
  {
    "anime_title": "Bakuman Season 2",
    "episode_title": "Bakuman Season 2 Episode 4 Subtitle Indonesia",
    "episode_link": "https://otakudesu.best/episode/bkmn-s2-episode-4-sub-indo/",
    "episode_date": "23 Juli,2020",
    "server": "solidfiles",
    "quality": "720p",
    "data_content": "eyJpZCI6OTY0NTQsImkiOjMsInEiOiI3MjBwIn0=",
    "decoded_data": {
      "id": 96454,
      "i": 3,
      "q": "720p"
    },
    "stream_url": "https://www.solidfiles.com/e/nDZkXzRKVDvXw",
    "is_default": false,
    "timestamp": "2025-09-12T08:42:24.976Z"
  },
  {
    "anime_title": "Bakuman Season 2",
    "episode_title": "Bakuman Season 2 Episode 4 Subtitle Indonesia",
    "episode_link": "https://otakudesu.best/episode/bkmn-s2-episode-4-sub-indo/",
    "episode_date": "23 Juli,2020",
    "server": "mega",
    "quality": "720p",
    "data_content": "eyJpZCI6OTY0NTQsImkiOjQsInEiOiI3MjBwIn0=",
    "decoded_data": {
      "id": 96454,
      "i": 4,
      "q": "720p"
    },
    "stream_url": "https://mega.nz/embed/qcoxzLBQ#iknkpuHjsO1Oswye_zVcetqyLHAsiR6yEh1LxzbGOoU",
    "is_default": false,
    "timestamp": "2025-09-12T08:42:25.107Z"
  },
  {
    "anime_title": "Bakuman Season 2",
    "episode_title": "Bakuman Season 2 Episode 4 Subtitle Indonesia",
    "episode_link": "https://otakudesu.best/episode/bkmn-s2-episode-4-sub-indo/",
    "episode_date": "23 Juli,2020",
    "server": "otakuplay",
    "quality": "480p",
    "data_content": "eyJpZCI6OTY0NTQsImkiOjAsInEiOiI0ODBwIn0=",
    "decoded_data": {
      "id": 96454,
      "i": 0,
      "q": "480p"
    },
    "stream_url": "https://desustream.info/dstream/otakuplay/v2/index.php?id=S1llMlRSYWlrRjNrWE5EZzAzQzdpcUhiTDNsbmlZUkJmUEsrR1p1MlE4OD0=",
    "is_default": true,
    "timestamp": "2025-09-12T08:42:24.688Z"
  },
  {
    "anime_title": "Bakuman Season 2",
    "episode_title": "Bakuman Season 2 Episode 4 Subtitle Indonesia",
    "episode_link": "https://otakudesu.best/episode/bkmn-s2-episode-4-sub-indo/",
    "episode_date": "23 Juli,2020",
    "server": "desudrive",
    "quality": "480p",
    "data_content": "eyJpZCI6OTY0NTQsImkiOjEsInEiOiI0ODBwIn0=",
    "decoded_data": {
      "id": 96454,
      "i": 1,
      "q": "480p"
    },
    "stream_url": "https://desustream.info/dstream/desudrive/player.php?id=ZUdaRUtEbVBFbHZ5aXpSb1JSd1V1TzRTMHgxcHVBNy9mWll6b0hSd21vczBNTjRrd1V4UWpnbzJnTWJ5cFRJMw==",
    "is_default": false,
    "timestamp": "2025-09-12T08:42:24.737Z"
  },
  {
    "anime_title": "Bakuman Season 2",
    "episode_title": "Bakuman Season 2 Episode 4 Subtitle Indonesia",
    "episode_link": "https://otakudesu.best/episode/bkmn-s2-episode-4-sub-indo/",
    "episode_date": "23 Juli,2020",
    "server": "mp4load",
    "quality": "480p",
    "data_content": "eyJpZCI6OTY0NTQsImkiOjIsInEiOiI0ODBwIn0=",
    "decoded_data": {
      "id": 96454,
      "i": 2,
      "q": "480p"
    },
    "stream_url": "https://www.mp4upload.com/embed-0uk5fj0lmvcr.html",
    "is_default": false,
    "timestamp": "2025-09-12T08:42:24.758Z"
  },
  {
    "anime_title": "Bakuman Season 2",
    "episode_title": "Bakuman Season 2 Episode 4 Subtitle Indonesia",
    "episode_link": "https://otakudesu.best/episode/bkmn-s2-episode-4-sub-indo/",
    "episode_date": "23 Juli,2020",
    "server": "solidfiles",
    "quality": "480p",
    "data_content": "eyJpZCI6OTY0NTQsImkiOjMsInEiOiI0ODBwIn0=",
    "decoded_data": {
      "id": 96454,
      "i": 3,
      "q": "480p"
    },
    "stream_url": "https://www.solidfiles.com/e/55YdnA7PnD7nX",
    "is_default": false,
    "timestamp": "2025-09-12T08:42:24.782Z"
  },
  {
    "anime_title": "Bakuman Season 2",
    "episode_title": "Bakuman Season 2 Episode 4 Subtitle Indonesia",
    "episode_link": "https://otakudesu.best/episode/bkmn-s2-episode-4-sub-indo/",
    "episode_date": "23 Juli,2020",
    "server": "mega",
    "quality": "480p",
    "data_content": "eyJpZCI6OTY0NTQsImkiOjQsInEiOiI0ODBwIn0=",
    "decoded_data": {
      "id": 96454,
      "i": 4,
      "q": "480p"
    },
    "stream_url": "https://mega.nz/embed/vEgDhZoB#Wq58q99jcqCg2GRjiiBtOxyRWMpwxbYh0SVYJHBj6BE",
    "is_default": false,
    "timestamp": "2025-09-12T08:42:24.812Z"
  },
  {
    "anime_title": "Bakuman Season 2",
    "episode_title": "Bakuman Season 2 Episode 4 Subtitle Indonesia",
    "episode_link": "https://otakudesu.best/episode/bkmn-s2-episode-4-sub-indo/",
    "episode_date": "23 Juli,2020",
    "server": "otakustream",
    "quality": "720p",
    "data_content": "eyJpZCI6OTY0NTQsImkiOjAsInEiOiI3MjBwIn0=",
    "decoded_data": {
      "id": 96454,
      "i": 0,
      "q": "720p"
    },
    "stream_url": "https://desustream.info/dstream/otakustream/v2/index.php?id=d3BuL3dNanZlclluY0xPNUpCSWMvSE0wYUQ1bTN3VXhTcWhqKzRnOXZWbz0=",
    "is_default": false,
    "timestamp": "2025-09-12T08:42:24.847Z"
  },
  {
    "anime_title": "Bakuman Season 2",
    "episode_title": "Bakuman Season 2 Episode 4 Subtitle Indonesia",
    "episode_link": "https://otakudesu.best/episode/bkmn-s2-episode-4-sub-indo/",
    "episode_date": "23 Juli,2020",
    "server": "desudrive",
    "quality": "720p",
    "data_content": "eyJpZCI6OTY0NTQsImkiOjEsInEiOiI3MjBwIn0=",
    "decoded_data": {
      "id": 96454,
      "i": 1,
      "q": "720p"
    },
    "stream_url": "https://desustream.info/dstream/desudrive/player.php?id=RGxWVmxZSnpqV25SV1pvTHNJajZxUDAwY2VyZ2ZWeTFpOU5CSjN3cTdPeU5RZUFSb1Z1VnNRTGpObWtFbDRRSQ==",
    "is_default": false,
    "timestamp": "2025-09-12T08:42:24.889Z"
  },
  {
    "anime_title": "Bakuman Season 2",
    "episode_title": "Bakuman Season 2 Episode 4 Subtitle Indonesia",
    "episode_link": "https://otakudesu.best/episode/bkmn-s2-episode-4-sub-indo/",
    "episode_date": "23 Juli,2020",
    "server": "yourupload",
    "quality": "720p",
    "data_content": "eyJpZCI6OTY0NTQsImkiOjIsInEiOiI3MjBwIn0=",
    "decoded_data": {
      "id": 96454,
      "i": 2,
      "q": "720p"
    },
    "stream_url": "https://desudrive.com/stream/yuplod.php?id=voVac2ghW7vh",
    "is_default": false,
    "timestamp": "2025-09-12T08:42:24.930Z"
  },
  {
    "anime_title": "Bakuman Season 2",
    "episode_title": "Bakuman Season 2 Episode 4 Subtitle Indonesia",
    "episode_link": "https://otakudesu.best/episode/bkmn-s2-episode-4-sub-indo/",
    "episode_date": "23 Juli,2020",
    "server": "solidfiles",
    "quality": "720p",
    "data_content": "eyJpZCI6OTY0NTQsImkiOjMsInEiOiI3MjBwIn0=",
    "decoded_data": {
      "id": 96454,
      "i": 3,
      "q": "720p"
    },
    "stream_url": "https://www.solidfiles.com/e/nDZkXzRKVDvXw",
    "is_default": false,
    "timestamp": "2025-09-12T08:42:24.976Z"
  },
  {
    "anime_title": "Bakuman Season 2",
    "episode_title": "Bakuman Season 2 Episode 4 Subtitle Indonesia",
    "episode_link": "https://otakudesu.best/episode/bkmn-s2-episode-4-sub-indo/",
    "episode_date": "23 Juli,2020",
    "server": "mega",
    "quality": "720p",
    "data_content": "eyJpZCI6OTY0NTQsImkiOjQsInEiOiI3MjBwIn0=",
    "decoded_data": {
      "id": 96454,
      "i": 4,
      "q": "720p"
    },
    "stream_url": "https://mega.nz/embed/qcoxzLBQ#iknkpuHjsO1Oswye_zVcetqyLHAsiR6yEh1LxzbGOoU",
    "is_default": false,
    "timestamp": "2025-09-12T08:42:25.107Z"
  },
  {
    "anime_title": "Bakuman Season 2",
    "episode_title": "Bakuman Season 2 Episode 5 Subtitle Indonesia",
    "episode_link": "https://otakudesu.best/episode/bkmn-s2-episode-5-sub-indo/",
    "episode_date": "23 Juli,2020",
    "server": "otakuplay",
    "quality": "480p",
    "data_content": "eyJpZCI6OTY0NTYsImkiOjAsInEiOiI0ODBwIn0=",
    "decoded_data": {
      "id": 96456,
      "i": 0,
      "q": "480p"
    },
    "stream_url": "https://desustream.info/dstream/otakuplay/v2/index.php?id=S1llMlRSYWlrRjNrWE5EZzAzQzdpbmxIemZ0b3U0L1gzTjFUU3ZDRUVIRT0=",
    "is_default": true,
    "timestamp": "2025-09-12T08:42:25.762Z"
  },
  {
    "anime_title": "Bakuman Season 2",
    "episode_title": "Bakuman Season 2 Episode 5 Subtitle Indonesia",
    "episode_link": "https://otakudesu.best/episode/bkmn-s2-episode-5-sub-indo/",
    "episode_date": "23 Juli,2020",
    "server": "desudrive",
    "quality": "480p",
    "data_content": "eyJpZCI6OTY0NTYsImkiOjEsInEiOiI0ODBwIn0=",
    "decoded_data": {
      "id": 96456,
      "i": 1,
      "q": "480p"
    },
    "stream_url": "https://desustream.info/dstream/desudrive/player.php?id=di9USUx3VXNMNm84VTlpU3N3YmRRYmtqaStqVktPbmtkdk9vbEhRVkhTY3lDYWV3dzBEZ0VkQkpOWTZJNzR0Rg==",
    "is_default": false,
    "timestamp": "2025-09-12T08:42:25.800Z"
  },
  {
    "anime_title": "Bakuman Season 2",
    "episode_title": "Bakuman Season 2 Episode 5 Subtitle Indonesia",
    "episode_link": "https://otakudesu.best/episode/bkmn-s2-episode-5-sub-indo/",
    "episode_date": "23 Juli,2020",
    "server": "mp4load",
    "quality": "480p",
    "data_content": "eyJpZCI6OTY0NTYsImkiOjIsInEiOiI0ODBwIn0=",
    "decoded_data": {
      "id": 96456,
      "i": 2,
      "q": "480p"
    },
    "stream_url": "https://www.mp4upload.com/embed-cfg2yme1jyn9.html",
    "is_default": false,
    "timestamp": "2025-09-12T08:42:25.831Z"
  },
  {
    "anime_title": "Bakuman Season 2",
    "episode_title": "Bakuman Season 2 Episode 5 Subtitle Indonesia",
    "episode_link": "https://otakudesu.best/episode/bkmn-s2-episode-5-sub-indo/",
    "episode_date": "23 Juli,2020",
    "server": "solidfiles",
    "quality": "480p",
    "data_content": "eyJpZCI6OTY0NTYsImkiOjMsInEiOiI0ODBwIn0=",
    "decoded_data": {
      "id": 96456,
      "i": 3,
      "q": "480p"
    },
    "stream_url": "https://www.solidfiles.com/e/BR7VKZgAe8jdk",
    "is_default": false,
    "timestamp": "2025-09-12T08:42:25.884Z"
  },
  {
    "anime_title": "Bakuman Season 2",
    "episode_title": "Bakuman Season 2 Episode 5 Subtitle Indonesia",
    "episode_link": "https://otakudesu.best/episode/bkmn-s2-episode-5-sub-indo/",
    "episode_date": "23 Juli,2020",
    "server": "mega",
    "quality": "480p",
    "data_content": "eyJpZCI6OTY0NTYsImkiOjQsInEiOiI0ODBwIn0=",
    "decoded_data": {
      "id": 96456,
      "i": 4,
      "q": "480p"
    },
    "stream_url": "https://mega.nz/embed/Pdg3lRxY#wq8H4VGfxjXKSWgW4nmL18BCHW6fyyUHoGvOn4suAfQ",
    "is_default": false,
    "timestamp": "2025-09-12T08:42:25.904Z"
  },
  {
    "anime_title": "Bakuman Season 2",
    "episode_title": "Bakuman Season 2 Episode 5 Subtitle Indonesia",
    "episode_link": "https://otakudesu.best/episode/bkmn-s2-episode-5-sub-indo/",
    "episode_date": "23 Juli,2020",
    "server": "otakustream",
    "quality": "720p",
    "data_content": "eyJpZCI6OTY0NTYsImkiOjAsInEiOiI3MjBwIn0=",
    "decoded_data": {
      "id": 96456,
      "i": 0,
      "q": "720p"
    },
    "stream_url": "https://desustream.info/dstream/otakustream/v2/index.php?id=d3BuL3dNanZlclluY0xPNUpCSWMvTTFQbjZtN1Z3Z1Vwc0VZaFNWOTl6dz0=",
    "is_default": false,
    "timestamp": "2025-09-12T08:42:25.927Z"
  },
  {
    "anime_title": "Bakuman Season 2",
    "episode_title": "Bakuman Season 2 Episode 5 Subtitle Indonesia",
    "episode_link": "https://otakudesu.best/episode/bkmn-s2-episode-5-sub-indo/",
    "episode_date": "23 Juli,2020",
    "server": "desudrive",
    "quality": "720p",
    "data_content": "eyJpZCI6OTY0NTYsImkiOjEsInEiOiI3MjBwIn0=",
    "decoded_data": {
      "id": 96456,
      "i": 1,
      "q": "720p"
    },
    "stream_url": "https://desustream.info/dstream/desudrive/player.php?id=dnF4S0VWaG1tSDFscmx0Um1pRzNPZTkwb2k1ZjNtSVRmZkw2YUQzZnl1SDNOdEZzVERuZlkzUGlLVm1qY2VwRQ==",
    "is_default": false,
    "timestamp": "2025-09-12T08:42:25.980Z"
  },
  {
    "anime_title": "Bakuman Season 2",
    "episode_title": "Bakuman Season 2 Episode 5 Subtitle Indonesia",
    "episode_link": "https://otakudesu.best/episode/bkmn-s2-episode-5-sub-indo/",
    "episode_date": "23 Juli,2020",
    "server": "yourupload",
    "quality": "720p",
    "data_content": "eyJpZCI6OTY0NTYsImkiOjIsInEiOiI3MjBwIn0=",
    "decoded_data": {
      "id": 96456,
      "i": 2,
      "q": "720p"
    },
    "stream_url": "https://desudrive.com/stream/yuplod.php?id=04cx1OC1ye8p",
    "is_default": false,
    "timestamp": "2025-09-12T08:42:26.019Z"
  },
  {
    "anime_title": "Bakuman Season 2",
    "episode_title": "Bakuman Season 2 Episode 5 Subtitle Indonesia",
    "episode_link": "https://otakudesu.best/episode/bkmn-s2-episode-5-sub-indo/",
    "episode_date": "23 Juli,2020",
    "server": "solidfiles",
    "quality": "720p",
    "data_content": "eyJpZCI6OTY0NTYsImkiOjMsInEiOiI3MjBwIn0=",
    "decoded_data": {
      "id": 96456,
      "i": 3,
      "q": "720p"
    },
    "stream_url": "https://www.solidfiles.com/e/p5kdXDRkAnAde",
    "is_default": false,
    "timestamp": "2025-09-12T08:42:26.051Z"
  },
  {
    "anime_title": "Bakuman Season 2",
    "episode_title": "Bakuman Season 2 Episode 5 Subtitle Indonesia",
    "episode_link": "https://otakudesu.best/episode/bkmn-s2-episode-5-sub-indo/",
    "episode_date": "23 Juli,2020",
    "server": "mega",
    "quality": "720p",
    "data_content": "eyJpZCI6OTY0NTYsImkiOjQsInEiOiI3MjBwIn0=",
    "decoded_data": {
      "id": 96456,
      "i": 4,
      "q": "720p"
    },
    "stream_url": "https://mega.nz/embed/LAxjUJ7L#f6RdNWOKjwZs6E7q-YImnSNgOwU1g5kuLZ9lj5rjA7s",
    "is_default": false,
    "timestamp": "2025-09-12T08:42:26.098Z"
  },
  {
    "anime_title": "Bakuman Season 2",
    "episode_title": "Bakuman Season 2 Episode 5 Subtitle Indonesia",
    "episode_link": "https://otakudesu.best/episode/bkmn-s2-episode-5-sub-indo/",
    "episode_date": "23 Juli,2020",
    "server": "otakuplay",
    "quality": "480p",
    "data_content": "eyJpZCI6OTY0NTYsImkiOjAsInEiOiI0ODBwIn0=",
    "decoded_data": {
      "id": 96456,
      "i": 0,
      "q": "480p"
    },
    "stream_url": "https://desustream.info/dstream/otakuplay/v2/index.php?id=S1llMlRSYWlrRjNrWE5EZzAzQzdpbmxIemZ0b3U0L1gzTjFUU3ZDRUVIRT0=",
    "is_default": true,
    "timestamp": "2025-09-12T08:42:25.762Z"
  },
  {
    "anime_title": "Bakuman Season 2",
    "episode_title": "Bakuman Season 2 Episode 5 Subtitle Indonesia",
    "episode_link": "https://otakudesu.best/episode/bkmn-s2-episode-5-sub-indo/",
    "episode_date": "23 Juli,2020",
    "server": "desudrive",
    "quality": "480p",
    "data_content": "eyJpZCI6OTY0NTYsImkiOjEsInEiOiI0ODBwIn0=",
    "decoded_data": {
      "id": 96456,
      "i": 1,
      "q": "480p"
    },
    "stream_url": "https://desustream.info/dstream/desudrive/player.php?id=di9USUx3VXNMNm84VTlpU3N3YmRRYmtqaStqVktPbmtkdk9vbEhRVkhTY3lDYWV3dzBEZ0VkQkpOWTZJNzR0Rg==",
    "is_default": false,
    "timestamp": "2025-09-12T08:42:25.800Z"
  },
  {
    "anime_title": "Bakuman Season 2",
    "episode_title": "Bakuman Season 2 Episode 5 Subtitle Indonesia",
    "episode_link": "https://otakudesu.best/episode/bkmn-s2-episode-5-sub-indo/",
    "episode_date": "23 Juli,2020",
    "server": "mp4load",
    "quality": "480p",
    "data_content": "eyJpZCI6OTY0NTYsImkiOjIsInEiOiI0ODBwIn0=",
    "decoded_data": {
      "id": 96456,
      "i": 2,
      "q": "480p"
    },
    "stream_url": "https://www.mp4upload.com/embed-cfg2yme1jyn9.html",
    "is_default": false,
    "timestamp": "2025-09-12T08:42:25.831Z"
  },
  {
    "anime_title": "Bakuman Season 2",
    "episode_title": "Bakuman Season 2 Episode 5 Subtitle Indonesia",
    "episode_link": "https://otakudesu.best/episode/bkmn-s2-episode-5-sub-indo/",
    "episode_date": "23 Juli,2020",
    "server": "solidfiles",
    "quality": "480p",
    "data_content": "eyJpZCI6OTY0NTYsImkiOjMsInEiOiI0ODBwIn0=",
    "decoded_data": {
      "id": 96456,
      "i": 3,
      "q": "480p"
    },
    "stream_url": "https://www.solidfiles.com/e/BR7VKZgAe8jdk",
    "is_default": false,
    "timestamp": "2025-09-12T08:42:25.884Z"
  },
  {
    "anime_title": "Bakuman Season 2",
    "episode_title": "Bakuman Season 2 Episode 5 Subtitle Indonesia",
    "episode_link": "https://otakudesu.best/episode/bkmn-s2-episode-5-sub-indo/",
    "episode_date": "23 Juli,2020",
    "server": "mega",
    "quality": "480p",
    "data_content": "eyJpZCI6OTY0NTYsImkiOjQsInEiOiI0ODBwIn0=",
    "decoded_data": {
      "id": 96456,
      "i": 4,
      "q": "480p"
    },
    "stream_url": "https://mega.nz/embed/Pdg3lRxY#wq8H4VGfxjXKSWgW4nmL18BCHW6fyyUHoGvOn4suAfQ",
    "is_default": false,
    "timestamp": "2025-09-12T08:42:25.904Z"
  },
  {
    "anime_title": "Bakuman Season 2",
    "episode_title": "Bakuman Season 2 Episode 5 Subtitle Indonesia",
    "episode_link": "https://otakudesu.best/episode/bkmn-s2-episode-5-sub-indo/",
    "episode_date": "23 Juli,2020",
    "server": "otakustream",
    "quality": "720p",
    "data_content": "eyJpZCI6OTY0NTYsImkiOjAsInEiOiI3MjBwIn0=",
    "decoded_data": {
      "id": 96456,
      "i": 0,
      "q": "720p"
    },
    "stream_url": "https://desustream.info/dstream/otakustream/v2/index.php?id=d3BuL3dNanZlclluY0xPNUpCSWMvTTFQbjZtN1Z3Z1Vwc0VZaFNWOTl6dz0=",
    "is_default": false,
    "timestamp": "2025-09-12T08:42:25.927Z"
  },
  {
    "anime_title": "Bakuman Season 2",
    "episode_title": "Bakuman Season 2 Episode 5 Subtitle Indonesia",
    "episode_link": "https://otakudesu.best/episode/bkmn-s2-episode-5-sub-indo/",
    "episode_date": "23 Juli,2020",
    "server": "desudrive",
    "quality": "720p",
    "data_content": "eyJpZCI6OTY0NTYsImkiOjEsInEiOiI3MjBwIn0=",
    "decoded_data": {
      "id": 96456,
      "i": 1,
      "q": "720p"
    },
    "stream_url": "https://desustream.info/dstream/desudrive/player.php?id=dnF4S0VWaG1tSDFscmx0Um1pRzNPZTkwb2k1ZjNtSVRmZkw2YUQzZnl1SDNOdEZzVERuZlkzUGlLVm1qY2VwRQ==",
    "is_default": false,
    "timestamp": "2025-09-12T08:42:25.980Z"
  },
  {
    "anime_title": "Bakuman Season 2",
    "episode_title": "Bakuman Season 2 Episode 5 Subtitle Indonesia",
    "episode_link": "https://otakudesu.best/episode/bkmn-s2-episode-5-sub-indo/",
    "episode_date": "23 Juli,2020",
    "server": "yourupload",
    "quality": "720p",
    "data_content": "eyJpZCI6OTY0NTYsImkiOjIsInEiOiI3MjBwIn0=",
    "decoded_data": {
      "id": 96456,
      "i": 2,
      "q": "720p"
    },
    "stream_url": "https://desudrive.com/stream/yuplod.php?id=04cx1OC1ye8p",
    "is_default": false,
    "timestamp": "2025-09-12T08:42:26.019Z"
  },
  {
    "anime_title": "Bakuman Season 2",
    "episode_title": "Bakuman Season 2 Episode 5 Subtitle Indonesia",
    "episode_link": "https://otakudesu.best/episode/bkmn-s2-episode-5-sub-indo/",
    "episode_date": "23 Juli,2020",
    "server": "solidfiles",
    "quality": "720p",
    "data_content": "eyJpZCI6OTY0NTYsImkiOjMsInEiOiI3MjBwIn0=",
    "decoded_data": {
      "id": 96456,
      "i": 3,
      "q": "720p"
    },
    "stream_url": "https://www.solidfiles.com/e/p5kdXDRkAnAde",
    "is_default": false,
    "timestamp": "2025-09-12T08:42:26.051Z"
  },
  {
    "anime_title": "Bakuman Season 2",
    "episode_title": "Bakuman Season 2 Episode 5 Subtitle Indonesia",
    "episode_link": "https://otakudesu.best/episode/bkmn-s2-episode-5-sub-indo/",
    "episode_date": "23 Juli,2020",
    "server": "mega",
    "quality": "720p",
    "data_content": "eyJpZCI6OTY0NTYsImkiOjQsInEiOiI3MjBwIn0=",
    "decoded_data": {
      "id": 96456,
      "i": 4,
      "q": "720p"
    },
    "stream_url": "https://mega.nz/embed/LAxjUJ7L#f6RdNWOKjwZs6E7q-YImnSNgOwU1g5kuLZ9lj5rjA7s",
    "is_default": false,
    "timestamp": "2025-09-12T08:42:26.098Z"
  }
]