[
  {
    "anime_title": "Captain Tsubasa Season 2: Junior Youth-hen On-Going",
    "episode_title": "Captain Tsubasa Season 2: Junior Youth-hen Episode 33 Subtitle Indonesia",
    "episode_link": "https://otakudesu.best/episode/ctss2-episode-33-sub-indo/",
    "episode_date": "19 Mei,2024",
    "server": "vidhide",
    "quality": "360p",
    "data_content": "eyJpZCI6MTYxNjA0LCJpIjowLCJxIjoiMzYwcCJ9",
    "decoded_data": {
      "id": 161604,
      "i": 0,
      "q": "360p"
    },
    "stream_url": "https://odvidhide.com/embed/r9isb1sj5iyq",
    "is_default": false,
    "timestamp": "2025-09-12T09:17:19.259Z"
  },
  {
    "anime_title": "Captain Tsubasa Season 2: Junior Youth-hen On-Going",
    "episode_title": "Captain Tsubasa Season 2: Junior Youth-hen Episode 33 Subtitle Indonesia",
    "episode_link": "https://otakudesu.best/episode/ctss2-episode-33-sub-indo/",
    "episode_date": "19 Mei,2024",
    "server": "odstream",
    "quality": "360p",
    "data_content": "eyJpZCI6MTYxNjA0LCJpIjoxLCJxIjoiMzYwcCJ9",
    "decoded_data": {
      "id": 161604,
      "i": 1,
      "q": "360p"
    },
    "stream_url": "https://desustream.info/dstream/arcg/?id=NE03Z3F3ZjVnTmNuenN3bWFrcnJxYWlnbU9SNmRqQlcrTW1wZm9CTDBsR1ZIZklNVE93YmZNOHhOYUVaS25USQ==",
    "is_default": false,
    "timestamp": "2025-09-12T09:17:19.297Z"
  },
  {
    "anime_title": "Captain Tsubasa Season 2: Junior Youth-hen On-Going",
    "episode_title": "Captain Tsubasa Season 2: Junior Youth-hen Episode 33 Subtitle Indonesia",
    "episode_link": "https://otakudesu.best/episode/ctss2-episode-33-sub-indo/",
    "episode_date": "19 Mei,2024",
    "server": "pdrain",
    "quality": "360p",
    "data_content": "eyJpZCI6MTYxNjA0LCJpIjoyLCJxIjoiMzYwcCJ9",
    "decoded_data": {
      "id": 161604,
      "i": 2,
      "q": "360p"
    },
    "stream_url": "https://www.pixeldrain.com/u/AVzq3nmM?embed",
    "is_default": false,
    "timestamp": "2025-09-12T09:17:19.340Z"
  },
  {
    "anime_title": "Captain Tsubasa Season 2: Junior Youth-hen On-Going",
    "episode_title": "Captain Tsubasa Season 2: Junior Youth-hen Episode 33 Subtitle Indonesia",
    "episode_link": "https://otakudesu.best/episode/ctss2-episode-33-sub-indo/",
    "episode_date": "19 Mei,2024",
    "server": "mega",
    "quality": "360p",
    "data_content": "eyJpZCI6MTYxNjA0LCJpIjozLCJxIjoiMzYwcCJ9",
    "decoded_data": {
      "id": 161604,
      "i": 3,
      "q": "360p"
    },
    "stream_url": "https://mega.nz/embed/9W1iRYDQ#yxDIibmkEsuZuc2KJuXp-9WvSZmv-rKoWYPxQ-chaAw",
    "is_default": false,
    "timestamp": "2025-09-12T09:17:19.377Z"
  },
  {
    "anime_title": "Captain Tsubasa Season 2: Junior Youth-hen On-Going",
    "episode_title": "Captain Tsubasa Season 2: Junior Youth-hen Episode 33 Subtitle Indonesia",
    "episode_link": "https://otakudesu.best/episode/ctss2-episode-33-sub-indo/",
    "episode_date": "19 Mei,2024",
    "server": "ondesu",
    "quality": "480p",
    "data_content": "eyJpZCI6MTYxNjA0LCJpIjowLCJxIjoiNDgwcCJ9",
    "decoded_data": {
      "id": 161604,
      "i": 0,
      "q": "480p"
    },
    "stream_url": "https://desustream.info/dstream/ondesu/v5/index.php?id=N09NdXk4bWZVN3NaZ1JXZWVqTzlTZ1dOb2ZnNHo3NXZ4VDM1S3BEenJwaz0=",
    "is_default": true,
    "timestamp": "2025-09-12T09:17:19.415Z"
  },
  {
    "anime_title": "Captain Tsubasa Season 2: Junior Youth-hen On-Going",
    "episode_title": "Captain Tsubasa Season 2: Junior Youth-hen Episode 33 Subtitle Indonesia",
    "episode_link": "https://otakudesu.best/episode/ctss2-episode-33-sub-indo/",
    "episode_date": "19 Mei,2024",
    "server": "vidhide",
    "quality": "480p",
    "data_content": "eyJpZCI6MTYxNjA0LCJpIjoxLCJxIjoiNDgwcCJ9",
    "decoded_data": {
      "id": 161604,
      "i": 1,
      "q": "480p"
    },
    "stream_url": "https://odvidhide.com/embed/fvk0riuysqdq",
    "is_default": false,
    "timestamp": "2025-09-12T09:17:19.464Z"
  },
  {
    "anime_title": "Captain Tsubasa Season 2: Junior Youth-hen On-Going",
    "episode_title": "Captain Tsubasa Season 2: Junior Youth-hen Episode 33 Subtitle Indonesia",
    "episode_link": "https://otakudesu.best/episode/ctss2-episode-33-sub-indo/",
    "episode_date": "19 Mei,2024",
    "server": "odstream",
    "quality": "480p",
    "data_content": "eyJpZCI6MTYxNjA0LCJpIjoyLCJxIjoiNDgwcCJ9",
    "decoded_data": {
      "id": 161604,
      "i": 2,
      "q": "480p"
    },
    "stream_url": "https://desustream.info/dstream/arcg/?id=NE03Z3F3ZjVnTmNuenN3bWFrcnJxYWlnbU9SNmRqQlcrTW1wZm9CTDBsR2VJQXBBOHpSU0tUT0JXUE5qUnQ3Kw==",
    "is_default": false,
    "timestamp": "2025-09-12T09:17:19.515Z"
  },
  {
    "anime_title": "Captain Tsubasa Season 2: Junior Youth-hen On-Going",
    "episode_title": "Captain Tsubasa Season 2: Junior Youth-hen Episode 33 Subtitle Indonesia",
    "episode_link": "https://otakudesu.best/episode/ctss2-episode-33-sub-indo/",
    "episode_date": "19 Mei,2024",
    "server": "pdrain",
    "quality": "480p",
    "data_content": "eyJpZCI6MTYxNjA0LCJpIjozLCJxIjoiNDgwcCJ9",
    "decoded_data": {
      "id": 161604,
      "i": 3,
      "q": "480p"
    },
    "stream_url": "https://www.pixeldrain.com/u/GiWsu2ym?embed",
    "is_default": false,
    "timestamp": "2025-09-12T09:17:19.549Z"
  },
  {
    "anime_title": "Captain Tsubasa Season 2: Junior Youth-hen On-Going",
    "episode_title": "Captain Tsubasa Season 2: Junior Youth-hen Episode 33 Subtitle Indonesia",
    "episode_link": "https://otakudesu.best/episode/ctss2-episode-33-sub-indo/",
    "episode_date": "19 Mei,2024",
    "server": "mega",
    "quality": "480p",
    "data_content": "eyJpZCI6MTYxNjA0LCJpIjo0LCJxIjoiNDgwcCJ9",
    "decoded_data": {
      "id": 161604,
      "i": 4,
      "q": "480p"
    },
    "stream_url": "https://mega.nz/embed/5OFmkTra#BP7ikLYtcrNRYA87eAo6b6yxlxZWV98mHnHOOqJURp8",
    "is_default": false,
    "timestamp": "2025-09-12T09:17:19.585Z"
  },
  {
    "anime_title": "Captain Tsubasa Season 2: Junior Youth-hen On-Going",
    "episode_title": "Captain Tsubasa Season 2: Junior Youth-hen Episode 33 Subtitle Indonesia",
    "episode_link": "https://otakudesu.best/episode/ctss2-episode-33-sub-indo/",
    "episode_date": "19 Mei,2024",
    "server": "vidhide",
    "quality": "720p",
    "data_content": "eyJpZCI6MTYxNjA0LCJpIjowLCJxIjoiNzIwcCJ9",
    "decoded_data": {
      "id": 161604,
      "i": 0,
      "q": "720p"
    },
    "stream_url": "https://odvidhide.com/embed/bhvmcbeny45b",
    "is_default": false,
    "timestamp": "2025-09-12T09:17:19.623Z"
  },
  {
    "anime_title": "Captain Tsubasa Season 2: Junior Youth-hen On-Going",
    "episode_title": "Captain Tsubasa Season 2: Junior Youth-hen Episode 33 Subtitle Indonesia",
    "episode_link": "https://otakudesu.best/episode/ctss2-episode-33-sub-indo/",
    "episode_date": "19 Mei,2024",
    "server": "odstream",
    "quality": "720p",
    "data_content": "eyJpZCI6MTYxNjA0LCJpIjoxLCJxIjoiNzIwcCJ9",
    "decoded_data": {
      "id": 161604,
      "i": 1,
      "q": "720p"
    },
    "stream_url": "https://desustream.info/dstream/arcg/?id=NE03Z3F3ZjVnTmNuenN3bWFrcnJxYWlnbU9SNmRqQlcrTW1wZm9CTDBsR0ZMWmtuaDc0aFpSTFM1Nk5YQks2Vg==",
    "is_default": false,
    "timestamp": "2025-09-12T09:17:19.660Z"
  },
  {
    "anime_title": "Captain Tsubasa Season 2: Junior Youth-hen On-Going",
    "episode_title": "Captain Tsubasa Season 2: Junior Youth-hen Episode 33 Subtitle Indonesia",
    "episode_link": "https://otakudesu.best/episode/ctss2-episode-33-sub-indo/",
    "episode_date": "19 Mei,2024",
    "server": "pdrain",
    "quality": "720p",
    "data_content": "eyJpZCI6MTYxNjA0LCJpIjoyLCJxIjoiNzIwcCJ9",
    "decoded_data": {
      "id": 161604,
      "i": 2,
      "q": "720p"
    },
    "stream_url": "https://www.pixeldrain.com/u/649UgA35?embed",
    "is_default": false,
    "timestamp": "2025-09-12T09:17:19.713Z"
  },
  {
    "anime_title": "Captain Tsubasa Season 2: Junior Youth-hen On-Going",
    "episode_title": "Captain Tsubasa Season 2: Junior Youth-hen Episode 33 Subtitle Indonesia",
    "episode_link": "https://otakudesu.best/episode/ctss2-episode-33-sub-indo/",
    "episode_date": "19 Mei,2024",
    "server": "mega",
    "quality": "720p",
    "data_content": "eyJpZCI6MTYxNjA0LCJpIjozLCJxIjoiNzIwcCJ9",
    "decoded_data": {
      "id": 161604,
      "i": 3,
      "q": "720p"
    },
    "stream_url": "https://mega.nz/embed/se9wUaJb#luuw-Eqv7GZJOTOaSwCAEGzoPbpNJyaIaRx2HovG2-E",
    "is_default": false,
    "timestamp": "2025-09-12T09:17:19.746Z"
  },
  {
    "anime_title": "Captain Tsubasa Season 2: Junior Youth-hen On-Going",
    "episode_title": "Captain Tsubasa Season 2: Junior Youth-hen Episode 33 Subtitle Indonesia",
    "episode_link": "https://otakudesu.best/episode/ctss2-episode-33-sub-indo/",
    "episode_date": "19 Mei,2024",
    "server": "vidhide",
    "quality": "360p",
    "data_content": "eyJpZCI6MTYxNjA0LCJpIjowLCJxIjoiMzYwcCJ9",
    "decoded_data": {
      "id": 161604,
      "i": 0,
      "q": "360p"
    },
    "stream_url": "https://odvidhide.com/embed/r9isb1sj5iyq",
    "is_default": false,
    "timestamp": "2025-09-12T09:17:19.259Z"
  },
  {
    "anime_title": "Captain Tsubasa Season 2: Junior Youth-hen On-Going",
    "episode_title": "Captain Tsubasa Season 2: Junior Youth-hen Episode 33 Subtitle Indonesia",
    "episode_link": "https://otakudesu.best/episode/ctss2-episode-33-sub-indo/",
    "episode_date": "19 Mei,2024",
    "server": "odstream",
    "quality": "360p",
    "data_content": "eyJpZCI6MTYxNjA0LCJpIjoxLCJxIjoiMzYwcCJ9",
    "decoded_data": {
      "id": 161604,
      "i": 1,
      "q": "360p"
    },
    "stream_url": "https://desustream.info/dstream/arcg/?id=NE03Z3F3ZjVnTmNuenN3bWFrcnJxYWlnbU9SNmRqQlcrTW1wZm9CTDBsR1ZIZklNVE93YmZNOHhOYUVaS25USQ==",
    "is_default": false,
    "timestamp": "2025-09-12T09:17:19.297Z"
  },
  {
    "anime_title": "Captain Tsubasa Season 2: Junior Youth-hen On-Going",
    "episode_title": "Captain Tsubasa Season 2: Junior Youth-hen Episode 33 Subtitle Indonesia",
    "episode_link": "https://otakudesu.best/episode/ctss2-episode-33-sub-indo/",
    "episode_date": "19 Mei,2024",
    "server": "pdrain",
    "quality": "360p",
    "data_content": "eyJpZCI6MTYxNjA0LCJpIjoyLCJxIjoiMzYwcCJ9",
    "decoded_data": {
      "id": 161604,
      "i": 2,
      "q": "360p"
    },
    "stream_url": "https://www.pixeldrain.com/u/AVzq3nmM?embed",
    "is_default": false,
    "timestamp": "2025-09-12T09:17:19.340Z"
  },
  {
    "anime_title": "Captain Tsubasa Season 2: Junior Youth-hen On-Going",
    "episode_title": "Captain Tsubasa Season 2: Junior Youth-hen Episode 33 Subtitle Indonesia",
    "episode_link": "https://otakudesu.best/episode/ctss2-episode-33-sub-indo/",
    "episode_date": "19 Mei,2024",
    "server": "mega",
    "quality": "360p",
    "data_content": "eyJpZCI6MTYxNjA0LCJpIjozLCJxIjoiMzYwcCJ9",
    "decoded_data": {
      "id": 161604,
      "i": 3,
      "q": "360p"
    },
    "stream_url": "https://mega.nz/embed/9W1iRYDQ#yxDIibmkEsuZuc2KJuXp-9WvSZmv-rKoWYPxQ-chaAw",
    "is_default": false,
    "timestamp": "2025-09-12T09:17:19.377Z"
  },
  {
    "anime_title": "Captain Tsubasa Season 2: Junior Youth-hen On-Going",
    "episode_title": "Captain Tsubasa Season 2: Junior Youth-hen Episode 33 Subtitle Indonesia",
    "episode_link": "https://otakudesu.best/episode/ctss2-episode-33-sub-indo/",
    "episode_date": "19 Mei,2024",
    "server": "ondesu",
    "quality": "480p",
    "data_content": "eyJpZCI6MTYxNjA0LCJpIjowLCJxIjoiNDgwcCJ9",
    "decoded_data": {
      "id": 161604,
      "i": 0,
      "q": "480p"
    },
    "stream_url": "https://desustream.info/dstream/ondesu/v5/index.php?id=N09NdXk4bWZVN3NaZ1JXZWVqTzlTZ1dOb2ZnNHo3NXZ4VDM1S3BEenJwaz0=",
    "is_default": true,
    "timestamp": "2025-09-12T09:17:19.415Z"
  },
  {
    "anime_title": "Captain Tsubasa Season 2: Junior Youth-hen On-Going",
    "episode_title": "Captain Tsubasa Season 2: Junior Youth-hen Episode 33 Subtitle Indonesia",
    "episode_link": "https://otakudesu.best/episode/ctss2-episode-33-sub-indo/",
    "episode_date": "19 Mei,2024",
    "server": "vidhide",
    "quality": "480p",
    "data_content": "eyJpZCI6MTYxNjA0LCJpIjoxLCJxIjoiNDgwcCJ9",
    "decoded_data": {
      "id": 161604,
      "i": 1,
      "q": "480p"
    },
    "stream_url": "https://odvidhide.com/embed/fvk0riuysqdq",
    "is_default": false,
    "timestamp": "2025-09-12T09:17:19.464Z"
  },
  {
    "anime_title": "Captain Tsubasa Season 2: Junior Youth-hen On-Going",
    "episode_title": "Captain Tsubasa Season 2: Junior Youth-hen Episode 33 Subtitle Indonesia",
    "episode_link": "https://otakudesu.best/episode/ctss2-episode-33-sub-indo/",
    "episode_date": "19 Mei,2024",
    "server": "odstream",
    "quality": "480p",
    "data_content": "eyJpZCI6MTYxNjA0LCJpIjoyLCJxIjoiNDgwcCJ9",
    "decoded_data": {
      "id": 161604,
      "i": 2,
      "q": "480p"
    },
    "stream_url": "https://desustream.info/dstream/arcg/?id=NE03Z3F3ZjVnTmNuenN3bWFrcnJxYWlnbU9SNmRqQlcrTW1wZm9CTDBsR2VJQXBBOHpSU0tUT0JXUE5qUnQ3Kw==",
    "is_default": false,
    "timestamp": "2025-09-12T09:17:19.515Z"
  },
  {
    "anime_title": "Captain Tsubasa Season 2: Junior Youth-hen On-Going",
    "episode_title": "Captain Tsubasa Season 2: Junior Youth-hen Episode 33 Subtitle Indonesia",
    "episode_link": "https://otakudesu.best/episode/ctss2-episode-33-sub-indo/",
    "episode_date": "19 Mei,2024",
    "server": "pdrain",
    "quality": "480p",
    "data_content": "eyJpZCI6MTYxNjA0LCJpIjozLCJxIjoiNDgwcCJ9",
    "decoded_data": {
      "id": 161604,
      "i": 3,
      "q": "480p"
    },
    "stream_url": "https://www.pixeldrain.com/u/GiWsu2ym?embed",
    "is_default": false,
    "timestamp": "2025-09-12T09:17:19.549Z"
  },
  {
    "anime_title": "Captain Tsubasa Season 2: Junior Youth-hen On-Going",
    "episode_title": "Captain Tsubasa Season 2: Junior Youth-hen Episode 33 Subtitle Indonesia",
    "episode_link": "https://otakudesu.best/episode/ctss2-episode-33-sub-indo/",
    "episode_date": "19 Mei,2024",
    "server": "mega",
    "quality": "480p",
    "data_content": "eyJpZCI6MTYxNjA0LCJpIjo0LCJxIjoiNDgwcCJ9",
    "decoded_data": {
      "id": 161604,
      "i": 4,
      "q": "480p"
    },
    "stream_url": "https://mega.nz/embed/5OFmkTra#BP7ikLYtcrNRYA87eAo6b6yxlxZWV98mHnHOOqJURp8",
    "is_default": false,
    "timestamp": "2025-09-12T09:17:19.585Z"
  },
  {
    "anime_title": "Captain Tsubasa Season 2: Junior Youth-hen On-Going",
    "episode_title": "Captain Tsubasa Season 2: Junior Youth-hen Episode 33 Subtitle Indonesia",
    "episode_link": "https://otakudesu.best/episode/ctss2-episode-33-sub-indo/",
    "episode_date": "19 Mei,2024",
    "server": "vidhide",
    "quality": "720p",
    "data_content": "eyJpZCI6MTYxNjA0LCJpIjowLCJxIjoiNzIwcCJ9",
    "decoded_data": {
      "id": 161604,
      "i": 0,
      "q": "720p"
    },
    "stream_url": "https://odvidhide.com/embed/bhvmcbeny45b",
    "is_default": false,
    "timestamp": "2025-09-12T09:17:19.623Z"
  },
  {
    "anime_title": "Captain Tsubasa Season 2: Junior Youth-hen On-Going",
    "episode_title": "Captain Tsubasa Season 2: Junior Youth-hen Episode 33 Subtitle Indonesia",
    "episode_link": "https://otakudesu.best/episode/ctss2-episode-33-sub-indo/",
    "episode_date": "19 Mei,2024",
    "server": "odstream",
    "quality": "720p",
    "data_content": "eyJpZCI6MTYxNjA0LCJpIjoxLCJxIjoiNzIwcCJ9",
    "decoded_data": {
      "id": 161604,
      "i": 1,
      "q": "720p"
    },
    "stream_url": "https://desustream.info/dstream/arcg/?id=NE03Z3F3ZjVnTmNuenN3bWFrcnJxYWlnbU9SNmRqQlcrTW1wZm9CTDBsR0ZMWmtuaDc0aFpSTFM1Nk5YQks2Vg==",
    "is_default": false,
    "timestamp": "2025-09-12T09:17:19.660Z"
  },
  {
    "anime_title": "Captain Tsubasa Season 2: Junior Youth-hen On-Going",
    "episode_title": "Captain Tsubasa Season 2: Junior Youth-hen Episode 33 Subtitle Indonesia",
    "episode_link": "https://otakudesu.best/episode/ctss2-episode-33-sub-indo/",
    "episode_date": "19 Mei,2024",
    "server": "pdrain",
    "quality": "720p",
    "data_content": "eyJpZCI6MTYxNjA0LCJpIjoyLCJxIjoiNzIwcCJ9",
    "decoded_data": {
      "id": 161604,
      "i": 2,
      "q": "720p"
    },
    "stream_url": "https://www.pixeldrain.com/u/649UgA35?embed",
    "is_default": false,
    "timestamp": "2025-09-12T09:17:19.713Z"
  },
  {
    "anime_title": "Captain Tsubasa Season 2: Junior Youth-hen On-Going",
    "episode_title": "Captain Tsubasa Season 2: Junior Youth-hen Episode 33 Subtitle Indonesia",
    "episode_link": "https://otakudesu.best/episode/ctss2-episode-33-sub-indo/",
    "episode_date": "19 Mei,2024",
    "server": "mega",
    "quality": "720p",
    "data_content": "eyJpZCI6MTYxNjA0LCJpIjozLCJxIjoiNzIwcCJ9",
    "decoded_data": {
      "id": 161604,
      "i": 3,
      "q": "720p"
    },
    "stream_url": "https://mega.nz/embed/se9wUaJb#luuw-Eqv7GZJOTOaSwCAEGzoPbpNJyaIaRx2HovG2-E",
    "is_default": false,
    "timestamp": "2025-09-12T09:17:19.746Z"
  },
  {
    "anime_title": "Captain Tsubasa Season 2: Junior Youth-hen On-Going",
    "episode_title": "Captain Tsubasa Season 2: Junior Youth-hen Episode 34 Subtitle Indonesia",
    "episode_link": "https://otakudesu.best/episode/ctss2-episode-34-sub-indo/",
    "episode_date": "26 Mei,2024",
    "server": "vidhide",
    "quality": "360p",
    "data_content": "eyJpZCI6MTYxODUxLCJpIjowLCJxIjoiMzYwcCJ9",
    "decoded_data": {
      "id": 161851,
      "i": 0,
      "q": "360p"
    },
    "stream_url": "https://odvidhide.com/embed/m1juhzbm70pi",
    "is_default": false,
    "timestamp": "2025-09-12T09:17:20.437Z"
  },
  {
    "anime_title": "Captain Tsubasa Season 2: Junior Youth-hen On-Going",
    "episode_title": "Captain Tsubasa Season 2: Junior Youth-hen Episode 34 Subtitle Indonesia",
    "episode_link": "https://otakudesu.best/episode/ctss2-episode-34-sub-indo/",
    "episode_date": "26 Mei,2024",
    "server": "odstream",
    "quality": "360p",
    "data_content": "eyJpZCI6MTYxODUxLCJpIjoxLCJxIjoiMzYwcCJ9",
    "decoded_data": {
      "id": 161851,
      "i": 1,
      "q": "360p"
    },
    "stream_url": "https://desustream.info/dstream/arcg/?id=VE1NSDBVTi9ESFQvM0JCZGdwNVVRL0hEZnhyVDgvenNuWTQ3WVpDalJadnhZTVdhQTlnY0tTa3doY2pJM2xaRw==",
    "is_default": false,
    "timestamp": "2025-09-12T09:17:20.479Z"
  },
  {
    "anime_title": "Captain Tsubasa Season 2: Junior Youth-hen On-Going",
    "episode_title": "Captain Tsubasa Season 2: Junior Youth-hen Episode 34 Subtitle Indonesia",
    "episode_link": "https://otakudesu.best/episode/ctss2-episode-34-sub-indo/",
    "episode_date": "26 Mei,2024",
    "server": "pdrain",
    "quality": "360p",
    "data_content": "eyJpZCI6MTYxODUxLCJpIjoyLCJxIjoiMzYwcCJ9",
    "decoded_data": {
      "id": 161851,
      "i": 2,
      "q": "360p"
    },
    "stream_url": "https://www.pixeldrain.com/u/8bcaEqJB?embed",
    "is_default": false,
    "timestamp": "2025-09-12T09:17:20.515Z"
  },
  {
    "anime_title": "Captain Tsubasa Season 2: Junior Youth-hen On-Going",
    "episode_title": "Captain Tsubasa Season 2: Junior Youth-hen Episode 34 Subtitle Indonesia",
    "episode_link": "https://otakudesu.best/episode/ctss2-episode-34-sub-indo/",
    "episode_date": "26 Mei,2024",
    "server": "mega",
    "quality": "360p",
    "data_content": "eyJpZCI6MTYxODUxLCJpIjozLCJxIjoiMzYwcCJ9",
    "decoded_data": {
      "id": 161851,
      "i": 3,
      "q": "360p"
    },
    "stream_url": "https://mega.nz/embed/wcwgVJgY#0SW4owCsiSq_HD8krKA60R_fbTFSDLyecdQ5MmZ7FKk",
    "is_default": false,
    "timestamp": "2025-09-12T09:17:20.547Z"
  },
  {
    "anime_title": "Captain Tsubasa Season 2: Junior Youth-hen On-Going",
    "episode_title": "Captain Tsubasa Season 2: Junior Youth-hen Episode 34 Subtitle Indonesia",
    "episode_link": "https://otakudesu.best/episode/ctss2-episode-34-sub-indo/",
    "episode_date": "26 Mei,2024",
    "server": "ondesu",
    "quality": "480p",
    "data_content": "eyJpZCI6MTYxODUxLCJpIjowLCJxIjoiNDgwcCJ9",
    "decoded_data": {
      "id": 161851,
      "i": 0,
      "q": "480p"
    },
    "stream_url": "https://desustream.info/dstream/ondesu/v5/index.php?id=dXZFdHlWTnRpL1drUWo5bU5ZdStreGRLOVJ4WnRSY1E5RDgvN0ROOElyVT0=",
    "is_default": true,
    "timestamp": "2025-09-12T09:17:20.584Z"
  },
  {
    "anime_title": "Captain Tsubasa Season 2: Junior Youth-hen On-Going",
    "episode_title": "Captain Tsubasa Season 2: Junior Youth-hen Episode 34 Subtitle Indonesia",
    "episode_link": "https://otakudesu.best/episode/ctss2-episode-34-sub-indo/",
    "episode_date": "26 Mei,2024",
    "server": "vidhide",
    "quality": "480p",
    "data_content": "eyJpZCI6MTYxODUxLCJpIjoxLCJxIjoiNDgwcCJ9",
    "decoded_data": {
      "id": 161851,
      "i": 1,
      "q": "480p"
    },
    "stream_url": "https://odvidhide.com/embed/wh16bjtnbjcw",
    "is_default": false,
    "timestamp": "2025-09-12T09:17:20.618Z"
  },
  {
    "anime_title": "Captain Tsubasa Season 2: Junior Youth-hen On-Going",
    "episode_title": "Captain Tsubasa Season 2: Junior Youth-hen Episode 34 Subtitle Indonesia",
    "episode_link": "https://otakudesu.best/episode/ctss2-episode-34-sub-indo/",
    "episode_date": "26 Mei,2024",
    "server": "odstream",
    "quality": "480p",
    "data_content": "eyJpZCI6MTYxODUxLCJpIjoyLCJxIjoiNDgwcCJ9",
    "decoded_data": {
      "id": 161851,
      "i": 2,
      "q": "480p"
    },
    "stream_url": "https://desustream.info/dstream/arcg/?id=VE1NSDBVTi9ESFQvM0JCZGdwNVVRL0hEZnhyVDgvenNuWTQ3WVpDalJadG02aGZrcStCS1BEcEVPOUV5cjh0bA==",
    "is_default": false,
    "timestamp": "2025-09-12T09:17:20.667Z"
  },
  {
    "anime_title": "Captain Tsubasa Season 2: Junior Youth-hen On-Going",
    "episode_title": "Captain Tsubasa Season 2: Junior Youth-hen Episode 34 Subtitle Indonesia",
    "episode_link": "https://otakudesu.best/episode/ctss2-episode-34-sub-indo/",
    "episode_date": "26 Mei,2024",
    "server": "pdrain",
    "quality": "480p",
    "data_content": "eyJpZCI6MTYxODUxLCJpIjozLCJxIjoiNDgwcCJ9",
    "decoded_data": {
      "id": 161851,
      "i": 3,
      "q": "480p"
    },
    "stream_url": "https://www.pixeldrain.com/u/6UQ3UWPT?embed",
    "is_default": false,
    "timestamp": "2025-09-12T09:17:20.701Z"
  },
  {
    "anime_title": "Captain Tsubasa Season 2: Junior Youth-hen On-Going",
    "episode_title": "Captain Tsubasa Season 2: Junior Youth-hen Episode 34 Subtitle Indonesia",
    "episode_link": "https://otakudesu.best/episode/ctss2-episode-34-sub-indo/",
    "episode_date": "26 Mei,2024",
    "server": "mega",
    "quality": "480p",
    "data_content": "eyJpZCI6MTYxODUxLCJpIjo0LCJxIjoiNDgwcCJ9",
    "decoded_data": {
      "id": 161851,
      "i": 4,
      "q": "480p"
    },
    "stream_url": "https://mega.nz/embed/1MwXgKgA#_qDI0_WNrBWBmXReoDx7JcGE7bF8WQmOaDh1Dg89Rvo",
    "is_default": false,
    "timestamp": "2025-09-12T09:17:20.743Z"
  },
  {
    "anime_title": "Captain Tsubasa Season 2: Junior Youth-hen On-Going",
    "episode_title": "Captain Tsubasa Season 2: Junior Youth-hen Episode 34 Subtitle Indonesia",
    "episode_link": "https://otakudesu.best/episode/ctss2-episode-34-sub-indo/",
    "episode_date": "26 Mei,2024",
    "server": "vidhide",
    "quality": "720p",
    "data_content": "eyJpZCI6MTYxODUxLCJpIjowLCJxIjoiNzIwcCJ9",
    "decoded_data": {
      "id": 161851,
      "i": 0,
      "q": "720p"
    },
    "stream_url": "https://odvidhide.com/embed/6fjgby3f6ima",
    "is_default": false,
    "timestamp": "2025-09-12T09:17:20.777Z"
  },
  {
    "anime_title": "Captain Tsubasa Season 2: Junior Youth-hen On-Going",
    "episode_title": "Captain Tsubasa Season 2: Junior Youth-hen Episode 34 Subtitle Indonesia",
    "episode_link": "https://otakudesu.best/episode/ctss2-episode-34-sub-indo/",
    "episode_date": "26 Mei,2024",
    "server": "odstream",
    "quality": "720p",
    "data_content": "eyJpZCI6MTYxODUxLCJpIjoxLCJxIjoiNzIwcCJ9",
    "decoded_data": {
      "id": 161851,
      "i": 1,
      "q": "720p"
    },
    "stream_url": "https://desustream.info/dstream/arcg/?id=VE1NSDBVTi9ESFQvM0JCZGdwNVVRL0hEZnhyVDgvenNuWTQ3WVpDalJadUZNSlRrNXphVEkxTEVpSlRPZXV5Yg==",
    "is_default": false,
    "timestamp": "2025-09-12T09:17:20.811Z"
  },
  {
    "anime_title": "Captain Tsubasa Season 2: Junior Youth-hen On-Going",
    "episode_title": "Captain Tsubasa Season 2: Junior Youth-hen Episode 34 Subtitle Indonesia",
    "episode_link": "https://otakudesu.best/episode/ctss2-episode-34-sub-indo/",
    "episode_date": "26 Mei,2024",
    "server": "pdrain",
    "quality": "720p",
    "data_content": "eyJpZCI6MTYxODUxLCJpIjoyLCJxIjoiNzIwcCJ9",
    "decoded_data": {
      "id": 161851,
      "i": 2,
      "q": "720p"
    },
    "stream_url": "https://www.pixeldrain.com/u/6UQ3UWPT?embed",
    "is_default": false,
    "timestamp": "2025-09-12T09:17:20.855Z"
  },
  {
    "anime_title": "Captain Tsubasa Season 2: Junior Youth-hen On-Going",
    "episode_title": "Captain Tsubasa Season 2: Junior Youth-hen Episode 34 Subtitle Indonesia",
    "episode_link": "https://otakudesu.best/episode/ctss2-episode-34-sub-indo/",
    "episode_date": "26 Mei,2024",
    "server": "mega",
    "quality": "720p",
    "data_content": "eyJpZCI6MTYxODUxLCJpIjozLCJxIjoiNzIwcCJ9",
    "decoded_data": {
      "id": 161851,
      "i": 3,
      "q": "720p"
    },
    "stream_url": "https://mega.nz/embed/1M4QHY5R#cQDzxynl1ZjXTcNmCatNg4FYguzuOFZT4upcg87ffhY",
    "is_default": false,
    "timestamp": "2025-09-12T09:17:20.934Z"
  },
  {
    "anime_title": "Captain Tsubasa Season 2: Junior Youth-hen On-Going",
    "episode_title": "Captain Tsubasa Season 2: Junior Youth-hen Episode 34 Subtitle Indonesia",
    "episode_link": "https://otakudesu.best/episode/ctss2-episode-34-sub-indo/",
    "episode_date": "26 Mei,2024",
    "server": "vidhide",
    "quality": "360p",
    "data_content": "eyJpZCI6MTYxODUxLCJpIjowLCJxIjoiMzYwcCJ9",
    "decoded_data": {
      "id": 161851,
      "i": 0,
      "q": "360p"
    },
    "stream_url": "https://odvidhide.com/embed/m1juhzbm70pi",
    "is_default": false,
    "timestamp": "2025-09-12T09:17:20.437Z"
  },
  {
    "anime_title": "Captain Tsubasa Season 2: Junior Youth-hen On-Going",
    "episode_title": "Captain Tsubasa Season 2: Junior Youth-hen Episode 34 Subtitle Indonesia",
    "episode_link": "https://otakudesu.best/episode/ctss2-episode-34-sub-indo/",
    "episode_date": "26 Mei,2024",
    "server": "odstream",
    "quality": "360p",
    "data_content": "eyJpZCI6MTYxODUxLCJpIjoxLCJxIjoiMzYwcCJ9",
    "decoded_data": {
      "id": 161851,
      "i": 1,
      "q": "360p"
    },
    "stream_url": "https://desustream.info/dstream/arcg/?id=VE1NSDBVTi9ESFQvM0JCZGdwNVVRL0hEZnhyVDgvenNuWTQ3WVpDalJadnhZTVdhQTlnY0tTa3doY2pJM2xaRw==",
    "is_default": false,
    "timestamp": "2025-09-12T09:17:20.479Z"
  },
  {
    "anime_title": "Captain Tsubasa Season 2: Junior Youth-hen On-Going",
    "episode_title": "Captain Tsubasa Season 2: Junior Youth-hen Episode 34 Subtitle Indonesia",
    "episode_link": "https://otakudesu.best/episode/ctss2-episode-34-sub-indo/",
    "episode_date": "26 Mei,2024",
    "server": "pdrain",
    "quality": "360p",
    "data_content": "eyJpZCI6MTYxODUxLCJpIjoyLCJxIjoiMzYwcCJ9",
    "decoded_data": {
      "id": 161851,
      "i": 2,
      "q": "360p"
    },
    "stream_url": "https://www.pixeldrain.com/u/8bcaEqJB?embed",
    "is_default": false,
    "timestamp": "2025-09-12T09:17:20.515Z"
  },
  {
    "anime_title": "Captain Tsubasa Season 2: Junior Youth-hen On-Going",
    "episode_title": "Captain Tsubasa Season 2: Junior Youth-hen Episode 34 Subtitle Indonesia",
    "episode_link": "https://otakudesu.best/episode/ctss2-episode-34-sub-indo/",
    "episode_date": "26 Mei,2024",
    "server": "mega",
    "quality": "360p",
    "data_content": "eyJpZCI6MTYxODUxLCJpIjozLCJxIjoiMzYwcCJ9",
    "decoded_data": {
      "id": 161851,
      "i": 3,
      "q": "360p"
    },
    "stream_url": "https://mega.nz/embed/wcwgVJgY#0SW4owCsiSq_HD8krKA60R_fbTFSDLyecdQ5MmZ7FKk",
    "is_default": false,
    "timestamp": "2025-09-12T09:17:20.547Z"
  },
  {
    "anime_title": "Captain Tsubasa Season 2: Junior Youth-hen On-Going",
    "episode_title": "Captain Tsubasa Season 2: Junior Youth-hen Episode 34 Subtitle Indonesia",
    "episode_link": "https://otakudesu.best/episode/ctss2-episode-34-sub-indo/",
    "episode_date": "26 Mei,2024",
    "server": "ondesu",
    "quality": "480p",
    "data_content": "eyJpZCI6MTYxODUxLCJpIjowLCJxIjoiNDgwcCJ9",
    "decoded_data": {
      "id": 161851,
      "i": 0,
      "q": "480p"
    },
    "stream_url": "https://desustream.info/dstream/ondesu/v5/index.php?id=dXZFdHlWTnRpL1drUWo5bU5ZdStreGRLOVJ4WnRSY1E5RDgvN0ROOElyVT0=",
    "is_default": true,
    "timestamp": "2025-09-12T09:17:20.584Z"
  },
  {
    "anime_title": "Captain Tsubasa Season 2: Junior Youth-hen On-Going",
    "episode_title": "Captain Tsubasa Season 2: Junior Youth-hen Episode 34 Subtitle Indonesia",
    "episode_link": "https://otakudesu.best/episode/ctss2-episode-34-sub-indo/",
    "episode_date": "26 Mei,2024",
    "server": "vidhide",
    "quality": "480p",
    "data_content": "eyJpZCI6MTYxODUxLCJpIjoxLCJxIjoiNDgwcCJ9",
    "decoded_data": {
      "id": 161851,
      "i": 1,
      "q": "480p"
    },
    "stream_url": "https://odvidhide.com/embed/wh16bjtnbjcw",
    "is_default": false,
    "timestamp": "2025-09-12T09:17:20.618Z"
  },
  {
    "anime_title": "Captain Tsubasa Season 2: Junior Youth-hen On-Going",
    "episode_title": "Captain Tsubasa Season 2: Junior Youth-hen Episode 34 Subtitle Indonesia",
    "episode_link": "https://otakudesu.best/episode/ctss2-episode-34-sub-indo/",
    "episode_date": "26 Mei,2024",
    "server": "odstream",
    "quality": "480p",
    "data_content": "eyJpZCI6MTYxODUxLCJpIjoyLCJxIjoiNDgwcCJ9",
    "decoded_data": {
      "id": 161851,
      "i": 2,
      "q": "480p"
    },
    "stream_url": "https://desustream.info/dstream/arcg/?id=VE1NSDBVTi9ESFQvM0JCZGdwNVVRL0hEZnhyVDgvenNuWTQ3WVpDalJadG02aGZrcStCS1BEcEVPOUV5cjh0bA==",
    "is_default": false,
    "timestamp": "2025-09-12T09:17:20.667Z"
  },
  {
    "anime_title": "Captain Tsubasa Season 2: Junior Youth-hen On-Going",
    "episode_title": "Captain Tsubasa Season 2: Junior Youth-hen Episode 34 Subtitle Indonesia",
    "episode_link": "https://otakudesu.best/episode/ctss2-episode-34-sub-indo/",
    "episode_date": "26 Mei,2024",
    "server": "pdrain",
    "quality": "480p",
    "data_content": "eyJpZCI6MTYxODUxLCJpIjozLCJxIjoiNDgwcCJ9",
    "decoded_data": {
      "id": 161851,
      "i": 3,
      "q": "480p"
    },
    "stream_url": "https://www.pixeldrain.com/u/6UQ3UWPT?embed",
    "is_default": false,
    "timestamp": "2025-09-12T09:17:20.701Z"
  },
  {
    "anime_title": "Captain Tsubasa Season 2: Junior Youth-hen On-Going",
    "episode_title": "Captain Tsubasa Season 2: Junior Youth-hen Episode 34 Subtitle Indonesia",
    "episode_link": "https://otakudesu.best/episode/ctss2-episode-34-sub-indo/",
    "episode_date": "26 Mei,2024",
    "server": "mega",
    "quality": "480p",
    "data_content": "eyJpZCI6MTYxODUxLCJpIjo0LCJxIjoiNDgwcCJ9",
    "decoded_data": {
      "id": 161851,
      "i": 4,
      "q": "480p"
    },
    "stream_url": "https://mega.nz/embed/1MwXgKgA#_qDI0_WNrBWBmXReoDx7JcGE7bF8WQmOaDh1Dg89Rvo",
    "is_default": false,
    "timestamp": "2025-09-12T09:17:20.743Z"
  },
  {
    "anime_title": "Captain Tsubasa Season 2: Junior Youth-hen On-Going",
    "episode_title": "Captain Tsubasa Season 2: Junior Youth-hen Episode 34 Subtitle Indonesia",
    "episode_link": "https://otakudesu.best/episode/ctss2-episode-34-sub-indo/",
    "episode_date": "26 Mei,2024",
    "server": "vidhide",
    "quality": "720p",
    "data_content": "eyJpZCI6MTYxODUxLCJpIjowLCJxIjoiNzIwcCJ9",
    "decoded_data": {
      "id": 161851,
      "i": 0,
      "q": "720p"
    },
    "stream_url": "https://odvidhide.com/embed/6fjgby3f6ima",
    "is_default": false,
    "timestamp": "2025-09-12T09:17:20.777Z"
  },
  {
    "anime_title": "Captain Tsubasa Season 2: Junior Youth-hen On-Going",
    "episode_title": "Captain Tsubasa Season 2: Junior Youth-hen Episode 34 Subtitle Indonesia",
    "episode_link": "https://otakudesu.best/episode/ctss2-episode-34-sub-indo/",
    "episode_date": "26 Mei,2024",
    "server": "odstream",
    "quality": "720p",
    "data_content": "eyJpZCI6MTYxODUxLCJpIjoxLCJxIjoiNzIwcCJ9",
    "decoded_data": {
      "id": 161851,
      "i": 1,
      "q": "720p"
    },
    "stream_url": "https://desustream.info/dstream/arcg/?id=VE1NSDBVTi9ESFQvM0JCZGdwNVVRL0hEZnhyVDgvenNuWTQ3WVpDalJadUZNSlRrNXphVEkxTEVpSlRPZXV5Yg==",
    "is_default": false,
    "timestamp": "2025-09-12T09:17:20.811Z"
  },
  {
    "anime_title": "Captain Tsubasa Season 2: Junior Youth-hen On-Going",
    "episode_title": "Captain Tsubasa Season 2: Junior Youth-hen Episode 34 Subtitle Indonesia",
    "episode_link": "https://otakudesu.best/episode/ctss2-episode-34-sub-indo/",
    "episode_date": "26 Mei,2024",
    "server": "pdrain",
    "quality": "720p",
    "data_content": "eyJpZCI6MTYxODUxLCJpIjoyLCJxIjoiNzIwcCJ9",
    "decoded_data": {
      "id": 161851,
      "i": 2,
      "q": "720p"
    },
    "stream_url": "https://www.pixeldrain.com/u/6UQ3UWPT?embed",
    "is_default": false,
    "timestamp": "2025-09-12T09:17:20.855Z"
  },
  {
    "anime_title": "Captain Tsubasa Season 2: Junior Youth-hen On-Going",
    "episode_title": "Captain Tsubasa Season 2: Junior Youth-hen Episode 34 Subtitle Indonesia",
    "episode_link": "https://otakudesu.best/episode/ctss2-episode-34-sub-indo/",
    "episode_date": "26 Mei,2024",
    "server": "mega",
    "quality": "720p",
    "data_content": "eyJpZCI6MTYxODUxLCJpIjozLCJxIjoiNzIwcCJ9",
    "decoded_data": {
      "id": 161851,
      "i": 3,
      "q": "720p"
    },
    "stream_url": "https://mega.nz/embed/1M4QHY5R#cQDzxynl1ZjXTcNmCatNg4FYguzuOFZT4upcg87ffhY",
    "is_default": false,
    "timestamp": "2025-09-12T09:17:20.934Z"
  },
  {
    "anime_title": "Captain Tsubasa Season 2: Junior Youth-hen On-Going",
    "episode_title": "Captain Tsubasa Season 2: Junior Youth-hen Episode 35 Subtitle Indonesia",
    "episode_link": "https://otakudesu.best/episode/ctss2-episode-35-sub-indo/",
    "episode_date": "2 Juni,2024",
    "server": "vidhide",
    "quality": "360p",
    "data_content": "eyJpZCI6MTYyMDczLCJpIjowLCJxIjoiMzYwcCJ9",
    "decoded_data": {
      "id": 162073,
      "i": 0,
      "q": "360p"
    },
    "stream_url": "https://odvidhide.com/embed/qeiogve6zybp",
    "is_default": false,
    "timestamp": "2025-09-12T09:17:21.863Z"
  },
  {
    "anime_title": "Captain Tsubasa Season 2: Junior Youth-hen On-Going",
    "episode_title": "Captain Tsubasa Season 2: Junior Youth-hen Episode 35 Subtitle Indonesia",
    "episode_link": "https://otakudesu.best/episode/ctss2-episode-35-sub-indo/",
    "episode_date": "2 Juni,2024",
    "server": "odstream",
    "quality": "360p",
    "data_content": "eyJpZCI6MTYyMDczLCJpIjoxLCJxIjoiMzYwcCJ9",
    "decoded_data": {
      "id": 162073,
      "i": 1,
      "q": "360p"
    },
    "stream_url": "https://desustream.info/dstream/arcg/?id=TXhoS3hjYzl4L0ljVVB4WFQraGx1ZlUxMGJweDZyNW50Q3F6S0hPVnBKR1VROFFJdityREdEbTBPNWt3NzlSVTFiUHZaWS9zUGhGb1JBRnRVenhndFE9PQ==",
    "is_default": false,
    "timestamp": "2025-09-12T09:17:21.903Z"
  },
  {
    "anime_title": "Captain Tsubasa Season 2: Junior Youth-hen On-Going",
    "episode_title": "Captain Tsubasa Season 2: Junior Youth-hen Episode 35 Subtitle Indonesia",
    "episode_link": "https://otakudesu.best/episode/ctss2-episode-35-sub-indo/",
    "episode_date": "2 Juni,2024",
    "server": "pdrain",
    "quality": "360p",
    "data_content": "eyJpZCI6MTYyMDczLCJpIjoyLCJxIjoiMzYwcCJ9",
    "decoded_data": {
      "id": 162073,
      "i": 2,
      "q": "360p"
    },
    "stream_url": "https://www.pixeldrain.com/u/L68TYEuG?embed",
    "is_default": false,
    "timestamp": "2025-09-12T09:17:21.943Z"
  },
  {
    "anime_title": "Captain Tsubasa Season 2: Junior Youth-hen On-Going",
    "episode_title": "Captain Tsubasa Season 2: Junior Youth-hen Episode 35 Subtitle Indonesia",
    "episode_link": "https://otakudesu.best/episode/ctss2-episode-35-sub-indo/",
    "episode_date": "2 Juni,2024",
    "server": "mega",
    "quality": "360p",
    "data_content": "eyJpZCI6MTYyMDczLCJpIjozLCJxIjoiMzYwcCJ9",
    "decoded_data": {
      "id": 162073,
      "i": 3,
      "q": "360p"
    },
    "stream_url": "https://mega.nz/embed/yREWnChQ#W35qKFMz7efr8hIpWyqk0UrFrGLt15VH1p-4asJTS5c",
    "is_default": false,
    "timestamp": "2025-09-12T09:17:21.980Z"
  },
  {
    "anime_title": "Captain Tsubasa Season 2: Junior Youth-hen On-Going",
    "episode_title": "Captain Tsubasa Season 2: Junior Youth-hen Episode 35 Subtitle Indonesia",
    "episode_link": "https://otakudesu.best/episode/ctss2-episode-35-sub-indo/",
    "episode_date": "2 Juni,2024",
    "server": "ondesu",
    "quality": "480p",
    "data_content": "eyJpZCI6MTYyMDczLCJpIjowLCJxIjoiNDgwcCJ9",
    "decoded_data": {
      "id": 162073,
      "i": 0,
      "q": "480p"
    },
    "stream_url": "https://desustream.info/dstream/ondesu/v5/index.php?id=bHNtMjlJRmFIZFc2REJSMzRTaFc4OWJnc2xrVS9DNnhMY1ZCZFMybUdqND0=",
    "is_default": true,
    "timestamp": "2025-09-12T09:17:22.014Z"
  },
  {
    "anime_title": "Captain Tsubasa Season 2: Junior Youth-hen On-Going",
    "episode_title": "Captain Tsubasa Season 2: Junior Youth-hen Episode 35 Subtitle Indonesia",
    "episode_link": "https://otakudesu.best/episode/ctss2-episode-35-sub-indo/",
    "episode_date": "2 Juni,2024",
    "server": "vidhide",
    "quality": "480p",
    "data_content": "eyJpZCI6MTYyMDczLCJpIjoxLCJxIjoiNDgwcCJ9",
    "decoded_data": {
      "id": 162073,
      "i": 1,
      "q": "480p"
    },
    "stream_url": "https://odvidhide.com/embed/xxft7213k22q",
    "is_default": false,
    "timestamp": "2025-09-12T09:17:22.051Z"
  },
  {
    "anime_title": "Captain Tsubasa Season 2: Junior Youth-hen On-Going",
    "episode_title": "Captain Tsubasa Season 2: Junior Youth-hen Episode 35 Subtitle Indonesia",
    "episode_link": "https://otakudesu.best/episode/ctss2-episode-35-sub-indo/",
    "episode_date": "2 Juni,2024",
    "server": "odstream",
    "quality": "480p",
    "data_content": "eyJpZCI6MTYyMDczLCJpIjoyLCJxIjoiNDgwcCJ9",
    "decoded_data": {
      "id": 162073,
      "i": 2,
      "q": "480p"
    },
    "stream_url": "https://desustream.info/dstream/arcg/?id=TXhoS3hjYzl4L0ljVVB4WFQraGx1ZlUxMGJweDZyNW50Q3F6S0hPVnBKRUVMbUgxWC9XU3lkSnlhUVgvMjdOZ05BY3Vld0dMU0hYek14bDFhRHhuRGc9PQ==",
    "is_default": false,
    "timestamp": "2025-09-12T09:17:22.102Z"
  },
  {
    "anime_title": "Captain Tsubasa Season 2: Junior Youth-hen On-Going",
    "episode_title": "Captain Tsubasa Season 2: Junior Youth-hen Episode 35 Subtitle Indonesia",
    "episode_link": "https://otakudesu.best/episode/ctss2-episode-35-sub-indo/",
    "episode_date": "2 Juni,2024",
    "server": "pdrain",
    "quality": "480p",
    "data_content": "eyJpZCI6MTYyMDczLCJpIjozLCJxIjoiNDgwcCJ9",
    "decoded_data": {
      "id": 162073,
      "i": 3,
      "q": "480p"
    },
    "stream_url": "https://www.pixeldrain.com/u/nxp9bJaD?embed",
    "is_default": false,
    "timestamp": "2025-09-12T09:17:22.137Z"
  },
  {
    "anime_title": "Captain Tsubasa Season 2: Junior Youth-hen On-Going",
    "episode_title": "Captain Tsubasa Season 2: Junior Youth-hen Episode 35 Subtitle Indonesia",
    "episode_link": "https://otakudesu.best/episode/ctss2-episode-35-sub-indo/",
    "episode_date": "2 Juni,2024",
    "server": "mega",
    "quality": "480p",
    "data_content": "eyJpZCI6MTYyMDczLCJpIjo0LCJxIjoiNDgwcCJ9",
    "decoded_data": {
      "id": 162073,
      "i": 4,
      "q": "480p"
    },
    "stream_url": "https://mega.nz/embed/DQlkjT7Z#hULATA-zz88it3NP_yokjlnu_dn6Mb69uBTh4kN8UYA",
    "is_default": false,
    "timestamp": "2025-09-12T09:17:22.172Z"
  },
  {
    "anime_title": "Captain Tsubasa Season 2: Junior Youth-hen On-Going",
    "episode_title": "Captain Tsubasa Season 2: Junior Youth-hen Episode 35 Subtitle Indonesia",
    "episode_link": "https://otakudesu.best/episode/ctss2-episode-35-sub-indo/",
    "episode_date": "2 Juni,2024",
    "server": "vidhide",
    "quality": "720p",
    "data_content": "eyJpZCI6MTYyMDczLCJpIjowLCJxIjoiNzIwcCJ9",
    "decoded_data": {
      "id": 162073,
      "i": 0,
      "q": "720p"
    },
    "stream_url": "https://odvidhide.com/embed/7ey39e5kwxh0",
    "is_default": false,
    "timestamp": "2025-09-12T09:17:22.207Z"
  },
  {
    "anime_title": "Captain Tsubasa Season 2: Junior Youth-hen On-Going",
    "episode_title": "Captain Tsubasa Season 2: Junior Youth-hen Episode 35 Subtitle Indonesia",
    "episode_link": "https://otakudesu.best/episode/ctss2-episode-35-sub-indo/",
    "episode_date": "2 Juni,2024",
    "server": "odstream",
    "quality": "720p",
    "data_content": "eyJpZCI6MTYyMDczLCJpIjoxLCJxIjoiNzIwcCJ9",
    "decoded_data": {
      "id": 162073,
      "i": 1,
      "q": "720p"
    },
    "stream_url": "https://desustream.info/dstream/arcg/?id=TXhoS3hjYzl4L0ljVVB4WFQraGx1ZlUxMGJweDZyNW50Q3F6S0hPVnBKRzl5d3A5dHhFNlBnWDJkOGgybUQyajR0RzJSVGx6VVFYRU1lUmZ4M1M1cVE9PQ==",
    "is_default": false,
    "timestamp": "2025-09-12T09:17:22.240Z"
  },
  {
    "anime_title": "Captain Tsubasa Season 2: Junior Youth-hen On-Going",
    "episode_title": "Captain Tsubasa Season 2: Junior Youth-hen Episode 35 Subtitle Indonesia",
    "episode_link": "https://otakudesu.best/episode/ctss2-episode-35-sub-indo/",
    "episode_date": "2 Juni,2024",
    "server": "pdrain",
    "quality": "720p",
    "data_content": "eyJpZCI6MTYyMDczLCJpIjoyLCJxIjoiNzIwcCJ9",
    "decoded_data": {
      "id": 162073,
      "i": 2,
      "q": "720p"
    },
    "stream_url": "https://www.pixeldrain.com/u/VjPpXAJA?embed",
    "is_default": false,
    "timestamp": "2025-09-12T09:17:22.296Z"
  },
  {
    "anime_title": "Captain Tsubasa Season 2: Junior Youth-hen On-Going",
    "episode_title": "Captain Tsubasa Season 2: Junior Youth-hen Episode 35 Subtitle Indonesia",
    "episode_link": "https://otakudesu.best/episode/ctss2-episode-35-sub-indo/",
    "episode_date": "2 Juni,2024",
    "server": "mega",
    "quality": "720p",
    "data_content": "eyJpZCI6MTYyMDczLCJpIjozLCJxIjoiNzIwcCJ9",
    "decoded_data": {
      "id": 162073,
      "i": 3,
      "q": "720p"
    },
    "stream_url": "https://mega.nz/embed/DA8mxZxS#Ud8Ucf81RtvctVQ25b4N1OiVZPSqm8pNMrTHTDnVwYw",
    "is_default": false,
    "timestamp": "2025-09-12T09:17:22.330Z"
  },
  {
    "anime_title": "Captain Tsubasa Season 2: Junior Youth-hen On-Going",
    "episode_title": "Captain Tsubasa Season 2: Junior Youth-hen Episode 35 Subtitle Indonesia",
    "episode_link": "https://otakudesu.best/episode/ctss2-episode-35-sub-indo/",
    "episode_date": "2 Juni,2024",
    "server": "vidhide",
    "quality": "360p",
    "data_content": "eyJpZCI6MTYyMDczLCJpIjowLCJxIjoiMzYwcCJ9",
    "decoded_data": {
      "id": 162073,
      "i": 0,
      "q": "360p"
    },
    "stream_url": "https://odvidhide.com/embed/qeiogve6zybp",
    "is_default": false,
    "timestamp": "2025-09-12T09:17:21.863Z"
  },
  {
    "anime_title": "Captain Tsubasa Season 2: Junior Youth-hen On-Going",
    "episode_title": "Captain Tsubasa Season 2: Junior Youth-hen Episode 35 Subtitle Indonesia",
    "episode_link": "https://otakudesu.best/episode/ctss2-episode-35-sub-indo/",
    "episode_date": "2 Juni,2024",
    "server": "odstream",
    "quality": "360p",
    "data_content": "eyJpZCI6MTYyMDczLCJpIjoxLCJxIjoiMzYwcCJ9",
    "decoded_data": {
      "id": 162073,
      "i": 1,
      "q": "360p"
    },
    "stream_url": "https://desustream.info/dstream/arcg/?id=TXhoS3hjYzl4L0ljVVB4WFQraGx1ZlUxMGJweDZyNW50Q3F6S0hPVnBKR1VROFFJdityREdEbTBPNWt3NzlSVTFiUHZaWS9zUGhGb1JBRnRVenhndFE9PQ==",
    "is_default": false,
    "timestamp": "2025-09-12T09:17:21.903Z"
  },
  {
    "anime_title": "Captain Tsubasa Season 2: Junior Youth-hen On-Going",
    "episode_title": "Captain Tsubasa Season 2: Junior Youth-hen Episode 35 Subtitle Indonesia",
    "episode_link": "https://otakudesu.best/episode/ctss2-episode-35-sub-indo/",
    "episode_date": "2 Juni,2024",
    "server": "pdrain",
    "quality": "360p",
    "data_content": "eyJpZCI6MTYyMDczLCJpIjoyLCJxIjoiMzYwcCJ9",
    "decoded_data": {
      "id": 162073,
      "i": 2,
      "q": "360p"
    },
    "stream_url": "https://www.pixeldrain.com/u/L68TYEuG?embed",
    "is_default": false,
    "timestamp": "2025-09-12T09:17:21.943Z"
  },
  {
    "anime_title": "Captain Tsubasa Season 2: Junior Youth-hen On-Going",
    "episode_title": "Captain Tsubasa Season 2: Junior Youth-hen Episode 35 Subtitle Indonesia",
    "episode_link": "https://otakudesu.best/episode/ctss2-episode-35-sub-indo/",
    "episode_date": "2 Juni,2024",
    "server": "mega",
    "quality": "360p",
    "data_content": "eyJpZCI6MTYyMDczLCJpIjozLCJxIjoiMzYwcCJ9",
    "decoded_data": {
      "id": 162073,
      "i": 3,
      "q": "360p"
    },
    "stream_url": "https://mega.nz/embed/yREWnChQ#W35qKFMz7efr8hIpWyqk0UrFrGLt15VH1p-4asJTS5c",
    "is_default": false,
    "timestamp": "2025-09-12T09:17:21.980Z"
  },
  {
    "anime_title": "Captain Tsubasa Season 2: Junior Youth-hen On-Going",
    "episode_title": "Captain Tsubasa Season 2: Junior Youth-hen Episode 35 Subtitle Indonesia",
    "episode_link": "https://otakudesu.best/episode/ctss2-episode-35-sub-indo/",
    "episode_date": "2 Juni,2024",
    "server": "ondesu",
    "quality": "480p",
    "data_content": "eyJpZCI6MTYyMDczLCJpIjowLCJxIjoiNDgwcCJ9",
    "decoded_data": {
      "id": 162073,
      "i": 0,
      "q": "480p"
    },
    "stream_url": "https://desustream.info/dstream/ondesu/v5/index.php?id=bHNtMjlJRmFIZFc2REJSMzRTaFc4OWJnc2xrVS9DNnhMY1ZCZFMybUdqND0=",
    "is_default": true,
    "timestamp": "2025-09-12T09:17:22.014Z"
  },
  {
    "anime_title": "Captain Tsubasa Season 2: Junior Youth-hen On-Going",
    "episode_title": "Captain Tsubasa Season 2: Junior Youth-hen Episode 35 Subtitle Indonesia",
    "episode_link": "https://otakudesu.best/episode/ctss2-episode-35-sub-indo/",
    "episode_date": "2 Juni,2024",
    "server": "vidhide",
    "quality": "480p",
    "data_content": "eyJpZCI6MTYyMDczLCJpIjoxLCJxIjoiNDgwcCJ9",
    "decoded_data": {
      "id": 162073,
      "i": 1,
      "q": "480p"
    },
    "stream_url": "https://odvidhide.com/embed/xxft7213k22q",
    "is_default": false,
    "timestamp": "2025-09-12T09:17:22.051Z"
  },
  {
    "anime_title": "Captain Tsubasa Season 2: Junior Youth-hen On-Going",
    "episode_title": "Captain Tsubasa Season 2: Junior Youth-hen Episode 35 Subtitle Indonesia",
    "episode_link": "https://otakudesu.best/episode/ctss2-episode-35-sub-indo/",
    "episode_date": "2 Juni,2024",
    "server": "odstream",
    "quality": "480p",
    "data_content": "eyJpZCI6MTYyMDczLCJpIjoyLCJxIjoiNDgwcCJ9",
    "decoded_data": {
      "id": 162073,
      "i": 2,
      "q": "480p"
    },
    "stream_url": "https://desustream.info/dstream/arcg/?id=TXhoS3hjYzl4L0ljVVB4WFQraGx1ZlUxMGJweDZyNW50Q3F6S0hPVnBKRUVMbUgxWC9XU3lkSnlhUVgvMjdOZ05BY3Vld0dMU0hYek14bDFhRHhuRGc9PQ==",
    "is_default": false,
    "timestamp": "2025-09-12T09:17:22.102Z"
  },
  {
    "anime_title": "Captain Tsubasa Season 2: Junior Youth-hen On-Going",
    "episode_title": "Captain Tsubasa Season 2: Junior Youth-hen Episode 35 Subtitle Indonesia",
    "episode_link": "https://otakudesu.best/episode/ctss2-episode-35-sub-indo/",
    "episode_date": "2 Juni,2024",
    "server": "pdrain",
    "quality": "480p",
    "data_content": "eyJpZCI6MTYyMDczLCJpIjozLCJxIjoiNDgwcCJ9",
    "decoded_data": {
      "id": 162073,
      "i": 3,
      "q": "480p"
    },
    "stream_url": "https://www.pixeldrain.com/u/nxp9bJaD?embed",
    "is_default": false,
    "timestamp": "2025-09-12T09:17:22.137Z"
  },
  {
    "anime_title": "Captain Tsubasa Season 2: Junior Youth-hen On-Going",
    "episode_title": "Captain Tsubasa Season 2: Junior Youth-hen Episode 35 Subtitle Indonesia",
    "episode_link": "https://otakudesu.best/episode/ctss2-episode-35-sub-indo/",
    "episode_date": "2 Juni,2024",
    "server": "mega",
    "quality": "480p",
    "data_content": "eyJpZCI6MTYyMDczLCJpIjo0LCJxIjoiNDgwcCJ9",
    "decoded_data": {
      "id": 162073,
      "i": 4,
      "q": "480p"
    },
    "stream_url": "https://mega.nz/embed/DQlkjT7Z#hULATA-zz88it3NP_yokjlnu_dn6Mb69uBTh4kN8UYA",
    "is_default": false,
    "timestamp": "2025-09-12T09:17:22.172Z"
  },
  {
    "anime_title": "Captain Tsubasa Season 2: Junior Youth-hen On-Going",
    "episode_title": "Captain Tsubasa Season 2: Junior Youth-hen Episode 35 Subtitle Indonesia",
    "episode_link": "https://otakudesu.best/episode/ctss2-episode-35-sub-indo/",
    "episode_date": "2 Juni,2024",
    "server": "vidhide",
    "quality": "720p",
    "data_content": "eyJpZCI6MTYyMDczLCJpIjowLCJxIjoiNzIwcCJ9",
    "decoded_data": {
      "id": 162073,
      "i": 0,
      "q": "720p"
    },
    "stream_url": "https://odvidhide.com/embed/7ey39e5kwxh0",
    "is_default": false,
    "timestamp": "2025-09-12T09:17:22.207Z"
  },
  {
    "anime_title": "Captain Tsubasa Season 2: Junior Youth-hen On-Going",
    "episode_title": "Captain Tsubasa Season 2: Junior Youth-hen Episode 35 Subtitle Indonesia",
    "episode_link": "https://otakudesu.best/episode/ctss2-episode-35-sub-indo/",
    "episode_date": "2 Juni,2024",
    "server": "odstream",
    "quality": "720p",
    "data_content": "eyJpZCI6MTYyMDczLCJpIjoxLCJxIjoiNzIwcCJ9",
    "decoded_data": {
      "id": 162073,
      "i": 1,
      "q": "720p"
    },
    "stream_url": "https://desustream.info/dstream/arcg/?id=TXhoS3hjYzl4L0ljVVB4WFQraGx1ZlUxMGJweDZyNW50Q3F6S0hPVnBKRzl5d3A5dHhFNlBnWDJkOGgybUQyajR0RzJSVGx6VVFYRU1lUmZ4M1M1cVE9PQ==",
    "is_default": false,
    "timestamp": "2025-09-12T09:17:22.240Z"
  },
  {
    "anime_title": "Captain Tsubasa Season 2: Junior Youth-hen On-Going",
    "episode_title": "Captain Tsubasa Season 2: Junior Youth-hen Episode 35 Subtitle Indonesia",
    "episode_link": "https://otakudesu.best/episode/ctss2-episode-35-sub-indo/",
    "episode_date": "2 Juni,2024",
    "server": "pdrain",
    "quality": "720p",
    "data_content": "eyJpZCI6MTYyMDczLCJpIjoyLCJxIjoiNzIwcCJ9",
    "decoded_data": {
      "id": 162073,
      "i": 2,
      "q": "720p"
    },
    "stream_url": "https://www.pixeldrain.com/u/VjPpXAJA?embed",
    "is_default": false,
    "timestamp": "2025-09-12T09:17:22.296Z"
  },
  {
    "anime_title": "Captain Tsubasa Season 2: Junior Youth-hen On-Going",
    "episode_title": "Captain Tsubasa Season 2: Junior Youth-hen Episode 35 Subtitle Indonesia",
    "episode_link": "https://otakudesu.best/episode/ctss2-episode-35-sub-indo/",
    "episode_date": "2 Juni,2024",
    "server": "mega",
    "quality": "720p",
    "data_content": "eyJpZCI6MTYyMDczLCJpIjozLCJxIjoiNzIwcCJ9",
    "decoded_data": {
      "id": 162073,
      "i": 3,
      "q": "720p"
    },
    "stream_url": "https://mega.nz/embed/DA8mxZxS#Ud8Ucf81RtvctVQ25b4N1OiVZPSqm8pNMrTHTDnVwYw",
    "is_default": false,
    "timestamp": "2025-09-12T09:17:22.330Z"
  },
  {
    "anime_title": "Captain Tsubasa Season 2: Junior Youth-hen On-Going",
    "episode_title": "Captain Tsubasa Season 2: Junior Youth-hen Episode 36 Subtitle Indonesia",
    "episode_link": "https://otakudesu.best/episode/ctss2-episode-36-sub-indo/",
    "episode_date": "9 Juni,2024",
    "server": "odstream",
    "quality": "360p",
    "data_content": "eyJpZCI6MTYyMjc1LCJpIjoxLCJxIjoiMzYwcCJ9",
    "decoded_data": {
      "id": 162275,
      "i": 1,
      "q": "360p"
    },
    "stream_url": "https://desustream.info/dstream/arcg/?id=MHo5WGk0Y2xtWmNSMk9BMDFVTVB5Zjg2SHVNbEpMZ0hKVzBTNGM5OHpFeWNOYkV3Y3hmenQzZVFsMFB0eTNZdg==",
    "is_default": false,
    "timestamp": "2025-09-12T09:17:23.065Z"
  },
  {
    "anime_title": "Captain Tsubasa Season 2: Junior Youth-hen On-Going",
    "episode_title": "Captain Tsubasa Season 2: Junior Youth-hen Episode 36 Subtitle Indonesia",
    "episode_link": "https://otakudesu.best/episode/ctss2-episode-36-sub-indo/",
    "episode_date": "9 Juni,2024",
    "server": "pdrain",
    "quality": "360p",
    "data_content": "eyJpZCI6MTYyMjc1LCJpIjoyLCJxIjoiMzYwcCJ9",
    "decoded_data": {
      "id": 162275,
      "i": 2,
      "q": "360p"
    },
    "stream_url": "https://www.pixeldrain.com/u/mgWM6vsw?embed",
    "is_default": false,
    "timestamp": "2025-09-12T09:17:23.108Z"
  },
  {
    "anime_title": "Captain Tsubasa Season 2: Junior Youth-hen On-Going",
    "episode_title": "Captain Tsubasa Season 2: Junior Youth-hen Episode 36 Subtitle Indonesia",
    "episode_link": "https://otakudesu.best/episode/ctss2-episode-36-sub-indo/",
    "episode_date": "9 Juni,2024",
    "server": "mega",
    "quality": "360p",
    "data_content": "eyJpZCI6MTYyMjc1LCJpIjozLCJxIjoiMzYwcCJ9",
    "decoded_data": {
      "id": 162275,
      "i": 3,
      "q": "360p"
    },
    "stream_url": "https://mega.nz/embed/UHcRzDZR#mwiyrabn3ZIlHoF4hOjhQwtJ5ZWdM_lNYjSwFKjvVJQ",
    "is_default": false,
    "timestamp": "2025-09-12T09:17:23.147Z"
  },
  {
    "anime_title": "Captain Tsubasa Season 2: Junior Youth-hen On-Going",
    "episode_title": "Captain Tsubasa Season 2: Junior Youth-hen Episode 36 Subtitle Indonesia",
    "episode_link": "https://otakudesu.best/episode/ctss2-episode-36-sub-indo/",
    "episode_date": "9 Juni,2024",
    "server": "updesu",
    "quality": "480p",
    "data_content": "eyJpZCI6MTYyMjc1LCJpIjowLCJxIjoiNDgwcCJ9",
    "decoded_data": {
      "id": 162275,
      "i": 0,
      "q": "480p"
    },
    "stream_url": "https://desustream.info/dstream/updesu/v5/index.php?id=UlNvajM3QUdIS3VHSk1lNExTMEtjS1BVVmFMSG9RTmk2NWNRS0gwbFdBcz0=",
    "is_default": true,
    "timestamp": "2025-09-12T09:17:23.186Z"
  },
  {
    "anime_title": "Captain Tsubasa Season 2: Junior Youth-hen On-Going",
    "episode_title": "Captain Tsubasa Season 2: Junior Youth-hen Episode 36 Subtitle Indonesia",
    "episode_link": "https://otakudesu.best/episode/ctss2-episode-36-sub-indo/",
    "episode_date": "9 Juni,2024",
    "server": "vidhide",
    "quality": "360p",
    "data_content": "eyJpZCI6MTYyMjc1LCJpIjowLCJxIjoiMzYwcCJ9",
    "decoded_data": {
      "id": 162275,
      "i": 0,
      "q": "360p"
    },
    "stream_url": "https://odvidhide.com/embed/26bx4e1o88t5",
    "is_default": false,
    "timestamp": "2025-09-12T09:17:23.218Z"
  },
  {
    "anime_title": "Captain Tsubasa Season 2: Junior Youth-hen On-Going",
    "episode_title": "Captain Tsubasa Season 2: Junior Youth-hen Episode 36 Subtitle Indonesia",
    "episode_link": "https://otakudesu.best/episode/ctss2-episode-36-sub-indo/",
    "episode_date": "9 Juni,2024",
    "server": "vidhide",
    "quality": "480p",
    "data_content": "eyJpZCI6MTYyMjc1LCJpIjoxLCJxIjoiNDgwcCJ9",
    "decoded_data": {
      "id": 162275,
      "i": 1,
      "q": "480p"
    },
    "stream_url": "https://odvidhide.com/embed/bdq9eumk4754",
    "is_default": false,
    "timestamp": "2025-09-12T09:17:23.254Z"
  },
  {
    "anime_title": "Captain Tsubasa Season 2: Junior Youth-hen On-Going",
    "episode_title": "Captain Tsubasa Season 2: Junior Youth-hen Episode 36 Subtitle Indonesia",
    "episode_link": "https://otakudesu.best/episode/ctss2-episode-36-sub-indo/",
    "episode_date": "9 Juni,2024",
    "server": "odstream",
    "quality": "480p",
    "data_content": "eyJpZCI6MTYyMjc1LCJpIjoyLCJxIjoiNDgwcCJ9",
    "decoded_data": {
      "id": 162275,
      "i": 2,
      "q": "480p"
    },
    "stream_url": "https://desustream.info/dstream/arcg/?id=MHo5WGk0Y2xtWmNSMk9BMDFVTVB5Zjg2SHVNbEpMZ0hKVzBTNGM5OHpFeEcvelYrRVNpdElxSEUwRFRBZ0c1cw==",
    "is_default": false,
    "timestamp": "2025-09-12T09:17:23.305Z"
  },
  {
    "anime_title": "Captain Tsubasa Season 2: Junior Youth-hen On-Going",
    "episode_title": "Captain Tsubasa Season 2: Junior Youth-hen Episode 36 Subtitle Indonesia",
    "episode_link": "https://otakudesu.best/episode/ctss2-episode-36-sub-indo/",
    "episode_date": "9 Juni,2024",
    "server": "pdrain",
    "quality": "480p",
    "data_content": "eyJpZCI6MTYyMjc1LCJpIjozLCJxIjoiNDgwcCJ9",
    "decoded_data": {
      "id": 162275,
      "i": 3,
      "q": "480p"
    },
    "stream_url": "https://www.pixeldrain.com/u/6jVLGAUy?embed",
    "is_default": false,
    "timestamp": "2025-09-12T09:17:23.338Z"
  },
  {
    "anime_title": "Captain Tsubasa Season 2: Junior Youth-hen On-Going",
    "episode_title": "Captain Tsubasa Season 2: Junior Youth-hen Episode 36 Subtitle Indonesia",
    "episode_link": "https://otakudesu.best/episode/ctss2-episode-36-sub-indo/",
    "episode_date": "9 Juni,2024",
    "server": "mega",
    "quality": "480p",
    "data_content": "eyJpZCI6MTYyMjc1LCJpIjo0LCJxIjoiNDgwcCJ9",
    "decoded_data": {
      "id": 162275,
      "i": 4,
      "q": "480p"
    },
    "stream_url": "https://mega.nz/embed/RPdRnRDY#bF66c9-indkYE8dER9sZtQw161_rpNHVMKlvidDHZO0",
    "is_default": false,
    "timestamp": "2025-09-12T09:17:23.373Z"
  },
  {
    "anime_title": "Captain Tsubasa Season 2: Junior Youth-hen On-Going",
    "episode_title": "Captain Tsubasa Season 2: Junior Youth-hen Episode 36 Subtitle Indonesia",
    "episode_link": "https://otakudesu.best/episode/ctss2-episode-36-sub-indo/",
    "episode_date": "9 Juni,2024",
    "server": "vidhide",
    "quality": "720p",
    "data_content": "eyJpZCI6MTYyMjc1LCJpIjowLCJxIjoiNzIwcCJ9",
    "decoded_data": {
      "id": 162275,
      "i": 0,
      "q": "720p"
    },
    "stream_url": "https://odvidhide.com/embed/njh6865s3lkd",
    "is_default": false,
    "timestamp": "2025-09-12T09:17:23.405Z"
  },
  {
    "anime_title": "Captain Tsubasa Season 2: Junior Youth-hen On-Going",
    "episode_title": "Captain Tsubasa Season 2: Junior Youth-hen Episode 36 Subtitle Indonesia",
    "episode_link": "https://otakudesu.best/episode/ctss2-episode-36-sub-indo/",
    "episode_date": "9 Juni,2024",
    "server": "odstream",
    "quality": "720p",
    "data_content": "eyJpZCI6MTYyMjc1LCJpIjoxLCJxIjoiNzIwcCJ9",
    "decoded_data": {
      "id": 162275,
      "i": 1,
      "q": "720p"
    },
    "stream_url": "https://desustream.info/dstream/arcg/?id=MHo5WGk0Y2xtWmNSMk9BMDFVTVB5Zjg2SHVNbEpMZ0hKVzBTNGM5OHpFejhZamVpQW45MUd5U0FsR0JLdGh2Sw==",
    "is_default": false,
    "timestamp": "2025-09-12T09:17:23.457Z"
  },
  {
    "anime_title": "Captain Tsubasa Season 2: Junior Youth-hen On-Going",
    "episode_title": "Captain Tsubasa Season 2: Junior Youth-hen Episode 36 Subtitle Indonesia",
    "episode_link": "https://otakudesu.best/episode/ctss2-episode-36-sub-indo/",
    "episode_date": "9 Juni,2024",
    "server": "pdrain",
    "quality": "720p",
    "data_content": "eyJpZCI6MTYyMjc1LCJpIjoyLCJxIjoiNzIwcCJ9",
    "decoded_data": {
      "id": 162275,
      "i": 2,
      "q": "720p"
    },
    "stream_url": "https://www.pixeldrain.com/u/qiwjRk7W?embed",
    "is_default": false,
    "timestamp": "2025-09-12T09:17:23.504Z"
  },
  {
    "anime_title": "Captain Tsubasa Season 2: Junior Youth-hen On-Going",
    "episode_title": "Captain Tsubasa Season 2: Junior Youth-hen Episode 36 Subtitle Indonesia",
    "episode_link": "https://otakudesu.best/episode/ctss2-episode-36-sub-indo/",
    "episode_date": "9 Juni,2024",
    "server": "mega",
    "quality": "720p",
    "data_content": "eyJpZCI6MTYyMjc1LCJpIjozLCJxIjoiNzIwcCJ9",
    "decoded_data": {
      "id": 162275,
      "i": 3,
      "q": "720p"
    },
    "stream_url": "https://mega.nz/embed/kaNnSJRD#gyDKse_l63DNUQYLfvbGT_Gi2_Iwrgyr6rS-EdizDQM",
    "is_default": false,
    "timestamp": "2025-09-12T09:17:23.543Z"
  },
  {
    "anime_title": "Captain Tsubasa Season 2: Junior Youth-hen On-Going",
    "episode_title": "Captain Tsubasa Season 2: Junior Youth-hen Episode 36 Subtitle Indonesia",
    "episode_link": "https://otakudesu.best/episode/ctss2-episode-36-sub-indo/",
    "episode_date": "9 Juni,2024",
    "server": "vidhide",
    "quality": "360p",
    "data_content": "eyJpZCI6MTYyMjc1LCJpIjowLCJxIjoiMzYwcCJ9",
    "decoded_data": {
      "id": 162275,
      "i": 0,
      "q": "360p"
    },
    "stream_url": "https://odvidhide.com/embed/26bx4e1o88t5",
    "is_default": false,
    "timestamp": "2025-09-12T09:17:23.218Z"
  },
  {
    "anime_title": "Captain Tsubasa Season 2: Junior Youth-hen On-Going",
    "episode_title": "Captain Tsubasa Season 2: Junior Youth-hen Episode 36 Subtitle Indonesia",
    "episode_link": "https://otakudesu.best/episode/ctss2-episode-36-sub-indo/",
    "episode_date": "9 Juni,2024",
    "server": "odstream",
    "quality": "360p",
    "data_content": "eyJpZCI6MTYyMjc1LCJpIjoxLCJxIjoiMzYwcCJ9",
    "decoded_data": {
      "id": 162275,
      "i": 1,
      "q": "360p"
    },
    "stream_url": "https://desustream.info/dstream/arcg/?id=MHo5WGk0Y2xtWmNSMk9BMDFVTVB5Zjg2SHVNbEpMZ0hKVzBTNGM5OHpFeWNOYkV3Y3hmenQzZVFsMFB0eTNZdg==",
    "is_default": false,
    "timestamp": "2025-09-12T09:17:23.065Z"
  },
  {
    "anime_title": "Captain Tsubasa Season 2: Junior Youth-hen On-Going",
    "episode_title": "Captain Tsubasa Season 2: Junior Youth-hen Episode 36 Subtitle Indonesia",
    "episode_link": "https://otakudesu.best/episode/ctss2-episode-36-sub-indo/",
    "episode_date": "9 Juni,2024",
    "server": "pdrain",
    "quality": "360p",
    "data_content": "eyJpZCI6MTYyMjc1LCJpIjoyLCJxIjoiMzYwcCJ9",
    "decoded_data": {
      "id": 162275,
      "i": 2,
      "q": "360p"
    },
    "stream_url": "https://www.pixeldrain.com/u/mgWM6vsw?embed",
    "is_default": false,
    "timestamp": "2025-09-12T09:17:23.108Z"
  },
  {
    "anime_title": "Captain Tsubasa Season 2: Junior Youth-hen On-Going",
    "episode_title": "Captain Tsubasa Season 2: Junior Youth-hen Episode 36 Subtitle Indonesia",
    "episode_link": "https://otakudesu.best/episode/ctss2-episode-36-sub-indo/",
    "episode_date": "9 Juni,2024",
    "server": "mega",
    "quality": "360p",
    "data_content": "eyJpZCI6MTYyMjc1LCJpIjozLCJxIjoiMzYwcCJ9",
    "decoded_data": {
      "id": 162275,
      "i": 3,
      "q": "360p"
    },
    "stream_url": "https://mega.nz/embed/UHcRzDZR#mwiyrabn3ZIlHoF4hOjhQwtJ5ZWdM_lNYjSwFKjvVJQ",
    "is_default": false,
    "timestamp": "2025-09-12T09:17:23.147Z"
  },
  {
    "anime_title": "Captain Tsubasa Season 2: Junior Youth-hen On-Going",
    "episode_title": "Captain Tsubasa Season 2: Junior Youth-hen Episode 36 Subtitle Indonesia",
    "episode_link": "https://otakudesu.best/episode/ctss2-episode-36-sub-indo/",
    "episode_date": "9 Juni,2024",
    "server": "updesu",
    "quality": "480p",
    "data_content": "eyJpZCI6MTYyMjc1LCJpIjowLCJxIjoiNDgwcCJ9",
    "decoded_data": {
      "id": 162275,
      "i": 0,
      "q": "480p"
    },
    "stream_url": "https://desustream.info/dstream/updesu/v5/index.php?id=UlNvajM3QUdIS3VHSk1lNExTMEtjS1BVVmFMSG9RTmk2NWNRS0gwbFdBcz0=",
    "is_default": true,
    "timestamp": "2025-09-12T09:17:23.186Z"
  },
  {
    "anime_title": "Captain Tsubasa Season 2: Junior Youth-hen On-Going",
    "episode_title": "Captain Tsubasa Season 2: Junior Youth-hen Episode 36 Subtitle Indonesia",
    "episode_link": "https://otakudesu.best/episode/ctss2-episode-36-sub-indo/",
    "episode_date": "9 Juni,2024",
    "server": "vidhide",
    "quality": "480p",
    "data_content": "eyJpZCI6MTYyMjc1LCJpIjoxLCJxIjoiNDgwcCJ9",
    "decoded_data": {
      "id": 162275,
      "i": 1,
      "q": "480p"
    },
    "stream_url": "https://odvidhide.com/embed/bdq9eumk4754",
    "is_default": false,
    "timestamp": "2025-09-12T09:17:23.254Z"
  },
  {
    "anime_title": "Captain Tsubasa Season 2: Junior Youth-hen On-Going",
    "episode_title": "Captain Tsubasa Season 2: Junior Youth-hen Episode 36 Subtitle Indonesia",
    "episode_link": "https://otakudesu.best/episode/ctss2-episode-36-sub-indo/",
    "episode_date": "9 Juni,2024",
    "server": "odstream",
    "quality": "480p",
    "data_content": "eyJpZCI6MTYyMjc1LCJpIjoyLCJxIjoiNDgwcCJ9",
    "decoded_data": {
      "id": 162275,
      "i": 2,
      "q": "480p"
    },
    "stream_url": "https://desustream.info/dstream/arcg/?id=MHo5WGk0Y2xtWmNSMk9BMDFVTVB5Zjg2SHVNbEpMZ0hKVzBTNGM5OHpFeEcvelYrRVNpdElxSEUwRFRBZ0c1cw==",
    "is_default": false,
    "timestamp": "2025-09-12T09:17:23.305Z"
  },
  {
    "anime_title": "Captain Tsubasa Season 2: Junior Youth-hen On-Going",
    "episode_title": "Captain Tsubasa Season 2: Junior Youth-hen Episode 36 Subtitle Indonesia",
    "episode_link": "https://otakudesu.best/episode/ctss2-episode-36-sub-indo/",
    "episode_date": "9 Juni,2024",
    "server": "pdrain",
    "quality": "480p",
    "data_content": "eyJpZCI6MTYyMjc1LCJpIjozLCJxIjoiNDgwcCJ9",
    "decoded_data": {
      "id": 162275,
      "i": 3,
      "q": "480p"
    },
    "stream_url": "https://www.pixeldrain.com/u/6jVLGAUy?embed",
    "is_default": false,
    "timestamp": "2025-09-12T09:17:23.338Z"
  },
  {
    "anime_title": "Captain Tsubasa Season 2: Junior Youth-hen On-Going",
    "episode_title": "Captain Tsubasa Season 2: Junior Youth-hen Episode 36 Subtitle Indonesia",
    "episode_link": "https://otakudesu.best/episode/ctss2-episode-36-sub-indo/",
    "episode_date": "9 Juni,2024",
    "server": "mega",
    "quality": "480p",
    "data_content": "eyJpZCI6MTYyMjc1LCJpIjo0LCJxIjoiNDgwcCJ9",
    "decoded_data": {
      "id": 162275,
      "i": 4,
      "q": "480p"
    },
    "stream_url": "https://mega.nz/embed/RPdRnRDY#bF66c9-indkYE8dER9sZtQw161_rpNHVMKlvidDHZO0",
    "is_default": false,
    "timestamp": "2025-09-12T09:17:23.373Z"
  },
  {
    "anime_title": "Captain Tsubasa Season 2: Junior Youth-hen On-Going",
    "episode_title": "Captain Tsubasa Season 2: Junior Youth-hen Episode 36 Subtitle Indonesia",
    "episode_link": "https://otakudesu.best/episode/ctss2-episode-36-sub-indo/",
    "episode_date": "9 Juni,2024",
    "server": "vidhide",
    "quality": "720p",
    "data_content": "eyJpZCI6MTYyMjc1LCJpIjowLCJxIjoiNzIwcCJ9",
    "decoded_data": {
      "id": 162275,
      "i": 0,
      "q": "720p"
    },
    "stream_url": "https://odvidhide.com/embed/njh6865s3lkd",
    "is_default": false,
    "timestamp": "2025-09-12T09:17:23.405Z"
  },
  {
    "anime_title": "Captain Tsubasa Season 2: Junior Youth-hen On-Going",
    "episode_title": "Captain Tsubasa Season 2: Junior Youth-hen Episode 36 Subtitle Indonesia",
    "episode_link": "https://otakudesu.best/episode/ctss2-episode-36-sub-indo/",
    "episode_date": "9 Juni,2024",
    "server": "odstream",
    "quality": "720p",
    "data_content": "eyJpZCI6MTYyMjc1LCJpIjoxLCJxIjoiNzIwcCJ9",
    "decoded_data": {
      "id": 162275,
      "i": 1,
      "q": "720p"
    },
    "stream_url": "https://desustream.info/dstream/arcg/?id=MHo5WGk0Y2xtWmNSMk9BMDFVTVB5Zjg2SHVNbEpMZ0hKVzBTNGM5OHpFejhZamVpQW45MUd5U0FsR0JLdGh2Sw==",
    "is_default": false,
    "timestamp": "2025-09-12T09:17:23.457Z"
  },
  {
    "anime_title": "Captain Tsubasa Season 2: Junior Youth-hen On-Going",
    "episode_title": "Captain Tsubasa Season 2: Junior Youth-hen Episode 36 Subtitle Indonesia",
    "episode_link": "https://otakudesu.best/episode/ctss2-episode-36-sub-indo/",
    "episode_date": "9 Juni,2024",
    "server": "pdrain",
    "quality": "720p",
    "data_content": "eyJpZCI6MTYyMjc1LCJpIjoyLCJxIjoiNzIwcCJ9",
    "decoded_data": {
      "id": 162275,
      "i": 2,
      "q": "720p"
    },
    "stream_url": "https://www.pixeldrain.com/u/qiwjRk7W?embed",
    "is_default": false,
    "timestamp": "2025-09-12T09:17:23.504Z"
  },
  {
    "anime_title": "Captain Tsubasa Season 2: Junior Youth-hen On-Going",
    "episode_title": "Captain Tsubasa Season 2: Junior Youth-hen Episode 36 Subtitle Indonesia",
    "episode_link": "https://otakudesu.best/episode/ctss2-episode-36-sub-indo/",
    "episode_date": "9 Juni,2024",
    "server": "mega",
    "quality": "720p",
    "data_content": "eyJpZCI6MTYyMjc1LCJpIjozLCJxIjoiNzIwcCJ9",
    "decoded_data": {
      "id": 162275,
      "i": 3,
      "q": "720p"
    },
    "stream_url": "https://mega.nz/embed/kaNnSJRD#gyDKse_l63DNUQYLfvbGT_Gi2_Iwrgyr6rS-EdizDQM",
    "is_default": false,
    "timestamp": "2025-09-12T09:17:23.543Z"
  },
  {
    "anime_title": "Captain Tsubasa Season 2: Junior Youth-hen On-Going",
    "episode_title": "Captain Tsubasa Season 2: Junior Youth-hen Episode 37 Subtitle Indonesia",
    "episode_link": "https://otakudesu.best/episode/ctss2-episode-37-sub-indo/",
    "episode_date": "16 Juni,2024",
    "server": "vidhide",
    "quality": "360p",
    "data_content": "eyJpZCI6MTYyNDY2LCJpIjowLCJxIjoiMzYwcCJ9",
    "decoded_data": {
      "id": 162466,
      "i": 0,
      "q": "360p"
    },
    "stream_url": "https://odvidhide.com/embed/qfr1i33vh4i2",
    "is_default": false,
    "timestamp": "2025-09-12T09:17:24.292Z"
  },
  {
    "anime_title": "Captain Tsubasa Season 2: Junior Youth-hen On-Going",
    "episode_title": "Captain Tsubasa Season 2: Junior Youth-hen Episode 37 Subtitle Indonesia",
    "episode_link": "https://otakudesu.best/episode/ctss2-episode-37-sub-indo/",
    "episode_date": "16 Juni,2024",
    "server": "pdrain",
    "quality": "360p",
    "data_content": "eyJpZCI6MTYyNDY2LCJpIjoyLCJxIjoiMzYwcCJ9",
    "decoded_data": {
      "id": 162466,
      "i": 2,
      "q": "360p"
    },
    "stream_url": "https://www.pixeldrain.com/u/dN3LkHHJ?embed",
    "is_default": false,
    "timestamp": "2025-09-12T09:17:24.337Z"
  },
  {
    "anime_title": "Captain Tsubasa Season 2: Junior Youth-hen On-Going",
    "episode_title": "Captain Tsubasa Season 2: Junior Youth-hen Episode 37 Subtitle Indonesia",
    "episode_link": "https://otakudesu.best/episode/ctss2-episode-37-sub-indo/",
    "episode_date": "16 Juni,2024",
    "server": "mega",
    "quality": "360p",
    "data_content": "eyJpZCI6MTYyNDY2LCJpIjozLCJxIjoiMzYwcCJ9",
    "decoded_data": {
      "id": 162466,
      "i": 3,
      "q": "360p"
    },
    "stream_url": "https://mega.nz/embed/hi1jhY6Z#IlTljKPYiQKuITHASr-SAXXmN_TS5u5c5psDINygXc8",
    "is_default": false,
    "timestamp": "2025-09-12T09:17:24.368Z"
  },
  {
    "anime_title": "Captain Tsubasa Season 2: Junior Youth-hen On-Going",
    "episode_title": "Captain Tsubasa Season 2: Junior Youth-hen Episode 37 Subtitle Indonesia",
    "episode_link": "https://otakudesu.best/episode/ctss2-episode-37-sub-indo/",
    "episode_date": "16 Juni,2024",
    "server": "ondesu",
    "quality": "480p",
    "data_content": "eyJpZCI6MTYyNDY2LCJpIjowLCJxIjoiNDgwcCJ9",
    "decoded_data": {
      "id": 162466,
      "i": 0,
      "q": "480p"
    },
    "stream_url": "https://desustream.info/dstream/ondesu/v5/index.php?id=cWxDSkdaVk1pWUR4bkJ3S0R1ckhQaE1Za0JnRDBtVEM2TUtWM01Ybm1Ncz0=",
    "is_default": true,
    "timestamp": "2025-09-12T09:17:24.408Z"
  },
  {
    "anime_title": "Captain Tsubasa Season 2: Junior Youth-hen On-Going",
    "episode_title": "Captain Tsubasa Season 2: Junior Youth-hen Episode 37 Subtitle Indonesia",
    "episode_link": "https://otakudesu.best/episode/ctss2-episode-37-sub-indo/",
    "episode_date": "16 Juni,2024",
    "server": "odstream",
    "quality": "360p",
    "data_content": "eyJpZCI6MTYyNDY2LCJpIjoxLCJxIjoiMzYwcCJ9",
    "decoded_data": {
      "id": 162466,
      "i": 1,
      "q": "360p"
    },
    "stream_url": "https://desustream.info/dstream/arcg/?id=TFJuYzhkcXE1dHU1R1pDSFFGOW01ekVZUnUvUHdaTFpIRVpFbUdLRGhaWTNiRmk2eFAzQWZKT0xoMUFxZ1ZUTw==",
    "is_default": false,
    "timestamp": "2025-09-12T09:17:24.440Z"
  },
  {
    "anime_title": "Captain Tsubasa Season 2: Junior Youth-hen On-Going",
    "episode_title": "Captain Tsubasa Season 2: Junior Youth-hen Episode 37 Subtitle Indonesia",
    "episode_link": "https://otakudesu.best/episode/ctss2-episode-37-sub-indo/",
    "episode_date": "16 Juni,2024",
    "server": "vidhide",
    "quality": "480p",
    "data_content": "eyJpZCI6MTYyNDY2LCJpIjoxLCJxIjoiNDgwcCJ9",
    "decoded_data": {
      "id": 162466,
      "i": 1,
      "q": "480p"
    },
    "stream_url": "https://odvidhide.com/embed/kvosfujh4q3d",
    "is_default": false,
    "timestamp": "2025-09-12T09:17:24.470Z"
  },
  {
    "anime_title": "Captain Tsubasa Season 2: Junior Youth-hen On-Going",
    "episode_title": "Captain Tsubasa Season 2: Junior Youth-hen Episode 37 Subtitle Indonesia",
    "episode_link": "https://otakudesu.best/episode/ctss2-episode-37-sub-indo/",
    "episode_date": "16 Juni,2024",
    "server": "odstream",
    "quality": "480p",
    "data_content": "eyJpZCI6MTYyNDY2LCJpIjoyLCJxIjoiNDgwcCJ9",
    "decoded_data": {
      "id": 162466,
      "i": 2,
      "q": "480p"
    },
    "stream_url": "https://desustream.info/dstream/arcg/?id=TFJuYzhkcXE1dHU1R1pDSFFGOW01ekVZUnUvUHdaTFpIRVpFbUdLRGhaWk9LRXJRUXlnMjlTTVRjNDlXNmdORw==",
    "is_default": false,
    "timestamp": "2025-09-12T09:17:24.520Z"
  },
  {
    "anime_title": "Captain Tsubasa Season 2: Junior Youth-hen On-Going",
    "episode_title": "Captain Tsubasa Season 2: Junior Youth-hen Episode 37 Subtitle Indonesia",
    "episode_link": "https://otakudesu.best/episode/ctss2-episode-37-sub-indo/",
    "episode_date": "16 Juni,2024",
    "server": "pdrain",
    "quality": "480p",
    "data_content": "eyJpZCI6MTYyNDY2LCJpIjozLCJxIjoiNDgwcCJ9",
    "decoded_data": {
      "id": 162466,
      "i": 3,
      "q": "480p"
    },
    "stream_url": "https://www.pixeldrain.com/u/Cch5L8dM?embed",
    "is_default": false,
    "timestamp": "2025-09-12T09:17:24.552Z"
  },
  {
    "anime_title": "Captain Tsubasa Season 2: Junior Youth-hen On-Going",
    "episode_title": "Captain Tsubasa Season 2: Junior Youth-hen Episode 37 Subtitle Indonesia",
    "episode_link": "https://otakudesu.best/episode/ctss2-episode-37-sub-indo/",
    "episode_date": "16 Juni,2024",
    "server": "mega",
    "quality": "480p",
    "data_content": "eyJpZCI6MTYyNDY2LCJpIjo0LCJxIjoiNDgwcCJ9",
    "decoded_data": {
      "id": 162466,
      "i": 4,
      "q": "480p"
    },
    "stream_url": "https://mega.nz/embed/xqdG2A6B#DwMEocJFzov-TVFusRDqcI6zPr-BKUP9Eo-hEydcZWE",
    "is_default": false,
    "timestamp": "2025-09-12T09:17:24.588Z"
  },
  {
    "anime_title": "Captain Tsubasa Season 2: Junior Youth-hen On-Going",
    "episode_title": "Captain Tsubasa Season 2: Junior Youth-hen Episode 37 Subtitle Indonesia",
    "episode_link": "https://otakudesu.best/episode/ctss2-episode-37-sub-indo/",
    "episode_date": "16 Juni,2024",
    "server": "vidhide",
    "quality": "720p",
    "data_content": "eyJpZCI6MTYyNDY2LCJpIjowLCJxIjoiNzIwcCJ9",
    "decoded_data": {
      "id": 162466,
      "i": 0,
      "q": "720p"
    },
    "stream_url": "https://odvidhide.com/embed/lbpvhrwmy1dk",
    "is_default": false,
    "timestamp": "2025-09-12T09:17:24.620Z"
  },
  {
    "anime_title": "Captain Tsubasa Season 2: Junior Youth-hen On-Going",
    "episode_title": "Captain Tsubasa Season 2: Junior Youth-hen Episode 37 Subtitle Indonesia",
    "episode_link": "https://otakudesu.best/episode/ctss2-episode-37-sub-indo/",
    "episode_date": "16 Juni,2024",
    "server": "pdrain",
    "quality": "720p",
    "data_content": "eyJpZCI6MTYyNDY2LCJpIjoyLCJxIjoiNzIwcCJ9",
    "decoded_data": {
      "id": 162466,
      "i": 2,
      "q": "720p"
    },
    "stream_url": "https://www.pixeldrain.com/u/mSymYgT4?embed",
    "is_default": false,
    "timestamp": "2025-09-12T09:17:24.677Z"
  },
  {
    "anime_title": "Captain Tsubasa Season 2: Junior Youth-hen On-Going",
    "episode_title": "Captain Tsubasa Season 2: Junior Youth-hen Episode 37 Subtitle Indonesia",
    "episode_link": "https://otakudesu.best/episode/ctss2-episode-37-sub-indo/",
    "episode_date": "16 Juni,2024",
    "server": "mega",
    "quality": "720p",
    "data_content": "eyJpZCI6MTYyNDY2LCJpIjozLCJxIjoiNzIwcCJ9",
    "decoded_data": {
      "id": 162466,
      "i": 3,
      "q": "720p"
    },
    "stream_url": "https://mega.nz/embed/ImUnxboZ#OIB2YoV52Jp0iXe5KmSa5IaqrT9XZ2NvBylIXkHq564",
    "is_default": false,
    "timestamp": "2025-09-12T09:17:24.723Z"
  },
  {
    "anime_title": "Captain Tsubasa Season 2: Junior Youth-hen On-Going",
    "episode_title": "Captain Tsubasa Season 2: Junior Youth-hen Episode 37 Subtitle Indonesia",
    "episode_link": "https://otakudesu.best/episode/ctss2-episode-37-sub-indo/",
    "episode_date": "16 Juni,2024",
    "server": "odstream",
    "quality": "720p",
    "data_content": "eyJpZCI6MTYyNDY2LCJpIjoxLCJxIjoiNzIwcCJ9",
    "decoded_data": {
      "id": 162466,
      "i": 1,
      "q": "720p"
    },
    "stream_url": "https://desustream.info/dstream/arcg/?id=TFJuYzhkcXE1dHU1R1pDSFFGOW01ekVZUnUvUHdaTFpIRVpFbUdLRGhaWlFNTTZUVmZoUmhDaFdsekQ4KzVDTw==",
    "is_default": false,
    "timestamp": "2025-09-12T09:17:24.758Z"
  },
  {
    "anime_title": "Captain Tsubasa Season 2: Junior Youth-hen On-Going",
    "episode_title": "Captain Tsubasa Season 2: Junior Youth-hen Episode 37 Subtitle Indonesia",
    "episode_link": "https://otakudesu.best/episode/ctss2-episode-37-sub-indo/",
    "episode_date": "16 Juni,2024",
    "server": "vidhide",
    "quality": "360p",
    "data_content": "eyJpZCI6MTYyNDY2LCJpIjowLCJxIjoiMzYwcCJ9",
    "decoded_data": {
      "id": 162466,
      "i": 0,
      "q": "360p"
    },
    "stream_url": "https://odvidhide.com/embed/qfr1i33vh4i2",
    "is_default": false,
    "timestamp": "2025-09-12T09:17:24.292Z"
  },
  {
    "anime_title": "Captain Tsubasa Season 2: Junior Youth-hen On-Going",
    "episode_title": "Captain Tsubasa Season 2: Junior Youth-hen Episode 37 Subtitle Indonesia",
    "episode_link": "https://otakudesu.best/episode/ctss2-episode-37-sub-indo/",
    "episode_date": "16 Juni,2024",
    "server": "odstream",
    "quality": "360p",
    "data_content": "eyJpZCI6MTYyNDY2LCJpIjoxLCJxIjoiMzYwcCJ9",
    "decoded_data": {
      "id": 162466,
      "i": 1,
      "q": "360p"
    },
    "stream_url": "https://desustream.info/dstream/arcg/?id=TFJuYzhkcXE1dHU1R1pDSFFGOW01ekVZUnUvUHdaTFpIRVpFbUdLRGhaWTNiRmk2eFAzQWZKT0xoMUFxZ1ZUTw==",
    "is_default": false,
    "timestamp": "2025-09-12T09:17:24.440Z"
  },
  {
    "anime_title": "Captain Tsubasa Season 2: Junior Youth-hen On-Going",
    "episode_title": "Captain Tsubasa Season 2: Junior Youth-hen Episode 37 Subtitle Indonesia",
    "episode_link": "https://otakudesu.best/episode/ctss2-episode-37-sub-indo/",
    "episode_date": "16 Juni,2024",
    "server": "pdrain",
    "quality": "360p",
    "data_content": "eyJpZCI6MTYyNDY2LCJpIjoyLCJxIjoiMzYwcCJ9",
    "decoded_data": {
      "id": 162466,
      "i": 2,
      "q": "360p"
    },
    "stream_url": "https://www.pixeldrain.com/u/dN3LkHHJ?embed",
    "is_default": false,
    "timestamp": "2025-09-12T09:17:24.337Z"
  },
  {
    "anime_title": "Captain Tsubasa Season 2: Junior Youth-hen On-Going",
    "episode_title": "Captain Tsubasa Season 2: Junior Youth-hen Episode 37 Subtitle Indonesia",
    "episode_link": "https://otakudesu.best/episode/ctss2-episode-37-sub-indo/",
    "episode_date": "16 Juni,2024",
    "server": "mega",
    "quality": "360p",
    "data_content": "eyJpZCI6MTYyNDY2LCJpIjozLCJxIjoiMzYwcCJ9",
    "decoded_data": {
      "id": 162466,
      "i": 3,
      "q": "360p"
    },
    "stream_url": "https://mega.nz/embed/hi1jhY6Z#IlTljKPYiQKuITHASr-SAXXmN_TS5u5c5psDINygXc8",
    "is_default": false,
    "timestamp": "2025-09-12T09:17:24.368Z"
  },
  {
    "anime_title": "Captain Tsubasa Season 2: Junior Youth-hen On-Going",
    "episode_title": "Captain Tsubasa Season 2: Junior Youth-hen Episode 37 Subtitle Indonesia",
    "episode_link": "https://otakudesu.best/episode/ctss2-episode-37-sub-indo/",
    "episode_date": "16 Juni,2024",
    "server": "ondesu",
    "quality": "480p",
    "data_content": "eyJpZCI6MTYyNDY2LCJpIjowLCJxIjoiNDgwcCJ9",
    "decoded_data": {
      "id": 162466,
      "i": 0,
      "q": "480p"
    },
    "stream_url": "https://desustream.info/dstream/ondesu/v5/index.php?id=cWxDSkdaVk1pWUR4bkJ3S0R1ckhQaE1Za0JnRDBtVEM2TUtWM01Ybm1Ncz0=",
    "is_default": true,
    "timestamp": "2025-09-12T09:17:24.408Z"
  },
  {
    "anime_title": "Captain Tsubasa Season 2: Junior Youth-hen On-Going",
    "episode_title": "Captain Tsubasa Season 2: Junior Youth-hen Episode 37 Subtitle Indonesia",
    "episode_link": "https://otakudesu.best/episode/ctss2-episode-37-sub-indo/",
    "episode_date": "16 Juni,2024",
    "server": "vidhide",
    "quality": "480p",
    "data_content": "eyJpZCI6MTYyNDY2LCJpIjoxLCJxIjoiNDgwcCJ9",
    "decoded_data": {
      "id": 162466,
      "i": 1,
      "q": "480p"
    },
    "stream_url": "https://odvidhide.com/embed/kvosfujh4q3d",
    "is_default": false,
    "timestamp": "2025-09-12T09:17:24.470Z"
  },
  {
    "anime_title": "Captain Tsubasa Season 2: Junior Youth-hen On-Going",
    "episode_title": "Captain Tsubasa Season 2: Junior Youth-hen Episode 37 Subtitle Indonesia",
    "episode_link": "https://otakudesu.best/episode/ctss2-episode-37-sub-indo/",
    "episode_date": "16 Juni,2024",
    "server": "odstream",
    "quality": "480p",
    "data_content": "eyJpZCI6MTYyNDY2LCJpIjoyLCJxIjoiNDgwcCJ9",
    "decoded_data": {
      "id": 162466,
      "i": 2,
      "q": "480p"
    },
    "stream_url": "https://desustream.info/dstream/arcg/?id=TFJuYzhkcXE1dHU1R1pDSFFGOW01ekVZUnUvUHdaTFpIRVpFbUdLRGhaWk9LRXJRUXlnMjlTTVRjNDlXNmdORw==",
    "is_default": false,
    "timestamp": "2025-09-12T09:17:24.520Z"
  },
  {
    "anime_title": "Captain Tsubasa Season 2: Junior Youth-hen On-Going",
    "episode_title": "Captain Tsubasa Season 2: Junior Youth-hen Episode 37 Subtitle Indonesia",
    "episode_link": "https://otakudesu.best/episode/ctss2-episode-37-sub-indo/",
    "episode_date": "16 Juni,2024",
    "server": "pdrain",
    "quality": "480p",
    "data_content": "eyJpZCI6MTYyNDY2LCJpIjozLCJxIjoiNDgwcCJ9",
    "decoded_data": {
      "id": 162466,
      "i": 3,
      "q": "480p"
    },
    "stream_url": "https://www.pixeldrain.com/u/Cch5L8dM?embed",
    "is_default": false,
    "timestamp": "2025-09-12T09:17:24.552Z"
  },
  {
    "anime_title": "Captain Tsubasa Season 2: Junior Youth-hen On-Going",
    "episode_title": "Captain Tsubasa Season 2: Junior Youth-hen Episode 37 Subtitle Indonesia",
    "episode_link": "https://otakudesu.best/episode/ctss2-episode-37-sub-indo/",
    "episode_date": "16 Juni,2024",
    "server": "mega",
    "quality": "480p",
    "data_content": "eyJpZCI6MTYyNDY2LCJpIjo0LCJxIjoiNDgwcCJ9",
    "decoded_data": {
      "id": 162466,
      "i": 4,
      "q": "480p"
    },
    "stream_url": "https://mega.nz/embed/xqdG2A6B#DwMEocJFzov-TVFusRDqcI6zPr-BKUP9Eo-hEydcZWE",
    "is_default": false,
    "timestamp": "2025-09-12T09:17:24.588Z"
  },
  {
    "anime_title": "Captain Tsubasa Season 2: Junior Youth-hen On-Going",
    "episode_title": "Captain Tsubasa Season 2: Junior Youth-hen Episode 37 Subtitle Indonesia",
    "episode_link": "https://otakudesu.best/episode/ctss2-episode-37-sub-indo/",
    "episode_date": "16 Juni,2024",
    "server": "vidhide",
    "quality": "720p",
    "data_content": "eyJpZCI6MTYyNDY2LCJpIjowLCJxIjoiNzIwcCJ9",
    "decoded_data": {
      "id": 162466,
      "i": 0,
      "q": "720p"
    },
    "stream_url": "https://odvidhide.com/embed/lbpvhrwmy1dk",
    "is_default": false,
    "timestamp": "2025-09-12T09:17:24.620Z"
  },
  {
    "anime_title": "Captain Tsubasa Season 2: Junior Youth-hen On-Going",
    "episode_title": "Captain Tsubasa Season 2: Junior Youth-hen Episode 37 Subtitle Indonesia",
    "episode_link": "https://otakudesu.best/episode/ctss2-episode-37-sub-indo/",
    "episode_date": "16 Juni,2024",
    "server": "odstream",
    "quality": "720p",
    "data_content": "eyJpZCI6MTYyNDY2LCJpIjoxLCJxIjoiNzIwcCJ9",
    "decoded_data": {
      "id": 162466,
      "i": 1,
      "q": "720p"
    },
    "stream_url": "https://desustream.info/dstream/arcg/?id=TFJuYzhkcXE1dHU1R1pDSFFGOW01ekVZUnUvUHdaTFpIRVpFbUdLRGhaWlFNTTZUVmZoUmhDaFdsekQ4KzVDTw==",
    "is_default": false,
    "timestamp": "2025-09-12T09:17:24.758Z"
  },
  {
    "anime_title": "Captain Tsubasa Season 2: Junior Youth-hen On-Going",
    "episode_title": "Captain Tsubasa Season 2: Junior Youth-hen Episode 37 Subtitle Indonesia",
    "episode_link": "https://otakudesu.best/episode/ctss2-episode-37-sub-indo/",
    "episode_date": "16 Juni,2024",
    "server": "pdrain",
    "quality": "720p",
    "data_content": "eyJpZCI6MTYyNDY2LCJpIjoyLCJxIjoiNzIwcCJ9",
    "decoded_data": {
      "id": 162466,
      "i": 2,
      "q": "720p"
    },
    "stream_url": "https://www.pixeldrain.com/u/mSymYgT4?embed",
    "is_default": false,
    "timestamp": "2025-09-12T09:17:24.677Z"
  },
  {
    "anime_title": "Captain Tsubasa Season 2: Junior Youth-hen On-Going",
    "episode_title": "Captain Tsubasa Season 2: Junior Youth-hen Episode 37 Subtitle Indonesia",
    "episode_link": "https://otakudesu.best/episode/ctss2-episode-37-sub-indo/",
    "episode_date": "16 Juni,2024",
    "server": "mega",
    "quality": "720p",
    "data_content": "eyJpZCI6MTYyNDY2LCJpIjozLCJxIjoiNzIwcCJ9",
    "decoded_data": {
      "id": 162466,
      "i": 3,
      "q": "720p"
    },
    "stream_url": "https://mega.nz/embed/ImUnxboZ#OIB2YoV52Jp0iXe5KmSa5IaqrT9XZ2NvBylIXkHq564",
    "is_default": false,
    "timestamp": "2025-09-12T09:17:24.723Z"
  }
]