[
  {
    "anime_title": "Arakawa Under the Bridge Season 2",
    "episode_title": "Arakawa Under the Bridge x Bridge Episode 12 Subtitle Indonesia",
    "episode_link": "https://otakudesu.best/episode/arkubrdg-s2-episode-12-sub-indo/",
    "episode_date": "13 Februari,2019",
    "server": "solidfiles",
    "quality": "360p",
    "data_content": "eyJpZCI6MzcyMDIsImkiOjAsInEiOiIzNjBwIn0=",
    "decoded_data": {
      "id": 37202,
      "i": 0,
      "q": "360p"
    },
    "stream_url": "https://www.solidfiles.com/e/L5WxyPB7yVwam",
    "is_default": false,
    "timestamp": "2025-09-12T08:35:24.791Z"
  },
  {
    "anime_title": "Arakawa Under the Bridge Season 2",
    "episode_title": "Arakawa Under the Bridge x Bridge Episode 12 Subtitle Indonesia",
    "episode_link": "https://otakudesu.best/episode/arkubrdg-s2-episode-12-sub-indo/",
    "episode_date": "13 Februari,2019",
    "server": "mp4load",
    "quality": "360p",
    "data_content": "eyJpZCI6MzcyMDIsImkiOjEsInEiOiIzNjBwIn0=",
    "decoded_data": {
      "id": 37202,
      "i": 1,
      "q": "360p"
    },
    "stream_url": "https://www.mp4upload.com/embed-rpfj9wudil3l.html",
    "is_default": false,
    "timestamp": "2025-09-12T08:35:24.808Z"
  },
  {
    "anime_title": "Arakawa Under the Bridge Season 2",
    "episode_title": "Arakawa Under the Bridge x Bridge Episode 12 Subtitle Indonesia",
    "episode_link": "https://otakudesu.best/episode/arkubrdg-s2-episode-12-sub-indo/",
    "episode_date": "13 Februari,2019",
    "server": "odesu2",
    "quality": "480p",
    "data_content": "eyJpZCI6MzcyMDIsImkiOjAsInEiOiI0ODBwIn0=",
    "decoded_data": {
      "id": 37202,
      "i": 0,
      "q": "480p"
    },
    "stream_url": "https://desustream.info/dstream/odesu2/v2/index.php?id=OEt1cWVRNEIrenA4c3JhRHJnaTE0Q3YwSzdLbkEzc3liYU1SVVRJM2E0WT0=",
    "is_default": true,
    "timestamp": "2025-09-12T08:35:24.835Z"
  },
  {
    "anime_title": "Arakawa Under the Bridge Season 2",
    "episode_title": "Arakawa Under the Bridge x Bridge Episode 12 Subtitle Indonesia",
    "episode_link": "https://otakudesu.best/episode/arkubrdg-s2-episode-12-sub-indo/",
    "episode_date": "13 Februari,2019",
    "server": "solidfiles",
    "quality": "480p",
    "data_content": "eyJpZCI6MzcyMDIsImkiOjEsInEiOiI0ODBwIn0=",
    "decoded_data": {
      "id": 37202,
      "i": 1,
      "q": "480p"
    },
    "stream_url": "https://www.solidfiles.com/e/5aPRnRmkM8mZ2",
    "is_default": false,
    "timestamp": "2025-09-12T08:35:24.876Z"
  },
  {
    "anime_title": "Arakawa Under the Bridge Season 2",
    "episode_title": "Arakawa Under the Bridge x Bridge Episode 12 Subtitle Indonesia",
    "episode_link": "https://otakudesu.best/episode/arkubrdg-s2-episode-12-sub-indo/",
    "episode_date": "13 Februari,2019",
    "server": "solidfiles",
    "quality": "720p",
    "data_content": "eyJpZCI6MzcyMDIsImkiOjAsInEiOiI3MjBwIn0=",
    "decoded_data": {
      "id": 37202,
      "i": 0,
      "q": "720p"
    },
    "stream_url": "https://www.solidfiles.com/e/nGKBXXzKjG6YA",
    "is_default": false,
    "timestamp": "2025-09-12T08:35:24.929Z"
  },
  {
    "anime_title": "Arakawa Under the Bridge Season 2",
    "episode_title": "Arakawa Under the Bridge x Bridge Episode 12 Subtitle Indonesia",
    "episode_link": "https://otakudesu.best/episode/arkubrdg-s2-episode-12-sub-indo/",
    "episode_date": "13 Februari,2019",
    "server": "yourupload",
    "quality": "720p",
    "data_content": "eyJpZCI6MzcyMDIsImkiOjEsInEiOiI3MjBwIn0=",
    "decoded_data": {
      "id": 37202,
      "i": 1,
      "q": "720p"
    },
    "stream_url": "https://desudrive.com/stream/yuplod.php?id=N2qye4o5mif4",
    "is_default": false,
    "timestamp": "2025-09-12T08:35:24.956Z"
  },
  {
    "anime_title": "Arakawa Under the Bridge Season 2",
    "episode_title": "Arakawa Under the Bridge x Bridge Episode 12 Subtitle Indonesia",
    "episode_link": "https://otakudesu.best/episode/arkubrdg-s2-episode-12-sub-indo/",
    "episode_date": "13 Februari,2019",
    "server": "solidfiles",
    "quality": "360p",
    "data_content": "eyJpZCI6MzcyMDIsImkiOjAsInEiOiIzNjBwIn0=",
    "decoded_data": {
      "id": 37202,
      "i": 0,
      "q": "360p"
    },
    "stream_url": "https://www.solidfiles.com/e/L5WxyPB7yVwam",
    "is_default": false,
    "timestamp": "2025-09-12T08:35:24.791Z"
  },
  {
    "anime_title": "Arakawa Under the Bridge Season 2",
    "episode_title": "Arakawa Under the Bridge x Bridge Episode 12 Subtitle Indonesia",
    "episode_link": "https://otakudesu.best/episode/arkubrdg-s2-episode-12-sub-indo/",
    "episode_date": "13 Februari,2019",
    "server": "mp4load",
    "quality": "360p",
    "data_content": "eyJpZCI6MzcyMDIsImkiOjEsInEiOiIzNjBwIn0=",
    "decoded_data": {
      "id": 37202,
      "i": 1,
      "q": "360p"
    },
    "stream_url": "https://www.mp4upload.com/embed-rpfj9wudil3l.html",
    "is_default": false,
    "timestamp": "2025-09-12T08:35:24.808Z"
  },
  {
    "anime_title": "Arakawa Under the Bridge Season 2",
    "episode_title": "Arakawa Under the Bridge x Bridge Episode 12 Subtitle Indonesia",
    "episode_link": "https://otakudesu.best/episode/arkubrdg-s2-episode-12-sub-indo/",
    "episode_date": "13 Februari,2019",
    "server": "odesu2",
    "quality": "480p",
    "data_content": "eyJpZCI6MzcyMDIsImkiOjAsInEiOiI0ODBwIn0=",
    "decoded_data": {
      "id": 37202,
      "i": 0,
      "q": "480p"
    },
    "stream_url": "https://desustream.info/dstream/odesu2/v2/index.php?id=OEt1cWVRNEIrenA4c3JhRHJnaTE0Q3YwSzdLbkEzc3liYU1SVVRJM2E0WT0=",
    "is_default": true,
    "timestamp": "2025-09-12T08:35:24.835Z"
  },
  {
    "anime_title": "Arakawa Under the Bridge Season 2",
    "episode_title": "Arakawa Under the Bridge x Bridge Episode 12 Subtitle Indonesia",
    "episode_link": "https://otakudesu.best/episode/arkubrdg-s2-episode-12-sub-indo/",
    "episode_date": "13 Februari,2019",
    "server": "solidfiles",
    "quality": "480p",
    "data_content": "eyJpZCI6MzcyMDIsImkiOjEsInEiOiI0ODBwIn0=",
    "decoded_data": {
      "id": 37202,
      "i": 1,
      "q": "480p"
    },
    "stream_url": "https://www.solidfiles.com/e/5aPRnRmkM8mZ2",
    "is_default": false,
    "timestamp": "2025-09-12T08:35:24.876Z"
  },
  {
    "anime_title": "Arakawa Under the Bridge Season 2",
    "episode_title": "Arakawa Under the Bridge x Bridge Episode 12 Subtitle Indonesia",
    "episode_link": "https://otakudesu.best/episode/arkubrdg-s2-episode-12-sub-indo/",
    "episode_date": "13 Februari,2019",
    "server": "solidfiles",
    "quality": "720p",
    "data_content": "eyJpZCI6MzcyMDIsImkiOjAsInEiOiI3MjBwIn0=",
    "decoded_data": {
      "id": 37202,
      "i": 0,
      "q": "720p"
    },
    "stream_url": "https://www.solidfiles.com/e/nGKBXXzKjG6YA",
    "is_default": false,
    "timestamp": "2025-09-12T08:35:24.929Z"
  },
  {
    "anime_title": "Arakawa Under the Bridge Season 2",
    "episode_title": "Arakawa Under the Bridge x Bridge Episode 12 Subtitle Indonesia",
    "episode_link": "https://otakudesu.best/episode/arkubrdg-s2-episode-12-sub-indo/",
    "episode_date": "13 Februari,2019",
    "server": "yourupload",
    "quality": "720p",
    "data_content": "eyJpZCI6MzcyMDIsImkiOjEsInEiOiI3MjBwIn0=",
    "decoded_data": {
      "id": 37202,
      "i": 1,
      "q": "720p"
    },
    "stream_url": "https://desudrive.com/stream/yuplod.php?id=N2qye4o5mif4",
    "is_default": false,
    "timestamp": "2025-09-12T08:35:24.956Z"
  },
  {
    "anime_title": "Arakawa Under the Bridge Season 2",
    "episode_title": "Arakawa Under the Bridge x Bridge Episode 13 (End) Subtitle Indonesia",
    "episode_link": "https://otakudesu.best/episode/arkubrdg-s2-episode-13-sub-indo/",
    "episode_date": "13 Februari,2019",
    "server": "solidfiles",
    "quality": "360p",
    "data_content": "eyJpZCI6MzcyMDMsImkiOjAsInEiOiIzNjBwIn0=",
    "decoded_data": {
      "id": 37203,
      "i": 0,
      "q": "360p"
    },
    "stream_url": "https://www.solidfiles.com/e/RKDNkzKLzWVz2",
    "is_default": false,
    "timestamp": "2025-09-12T08:35:25.564Z"
  },
  {
    "anime_title": "Arakawa Under the Bridge Season 2",
    "episode_title": "Arakawa Under the Bridge x Bridge Episode 13 (End) Subtitle Indonesia",
    "episode_link": "https://otakudesu.best/episode/arkubrdg-s2-episode-13-sub-indo/",
    "episode_date": "13 Februari,2019",
    "server": "mp4load",
    "quality": "360p",
    "data_content": "eyJpZCI6MzcyMDMsImkiOjEsInEiOiIzNjBwIn0=",
    "decoded_data": {
      "id": 37203,
      "i": 1,
      "q": "360p"
    },
    "stream_url": "https://www.mp4upload.com/embed-a2miaqye934w.html",
    "is_default": false,
    "timestamp": "2025-09-12T08:35:25.614Z"
  },
  {
    "anime_title": "Arakawa Under the Bridge Season 2",
    "episode_title": "Arakawa Under the Bridge x Bridge Episode 13 (End) Subtitle Indonesia",
    "episode_link": "https://otakudesu.best/episode/arkubrdg-s2-episode-13-sub-indo/",
    "episode_date": "13 Februari,2019",
    "server": "odesu2",
    "quality": "480p",
    "data_content": "eyJpZCI6MzcyMDMsImkiOjAsInEiOiI0ODBwIn0=",
    "decoded_data": {
      "id": 37203,
      "i": 0,
      "q": "480p"
    },
    "stream_url": "https://desustream.info/dstream/odesu2/v2/index.php?id=OEt1cWVRNEIrenA4c3JhRHJnaTE0TjhKaGw3SEF1UjdlWHNwT1h3QzF0Yz0=",
    "is_default": true,
    "timestamp": "2025-09-12T08:35:25.636Z"
  },
  {
    "anime_title": "Arakawa Under the Bridge Season 2",
    "episode_title": "Arakawa Under the Bridge x Bridge Episode 13 (End) Subtitle Indonesia",
    "episode_link": "https://otakudesu.best/episode/arkubrdg-s2-episode-13-sub-indo/",
    "episode_date": "13 Februari,2019",
    "server": "solidfiles",
    "quality": "480p",
    "data_content": "eyJpZCI6MzcyMDMsImkiOjEsInEiOiI0ODBwIn0=",
    "decoded_data": {
      "id": 37203,
      "i": 1,
      "q": "480p"
    },
    "stream_url": "https://www.solidfiles.com/e/pWRQXk45prpkv",
    "is_default": false,
    "timestamp": "2025-09-12T08:35:25.671Z"
  },
  {
    "anime_title": "Arakawa Under the Bridge Season 2",
    "episode_title": "Arakawa Under the Bridge x Bridge Episode 13 (End) Subtitle Indonesia",
    "episode_link": "https://otakudesu.best/episode/arkubrdg-s2-episode-13-sub-indo/",
    "episode_date": "13 Februari,2019",
    "server": "solidfiles",
    "quality": "720p",
    "data_content": "eyJpZCI6MzcyMDMsImkiOjAsInEiOiI3MjBwIn0=",
    "decoded_data": {
      "id": 37203,
      "i": 0,
      "q": "720p"
    },
    "stream_url": "https://www.solidfiles.com/e/vDqVr35mqrZy5",
    "is_default": false,
    "timestamp": "2025-09-12T08:35:25.732Z"
  },
  {
    "anime_title": "Arakawa Under the Bridge Season 2",
    "episode_title": "Arakawa Under the Bridge x Bridge Episode 13 (End) Subtitle Indonesia",
    "episode_link": "https://otakudesu.best/episode/arkubrdg-s2-episode-13-sub-indo/",
    "episode_date": "13 Februari,2019",
    "server": "yourupload",
    "quality": "720p",
    "data_content": "eyJpZCI6MzcyMDMsImkiOjEsInEiOiI3MjBwIn0=",
    "decoded_data": {
      "id": 37203,
      "i": 1,
      "q": "720p"
    },
    "stream_url": "https://desudrive.com/stream/yuplod.php?id=jE4ClG7Kp1I5",
    "is_default": false,
    "timestamp": "2025-09-12T08:35:25.788Z"
  },
  {
    "anime_title": "Arakawa Under the Bridge Season 2",
    "episode_title": "Arakawa Under the Bridge x Bridge Episode 13 (End) Subtitle Indonesia",
    "episode_link": "https://otakudesu.best/episode/arkubrdg-s2-episode-13-sub-indo/",
    "episode_date": "13 Februari,2019",
    "server": "solidfiles",
    "quality": "360p",
    "data_content": "eyJpZCI6MzcyMDMsImkiOjAsInEiOiIzNjBwIn0=",
    "decoded_data": {
      "id": 37203,
      "i": 0,
      "q": "360p"
    },
    "stream_url": "https://www.solidfiles.com/e/RKDNkzKLzWVz2",
    "is_default": false,
    "timestamp": "2025-09-12T08:35:25.564Z"
  },
  {
    "anime_title": "Arakawa Under the Bridge Season 2",
    "episode_title": "Arakawa Under the Bridge x Bridge Episode 13 (End) Subtitle Indonesia",
    "episode_link": "https://otakudesu.best/episode/arkubrdg-s2-episode-13-sub-indo/",
    "episode_date": "13 Februari,2019",
    "server": "mp4load",
    "quality": "360p",
    "data_content": "eyJpZCI6MzcyMDMsImkiOjEsInEiOiIzNjBwIn0=",
    "decoded_data": {
      "id": 37203,
      "i": 1,
      "q": "360p"
    },
    "stream_url": "https://www.mp4upload.com/embed-a2miaqye934w.html",
    "is_default": false,
    "timestamp": "2025-09-12T08:35:25.614Z"
  },
  {
    "anime_title": "Arakawa Under the Bridge Season 2",
    "episode_title": "Arakawa Under the Bridge x Bridge Episode 13 (End) Subtitle Indonesia",
    "episode_link": "https://otakudesu.best/episode/arkubrdg-s2-episode-13-sub-indo/",
    "episode_date": "13 Februari,2019",
    "server": "odesu2",
    "quality": "480p",
    "data_content": "eyJpZCI6MzcyMDMsImkiOjAsInEiOiI0ODBwIn0=",
    "decoded_data": {
      "id": 37203,
      "i": 0,
      "q": "480p"
    },
    "stream_url": "https://desustream.info/dstream/odesu2/v2/index.php?id=OEt1cWVRNEIrenA4c3JhRHJnaTE0TjhKaGw3SEF1UjdlWHNwT1h3QzF0Yz0=",
    "is_default": true,
    "timestamp": "2025-09-12T08:35:25.636Z"
  },
  {
    "anime_title": "Arakawa Under the Bridge Season 2",
    "episode_title": "Arakawa Under the Bridge x Bridge Episode 13 (End) Subtitle Indonesia",
    "episode_link": "https://otakudesu.best/episode/arkubrdg-s2-episode-13-sub-indo/",
    "episode_date": "13 Februari,2019",
    "server": "solidfiles",
    "quality": "480p",
    "data_content": "eyJpZCI6MzcyMDMsImkiOjEsInEiOiI0ODBwIn0=",
    "decoded_data": {
      "id": 37203,
      "i": 1,
      "q": "480p"
    },
    "stream_url": "https://www.solidfiles.com/e/pWRQXk45prpkv",
    "is_default": false,
    "timestamp": "2025-09-12T08:35:25.671Z"
  },
  {
    "anime_title": "Arakawa Under the Bridge Season 2",
    "episode_title": "Arakawa Under the Bridge x Bridge Episode 13 (End) Subtitle Indonesia",
    "episode_link": "https://otakudesu.best/episode/arkubrdg-s2-episode-13-sub-indo/",
    "episode_date": "13 Februari,2019",
    "server": "solidfiles",
    "quality": "720p",
    "data_content": "eyJpZCI6MzcyMDMsImkiOjAsInEiOiI3MjBwIn0=",
    "decoded_data": {
      "id": 37203,
      "i": 0,
      "q": "720p"
    },
    "stream_url": "https://www.solidfiles.com/e/vDqVr35mqrZy5",
    "is_default": false,
    "timestamp": "2025-09-12T08:35:25.732Z"
  },
  {
    "anime_title": "Arakawa Under the Bridge Season 2",
    "episode_title": "Arakawa Under the Bridge x Bridge Episode 13 (End) Subtitle Indonesia",
    "episode_link": "https://otakudesu.best/episode/arkubrdg-s2-episode-13-sub-indo/",
    "episode_date": "13 Februari,2019",
    "server": "yourupload",
    "quality": "720p",
    "data_content": "eyJpZCI6MzcyMDMsImkiOjEsInEiOiI3MjBwIn0=",
    "decoded_data": {
      "id": 37203,
      "i": 1,
      "q": "720p"
    },
    "stream_url": "https://desudrive.com/stream/yuplod.php?id=jE4ClG7Kp1I5",
    "is_default": false,
    "timestamp": "2025-09-12T08:35:25.788Z"
  },
  {
    "anime_title": "Arcana Famiglia",
    "episode_title": "Arcana Famiglia Episode 1 Subtitle Indonesia",
    "episode_link": "https://otakudesu.best/episode/arcfmglia-episode-1-sub-indo/",
    "episode_date": "9 September,2020",
    "server": "otakuplay",
    "quality": "480p",
    "data_content": "eyJpZCI6OTgyNzMsImkiOjAsInEiOiI0ODBwIn0=",
    "decoded_data": {
      "id": 98273,
      "i": 0,
      "q": "480p"
    },
    "stream_url": "https://desustream.info/dstream/otakuplay/v2/index.php?id=bFVSLzdZQVZidm9kZjh1MnBTUkdLV2dVSm95NXBoOW9xQXM0VWRCaXNodz0=",
    "is_default": true,
    "timestamp": "2025-09-12T08:35:26.663Z"
  },
  {
    "anime_title": "Arcana Famiglia",
    "episode_title": "Arcana Famiglia Episode 1 Subtitle Indonesia",
    "episode_link": "https://otakudesu.best/episode/arcfmglia-episode-1-sub-indo/",
    "episode_date": "9 September,2020",
    "server": "desudrive",
    "quality": "480p",
    "data_content": "eyJpZCI6OTgyNzMsImkiOjEsInEiOiI0ODBwIn0=",
    "decoded_data": {
      "id": 98273,
      "i": 1,
      "q": "480p"
    },
    "stream_url": "https://desustream.info/dstream/desudrive/player.php?id=U2FMWDFrREJ5ZmxiblprMWpWUEt4N3pDU0dzTkx0b21hZWVQUGhaZzA2Z1R1cHZ2dUtwamp3NjJWdnVnajg3dg==",
    "is_default": false,
    "timestamp": "2025-09-12T08:35:26.724Z"
  },
  {
    "anime_title": "Arcana Famiglia",
    "episode_title": "Arcana Famiglia Episode 1 Subtitle Indonesia",
    "episode_link": "https://otakudesu.best/episode/arcfmglia-episode-1-sub-indo/",
    "episode_date": "9 September,2020",
    "server": "yourupload",
    "quality": "480p",
    "data_content": "eyJpZCI6OTgyNzMsImkiOjIsInEiOiI0ODBwIn0=",
    "decoded_data": {
      "id": 98273,
      "i": 2,
      "q": "480p"
    },
    "stream_url": "https://desudrive.com/stream/yuplod.php?id=2e4spUSb8Kwq",
    "is_default": false,
    "timestamp": "2025-09-12T08:35:26.743Z"
  },
  {
    "anime_title": "Arcana Famiglia",
    "episode_title": "Arcana Famiglia Episode 1 Subtitle Indonesia",
    "episode_link": "https://otakudesu.best/episode/arcfmglia-episode-1-sub-indo/",
    "episode_date": "9 September,2020",
    "server": "mp4load",
    "quality": "480p",
    "data_content": "eyJpZCI6OTgyNzMsImkiOjMsInEiOiI0ODBwIn0=",
    "decoded_data": {
      "id": 98273,
      "i": 3,
      "q": "480p"
    },
    "stream_url": "https://www.mp4upload.com/embed-4z9isq0yt20a.html",
    "is_default": false,
    "timestamp": "2025-09-12T08:35:26.777Z"
  },
  {
    "anime_title": "Arcana Famiglia",
    "episode_title": "Arcana Famiglia Episode 1 Subtitle Indonesia",
    "episode_link": "https://otakudesu.best/episode/arcfmglia-episode-1-sub-indo/",
    "episode_date": "9 September,2020",
    "server": "mega",
    "quality": "480p",
    "data_content": "eyJpZCI6OTgyNzMsImkiOjQsInEiOiI0ODBwIn0=",
    "decoded_data": {
      "id": 98273,
      "i": 4,
      "q": "480p"
    },
    "stream_url": "https://mega.nz/embed/9kBRBKCa#C-v506ms8Pde0KzIh0la4NPFmNF3t9vofugvqd_sLQA",
    "is_default": false,
    "timestamp": "2025-09-12T08:35:26.811Z"
  },
  {
    "anime_title": "Arcana Famiglia",
    "episode_title": "Arcana Famiglia Episode 1 Subtitle Indonesia",
    "episode_link": "https://otakudesu.best/episode/arcfmglia-episode-1-sub-indo/",
    "episode_date": "9 September,2020",
    "server": "otakuplay",
    "quality": "480p",
    "data_content": "eyJpZCI6OTgyNzMsImkiOjAsInEiOiI0ODBwIn0=",
    "decoded_data": {
      "id": 98273,
      "i": 0,
      "q": "480p"
    },
    "stream_url": "https://desustream.info/dstream/otakuplay/v2/index.php?id=bFVSLzdZQVZidm9kZjh1MnBTUkdLV2dVSm95NXBoOW9xQXM0VWRCaXNodz0=",
    "is_default": true,
    "timestamp": "2025-09-12T08:35:26.663Z"
  },
  {
    "anime_title": "Arcana Famiglia",
    "episode_title": "Arcana Famiglia Episode 1 Subtitle Indonesia",
    "episode_link": "https://otakudesu.best/episode/arcfmglia-episode-1-sub-indo/",
    "episode_date": "9 September,2020",
    "server": "desudrive",
    "quality": "480p",
    "data_content": "eyJpZCI6OTgyNzMsImkiOjEsInEiOiI0ODBwIn0=",
    "decoded_data": {
      "id": 98273,
      "i": 1,
      "q": "480p"
    },
    "stream_url": "https://desustream.info/dstream/desudrive/player.php?id=U2FMWDFrREJ5ZmxiblprMWpWUEt4N3pDU0dzTkx0b21hZWVQUGhaZzA2Z1R1cHZ2dUtwamp3NjJWdnVnajg3dg==",
    "is_default": false,
    "timestamp": "2025-09-12T08:35:26.724Z"
  },
  {
    "anime_title": "Arcana Famiglia",
    "episode_title": "Arcana Famiglia Episode 1 Subtitle Indonesia",
    "episode_link": "https://otakudesu.best/episode/arcfmglia-episode-1-sub-indo/",
    "episode_date": "9 September,2020",
    "server": "yourupload",
    "quality": "480p",
    "data_content": "eyJpZCI6OTgyNzMsImkiOjIsInEiOiI0ODBwIn0=",
    "decoded_data": {
      "id": 98273,
      "i": 2,
      "q": "480p"
    },
    "stream_url": "https://desudrive.com/stream/yuplod.php?id=2e4spUSb8Kwq",
    "is_default": false,
    "timestamp": "2025-09-12T08:35:26.743Z"
  },
  {
    "anime_title": "Arcana Famiglia",
    "episode_title": "Arcana Famiglia Episode 1 Subtitle Indonesia",
    "episode_link": "https://otakudesu.best/episode/arcfmglia-episode-1-sub-indo/",
    "episode_date": "9 September,2020",
    "server": "mp4load",
    "quality": "480p",
    "data_content": "eyJpZCI6OTgyNzMsImkiOjMsInEiOiI0ODBwIn0=",
    "decoded_data": {
      "id": 98273,
      "i": 3,
      "q": "480p"
    },
    "stream_url": "https://www.mp4upload.com/embed-4z9isq0yt20a.html",
    "is_default": false,
    "timestamp": "2025-09-12T08:35:26.777Z"
  },
  {
    "anime_title": "Arcana Famiglia",
    "episode_title": "Arcana Famiglia Episode 1 Subtitle Indonesia",
    "episode_link": "https://otakudesu.best/episode/arcfmglia-episode-1-sub-indo/",
    "episode_date": "9 September,2020",
    "server": "mega",
    "quality": "480p",
    "data_content": "eyJpZCI6OTgyNzMsImkiOjQsInEiOiI0ODBwIn0=",
    "decoded_data": {
      "id": 98273,
      "i": 4,
      "q": "480p"
    },
    "stream_url": "https://mega.nz/embed/9kBRBKCa#C-v506ms8Pde0KzIh0la4NPFmNF3t9vofugvqd_sLQA",
    "is_default": false,
    "timestamp": "2025-09-12T08:35:26.811Z"
  },
  {
    "anime_title": "Arcana Famiglia",
    "episode_title": "Arcana Famiglia Episode 2 Subtitle Indonesia",
    "episode_link": "https://otakudesu.best/episode/arcfmglia-episode-2-sub-indo/",
    "episode_date": "9 September,2020",
    "server": "otakuplay",
    "quality": "480p",
    "data_content": "eyJpZCI6OTgyNzQsImkiOjAsInEiOiI0ODBwIn0=",
    "decoded_data": {
      "id": 98274,
      "i": 0,
      "q": "480p"
    },
    "stream_url": "https://desustream.info/dstream/otakuplay/v2/index.php?id=bFVSLzdZQVZidm9kZjh1MnBTUkdLUkp5TlRtSWx3ZjB1dzVmTWxNMVB0az0=",
    "is_default": true,
    "timestamp": "2025-09-12T08:35:27.531Z"
  },
  {
    "anime_title": "Arcana Famiglia",
    "episode_title": "Arcana Famiglia Episode 2 Subtitle Indonesia",
    "episode_link": "https://otakudesu.best/episode/arcfmglia-episode-2-sub-indo/",
    "episode_date": "9 September,2020",
    "server": "desudrive",
    "quality": "480p",
    "data_content": "eyJpZCI6OTgyNzQsImkiOjEsInEiOiI0ODBwIn0=",
    "decoded_data": {
      "id": 98274,
      "i": 1,
      "q": "480p"
    },
    "stream_url": "https://desustream.info/dstream/desudrive/player.php?id=WnNNOEs2cHhCQ3loYUNQdzJVVzhnMkZyQVRKdkxublFpem9sZFlqc0N3djZmOVdqRXFxektUekQxM2cwUVRxUQ==",
    "is_default": false,
    "timestamp": "2025-09-12T08:35:27.567Z"
  },
  {
    "anime_title": "Arcana Famiglia",
    "episode_title": "Arcana Famiglia Episode 2 Subtitle Indonesia",
    "episode_link": "https://otakudesu.best/episode/arcfmglia-episode-2-sub-indo/",
    "episode_date": "9 September,2020",
    "server": "yourupload",
    "quality": "480p",
    "data_content": "eyJpZCI6OTgyNzQsImkiOjIsInEiOiI0ODBwIn0=",
    "decoded_data": {
      "id": 98274,
      "i": 2,
      "q": "480p"
    },
    "stream_url": "https://desudrive.com/stream/yuplod.php?id=m3O0YTJSD02L",
    "is_default": false,
    "timestamp": "2025-09-12T08:35:27.588Z"
  },
  {
    "anime_title": "Arcana Famiglia",
    "episode_title": "Arcana Famiglia Episode 2 Subtitle Indonesia",
    "episode_link": "https://otakudesu.best/episode/arcfmglia-episode-2-sub-indo/",
    "episode_date": "9 September,2020",
    "server": "mp4load",
    "quality": "480p",
    "data_content": "eyJpZCI6OTgyNzQsImkiOjMsInEiOiI0ODBwIn0=",
    "decoded_data": {
      "id": 98274,
      "i": 3,
      "q": "480p"
    },
    "stream_url": "https://www.mp4upload.com/embed-pxqik2qnwxjw.html",
    "is_default": false,
    "timestamp": "2025-09-12T08:35:27.627Z"
  },
  {
    "anime_title": "Arcana Famiglia",
    "episode_title": "Arcana Famiglia Episode 2 Subtitle Indonesia",
    "episode_link": "https://otakudesu.best/episode/arcfmglia-episode-2-sub-indo/",
    "episode_date": "9 September,2020",
    "server": "mega",
    "quality": "480p",
    "data_content": "eyJpZCI6OTgyNzQsImkiOjQsInEiOiI0ODBwIn0=",
    "decoded_data": {
      "id": 98274,
      "i": 4,
      "q": "480p"
    },
    "stream_url": "https://mega.nz/embed/o4Y1HSaY#wuMC0m7r_Ow5KfQ-GUp3OXsT0mM3fWMmJCN_BfR6DZk",
    "is_default": false,
    "timestamp": "2025-09-12T08:35:27.678Z"
  },
  {
    "anime_title": "Arcana Famiglia",
    "episode_title": "Arcana Famiglia Episode 2 Subtitle Indonesia",
    "episode_link": "https://otakudesu.best/episode/arcfmglia-episode-2-sub-indo/",
    "episode_date": "9 September,2020",
    "server": "otakuplay",
    "quality": "480p",
    "data_content": "eyJpZCI6OTgyNzQsImkiOjAsInEiOiI0ODBwIn0=",
    "decoded_data": {
      "id": 98274,
      "i": 0,
      "q": "480p"
    },
    "stream_url": "https://desustream.info/dstream/otakuplay/v2/index.php?id=bFVSLzdZQVZidm9kZjh1MnBTUkdLUkp5TlRtSWx3ZjB1dzVmTWxNMVB0az0=",
    "is_default": true,
    "timestamp": "2025-09-12T08:35:27.531Z"
  },
  {
    "anime_title": "Arcana Famiglia",
    "episode_title": "Arcana Famiglia Episode 2 Subtitle Indonesia",
    "episode_link": "https://otakudesu.best/episode/arcfmglia-episode-2-sub-indo/",
    "episode_date": "9 September,2020",
    "server": "desudrive",
    "quality": "480p",
    "data_content": "eyJpZCI6OTgyNzQsImkiOjEsInEiOiI0ODBwIn0=",
    "decoded_data": {
      "id": 98274,
      "i": 1,
      "q": "480p"
    },
    "stream_url": "https://desustream.info/dstream/desudrive/player.php?id=WnNNOEs2cHhCQ3loYUNQdzJVVzhnMkZyQVRKdkxublFpem9sZFlqc0N3djZmOVdqRXFxektUekQxM2cwUVRxUQ==",
    "is_default": false,
    "timestamp": "2025-09-12T08:35:27.567Z"
  },
  {
    "anime_title": "Arcana Famiglia",
    "episode_title": "Arcana Famiglia Episode 2 Subtitle Indonesia",
    "episode_link": "https://otakudesu.best/episode/arcfmglia-episode-2-sub-indo/",
    "episode_date": "9 September,2020",
    "server": "yourupload",
    "quality": "480p",
    "data_content": "eyJpZCI6OTgyNzQsImkiOjIsInEiOiI0ODBwIn0=",
    "decoded_data": {
      "id": 98274,
      "i": 2,
      "q": "480p"
    },
    "stream_url": "https://desudrive.com/stream/yuplod.php?id=m3O0YTJSD02L",
    "is_default": false,
    "timestamp": "2025-09-12T08:35:27.588Z"
  },
  {
    "anime_title": "Arcana Famiglia",
    "episode_title": "Arcana Famiglia Episode 2 Subtitle Indonesia",
    "episode_link": "https://otakudesu.best/episode/arcfmglia-episode-2-sub-indo/",
    "episode_date": "9 September,2020",
    "server": "mp4load",
    "quality": "480p",
    "data_content": "eyJpZCI6OTgyNzQsImkiOjMsInEiOiI0ODBwIn0=",
    "decoded_data": {
      "id": 98274,
      "i": 3,
      "q": "480p"
    },
    "stream_url": "https://www.mp4upload.com/embed-pxqik2qnwxjw.html",
    "is_default": false,
    "timestamp": "2025-09-12T08:35:27.627Z"
  },
  {
    "anime_title": "Arcana Famiglia",
    "episode_title": "Arcana Famiglia Episode 2 Subtitle Indonesia",
    "episode_link": "https://otakudesu.best/episode/arcfmglia-episode-2-sub-indo/",
    "episode_date": "9 September,2020",
    "server": "mega",
    "quality": "480p",
    "data_content": "eyJpZCI6OTgyNzQsImkiOjQsInEiOiI0ODBwIn0=",
    "decoded_data": {
      "id": 98274,
      "i": 4,
      "q": "480p"
    },
    "stream_url": "https://mega.nz/embed/o4Y1HSaY#wuMC0m7r_Ow5KfQ-GUp3OXsT0mM3fWMmJCN_BfR6DZk",
    "is_default": false,
    "timestamp": "2025-09-12T08:35:27.678Z"
  },
  {
    "anime_title": "Arcana Famiglia",
    "episode_title": "Arcana Famiglia Episode 3 Subtitle Indonesia",
    "episode_link": "https://otakudesu.best/episode/arcfmglia-episode-3-sub-indo/",
    "episode_date": "9 September,2020",
    "server": "otakuplay",
    "quality": "480p",
    "data_content": "eyJpZCI6OTgyNzUsImkiOjAsInEiOiI0ODBwIn0=",
    "decoded_data": {
      "id": 98275,
      "i": 0,
      "q": "480p"
    },
    "stream_url": "https://desustream.info/dstream/otakuplay/v2/index.php?id=bFVSLzdZQVZidm9kZjh1MnBTUkdLZEtjUllNdGpuSXM4SmlpaTNHL1RoTT0=",
    "is_default": true,
    "timestamp": "2025-09-12T08:35:28.300Z"
  },
  {
    "anime_title": "Arcana Famiglia",
    "episode_title": "Arcana Famiglia Episode 3 Subtitle Indonesia",
    "episode_link": "https://otakudesu.best/episode/arcfmglia-episode-3-sub-indo/",
    "episode_date": "9 September,2020",
    "server": "desudrive",
    "quality": "480p",
    "data_content": "eyJpZCI6OTgyNzUsImkiOjEsInEiOiI0ODBwIn0=",
    "decoded_data": {
      "id": 98275,
      "i": 1,
      "q": "480p"
    },
    "stream_url": "https://desustream.info/dstream/desudrive/player.php?id=dW14cHJqL3ovSUFTS2lqblBtUHJ0K290NGtaVktaRUpPaGV1U3hQTHFKWlY0Sy9UTy9Rb29mb2xkZ0VPMUNpMA==",
    "is_default": false,
    "timestamp": "2025-09-12T08:35:28.345Z"
  },
  {
    "anime_title": "Arcana Famiglia",
    "episode_title": "Arcana Famiglia Episode 3 Subtitle Indonesia",
    "episode_link": "https://otakudesu.best/episode/arcfmglia-episode-3-sub-indo/",
    "episode_date": "9 September,2020",
    "server": "yourupload",
    "quality": "480p",
    "data_content": "eyJpZCI6OTgyNzUsImkiOjIsInEiOiI0ODBwIn0=",
    "decoded_data": {
      "id": 98275,
      "i": 2,
      "q": "480p"
    },
    "stream_url": "https://desudrive.com/stream/yuplod.php?id=ij4VvdID57qy",
    "is_default": false,
    "timestamp": "2025-09-12T08:35:28.381Z"
  },
  {
    "anime_title": "Arcana Famiglia",
    "episode_title": "Arcana Famiglia Episode 3 Subtitle Indonesia",
    "episode_link": "https://otakudesu.best/episode/arcfmglia-episode-3-sub-indo/",
    "episode_date": "9 September,2020",
    "server": "mp4load",
    "quality": "480p",
    "data_content": "eyJpZCI6OTgyNzUsImkiOjMsInEiOiI0ODBwIn0=",
    "decoded_data": {
      "id": 98275,
      "i": 3,
      "q": "480p"
    },
    "stream_url": "https://www.mp4upload.com/embed-78dp0y7pk8c9.html",
    "is_default": false,
    "timestamp": "2025-09-12T08:35:28.405Z"
  },
  {
    "anime_title": "Arcana Famiglia",
    "episode_title": "Arcana Famiglia Episode 3 Subtitle Indonesia",
    "episode_link": "https://otakudesu.best/episode/arcfmglia-episode-3-sub-indo/",
    "episode_date": "9 September,2020",
    "server": "mega",
    "quality": "480p",
    "data_content": "eyJpZCI6OTgyNzUsImkiOjQsInEiOiI0ODBwIn0=",
    "decoded_data": {
      "id": 98275,
      "i": 4,
      "q": "480p"
    },
    "stream_url": "https://mega.nz/embed/RpZRzYYT#ZrAIjzYMlvlPSe39lTdVNmILUrV5sSNKjRn3vj7hSqs",
    "is_default": false,
    "timestamp": "2025-09-12T08:35:28.459Z"
  },
  {
    "anime_title": "Arcana Famiglia",
    "episode_title": "Arcana Famiglia Episode 3 Subtitle Indonesia",
    "episode_link": "https://otakudesu.best/episode/arcfmglia-episode-3-sub-indo/",
    "episode_date": "9 September,2020",
    "server": "otakuplay",
    "quality": "480p",
    "data_content": "eyJpZCI6OTgyNzUsImkiOjAsInEiOiI0ODBwIn0=",
    "decoded_data": {
      "id": 98275,
      "i": 0,
      "q": "480p"
    },
    "stream_url": "https://desustream.info/dstream/otakuplay/v2/index.php?id=bFVSLzdZQVZidm9kZjh1MnBTUkdLZEtjUllNdGpuSXM4SmlpaTNHL1RoTT0=",
    "is_default": true,
    "timestamp": "2025-09-12T08:35:28.300Z"
  },
  {
    "anime_title": "Arcana Famiglia",
    "episode_title": "Arcana Famiglia Episode 3 Subtitle Indonesia",
    "episode_link": "https://otakudesu.best/episode/arcfmglia-episode-3-sub-indo/",
    "episode_date": "9 September,2020",
    "server": "desudrive",
    "quality": "480p",
    "data_content": "eyJpZCI6OTgyNzUsImkiOjEsInEiOiI0ODBwIn0=",
    "decoded_data": {
      "id": 98275,
      "i": 1,
      "q": "480p"
    },
    "stream_url": "https://desustream.info/dstream/desudrive/player.php?id=dW14cHJqL3ovSUFTS2lqblBtUHJ0K290NGtaVktaRUpPaGV1U3hQTHFKWlY0Sy9UTy9Rb29mb2xkZ0VPMUNpMA==",
    "is_default": false,
    "timestamp": "2025-09-12T08:35:28.345Z"
  },
  {
    "anime_title": "Arcana Famiglia",
    "episode_title": "Arcana Famiglia Episode 3 Subtitle Indonesia",
    "episode_link": "https://otakudesu.best/episode/arcfmglia-episode-3-sub-indo/",
    "episode_date": "9 September,2020",
    "server": "yourupload",
    "quality": "480p",
    "data_content": "eyJpZCI6OTgyNzUsImkiOjIsInEiOiI0ODBwIn0=",
    "decoded_data": {
      "id": 98275,
      "i": 2,
      "q": "480p"
    },
    "stream_url": "https://desudrive.com/stream/yuplod.php?id=ij4VvdID57qy",
    "is_default": false,
    "timestamp": "2025-09-12T08:35:28.381Z"
  },
  {
    "anime_title": "Arcana Famiglia",
    "episode_title": "Arcana Famiglia Episode 3 Subtitle Indonesia",
    "episode_link": "https://otakudesu.best/episode/arcfmglia-episode-3-sub-indo/",
    "episode_date": "9 September,2020",
    "server": "mp4load",
    "quality": "480p",
    "data_content": "eyJpZCI6OTgyNzUsImkiOjMsInEiOiI0ODBwIn0=",
    "decoded_data": {
      "id": 98275,
      "i": 3,
      "q": "480p"
    },
    "stream_url": "https://www.mp4upload.com/embed-78dp0y7pk8c9.html",
    "is_default": false,
    "timestamp": "2025-09-12T08:35:28.405Z"
  },
  {
    "anime_title": "Arcana Famiglia",
    "episode_title": "Arcana Famiglia Episode 3 Subtitle Indonesia",
    "episode_link": "https://otakudesu.best/episode/arcfmglia-episode-3-sub-indo/",
    "episode_date": "9 September,2020",
    "server": "mega",
    "quality": "480p",
    "data_content": "eyJpZCI6OTgyNzUsImkiOjQsInEiOiI0ODBwIn0=",
    "decoded_data": {
      "id": 98275,
      "i": 4,
      "q": "480p"
    },
    "stream_url": "https://mega.nz/embed/RpZRzYYT#ZrAIjzYMlvlPSe39lTdVNmILUrV5sSNKjRn3vj7hSqs",
    "is_default": false,
    "timestamp": "2025-09-12T08:35:28.459Z"
  },
  {
    "anime_title": "Arcana Famiglia",
    "episode_title": "Arcana Famiglia Episode 4 Subtitle Indonesia",
    "episode_link": "https://otakudesu.best/episode/arcfmglia-episode-4-sub-indo/",
    "episode_date": "9 September,2020",
    "server": "desudrive",
    "quality": "480p",
    "data_content": "eyJpZCI6OTgyNzYsImkiOjEsInEiOiI0ODBwIn0=",
    "decoded_data": {
      "id": 98276,
      "i": 1,
      "q": "480p"
    },
    "stream_url": "https://desustream.info/dstream/desudrive/player.php?id=SFA5T0tuMTBGalJQZVZ0RFB6a3hJRnpnR282WGxLNmtTQ2NQR0xlRG5VeFBFWDFXcitDUVZYZkgxMm1RYWlaag==",
    "is_default": false,
    "timestamp": "2025-09-12T08:35:29.136Z"
  },
  {
    "anime_title": "Arcana Famiglia",
    "episode_title": "Arcana Famiglia Episode 4 Subtitle Indonesia",
    "episode_link": "https://otakudesu.best/episode/arcfmglia-episode-4-sub-indo/",
    "episode_date": "9 September,2020",
    "server": "otakuplay",
    "quality": "480p",
    "data_content": "eyJpZCI6OTgyNzYsImkiOjAsInEiOiI0ODBwIn0=",
    "decoded_data": {
      "id": 98276,
      "i": 0,
      "q": "480p"
    },
    "stream_url": "https://desustream.info/dstream/otakuplay/v2/index.php?id=bFVSLzdZQVZidm9kZjh1MnBTUkdLZnQzOU5jczREWHdXZW5jN3VyRUFqZz0=",
    "is_default": true,
    "timestamp": "2025-09-12T08:35:29.157Z"
  },
  {
    "anime_title": "Arcana Famiglia",
    "episode_title": "Arcana Famiglia Episode 4 Subtitle Indonesia",
    "episode_link": "https://otakudesu.best/episode/arcfmglia-episode-4-sub-indo/",
    "episode_date": "9 September,2020",
    "server": "yourupload",
    "quality": "480p",
    "data_content": "eyJpZCI6OTgyNzYsImkiOjIsInEiOiI0ODBwIn0=",
    "decoded_data": {
      "id": 98276,
      "i": 2,
      "q": "480p"
    },
    "stream_url": "https://desudrive.com/stream/yuplod.php?id=8S2iC3dKastc",
    "is_default": false,
    "timestamp": "2025-09-12T08:35:29.174Z"
  },
  {
    "anime_title": "Arcana Famiglia",
    "episode_title": "Arcana Famiglia Episode 4 Subtitle Indonesia",
    "episode_link": "https://otakudesu.best/episode/arcfmglia-episode-4-sub-indo/",
    "episode_date": "9 September,2020",
    "server": "mp4load",
    "quality": "480p",
    "data_content": "eyJpZCI6OTgyNzYsImkiOjMsInEiOiI0ODBwIn0=",
    "decoded_data": {
      "id": 98276,
      "i": 3,
      "q": "480p"
    },
    "stream_url": "https://www.mp4upload.com/embed-yo4sfncsov61.html",
    "is_default": false,
    "timestamp": "2025-09-12T08:35:29.199Z"
  },
  {
    "anime_title": "Arcana Famiglia",
    "episode_title": "Arcana Famiglia Episode 4 Subtitle Indonesia",
    "episode_link": "https://otakudesu.best/episode/arcfmglia-episode-4-sub-indo/",
    "episode_date": "9 September,2020",
    "server": "mega",
    "quality": "480p",
    "data_content": "eyJpZCI6OTgyNzYsImkiOjQsInEiOiI0ODBwIn0=",
    "decoded_data": {
      "id": 98276,
      "i": 4,
      "q": "480p"
    },
    "stream_url": "https://mega.nz/embed/4wJ1UCxK#487tUqn1pPvT4RrUCgaEryO1G8vPSK0YdZpPQ-fCixg",
    "is_default": false,
    "timestamp": "2025-09-12T08:35:29.262Z"
  },
  {
    "anime_title": "Arcana Famiglia",
    "episode_title": "Arcana Famiglia Episode 4 Subtitle Indonesia",
    "episode_link": "https://otakudesu.best/episode/arcfmglia-episode-4-sub-indo/",
    "episode_date": "9 September,2020",
    "server": "otakuplay",
    "quality": "480p",
    "data_content": "eyJpZCI6OTgyNzYsImkiOjAsInEiOiI0ODBwIn0=",
    "decoded_data": {
      "id": 98276,
      "i": 0,
      "q": "480p"
    },
    "stream_url": "https://desustream.info/dstream/otakuplay/v2/index.php?id=bFVSLzdZQVZidm9kZjh1MnBTUkdLZnQzOU5jczREWHdXZW5jN3VyRUFqZz0=",
    "is_default": true,
    "timestamp": "2025-09-12T08:35:29.157Z"
  },
  {
    "anime_title": "Arcana Famiglia",
    "episode_title": "Arcana Famiglia Episode 4 Subtitle Indonesia",
    "episode_link": "https://otakudesu.best/episode/arcfmglia-episode-4-sub-indo/",
    "episode_date": "9 September,2020",
    "server": "desudrive",
    "quality": "480p",
    "data_content": "eyJpZCI6OTgyNzYsImkiOjEsInEiOiI0ODBwIn0=",
    "decoded_data": {
      "id": 98276,
      "i": 1,
      "q": "480p"
    },
    "stream_url": "https://desustream.info/dstream/desudrive/player.php?id=SFA5T0tuMTBGalJQZVZ0RFB6a3hJRnpnR282WGxLNmtTQ2NQR0xlRG5VeFBFWDFXcitDUVZYZkgxMm1RYWlaag==",
    "is_default": false,
    "timestamp": "2025-09-12T08:35:29.136Z"
  },
  {
    "anime_title": "Arcana Famiglia",
    "episode_title": "Arcana Famiglia Episode 4 Subtitle Indonesia",
    "episode_link": "https://otakudesu.best/episode/arcfmglia-episode-4-sub-indo/",
    "episode_date": "9 September,2020",
    "server": "yourupload",
    "quality": "480p",
    "data_content": "eyJpZCI6OTgyNzYsImkiOjIsInEiOiI0ODBwIn0=",
    "decoded_data": {
      "id": 98276,
      "i": 2,
      "q": "480p"
    },
    "stream_url": "https://desudrive.com/stream/yuplod.php?id=8S2iC3dKastc",
    "is_default": false,
    "timestamp": "2025-09-12T08:35:29.174Z"
  },
  {
    "anime_title": "Arcana Famiglia",
    "episode_title": "Arcana Famiglia Episode 4 Subtitle Indonesia",
    "episode_link": "https://otakudesu.best/episode/arcfmglia-episode-4-sub-indo/",
    "episode_date": "9 September,2020",
    "server": "mp4load",
    "quality": "480p",
    "data_content": "eyJpZCI6OTgyNzYsImkiOjMsInEiOiI0ODBwIn0=",
    "decoded_data": {
      "id": 98276,
      "i": 3,
      "q": "480p"
    },
    "stream_url": "https://www.mp4upload.com/embed-yo4sfncsov61.html",
    "is_default": false,
    "timestamp": "2025-09-12T08:35:29.199Z"
  },
  {
    "anime_title": "Arcana Famiglia",
    "episode_title": "Arcana Famiglia Episode 4 Subtitle Indonesia",
    "episode_link": "https://otakudesu.best/episode/arcfmglia-episode-4-sub-indo/",
    "episode_date": "9 September,2020",
    "server": "mega",
    "quality": "480p",
    "data_content": "eyJpZCI6OTgyNzYsImkiOjQsInEiOiI0ODBwIn0=",
    "decoded_data": {
      "id": 98276,
      "i": 4,
      "q": "480p"
    },
    "stream_url": "https://mega.nz/embed/4wJ1UCxK#487tUqn1pPvT4RrUCgaEryO1G8vPSK0YdZpPQ-fCixg",
    "is_default": false,
    "timestamp": "2025-09-12T08:35:29.262Z"
  },
  {
    "anime_title": "Arcana Famiglia",
    "episode_title": "Arcana Famiglia Episode 5 Subtitle Indonesia",
    "episode_link": "https://otakudesu.best/episode/arcfmglia-episode-5-sub-indo/",
    "episode_date": "9 September,2020",
    "server": "otakuplay",
    "quality": "480p",
    "data_content": "eyJpZCI6OTgyNzcsImkiOjAsInEiOiI0ODBwIn0=",
    "decoded_data": {
      "id": 98277,
      "i": 0,
      "q": "480p"
    },
    "stream_url": "https://desustream.info/dstream/otakuplay/v2/index.php?id=bFVSLzdZQVZidm9kZjh1MnBTUkdLWVp1akkwZ3lSZDFwenp0UXdNbFRDZz0=",
    "is_default": true,
    "timestamp": "2025-09-12T08:35:29.875Z"
  },
  {
    "anime_title": "Arcana Famiglia",
    "episode_title": "Arcana Famiglia Episode 5 Subtitle Indonesia",
    "episode_link": "https://otakudesu.best/episode/arcfmglia-episode-5-sub-indo/",
    "episode_date": "9 September,2020",
    "server": "desudrive",
    "quality": "480p",
    "data_content": "eyJpZCI6OTgyNzcsImkiOjEsInEiOiI0ODBwIn0=",
    "decoded_data": {
      "id": 98277,
      "i": 1,
      "q": "480p"
    },
    "stream_url": "https://desustream.info/dstream/desudrive/player.php?id=SVpQN3piU3ZNNTYwZkVZTzV0VW5wTUFIeWg0R2pqTUt3MTc3ellvUCtJdXZQTG5NWG8zTEF1QkY1cExKbDlKYg==",
    "is_default": false,
    "timestamp": "2025-09-12T08:35:29.909Z"
  },
  {
    "anime_title": "Arcana Famiglia",
    "episode_title": "Arcana Famiglia Episode 5 Subtitle Indonesia",
    "episode_link": "https://otakudesu.best/episode/arcfmglia-episode-5-sub-indo/",
    "episode_date": "9 September,2020",
    "server": "yourupload",
    "quality": "480p",
    "data_content": "eyJpZCI6OTgyNzcsImkiOjIsInEiOiI0ODBwIn0=",
    "decoded_data": {
      "id": 98277,
      "i": 2,
      "q": "480p"
    },
    "stream_url": "https://desudrive.com/stream/yuplod.php?id=X1tGdNK0S3MA",
    "is_default": false,
    "timestamp": "2025-09-12T08:35:29.981Z"
  },
  {
    "anime_title": "Arcana Famiglia",
    "episode_title": "Arcana Famiglia Episode 5 Subtitle Indonesia",
    "episode_link": "https://otakudesu.best/episode/arcfmglia-episode-5-sub-indo/",
    "episode_date": "9 September,2020",
    "server": "mp4load",
    "quality": "480p",
    "data_content": "eyJpZCI6OTgyNzcsImkiOjMsInEiOiI0ODBwIn0=",
    "decoded_data": {
      "id": 98277,
      "i": 3,
      "q": "480p"
    },
    "stream_url": "https://www.mp4upload.com/embed-khcnb0wa119p.html",
    "is_default": false,
    "timestamp": "2025-09-12T08:35:30.000Z"
  },
  {
    "anime_title": "Arcana Famiglia",
    "episode_title": "Arcana Famiglia Episode 5 Subtitle Indonesia",
    "episode_link": "https://otakudesu.best/episode/arcfmglia-episode-5-sub-indo/",
    "episode_date": "9 September,2020",
    "server": "mega",
    "quality": "480p",
    "data_content": "eyJpZCI6OTgyNzcsImkiOjQsInEiOiI0ODBwIn0=",
    "decoded_data": {
      "id": 98277,
      "i": 4,
      "q": "480p"
    },
    "stream_url": "https://mega.nz/embed/RtYn3IZJ#29dv08bFOqghYkba9Iugi1bJDszCLYpZjX9slud2vcA",
    "is_default": false,
    "timestamp": "2025-09-12T08:35:30.046Z"
  },
  {
    "anime_title": "Arcana Famiglia",
    "episode_title": "Arcana Famiglia Episode 5 Subtitle Indonesia",
    "episode_link": "https://otakudesu.best/episode/arcfmglia-episode-5-sub-indo/",
    "episode_date": "9 September,2020",
    "server": "otakuplay",
    "quality": "480p",
    "data_content": "eyJpZCI6OTgyNzcsImkiOjAsInEiOiI0ODBwIn0=",
    "decoded_data": {
      "id": 98277,
      "i": 0,
      "q": "480p"
    },
    "stream_url": "https://desustream.info/dstream/otakuplay/v2/index.php?id=bFVSLzdZQVZidm9kZjh1MnBTUkdLWVp1akkwZ3lSZDFwenp0UXdNbFRDZz0=",
    "is_default": true,
    "timestamp": "2025-09-12T08:35:29.875Z"
  },
  {
    "anime_title": "Arcana Famiglia",
    "episode_title": "Arcana Famiglia Episode 5 Subtitle Indonesia",
    "episode_link": "https://otakudesu.best/episode/arcfmglia-episode-5-sub-indo/",
    "episode_date": "9 September,2020",
    "server": "desudrive",
    "quality": "480p",
    "data_content": "eyJpZCI6OTgyNzcsImkiOjEsInEiOiI0ODBwIn0=",
    "decoded_data": {
      "id": 98277,
      "i": 1,
      "q": "480p"
    },
    "stream_url": "https://desustream.info/dstream/desudrive/player.php?id=SVpQN3piU3ZNNTYwZkVZTzV0VW5wTUFIeWg0R2pqTUt3MTc3ellvUCtJdXZQTG5NWG8zTEF1QkY1cExKbDlKYg==",
    "is_default": false,
    "timestamp": "2025-09-12T08:35:29.909Z"
  },
  {
    "anime_title": "Arcana Famiglia",
    "episode_title": "Arcana Famiglia Episode 5 Subtitle Indonesia",
    "episode_link": "https://otakudesu.best/episode/arcfmglia-episode-5-sub-indo/",
    "episode_date": "9 September,2020",
    "server": "yourupload",
    "quality": "480p",
    "data_content": "eyJpZCI6OTgyNzcsImkiOjIsInEiOiI0ODBwIn0=",
    "decoded_data": {
      "id": 98277,
      "i": 2,
      "q": "480p"
    },
    "stream_url": "https://desudrive.com/stream/yuplod.php?id=X1tGdNK0S3MA",
    "is_default": false,
    "timestamp": "2025-09-12T08:35:29.981Z"
  },
  {
    "anime_title": "Arcana Famiglia",
    "episode_title": "Arcana Famiglia Episode 5 Subtitle Indonesia",
    "episode_link": "https://otakudesu.best/episode/arcfmglia-episode-5-sub-indo/",
    "episode_date": "9 September,2020",
    "server": "mp4load",
    "quality": "480p",
    "data_content": "eyJpZCI6OTgyNzcsImkiOjMsInEiOiI0ODBwIn0=",
    "decoded_data": {
      "id": 98277,
      "i": 3,
      "q": "480p"
    },
    "stream_url": "https://www.mp4upload.com/embed-khcnb0wa119p.html",
    "is_default": false,
    "timestamp": "2025-09-12T08:35:30.000Z"
  },
  {
    "anime_title": "Arcana Famiglia",
    "episode_title": "Arcana Famiglia Episode 5 Subtitle Indonesia",
    "episode_link": "https://otakudesu.best/episode/arcfmglia-episode-5-sub-indo/",
    "episode_date": "9 September,2020",
    "server": "mega",
    "quality": "480p",
    "data_content": "eyJpZCI6OTgyNzcsImkiOjQsInEiOiI0ODBwIn0=",
    "decoded_data": {
      "id": 98277,
      "i": 4,
      "q": "480p"
    },
    "stream_url": "https://mega.nz/embed/RtYn3IZJ#29dv08bFOqghYkba9Iugi1bJDszCLYpZjX9slud2vcA",
    "is_default": false,
    "timestamp": "2025-09-12T08:35:30.046Z"
  },
  {
    "anime_title": "Arcana Famiglia",
    "episode_title": "Arcana Famiglia Episode 6 Subtitle Indonesia",
    "episode_link": "https://otakudesu.best/episode/arcfmglia-episode-6-sub-indo/",
    "episode_date": "9 September,2020",
    "server": "otakuplay",
    "quality": "480p",
    "data_content": "eyJpZCI6OTgyNzgsImkiOjAsInEiOiI0ODBwIn0=",
    "decoded_data": {
      "id": 98278,
      "i": 0,
      "q": "480p"
    },
    "stream_url": "https://desustream.info/dstream/otakuplay/v2/index.php?id=bFVSLzdZQVZidm9kZjh1MnBTUkdLZWpEeGtyZWVRRU1qZDNsMDI1dWlnOD0=",
    "is_default": true,
    "timestamp": "2025-09-12T08:35:30.653Z"
  },
  {
    "anime_title": "Arcana Famiglia",
    "episode_title": "Arcana Famiglia Episode 6 Subtitle Indonesia",
    "episode_link": "https://otakudesu.best/episode/arcfmglia-episode-6-sub-indo/",
    "episode_date": "9 September,2020",
    "server": "desudrive",
    "quality": "480p",
    "data_content": "eyJpZCI6OTgyNzgsImkiOjEsInEiOiI0ODBwIn0=",
    "decoded_data": {
      "id": 98278,
      "i": 1,
      "q": "480p"
    },
    "stream_url": "https://desustream.info/dstream/desudrive/player.php?id=d3A5eFN5L0VsM3RxK2ZKcm9VWFNLZzNReUJiWXNZbnE1MU1wNElSN3luY3cwSDZYNUZlNXZOSWVXZHpQRlNQMA==",
    "is_default": false,
    "timestamp": "2025-09-12T08:35:30.704Z"
  },
  {
    "anime_title": "Arcana Famiglia",
    "episode_title": "Arcana Famiglia Episode 6 Subtitle Indonesia",
    "episode_link": "https://otakudesu.best/episode/arcfmglia-episode-6-sub-indo/",
    "episode_date": "9 September,2020",
    "server": "yourupload",
    "quality": "480p",
    "data_content": "eyJpZCI6OTgyNzgsImkiOjIsInEiOiI0ODBwIn0=",
    "decoded_data": {
      "id": 98278,
      "i": 2,
      "q": "480p"
    },
    "stream_url": "https://desudrive.com/stream/yuplod.php?id=6jHlBcdJ74vq",
    "is_default": false,
    "timestamp": "2025-09-12T08:35:30.749Z"
  },
  {
    "anime_title": "Arcana Famiglia",
    "episode_title": "Arcana Famiglia Episode 6 Subtitle Indonesia",
    "episode_link": "https://otakudesu.best/episode/arcfmglia-episode-6-sub-indo/",
    "episode_date": "9 September,2020",
    "server": "mp4load",
    "quality": "480p",
    "data_content": "eyJpZCI6OTgyNzgsImkiOjMsInEiOiI0ODBwIn0=",
    "decoded_data": {
      "id": 98278,
      "i": 3,
      "q": "480p"
    },
    "stream_url": "https://www.mp4upload.com/embed-rstujefgmp24.html",
    "is_default": false,
    "timestamp": "2025-09-12T08:35:30.778Z"
  },
  {
    "anime_title": "Arcana Famiglia",
    "episode_title": "Arcana Famiglia Episode 6 Subtitle Indonesia",
    "episode_link": "https://otakudesu.best/episode/arcfmglia-episode-6-sub-indo/",
    "episode_date": "9 September,2020",
    "server": "mega",
    "quality": "480p",
    "data_content": "eyJpZCI6OTgyNzgsImkiOjQsInEiOiI0ODBwIn0=",
    "decoded_data": {
      "id": 98278,
      "i": 4,
      "q": "480p"
    },
    "stream_url": "https://mega.nz/embed/pgJXUC7S#v50gLMKjmYduiIk2-soFw-g7PSVYknz2Ta1r-bJ1pCk",
    "is_default": false,
    "timestamp": "2025-09-12T08:35:30.805Z"
  },
  {
    "anime_title": "Arcana Famiglia",
    "episode_title": "Arcana Famiglia Episode 6 Subtitle Indonesia",
    "episode_link": "https://otakudesu.best/episode/arcfmglia-episode-6-sub-indo/",
    "episode_date": "9 September,2020",
    "server": "otakuplay",
    "quality": "480p",
    "data_content": "eyJpZCI6OTgyNzgsImkiOjAsInEiOiI0ODBwIn0=",
    "decoded_data": {
      "id": 98278,
      "i": 0,
      "q": "480p"
    },
    "stream_url": "https://desustream.info/dstream/otakuplay/v2/index.php?id=bFVSLzdZQVZidm9kZjh1MnBTUkdLZWpEeGtyZWVRRU1qZDNsMDI1dWlnOD0=",
    "is_default": true,
    "timestamp": "2025-09-12T08:35:30.653Z"
  },
  {
    "anime_title": "Arcana Famiglia",
    "episode_title": "Arcana Famiglia Episode 6 Subtitle Indonesia",
    "episode_link": "https://otakudesu.best/episode/arcfmglia-episode-6-sub-indo/",
    "episode_date": "9 September,2020",
    "server": "desudrive",
    "quality": "480p",
    "data_content": "eyJpZCI6OTgyNzgsImkiOjEsInEiOiI0ODBwIn0=",
    "decoded_data": {
      "id": 98278,
      "i": 1,
      "q": "480p"
    },
    "stream_url": "https://desustream.info/dstream/desudrive/player.php?id=d3A5eFN5L0VsM3RxK2ZKcm9VWFNLZzNReUJiWXNZbnE1MU1wNElSN3luY3cwSDZYNUZlNXZOSWVXZHpQRlNQMA==",
    "is_default": false,
    "timestamp": "2025-09-12T08:35:30.704Z"
  },
  {
    "anime_title": "Arcana Famiglia",
    "episode_title": "Arcana Famiglia Episode 6 Subtitle Indonesia",
    "episode_link": "https://otakudesu.best/episode/arcfmglia-episode-6-sub-indo/",
    "episode_date": "9 September,2020",
    "server": "yourupload",
    "quality": "480p",
    "data_content": "eyJpZCI6OTgyNzgsImkiOjIsInEiOiI0ODBwIn0=",
    "decoded_data": {
      "id": 98278,
      "i": 2,
      "q": "480p"
    },
    "stream_url": "https://desudrive.com/stream/yuplod.php?id=6jHlBcdJ74vq",
    "is_default": false,
    "timestamp": "2025-09-12T08:35:30.749Z"
  },
  {
    "anime_title": "Arcana Famiglia",
    "episode_title": "Arcana Famiglia Episode 6 Subtitle Indonesia",
    "episode_link": "https://otakudesu.best/episode/arcfmglia-episode-6-sub-indo/",
    "episode_date": "9 September,2020",
    "server": "mp4load",
    "quality": "480p",
    "data_content": "eyJpZCI6OTgyNzgsImkiOjMsInEiOiI0ODBwIn0=",
    "decoded_data": {
      "id": 98278,
      "i": 3,
      "q": "480p"
    },
    "stream_url": "https://www.mp4upload.com/embed-rstujefgmp24.html",
    "is_default": false,
    "timestamp": "2025-09-12T08:35:30.778Z"
  },
  {
    "anime_title": "Arcana Famiglia",
    "episode_title": "Arcana Famiglia Episode 6 Subtitle Indonesia",
    "episode_link": "https://otakudesu.best/episode/arcfmglia-episode-6-sub-indo/",
    "episode_date": "9 September,2020",
    "server": "mega",
    "quality": "480p",
    "data_content": "eyJpZCI6OTgyNzgsImkiOjQsInEiOiI0ODBwIn0=",
    "decoded_data": {
      "id": 98278,
      "i": 4,
      "q": "480p"
    },
    "stream_url": "https://mega.nz/embed/pgJXUC7S#v50gLMKjmYduiIk2-soFw-g7PSVYknz2Ta1r-bJ1pCk",
    "is_default": false,
    "timestamp": "2025-09-12T08:35:30.805Z"
  },
  {
    "anime_title": "Arcana Famiglia",
    "episode_title": "Arcana Famiglia Episode 7 Subtitle Indonesia",
    "episode_link": "https://otakudesu.best/episode/arcfmglia-episode-7-sub-indo/",
    "episode_date": "9 September,2020",
    "server": "otakuplay",
    "quality": "480p",
    "data_content": "eyJpZCI6OTgyNzksImkiOjAsInEiOiI0ODBwIn0=",
    "decoded_data": {
      "id": 98279,
      "i": 0,
      "q": "480p"
    },
    "stream_url": "https://desustream.info/dstream/otakuplay/v2/index.php?id=bFVSLzdZQVZidm9kZjh1MnBTUkdLVTVtV2F0R0tsc3hnNUltbWlvYTRGZz0=",
    "is_default": true,
    "timestamp": "2025-09-12T08:35:31.629Z"
  },
  {
    "anime_title": "Arcana Famiglia",
    "episode_title": "Arcana Famiglia Episode 7 Subtitle Indonesia",
    "episode_link": "https://otakudesu.best/episode/arcfmglia-episode-7-sub-indo/",
    "episode_date": "9 September,2020",
    "server": "desudrive",
    "quality": "480p",
    "data_content": "eyJpZCI6OTgyNzksImkiOjEsInEiOiI0ODBwIn0=",
    "decoded_data": {
      "id": 98279,
      "i": 1,
      "q": "480p"
    },
    "stream_url": "https://desustream.info/dstream/desudrive/player.php?id=aGJIZ3V1aFZBSmVWQjBXVFdBWjNSY3ljRlZZcUc1ZFVYbkJNVXRFVGM1Wkc4YWtZT3diazF5WFVCT0lDdFh1Sg==",
    "is_default": false,
    "timestamp": "2025-09-12T08:35:31.652Z"
  },
  {
    "anime_title": "Arcana Famiglia",
    "episode_title": "Arcana Famiglia Episode 7 Subtitle Indonesia",
    "episode_link": "https://otakudesu.best/episode/arcfmglia-episode-7-sub-indo/",
    "episode_date": "9 September,2020",
    "server": "yourupload",
    "quality": "480p",
    "data_content": "eyJpZCI6OTgyNzksImkiOjIsInEiOiI0ODBwIn0=",
    "decoded_data": {
      "id": 98279,
      "i": 2,
      "q": "480p"
    },
    "stream_url": "https://desudrive.com/stream/yuplod.php?id=145n71MuR8gX",
    "is_default": false,
    "timestamp": "2025-09-12T08:35:31.679Z"
  },
  {
    "anime_title": "Arcana Famiglia",
    "episode_title": "Arcana Famiglia Episode 7 Subtitle Indonesia",
    "episode_link": "https://otakudesu.best/episode/arcfmglia-episode-7-sub-indo/",
    "episode_date": "9 September,2020",
    "server": "mp4load",
    "quality": "480p",
    "data_content": "eyJpZCI6OTgyNzksImkiOjMsInEiOiI0ODBwIn0=",
    "decoded_data": {
      "id": 98279,
      "i": 3,
      "q": "480p"
    },
    "stream_url": "https://www.mp4upload.com/embed-q7p92qxzuwmf.html",
    "is_default": false,
    "timestamp": "2025-09-12T08:35:31.716Z"
  },
  {
    "anime_title": "Arcana Famiglia",
    "episode_title": "Arcana Famiglia Episode 7 Subtitle Indonesia",
    "episode_link": "https://otakudesu.best/episode/arcfmglia-episode-7-sub-indo/",
    "episode_date": "9 September,2020",
    "server": "mega",
    "quality": "480p",
    "data_content": "eyJpZCI6OTgyNzksImkiOjQsInEiOiI0ODBwIn0=",
    "decoded_data": {
      "id": 98279,
      "i": 4,
      "q": "480p"
    },
    "stream_url": "https://mega.nz/embed/40I1hCKK#365m1ixKGQwBP7Q0g3qmB8MzWoQ8Y7d5cFEdJoE7KaA",
    "is_default": false,
    "timestamp": "2025-09-12T08:35:31.753Z"
  },
  {
    "anime_title": "Arcana Famiglia",
    "episode_title": "Arcana Famiglia Episode 7 Subtitle Indonesia",
    "episode_link": "https://otakudesu.best/episode/arcfmglia-episode-7-sub-indo/",
    "episode_date": "9 September,2020",
    "server": "otakuplay",
    "quality": "480p",
    "data_content": "eyJpZCI6OTgyNzksImkiOjAsInEiOiI0ODBwIn0=",
    "decoded_data": {
      "id": 98279,
      "i": 0,
      "q": "480p"
    },
    "stream_url": "https://desustream.info/dstream/otakuplay/v2/index.php?id=bFVSLzdZQVZidm9kZjh1MnBTUkdLVTVtV2F0R0tsc3hnNUltbWlvYTRGZz0=",
    "is_default": true,
    "timestamp": "2025-09-12T08:35:31.629Z"
  },
  {
    "anime_title": "Arcana Famiglia",
    "episode_title": "Arcana Famiglia Episode 7 Subtitle Indonesia",
    "episode_link": "https://otakudesu.best/episode/arcfmglia-episode-7-sub-indo/",
    "episode_date": "9 September,2020",
    "server": "desudrive",
    "quality": "480p",
    "data_content": "eyJpZCI6OTgyNzksImkiOjEsInEiOiI0ODBwIn0=",
    "decoded_data": {
      "id": 98279,
      "i": 1,
      "q": "480p"
    },
    "stream_url": "https://desustream.info/dstream/desudrive/player.php?id=aGJIZ3V1aFZBSmVWQjBXVFdBWjNSY3ljRlZZcUc1ZFVYbkJNVXRFVGM1Wkc4YWtZT3diazF5WFVCT0lDdFh1Sg==",
    "is_default": false,
    "timestamp": "2025-09-12T08:35:31.652Z"
  },
  {
    "anime_title": "Arcana Famiglia",
    "episode_title": "Arcana Famiglia Episode 7 Subtitle Indonesia",
    "episode_link": "https://otakudesu.best/episode/arcfmglia-episode-7-sub-indo/",
    "episode_date": "9 September,2020",
    "server": "yourupload",
    "quality": "480p",
    "data_content": "eyJpZCI6OTgyNzksImkiOjIsInEiOiI0ODBwIn0=",
    "decoded_data": {
      "id": 98279,
      "i": 2,
      "q": "480p"
    },
    "stream_url": "https://desudrive.com/stream/yuplod.php?id=145n71MuR8gX",
    "is_default": false,
    "timestamp": "2025-09-12T08:35:31.679Z"
  },
  {
    "anime_title": "Arcana Famiglia",
    "episode_title": "Arcana Famiglia Episode 7 Subtitle Indonesia",
    "episode_link": "https://otakudesu.best/episode/arcfmglia-episode-7-sub-indo/",
    "episode_date": "9 September,2020",
    "server": "mp4load",
    "quality": "480p",
    "data_content": "eyJpZCI6OTgyNzksImkiOjMsInEiOiI0ODBwIn0=",
    "decoded_data": {
      "id": 98279,
      "i": 3,
      "q": "480p"
    },
    "stream_url": "https://www.mp4upload.com/embed-q7p92qxzuwmf.html",
    "is_default": false,
    "timestamp": "2025-09-12T08:35:31.716Z"
  },
  {
    "anime_title": "Arcana Famiglia",
    "episode_title": "Arcana Famiglia Episode 7 Subtitle Indonesia",
    "episode_link": "https://otakudesu.best/episode/arcfmglia-episode-7-sub-indo/",
    "episode_date": "9 September,2020",
    "server": "mega",
    "quality": "480p",
    "data_content": "eyJpZCI6OTgyNzksImkiOjQsInEiOiI0ODBwIn0=",
    "decoded_data": {
      "id": 98279,
      "i": 4,
      "q": "480p"
    },
    "stream_url": "https://mega.nz/embed/40I1hCKK#365m1ixKGQwBP7Q0g3qmB8MzWoQ8Y7d5cFEdJoE7KaA",
    "is_default": false,
    "timestamp": "2025-09-12T08:35:31.753Z"
  },
  {
    "anime_title": "Arcana Famiglia",
    "episode_title": "Arcana Famiglia Episode 8 Subtitle Indonesia",
    "episode_link": "https://otakudesu.best/episode/arcfmglia-episode-8-sub-indo/",
    "episode_date": "9 September,2020",
    "server": "otakuplay",
    "quality": "480p",
    "data_content": "eyJpZCI6OTgyODAsImkiOjAsInEiOiI0ODBwIn0=",
    "decoded_data": {
      "id": 98280,
      "i": 0,
      "q": "480p"
    },
    "stream_url": "https://desustream.info/dstream/otakuplay/v2/index.php?id=bFVSLzdZQVZidm9kZjh1MnBTUkdLZHAycktrRUl3WWVYZ2F6WWJCY0JpOD0=",
    "is_default": true,
    "timestamp": "2025-09-12T08:35:32.804Z"
  },
  {
    "anime_title": "Arcana Famiglia",
    "episode_title": "Arcana Famiglia Episode 8 Subtitle Indonesia",
    "episode_link": "https://otakudesu.best/episode/arcfmglia-episode-8-sub-indo/",
    "episode_date": "9 September,2020",
    "server": "desudrive",
    "quality": "480p",
    "data_content": "eyJpZCI6OTgyODAsImkiOjEsInEiOiI0ODBwIn0=",
    "decoded_data": {
      "id": 98280,
      "i": 1,
      "q": "480p"
    },
    "stream_url": "https://desustream.info/dstream/desudrive/player.php?id=YTJVZWptTXovaUpMVlgva2EvQzMwUWhMM0tHQnArUmdqWEp6bWRLWWtUWXB6MWNVenVwM1ZUUmVWd3Vnb1k5Zw==",
    "is_default": false,
    "timestamp": "2025-09-12T08:35:32.825Z"
  },
  {
    "anime_title": "Arcana Famiglia",
    "episode_title": "Arcana Famiglia Episode 8 Subtitle Indonesia",
    "episode_link": "https://otakudesu.best/episode/arcfmglia-episode-8-sub-indo/",
    "episode_date": "9 September,2020",
    "server": "yourupload",
    "quality": "480p",
    "data_content": "eyJpZCI6OTgyODAsImkiOjIsInEiOiI0ODBwIn0=",
    "decoded_data": {
      "id": 98280,
      "i": 2,
      "q": "480p"
    },
    "stream_url": "https://desudrive.com/stream/yuplod.php?id=h4lEw68SVXnG",
    "is_default": false,
    "timestamp": "2025-09-12T08:35:32.879Z"
  },
  {
    "anime_title": "Arcana Famiglia",
    "episode_title": "Arcana Famiglia Episode 8 Subtitle Indonesia",
    "episode_link": "https://otakudesu.best/episode/arcfmglia-episode-8-sub-indo/",
    "episode_date": "9 September,2020",
    "server": "mp4load",
    "quality": "480p",
    "data_content": "eyJpZCI6OTgyODAsImkiOjMsInEiOiI0ODBwIn0=",
    "decoded_data": {
      "id": 98280,
      "i": 3,
      "q": "480p"
    },
    "stream_url": "https://www.mp4upload.com/embed-u5cyk6l94gtg.html",
    "is_default": false,
    "timestamp": "2025-09-12T08:35:32.899Z"
  },
  {
    "anime_title": "Arcana Famiglia",
    "episode_title": "Arcana Famiglia Episode 8 Subtitle Indonesia",
    "episode_link": "https://otakudesu.best/episode/arcfmglia-episode-8-sub-indo/",
    "episode_date": "9 September,2020",
    "server": "mega",
    "quality": "480p",
    "data_content": "eyJpZCI6OTgyODAsImkiOjQsInEiOiI0ODBwIn0=",
    "decoded_data": {
      "id": 98280,
      "i": 4,
      "q": "480p"
    },
    "stream_url": "https://mega.nz/embed/BgYhnKYA#ZvYFX_kWCyldRGP3nURkqlJtFxO04rhXKuq5eBkn2EI",
    "is_default": false,
    "timestamp": "2025-09-12T08:35:32.955Z"
  },
  {
    "anime_title": "Arcana Famiglia",
    "episode_title": "Arcana Famiglia Episode 8 Subtitle Indonesia",
    "episode_link": "https://otakudesu.best/episode/arcfmglia-episode-8-sub-indo/",
    "episode_date": "9 September,2020",
    "server": "otakuplay",
    "quality": "480p",
    "data_content": "eyJpZCI6OTgyODAsImkiOjAsInEiOiI0ODBwIn0=",
    "decoded_data": {
      "id": 98280,
      "i": 0,
      "q": "480p"
    },
    "stream_url": "https://desustream.info/dstream/otakuplay/v2/index.php?id=bFVSLzdZQVZidm9kZjh1MnBTUkdLZHAycktrRUl3WWVYZ2F6WWJCY0JpOD0=",
    "is_default": true,
    "timestamp": "2025-09-12T08:35:32.804Z"
  },
  {
    "anime_title": "Arcana Famiglia",
    "episode_title": "Arcana Famiglia Episode 8 Subtitle Indonesia",
    "episode_link": "https://otakudesu.best/episode/arcfmglia-episode-8-sub-indo/",
    "episode_date": "9 September,2020",
    "server": "desudrive",
    "quality": "480p",
    "data_content": "eyJpZCI6OTgyODAsImkiOjEsInEiOiI0ODBwIn0=",
    "decoded_data": {
      "id": 98280,
      "i": 1,
      "q": "480p"
    },
    "stream_url": "https://desustream.info/dstream/desudrive/player.php?id=YTJVZWptTXovaUpMVlgva2EvQzMwUWhMM0tHQnArUmdqWEp6bWRLWWtUWXB6MWNVenVwM1ZUUmVWd3Vnb1k5Zw==",
    "is_default": false,
    "timestamp": "2025-09-12T08:35:32.825Z"
  },
  {
    "anime_title": "Arcana Famiglia",
    "episode_title": "Arcana Famiglia Episode 8 Subtitle Indonesia",
    "episode_link": "https://otakudesu.best/episode/arcfmglia-episode-8-sub-indo/",
    "episode_date": "9 September,2020",
    "server": "yourupload",
    "quality": "480p",
    "data_content": "eyJpZCI6OTgyODAsImkiOjIsInEiOiI0ODBwIn0=",
    "decoded_data": {
      "id": 98280,
      "i": 2,
      "q": "480p"
    },
    "stream_url": "https://desudrive.com/stream/yuplod.php?id=h4lEw68SVXnG",
    "is_default": false,
    "timestamp": "2025-09-12T08:35:32.879Z"
  },
  {
    "anime_title": "Arcana Famiglia",
    "episode_title": "Arcana Famiglia Episode 8 Subtitle Indonesia",
    "episode_link": "https://otakudesu.best/episode/arcfmglia-episode-8-sub-indo/",
    "episode_date": "9 September,2020",
    "server": "mp4load",
    "quality": "480p",
    "data_content": "eyJpZCI6OTgyODAsImkiOjMsInEiOiI0ODBwIn0=",
    "decoded_data": {
      "id": 98280,
      "i": 3,
      "q": "480p"
    },
    "stream_url": "https://www.mp4upload.com/embed-u5cyk6l94gtg.html",
    "is_default": false,
    "timestamp": "2025-09-12T08:35:32.899Z"
  },
  {
    "anime_title": "Arcana Famiglia",
    "episode_title": "Arcana Famiglia Episode 8 Subtitle Indonesia",
    "episode_link": "https://otakudesu.best/episode/arcfmglia-episode-8-sub-indo/",
    "episode_date": "9 September,2020",
    "server": "mega",
    "quality": "480p",
    "data_content": "eyJpZCI6OTgyODAsImkiOjQsInEiOiI0ODBwIn0=",
    "decoded_data": {
      "id": 98280,
      "i": 4,
      "q": "480p"
    },
    "stream_url": "https://mega.nz/embed/BgYhnKYA#ZvYFX_kWCyldRGP3nURkqlJtFxO04rhXKuq5eBkn2EI",
    "is_default": false,
    "timestamp": "2025-09-12T08:35:32.955Z"
  },
  {
    "anime_title": "Arcana Famiglia",
    "episode_title": "Arcana Famiglia Episode 9 Subtitle Indonesia",
    "episode_link": "https://otakudesu.best/episode/arcfmglia-episode-9-sub-indo/",
    "episode_date": "9 September,2020",
    "server": "otakuplay",
    "quality": "480p",
    "data_content": "eyJpZCI6OTgyODIsImkiOjAsInEiOiI0ODBwIn0=",
    "decoded_data": {
      "id": 98282,
      "i": 0,
      "q": "480p"
    },
    "stream_url": "https://desustream.info/dstream/otakuplay/v2/index.php?id=bFVSLzdZQVZidm9kZjh1MnBTUkdLZnlERTFXUFIweWVZbUpiZEhaeHZvTT0=",
    "is_default": true,
    "timestamp": "2025-09-12T08:35:33.596Z"
  },
  {
    "anime_title": "Arcana Famiglia",
    "episode_title": "Arcana Famiglia Episode 9 Subtitle Indonesia",
    "episode_link": "https://otakudesu.best/episode/arcfmglia-episode-9-sub-indo/",
    "episode_date": "9 September,2020",
    "server": "desudrive",
    "quality": "480p",
    "data_content": "eyJpZCI6OTgyODIsImkiOjEsInEiOiI0ODBwIn0=",
    "decoded_data": {
      "id": 98282,
      "i": 1,
      "q": "480p"
    },
    "stream_url": "https://desustream.info/dstream/desudrive/player.php?id=eU03ZnhEUk03YWVFUk4xVW4rV1I1cmhqRlZ2ZkNwNlJ2VVlQS3E5WjhmUVphUjJrRDhFZUpnNlFlNVY4aEtmSw==",
    "is_default": false,
    "timestamp": "2025-09-12T08:35:33.616Z"
  },
  {
    "anime_title": "Arcana Famiglia",
    "episode_title": "Arcana Famiglia Episode 9 Subtitle Indonesia",
    "episode_link": "https://otakudesu.best/episode/arcfmglia-episode-9-sub-indo/",
    "episode_date": "9 September,2020",
    "server": "yourupload",
    "quality": "480p",
    "data_content": "eyJpZCI6OTgyODIsImkiOjIsInEiOiI0ODBwIn0=",
    "decoded_data": {
      "id": 98282,
      "i": 2,
      "q": "480p"
    },
    "stream_url": "https://desudrive.com/stream/yuplod.php?id=3bYDReH51881",
    "is_default": false,
    "timestamp": "2025-09-12T08:35:33.655Z"
  },
  {
    "anime_title": "Arcana Famiglia",
    "episode_title": "Arcana Famiglia Episode 9 Subtitle Indonesia",
    "episode_link": "https://otakudesu.best/episode/arcfmglia-episode-9-sub-indo/",
    "episode_date": "9 September,2020",
    "server": "mp4load",
    "quality": "480p",
    "data_content": "eyJpZCI6OTgyODIsImkiOjMsInEiOiI0ODBwIn0=",
    "decoded_data": {
      "id": 98282,
      "i": 3,
      "q": "480p"
    },
    "stream_url": "https://www.mp4upload.com/embed-80psf87v18hk.html",
    "is_default": false,
    "timestamp": "2025-09-12T08:35:33.676Z"
  },
  {
    "anime_title": "Arcana Famiglia",
    "episode_title": "Arcana Famiglia Episode 9 Subtitle Indonesia",
    "episode_link": "https://otakudesu.best/episode/arcfmglia-episode-9-sub-indo/",
    "episode_date": "9 September,2020",
    "server": "mega",
    "quality": "480p",
    "data_content": "eyJpZCI6OTgyODIsImkiOjQsInEiOiI0ODBwIn0=",
    "decoded_data": {
      "id": 98282,
      "i": 4,
      "q": "480p"
    },
    "stream_url": "https://mega.nz/embed/59RhgSia#Bt6KlkX87CIVqLBD7Dr8T3Hv01e4MBJruCh8iwafnok",
    "is_default": false,
    "timestamp": "2025-09-12T08:35:33.717Z"
  },
  {
    "anime_title": "Arcana Famiglia",
    "episode_title": "Arcana Famiglia Episode 9 Subtitle Indonesia",
    "episode_link": "https://otakudesu.best/episode/arcfmglia-episode-9-sub-indo/",
    "episode_date": "9 September,2020",
    "server": "otakuplay",
    "quality": "480p",
    "data_content": "eyJpZCI6OTgyODIsImkiOjAsInEiOiI0ODBwIn0=",
    "decoded_data": {
      "id": 98282,
      "i": 0,
      "q": "480p"
    },
    "stream_url": "https://desustream.info/dstream/otakuplay/v2/index.php?id=bFVSLzdZQVZidm9kZjh1MnBTUkdLZnlERTFXUFIweWVZbUpiZEhaeHZvTT0=",
    "is_default": true,
    "timestamp": "2025-09-12T08:35:33.596Z"
  },
  {
    "anime_title": "Arcana Famiglia",
    "episode_title": "Arcana Famiglia Episode 9 Subtitle Indonesia",
    "episode_link": "https://otakudesu.best/episode/arcfmglia-episode-9-sub-indo/",
    "episode_date": "9 September,2020",
    "server": "desudrive",
    "quality": "480p",
    "data_content": "eyJpZCI6OTgyODIsImkiOjEsInEiOiI0ODBwIn0=",
    "decoded_data": {
      "id": 98282,
      "i": 1,
      "q": "480p"
    },
    "stream_url": "https://desustream.info/dstream/desudrive/player.php?id=eU03ZnhEUk03YWVFUk4xVW4rV1I1cmhqRlZ2ZkNwNlJ2VVlQS3E5WjhmUVphUjJrRDhFZUpnNlFlNVY4aEtmSw==",
    "is_default": false,
    "timestamp": "2025-09-12T08:35:33.616Z"
  },
  {
    "anime_title": "Arcana Famiglia",
    "episode_title": "Arcana Famiglia Episode 9 Subtitle Indonesia",
    "episode_link": "https://otakudesu.best/episode/arcfmglia-episode-9-sub-indo/",
    "episode_date": "9 September,2020",
    "server": "yourupload",
    "quality": "480p",
    "data_content": "eyJpZCI6OTgyODIsImkiOjIsInEiOiI0ODBwIn0=",
    "decoded_data": {
      "id": 98282,
      "i": 2,
      "q": "480p"
    },
    "stream_url": "https://desudrive.com/stream/yuplod.php?id=3bYDReH51881",
    "is_default": false,
    "timestamp": "2025-09-12T08:35:33.655Z"
  },
  {
    "anime_title": "Arcana Famiglia",
    "episode_title": "Arcana Famiglia Episode 9 Subtitle Indonesia",
    "episode_link": "https://otakudesu.best/episode/arcfmglia-episode-9-sub-indo/",
    "episode_date": "9 September,2020",
    "server": "mp4load",
    "quality": "480p",
    "data_content": "eyJpZCI6OTgyODIsImkiOjMsInEiOiI0ODBwIn0=",
    "decoded_data": {
      "id": 98282,
      "i": 3,
      "q": "480p"
    },
    "stream_url": "https://www.mp4upload.com/embed-80psf87v18hk.html",
    "is_default": false,
    "timestamp": "2025-09-12T08:35:33.676Z"
  },
  {
    "anime_title": "Arcana Famiglia",
    "episode_title": "Arcana Famiglia Episode 9 Subtitle Indonesia",
    "episode_link": "https://otakudesu.best/episode/arcfmglia-episode-9-sub-indo/",
    "episode_date": "9 September,2020",
    "server": "mega",
    "quality": "480p",
    "data_content": "eyJpZCI6OTgyODIsImkiOjQsInEiOiI0ODBwIn0=",
    "decoded_data": {
      "id": 98282,
      "i": 4,
      "q": "480p"
    },
    "stream_url": "https://mega.nz/embed/59RhgSia#Bt6KlkX87CIVqLBD7Dr8T3Hv01e4MBJruCh8iwafnok",
    "is_default": false,
    "timestamp": "2025-09-12T08:35:33.717Z"
  },
  {
    "anime_title": "Arcana Famiglia",
    "episode_title": "Arcana Famiglia Episode 10 Subtitle Indonesia",
    "episode_link": "https://otakudesu.best/episode/arcfmglia-episode-10-sub-indo/",
    "episode_date": "9 September,2020",
    "server": "otakuplay",
    "quality": "480p",
    "data_content": "eyJpZCI6OTgyODEsImkiOjAsInEiOiI0ODBwIn0=",
    "decoded_data": {
      "id": 98281,
      "i": 0,
      "q": "480p"
    },
    "stream_url": "https://desustream.info/dstream/otakuplay/v2/index.php?id=bFVSLzdZQVZidm9kZjh1MnBTUkdLZW8xc3U1ci83TTFReFVTRWIrVFRjdz0=",
    "is_default": true,
    "timestamp": "2025-09-12T08:35:34.315Z"
  },
  {
    "anime_title": "Arcana Famiglia",
    "episode_title": "Arcana Famiglia Episode 10 Subtitle Indonesia",
    "episode_link": "https://otakudesu.best/episode/arcfmglia-episode-10-sub-indo/",
    "episode_date": "9 September,2020",
    "server": "desudrive",
    "quality": "480p",
    "data_content": "eyJpZCI6OTgyODEsImkiOjEsInEiOiI0ODBwIn0=",
    "decoded_data": {
      "id": 98281,
      "i": 1,
      "q": "480p"
    },
    "stream_url": "https://desustream.info/dstream/desudrive/player.php?id=WWoyVXNtbmM0K3FIUDlKQlNQMVZOTnhNeEhpaVRzNjJIWXduVWlCN0tpeFloUHRUMXNwTEVXS3NWZ0pmdkdIRg==",
    "is_default": false,
    "timestamp": "2025-09-12T08:35:34.349Z"
  },
  {
    "anime_title": "Arcana Famiglia",
    "episode_title": "Arcana Famiglia Episode 10 Subtitle Indonesia",
    "episode_link": "https://otakudesu.best/episode/arcfmglia-episode-10-sub-indo/",
    "episode_date": "9 September,2020",
    "server": "yourupload",
    "quality": "480p",
    "data_content": "eyJpZCI6OTgyODEsImkiOjIsInEiOiI0ODBwIn0=",
    "decoded_data": {
      "id": 98281,
      "i": 2,
      "q": "480p"
    },
    "stream_url": "https://desudrive.com/stream/yuplod.php?id=oar4QBDU5bUX",
    "is_default": false,
    "timestamp": "2025-09-12T08:35:34.395Z"
  },
  {
    "anime_title": "Arcana Famiglia",
    "episode_title": "Arcana Famiglia Episode 10 Subtitle Indonesia",
    "episode_link": "https://otakudesu.best/episode/arcfmglia-episode-10-sub-indo/",
    "episode_date": "9 September,2020",
    "server": "mp4load",
    "quality": "480p",
    "data_content": "eyJpZCI6OTgyODEsImkiOjMsInEiOiI0ODBwIn0=",
    "decoded_data": {
      "id": 98281,
      "i": 3,
      "q": "480p"
    },
    "stream_url": "https://www.mp4upload.com/embed-lmra0dinffdl.html",
    "is_default": false,
    "timestamp": "2025-09-12T08:35:34.434Z"
  },
  {
    "anime_title": "Arcana Famiglia",
    "episode_title": "Arcana Famiglia Episode 10 Subtitle Indonesia",
    "episode_link": "https://otakudesu.best/episode/arcfmglia-episode-10-sub-indo/",
    "episode_date": "9 September,2020",
    "server": "mega",
    "quality": "480p",
    "data_content": "eyJpZCI6OTgyODEsImkiOjQsInEiOiI0ODBwIn0=",
    "decoded_data": {
      "id": 98281,
      "i": 4,
      "q": "480p"
    },
    "stream_url": "https://mega.nz/embed/Z9IRHALI#L3aJHgQW6W5CrgnVZ2fjDiiE4XF70Jl4zGIR6erOl3E",
    "is_default": false,
    "timestamp": "2025-09-12T08:35:34.481Z"
  },
  {
    "anime_title": "Arcana Famiglia",
    "episode_title": "Arcana Famiglia Episode 10 Subtitle Indonesia",
    "episode_link": "https://otakudesu.best/episode/arcfmglia-episode-10-sub-indo/",
    "episode_date": "9 September,2020",
    "server": "otakuplay",
    "quality": "480p",
    "data_content": "eyJpZCI6OTgyODEsImkiOjAsInEiOiI0ODBwIn0=",
    "decoded_data": {
      "id": 98281,
      "i": 0,
      "q": "480p"
    },
    "stream_url": "https://desustream.info/dstream/otakuplay/v2/index.php?id=bFVSLzdZQVZidm9kZjh1MnBTUkdLZW8xc3U1ci83TTFReFVTRWIrVFRjdz0=",
    "is_default": true,
    "timestamp": "2025-09-12T08:35:34.315Z"
  },
  {
    "anime_title": "Arcana Famiglia",
    "episode_title": "Arcana Famiglia Episode 10 Subtitle Indonesia",
    "episode_link": "https://otakudesu.best/episode/arcfmglia-episode-10-sub-indo/",
    "episode_date": "9 September,2020",
    "server": "desudrive",
    "quality": "480p",
    "data_content": "eyJpZCI6OTgyODEsImkiOjEsInEiOiI0ODBwIn0=",
    "decoded_data": {
      "id": 98281,
      "i": 1,
      "q": "480p"
    },
    "stream_url": "https://desustream.info/dstream/desudrive/player.php?id=WWoyVXNtbmM0K3FIUDlKQlNQMVZOTnhNeEhpaVRzNjJIWXduVWlCN0tpeFloUHRUMXNwTEVXS3NWZ0pmdkdIRg==",
    "is_default": false,
    "timestamp": "2025-09-12T08:35:34.349Z"
  },
  {
    "anime_title": "Arcana Famiglia",
    "episode_title": "Arcana Famiglia Episode 10 Subtitle Indonesia",
    "episode_link": "https://otakudesu.best/episode/arcfmglia-episode-10-sub-indo/",
    "episode_date": "9 September,2020",
    "server": "yourupload",
    "quality": "480p",
    "data_content": "eyJpZCI6OTgyODEsImkiOjIsInEiOiI0ODBwIn0=",
    "decoded_data": {
      "id": 98281,
      "i": 2,
      "q": "480p"
    },
    "stream_url": "https://desudrive.com/stream/yuplod.php?id=oar4QBDU5bUX",
    "is_default": false,
    "timestamp": "2025-09-12T08:35:34.395Z"
  },
  {
    "anime_title": "Arcana Famiglia",
    "episode_title": "Arcana Famiglia Episode 10 Subtitle Indonesia",
    "episode_link": "https://otakudesu.best/episode/arcfmglia-episode-10-sub-indo/",
    "episode_date": "9 September,2020",
    "server": "mp4load",
    "quality": "480p",
    "data_content": "eyJpZCI6OTgyODEsImkiOjMsInEiOiI0ODBwIn0=",
    "decoded_data": {
      "id": 98281,
      "i": 3,
      "q": "480p"
    },
    "stream_url": "https://www.mp4upload.com/embed-lmra0dinffdl.html",
    "is_default": false,
    "timestamp": "2025-09-12T08:35:34.434Z"
  },
  {
    "anime_title": "Arcana Famiglia",
    "episode_title": "Arcana Famiglia Episode 10 Subtitle Indonesia",
    "episode_link": "https://otakudesu.best/episode/arcfmglia-episode-10-sub-indo/",
    "episode_date": "9 September,2020",
    "server": "mega",
    "quality": "480p",
    "data_content": "eyJpZCI6OTgyODEsImkiOjQsInEiOiI0ODBwIn0=",
    "decoded_data": {
      "id": 98281,
      "i": 4,
      "q": "480p"
    },
    "stream_url": "https://mega.nz/embed/Z9IRHALI#L3aJHgQW6W5CrgnVZ2fjDiiE4XF70Jl4zGIR6erOl3E",
    "is_default": false,
    "timestamp": "2025-09-12T08:35:34.481Z"
  }
]