[
  {
    "anime_title": "Akuyaku Reijou Tensei Ojisan On-Going",
    "episode_title": "Akuyaku Reijou Tensei Ojisan Episode 3 Subtitle Indonesia",
    "episode_link": "https://otakudesu.best/episode/arto-episode-3-sub-indo/",
    "episode_date": "24 Januari,2025",
    "server": "pdrain",
    "quality": "360p",
    "data_content": "eyJpZCI6MTc1NDQ0LCJpIjoxLCJxIjoiMzYwcCJ9",
    "decoded_data": {
      "id": 175444,
      "i": 1,
      "q": "360p"
    },
    "stream_url": "https://www.pixeldrain.com/u/sSZthYht?embed",
    "is_default": false,
    "timestamp": "2025-09-12T08:16:16.331Z"
  },
  {
    "anime_title": "Akuyaku Reijou Tensei Ojisan On-Going",
    "episode_title": "Akuyaku Reijou Tensei Ojisan Episode 3 Subtitle Indonesia",
    "episode_link": "https://otakudesu.best/episode/arto-episode-3-sub-indo/",
    "episode_date": "24 Januari,2025",
    "server": "odstream",
    "quality": "360p",
    "data_content": "eyJpZCI6MTc1NDQ0LCJpIjoyLCJxIjoiMzYwcCJ9",
    "decoded_data": {
      "id": 175444,
      "i": 2,
      "q": "360p"
    },
    "stream_url": "https://desustream.info/dstream/arcg/?id=SlFSemlvSTNXNW5nNWVSeTZGUUMwRlMwQm5QSC84M29BaHZFNHpZMzA2YlNQellPL01HOUZlZm5sVDIxTWYrSw==",
    "is_default": false,
    "timestamp": "2025-09-12T08:16:16.371Z"
  },
  {
    "anime_title": "Akuyaku Reijou Tensei Ojisan On-Going",
    "episode_title": "Akuyaku Reijou Tensei Ojisan Episode 3 Subtitle Indonesia",
    "episode_link": "https://otakudesu.best/episode/arto-episode-3-sub-indo/",
    "episode_date": "24 Januari,2025",
    "server": "mega",
    "quality": "360p",
    "data_content": "eyJpZCI6MTc1NDQ0LCJpIjozLCJxIjoiMzYwcCJ9",
    "decoded_data": {
      "id": 175444,
      "i": 3,
      "q": "360p"
    },
    "stream_url": "https://mega.nz/embed/fywwyK6L#Ecumk53FxFMvV8MagpLJleR39V8DYihyX0jB85H-NHE",
    "is_default": false,
    "timestamp": "2025-09-12T08:16:16.383Z"
  },
  {
    "anime_title": "Akuyaku Reijou Tensei Ojisan On-Going",
    "episode_title": "Akuyaku Reijou Tensei Ojisan Episode 3 Subtitle Indonesia",
    "episode_link": "https://otakudesu.best/episode/arto-episode-3-sub-indo/",
    "episode_date": "24 Januari,2025",
    "server": "ondesu3",
    "quality": "480p",
    "data_content": "eyJpZCI6MTc1NDQ0LCJpIjowLCJxIjoiNDgwcCJ9",
    "decoded_data": {
      "id": 175444,
      "i": 0,
      "q": "480p"
    },
    "stream_url": "https://desustream.info/dstream/ondesu3/v5/index.php?id=T1hBNEh2NFVOTm9sUk4rUDNoaGh5dz09",
    "is_default": true,
    "timestamp": "2025-09-12T08:16:16.472Z"
  },
  {
    "anime_title": "Akuyaku Reijou Tensei Ojisan On-Going",
    "episode_title": "Akuyaku Reijou Tensei Ojisan Episode 3 Subtitle Indonesia",
    "episode_link": "https://otakudesu.best/episode/arto-episode-3-sub-indo/",
    "episode_date": "24 Januari,2025",
    "server": "vidhide",
    "quality": "480p",
    "data_content": "eyJpZCI6MTc1NDQ0LCJpIjoxLCJxIjoiNDgwcCJ9",
    "decoded_data": {
      "id": 175444,
      "i": 1,
      "q": "480p"
    },
    "stream_url": "https://odvidhide.com/embed/qpxqbbsme1x2",
    "is_default": false,
    "timestamp": "2025-09-12T08:16:16.492Z"
  },
  {
    "anime_title": "Akuyaku Reijou Tensei Ojisan On-Going",
    "episode_title": "Akuyaku Reijou Tensei Ojisan Episode 3 Subtitle Indonesia",
    "episode_link": "https://otakudesu.best/episode/arto-episode-3-sub-indo/",
    "episode_date": "24 Januari,2025",
    "server": "odstream",
    "quality": "480p",
    "data_content": "eyJpZCI6MTc1NDQ0LCJpIjozLCJxIjoiNDgwcCJ9",
    "decoded_data": {
      "id": 175444,
      "i": 3,
      "q": "480p"
    },
    "stream_url": "https://desustream.info/dstream/arcg/?id=SlFSemlvSTNXNW5nNWVSeTZGUUMwRlMwQm5QSC84M29BaHZFNHpZMzA2YUF3TWJEcWJWeDN3YnhXMGNwNldrUQ==",
    "is_default": false,
    "timestamp": "2025-09-12T08:16:16.566Z"
  },
  {
    "anime_title": "Akuyaku Reijou Tensei Ojisan On-Going",
    "episode_title": "Akuyaku Reijou Tensei Ojisan Episode 3 Subtitle Indonesia",
    "episode_link": "https://otakudesu.best/episode/arto-episode-3-sub-indo/",
    "episode_date": "24 Januari,2025",
    "server": "pdrain",
    "quality": "480p",
    "data_content": "eyJpZCI6MTc1NDQ0LCJpIjoyLCJxIjoiNDgwcCJ9",
    "decoded_data": {
      "id": 175444,
      "i": 2,
      "q": "480p"
    },
    "stream_url": "https://www.pixeldrain.com/u/NKzWL5e5?embed",
    "is_default": false,
    "timestamp": "2025-09-12T08:16:16.579Z"
  },
  {
    "anime_title": "Akuyaku Reijou Tensei Ojisan On-Going",
    "episode_title": "Akuyaku Reijou Tensei Ojisan Episode 3 Subtitle Indonesia",
    "episode_link": "https://otakudesu.best/episode/arto-episode-3-sub-indo/",
    "episode_date": "24 Januari,2025",
    "server": "mega",
    "quality": "480p",
    "data_content": "eyJpZCI6MTc1NDQ0LCJpIjo0LCJxIjoiNDgwcCJ9",
    "decoded_data": {
      "id": 175444,
      "i": 4,
      "q": "480p"
    },
    "stream_url": "https://mega.nz/embed/v35SHDxC#grF8bmc7R-SyHjxxBk0f2JpIBtm-05BF9gyivnzrOjI",
    "is_default": false,
    "timestamp": "2025-09-12T08:16:16.703Z"
  },
  {
    "anime_title": "Akuyaku Reijou Tensei Ojisan On-Going",
    "episode_title": "Akuyaku Reijou Tensei Ojisan Episode 3 Subtitle Indonesia",
    "episode_link": "https://otakudesu.best/episode/arto-episode-3-sub-indo/",
    "episode_date": "24 Januari,2025",
    "server": "vidhide",
    "quality": "720p",
    "data_content": "eyJpZCI6MTc1NDQ0LCJpIjowLCJxIjoiNzIwcCJ9",
    "decoded_data": {
      "id": 175444,
      "i": 0,
      "q": "720p"
    },
    "stream_url": "https://odvidhide.com/embed/220xnqjspomt",
    "is_default": false,
    "timestamp": "2025-09-12T08:16:16.714Z"
  },
  {
    "anime_title": "Akuyaku Reijou Tensei Ojisan On-Going",
    "episode_title": "Akuyaku Reijou Tensei Ojisan Episode 3 Subtitle Indonesia",
    "episode_link": "https://otakudesu.best/episode/arto-episode-3-sub-indo/",
    "episode_date": "24 Januari,2025",
    "server": "vidhide",
    "quality": "360p",
    "data_content": "eyJpZCI6MTc1NDQ0LCJpIjowLCJxIjoiMzYwcCJ9",
    "decoded_data": {
      "id": 175444,
      "i": 0,
      "q": "360p"
    },
    "stream_url": "https://odvidhide.com/embed/kzosm6g04jqw",
    "is_default": false,
    "timestamp": "2025-09-12T08:16:16.724Z"
  },
  {
    "anime_title": "Akuyaku Reijou Tensei Ojisan On-Going",
    "episode_title": "Akuyaku Reijou Tensei Ojisan Episode 3 Subtitle Indonesia",
    "episode_link": "https://otakudesu.best/episode/arto-episode-3-sub-indo/",
    "episode_date": "24 Januari,2025",
    "server": "mega",
    "quality": "720p",
    "data_content": "eyJpZCI6MTc1NDQ0LCJpIjo0LCJxIjoiNzIwcCJ9",
    "decoded_data": {
      "id": 175444,
      "i": 4,
      "q": "720p"
    },
    "stream_url": "https://mega.nz/embed/TrIA0ZxI#47-ZwFZMR2TJ_5KddUNqTwd_j4hwQXmmQVXa3DBIjpQ",
    "is_default": false,
    "timestamp": "2025-09-12T08:16:17.723Z"
  },
  {
    "anime_title": "Akuyaku Reijou Tensei Ojisan On-Going",
    "episode_title": "Akuyaku Reijou Tensei Ojisan Episode 3 Subtitle Indonesia",
    "episode_link": "https://otakudesu.best/episode/arto-episode-3-sub-indo/",
    "episode_date": "24 Januari,2025",
    "server": "pdrain",
    "quality": "720p",
    "data_content": "eyJpZCI6MTc1NDQ0LCJpIjoyLCJxIjoiNzIwcCJ9",
    "decoded_data": {
      "id": 175444,
      "i": 2,
      "q": "720p"
    },
    "stream_url": "https://www.pixeldrain.com/u/wQs9XL9C?embed",
    "is_default": false,
    "timestamp": "2025-09-12T08:16:17.735Z"
  },
  {
    "anime_title": "Akuyaku Reijou Tensei Ojisan On-Going",
    "episode_title": "Akuyaku Reijou Tensei Ojisan Episode 3 Subtitle Indonesia",
    "episode_link": "https://otakudesu.best/episode/arto-episode-3-sub-indo/",
    "episode_date": "24 Januari,2025",
    "server": "odstream",
    "quality": "720p",
    "data_content": "eyJpZCI6MTc1NDQ0LCJpIjozLCJxIjoiNzIwcCJ9",
    "decoded_data": {
      "id": 175444,
      "i": 3,
      "q": "720p"
    },
    "stream_url": "https://desustream.info/dstream/arcg/?id=SlFSemlvSTNXNW5nNWVSeTZGUUMwRlMwQm5QSC84M29BaHZFNHpZMzA2WTNQV243eDhNYy80ZEZ3MkZtVnZGcQ==",
    "is_default": false,
    "timestamp": "2025-09-12T08:16:17.745Z"
  },
  {
    "anime_title": "Akuyaku Reijou Tensei Ojisan On-Going",
    "episode_title": "Akuyaku Reijou Tensei Ojisan Episode 3 Subtitle Indonesia",
    "episode_link": "https://otakudesu.best/episode/arto-episode-3-sub-indo/",
    "episode_date": "24 Januari,2025",
    "server": "ondesuhd",
    "quality": "720p",
    "data_content": "eyJpZCI6MTc1NDQ0LCJpIjoxLCJxIjoiNzIwcCJ9",
    "decoded_data": {
      "id": 175444,
      "i": 1,
      "q": "720p"
    },
    "stream_url": "https://desustream.info/dstream/ondesu/hd/v2/index.php?id=T1hBNEh2NFVOTm9sUk4rUDNoaGh5dz09",
    "is_default": false,
    "timestamp": "2025-09-12T08:16:17.756Z"
  },
  {
    "anime_title": "Akuyaku Reijou Tensei Ojisan On-Going",
    "episode_title": "Akuyaku Reijou Tensei Ojisan Episode 3 Subtitle Indonesia",
    "episode_link": "https://otakudesu.best/episode/arto-episode-3-sub-indo/",
    "episode_date": "24 Januari,2025",
    "server": "vidhide",
    "quality": "360p",
    "data_content": "eyJpZCI6MTc1NDQ0LCJpIjowLCJxIjoiMzYwcCJ9",
    "decoded_data": {
      "id": 175444,
      "i": 0,
      "q": "360p"
    },
    "stream_url": "https://odvidhide.com/embed/kzosm6g04jqw",
    "is_default": false,
    "timestamp": "2025-09-12T08:16:16.724Z"
  },
  {
    "anime_title": "Akuyaku Reijou Tensei Ojisan On-Going",
    "episode_title": "Akuyaku Reijou Tensei Ojisan Episode 3 Subtitle Indonesia",
    "episode_link": "https://otakudesu.best/episode/arto-episode-3-sub-indo/",
    "episode_date": "24 Januari,2025",
    "server": "pdrain",
    "quality": "360p",
    "data_content": "eyJpZCI6MTc1NDQ0LCJpIjoxLCJxIjoiMzYwcCJ9",
    "decoded_data": {
      "id": 175444,
      "i": 1,
      "q": "360p"
    },
    "stream_url": "https://www.pixeldrain.com/u/sSZthYht?embed",
    "is_default": false,
    "timestamp": "2025-09-12T08:16:16.331Z"
  },
  {
    "anime_title": "Akuyaku Reijou Tensei Ojisan On-Going",
    "episode_title": "Akuyaku Reijou Tensei Ojisan Episode 3 Subtitle Indonesia",
    "episode_link": "https://otakudesu.best/episode/arto-episode-3-sub-indo/",
    "episode_date": "24 Januari,2025",
    "server": "odstream",
    "quality": "360p",
    "data_content": "eyJpZCI6MTc1NDQ0LCJpIjoyLCJxIjoiMzYwcCJ9",
    "decoded_data": {
      "id": 175444,
      "i": 2,
      "q": "360p"
    },
    "stream_url": "https://desustream.info/dstream/arcg/?id=SlFSemlvSTNXNW5nNWVSeTZGUUMwRlMwQm5QSC84M29BaHZFNHpZMzA2YlNQellPL01HOUZlZm5sVDIxTWYrSw==",
    "is_default": false,
    "timestamp": "2025-09-12T08:16:16.371Z"
  },
  {
    "anime_title": "Akuyaku Reijou Tensei Ojisan On-Going",
    "episode_title": "Akuyaku Reijou Tensei Ojisan Episode 3 Subtitle Indonesia",
    "episode_link": "https://otakudesu.best/episode/arto-episode-3-sub-indo/",
    "episode_date": "24 Januari,2025",
    "server": "mega",
    "quality": "360p",
    "data_content": "eyJpZCI6MTc1NDQ0LCJpIjozLCJxIjoiMzYwcCJ9",
    "decoded_data": {
      "id": 175444,
      "i": 3,
      "q": "360p"
    },
    "stream_url": "https://mega.nz/embed/fywwyK6L#Ecumk53FxFMvV8MagpLJleR39V8DYihyX0jB85H-NHE",
    "is_default": false,
    "timestamp": "2025-09-12T08:16:16.383Z"
  },
  {
    "anime_title": "Akuyaku Reijou Tensei Ojisan On-Going",
    "episode_title": "Akuyaku Reijou Tensei Ojisan Episode 3 Subtitle Indonesia",
    "episode_link": "https://otakudesu.best/episode/arto-episode-3-sub-indo/",
    "episode_date": "24 Januari,2025",
    "server": "ondesu3",
    "quality": "480p",
    "data_content": "eyJpZCI6MTc1NDQ0LCJpIjowLCJxIjoiNDgwcCJ9",
    "decoded_data": {
      "id": 175444,
      "i": 0,
      "q": "480p"
    },
    "stream_url": "https://desustream.info/dstream/ondesu3/v5/index.php?id=T1hBNEh2NFVOTm9sUk4rUDNoaGh5dz09",
    "is_default": true,
    "timestamp": "2025-09-12T08:16:16.472Z"
  },
  {
    "anime_title": "Akuyaku Reijou Tensei Ojisan On-Going",
    "episode_title": "Akuyaku Reijou Tensei Ojisan Episode 3 Subtitle Indonesia",
    "episode_link": "https://otakudesu.best/episode/arto-episode-3-sub-indo/",
    "episode_date": "24 Januari,2025",
    "server": "vidhide",
    "quality": "480p",
    "data_content": "eyJpZCI6MTc1NDQ0LCJpIjoxLCJxIjoiNDgwcCJ9",
    "decoded_data": {
      "id": 175444,
      "i": 1,
      "q": "480p"
    },
    "stream_url": "https://odvidhide.com/embed/qpxqbbsme1x2",
    "is_default": false,
    "timestamp": "2025-09-12T08:16:16.492Z"
  },
  {
    "anime_title": "Akuyaku Reijou Tensei Ojisan On-Going",
    "episode_title": "Akuyaku Reijou Tensei Ojisan Episode 3 Subtitle Indonesia",
    "episode_link": "https://otakudesu.best/episode/arto-episode-3-sub-indo/",
    "episode_date": "24 Januari,2025",
    "server": "pdrain",
    "quality": "480p",
    "data_content": "eyJpZCI6MTc1NDQ0LCJpIjoyLCJxIjoiNDgwcCJ9",
    "decoded_data": {
      "id": 175444,
      "i": 2,
      "q": "480p"
    },
    "stream_url": "https://www.pixeldrain.com/u/NKzWL5e5?embed",
    "is_default": false,
    "timestamp": "2025-09-12T08:16:16.579Z"
  },
  {
    "anime_title": "Akuyaku Reijou Tensei Ojisan On-Going",
    "episode_title": "Akuyaku Reijou Tensei Ojisan Episode 3 Subtitle Indonesia",
    "episode_link": "https://otakudesu.best/episode/arto-episode-3-sub-indo/",
    "episode_date": "24 Januari,2025",
    "server": "odstream",
    "quality": "480p",
    "data_content": "eyJpZCI6MTc1NDQ0LCJpIjozLCJxIjoiNDgwcCJ9",
    "decoded_data": {
      "id": 175444,
      "i": 3,
      "q": "480p"
    },
    "stream_url": "https://desustream.info/dstream/arcg/?id=SlFSemlvSTNXNW5nNWVSeTZGUUMwRlMwQm5QSC84M29BaHZFNHpZMzA2YUF3TWJEcWJWeDN3YnhXMGNwNldrUQ==",
    "is_default": false,
    "timestamp": "2025-09-12T08:16:16.566Z"
  },
  {
    "anime_title": "Akuyaku Reijou Tensei Ojisan On-Going",
    "episode_title": "Akuyaku Reijou Tensei Ojisan Episode 3 Subtitle Indonesia",
    "episode_link": "https://otakudesu.best/episode/arto-episode-3-sub-indo/",
    "episode_date": "24 Januari,2025",
    "server": "mega",
    "quality": "480p",
    "data_content": "eyJpZCI6MTc1NDQ0LCJpIjo0LCJxIjoiNDgwcCJ9",
    "decoded_data": {
      "id": 175444,
      "i": 4,
      "q": "480p"
    },
    "stream_url": "https://mega.nz/embed/v35SHDxC#grF8bmc7R-SyHjxxBk0f2JpIBtm-05BF9gyivnzrOjI",
    "is_default": false,
    "timestamp": "2025-09-12T08:16:16.703Z"
  },
  {
    "anime_title": "Akuyaku Reijou Tensei Ojisan On-Going",
    "episode_title": "Akuyaku Reijou Tensei Ojisan Episode 3 Subtitle Indonesia",
    "episode_link": "https://otakudesu.best/episode/arto-episode-3-sub-indo/",
    "episode_date": "24 Januari,2025",
    "server": "vidhide",
    "quality": "720p",
    "data_content": "eyJpZCI6MTc1NDQ0LCJpIjowLCJxIjoiNzIwcCJ9",
    "decoded_data": {
      "id": 175444,
      "i": 0,
      "q": "720p"
    },
    "stream_url": "https://odvidhide.com/embed/220xnqjspomt",
    "is_default": false,
    "timestamp": "2025-09-12T08:16:16.714Z"
  },
  {
    "anime_title": "Akuyaku Reijou Tensei Ojisan On-Going",
    "episode_title": "Akuyaku Reijou Tensei Ojisan Episode 3 Subtitle Indonesia",
    "episode_link": "https://otakudesu.best/episode/arto-episode-3-sub-indo/",
    "episode_date": "24 Januari,2025",
    "server": "ondesuhd",
    "quality": "720p",
    "data_content": "eyJpZCI6MTc1NDQ0LCJpIjoxLCJxIjoiNzIwcCJ9",
    "decoded_data": {
      "id": 175444,
      "i": 1,
      "q": "720p"
    },
    "stream_url": "https://desustream.info/dstream/ondesu/hd/v2/index.php?id=T1hBNEh2NFVOTm9sUk4rUDNoaGh5dz09",
    "is_default": false,
    "timestamp": "2025-09-12T08:16:17.756Z"
  },
  {
    "anime_title": "Akuyaku Reijou Tensei Ojisan On-Going",
    "episode_title": "Akuyaku Reijou Tensei Ojisan Episode 3 Subtitle Indonesia",
    "episode_link": "https://otakudesu.best/episode/arto-episode-3-sub-indo/",
    "episode_date": "24 Januari,2025",
    "server": "pdrain",
    "quality": "720p",
    "data_content": "eyJpZCI6MTc1NDQ0LCJpIjoyLCJxIjoiNzIwcCJ9",
    "decoded_data": {
      "id": 175444,
      "i": 2,
      "q": "720p"
    },
    "stream_url": "https://www.pixeldrain.com/u/wQs9XL9C?embed",
    "is_default": false,
    "timestamp": "2025-09-12T08:16:17.735Z"
  },
  {
    "anime_title": "Akuyaku Reijou Tensei Ojisan On-Going",
    "episode_title": "Akuyaku Reijou Tensei Ojisan Episode 3 Subtitle Indonesia",
    "episode_link": "https://otakudesu.best/episode/arto-episode-3-sub-indo/",
    "episode_date": "24 Januari,2025",
    "server": "odstream",
    "quality": "720p",
    "data_content": "eyJpZCI6MTc1NDQ0LCJpIjozLCJxIjoiNzIwcCJ9",
    "decoded_data": {
      "id": 175444,
      "i": 3,
      "q": "720p"
    },
    "stream_url": "https://desustream.info/dstream/arcg/?id=SlFSemlvSTNXNW5nNWVSeTZGUUMwRlMwQm5QSC84M29BaHZFNHpZMzA2WTNQV243eDhNYy80ZEZ3MkZtVnZGcQ==",
    "is_default": false,
    "timestamp": "2025-09-12T08:16:17.745Z"
  },
  {
    "anime_title": "Akuyaku Reijou Tensei Ojisan On-Going",
    "episode_title": "Akuyaku Reijou Tensei Ojisan Episode 3 Subtitle Indonesia",
    "episode_link": "https://otakudesu.best/episode/arto-episode-3-sub-indo/",
    "episode_date": "24 Januari,2025",
    "server": "mega",
    "quality": "720p",
    "data_content": "eyJpZCI6MTc1NDQ0LCJpIjo0LCJxIjoiNzIwcCJ9",
    "decoded_data": {
      "id": 175444,
      "i": 4,
      "q": "720p"
    },
    "stream_url": "https://mega.nz/embed/TrIA0ZxI#47-ZwFZMR2TJ_5KddUNqTwd_j4hwQXmmQVXa3DBIjpQ",
    "is_default": false,
    "timestamp": "2025-09-12T08:16:17.723Z"
  },
  {
    "anime_title": "Akuyaku Reijou Tensei Ojisan On-Going",
    "episode_title": "Akuyaku Reijou Tensei Ojisan Episode 4 Subtitle Indonesia",
    "episode_link": "https://otakudesu.best/episode/arto-episode-4-sub-indo/",
    "episode_date": "31 Januari,2025",
    "server": "pdrain",
    "quality": "360p",
    "data_content": "eyJpZCI6MTc1OTQyLCJpIjoxLCJxIjoiMzYwcCJ9",
    "decoded_data": {
      "id": 175942,
      "i": 1,
      "q": "360p"
    },
    "stream_url": "https://www.pixeldrain.com/u/LDUe4nLN?embed",
    "is_default": false,
    "timestamp": "2025-09-12T08:16:18.749Z"
  },
  {
    "anime_title": "Akuyaku Reijou Tensei Ojisan On-Going",
    "episode_title": "Akuyaku Reijou Tensei Ojisan Episode 4 Subtitle Indonesia",
    "episode_link": "https://otakudesu.best/episode/arto-episode-4-sub-indo/",
    "episode_date": "31 Januari,2025",
    "server": "vidhide",
    "quality": "360p",
    "data_content": "eyJpZCI6MTc1OTQyLCJpIjowLCJxIjoiMzYwcCJ9",
    "decoded_data": {
      "id": 175942,
      "i": 0,
      "q": "360p"
    },
    "stream_url": "https://odvidhide.com/embed/xkb6ed0m8tm5",
    "is_default": false,
    "timestamp": "2025-09-12T08:16:18.759Z"
  },
  {
    "anime_title": "Akuyaku Reijou Tensei Ojisan On-Going",
    "episode_title": "Akuyaku Reijou Tensei Ojisan Episode 4 Subtitle Indonesia",
    "episode_link": "https://otakudesu.best/episode/arto-episode-4-sub-indo/",
    "episode_date": "31 Januari,2025",
    "server": "mega",
    "quality": "360p",
    "data_content": "eyJpZCI6MTc1OTQyLCJpIjozLCJxIjoiMzYwcCJ9",
    "decoded_data": {
      "id": 175942,
      "i": 3,
      "q": "360p"
    },
    "stream_url": "https://mega.nz/embed/bExSFZwT#OrQvgoc9YXyev2U-lba83CmqzxD7EQFfKs0LmRdtoKE",
    "is_default": false,
    "timestamp": "2025-09-12T08:16:18.768Z"
  },
  {
    "anime_title": "Akuyaku Reijou Tensei Ojisan On-Going",
    "episode_title": "Akuyaku Reijou Tensei Ojisan Episode 4 Subtitle Indonesia",
    "episode_link": "https://otakudesu.best/episode/arto-episode-4-sub-indo/",
    "episode_date": "31 Januari,2025",
    "server": "odstream",
    "quality": "360p",
    "data_content": "eyJpZCI6MTc1OTQyLCJpIjoyLCJxIjoiMzYwcCJ9",
    "decoded_data": {
      "id": 175942,
      "i": 2,
      "q": "360p"
    },
    "stream_url": "https://desustream.info/dstream/arcg/?id=bHpzTGIvRHNHRjNKSW9uVXlmZjhDbnFkc2ptNEVZR1pRYmtad3BTSGtsL052aTEyZnpxZjlEWGVrRjBFT3NUcg==",
    "is_default": false,
    "timestamp": "2025-09-12T08:16:18.776Z"
  },
  {
    "anime_title": "Akuyaku Reijou Tensei Ojisan On-Going",
    "episode_title": "Akuyaku Reijou Tensei Ojisan Episode 4 Subtitle Indonesia",
    "episode_link": "https://otakudesu.best/episode/arto-episode-4-sub-indo/",
    "episode_date": "31 Januari,2025",
    "server": "odstream",
    "quality": "480p",
    "data_content": "eyJpZCI6MTc1OTQyLCJpIjozLCJxIjoiNDgwcCJ9",
    "decoded_data": {
      "id": 175942,
      "i": 3,
      "q": "480p"
    },
    "stream_url": "https://desustream.info/dstream/arcg/?id=bHpzTGIvRHNHRjNKSW9uVXlmZjhDbnFkc2ptNEVZR1pRYmtad3BTSGtsOG9WM3RveDVoVUlHT1VoL0VXWmNlVQ==",
    "is_default": false,
    "timestamp": "2025-09-12T08:16:19.108Z"
  },
  {
    "anime_title": "Akuyaku Reijou Tensei Ojisan On-Going",
    "episode_title": "Akuyaku Reijou Tensei Ojisan Episode 4 Subtitle Indonesia",
    "episode_link": "https://otakudesu.best/episode/arto-episode-4-sub-indo/",
    "episode_date": "31 Januari,2025",
    "server": "vidhide",
    "quality": "480p",
    "data_content": "eyJpZCI6MTc1OTQyLCJpIjoxLCJxIjoiNDgwcCJ9",
    "decoded_data": {
      "id": 175942,
      "i": 1,
      "q": "480p"
    },
    "stream_url": "https://odvidhide.com/embed/yi78hivi4cuc",
    "is_default": false,
    "timestamp": "2025-09-12T08:16:19.117Z"
  },
  {
    "anime_title": "Akuyaku Reijou Tensei Ojisan On-Going",
    "episode_title": "Akuyaku Reijou Tensei Ojisan Episode 4 Subtitle Indonesia",
    "episode_link": "https://otakudesu.best/episode/arto-episode-4-sub-indo/",
    "episode_date": "31 Januari,2025",
    "server": "pdrain",
    "quality": "480p",
    "data_content": "eyJpZCI6MTc1OTQyLCJpIjoyLCJxIjoiNDgwcCJ9",
    "decoded_data": {
      "id": 175942,
      "i": 2,
      "q": "480p"
    },
    "stream_url": "https://www.pixeldrain.com/u/zAJ9P4aH?embed",
    "is_default": false,
    "timestamp": "2025-09-12T08:16:19.126Z"
  },
  {
    "anime_title": "Akuyaku Reijou Tensei Ojisan On-Going",
    "episode_title": "Akuyaku Reijou Tensei Ojisan Episode 4 Subtitle Indonesia",
    "episode_link": "https://otakudesu.best/episode/arto-episode-4-sub-indo/",
    "episode_date": "31 Januari,2025",
    "server": "mega",
    "quality": "480p",
    "data_content": "eyJpZCI6MTc1OTQyLCJpIjo0LCJxIjoiNDgwcCJ9",
    "decoded_data": {
      "id": 175942,
      "i": 4,
      "q": "480p"
    },
    "stream_url": "https://mega.nz/embed/mQBwzLxR#kCXekmkjk-Mrg-_mKmLYmkHITKvrwBfEqHzUufjnTdI",
    "is_default": false,
    "timestamp": "2025-09-12T08:16:19.135Z"
  },
  {
    "anime_title": "Akuyaku Reijou Tensei Ojisan On-Going",
    "episode_title": "Akuyaku Reijou Tensei Ojisan Episode 4 Subtitle Indonesia",
    "episode_link": "https://otakudesu.best/episode/arto-episode-4-sub-indo/",
    "episode_date": "31 Januari,2025",
    "server": "ondesuhd",
    "quality": "720p",
    "data_content": "eyJpZCI6MTc1OTQyLCJpIjoxLCJxIjoiNzIwcCJ9",
    "decoded_data": {
      "id": 175942,
      "i": 1,
      "q": "720p"
    },
    "stream_url": "https://desustream.info/dstream/ondesu/hd/v2/index.php?id=Q21IWmZuTVdEQ012aUNweFNRSERWQT09",
    "is_default": false,
    "timestamp": "2025-09-12T08:16:19.143Z"
  },
  {
    "anime_title": "Akuyaku Reijou Tensei Ojisan On-Going",
    "episode_title": "Akuyaku Reijou Tensei Ojisan Episode 4 Subtitle Indonesia",
    "episode_link": "https://otakudesu.best/episode/arto-episode-4-sub-indo/",
    "episode_date": "31 Januari,2025",
    "server": "vidhide",
    "quality": "720p",
    "data_content": "eyJpZCI6MTc1OTQyLCJpIjowLCJxIjoiNzIwcCJ9",
    "decoded_data": {
      "id": 175942,
      "i": 0,
      "q": "720p"
    },
    "stream_url": "https://odvidhide.com/embed/2w1olizlxwjt",
    "is_default": false,
    "timestamp": "2025-09-12T08:16:19.152Z"
  },
  {
    "anime_title": "Akuyaku Reijou Tensei Ojisan On-Going",
    "episode_title": "Akuyaku Reijou Tensei Ojisan Episode 4 Subtitle Indonesia",
    "episode_link": "https://otakudesu.best/episode/arto-episode-4-sub-indo/",
    "episode_date": "31 Januari,2025",
    "server": "mega",
    "quality": "720p",
    "data_content": "eyJpZCI6MTc1OTQyLCJpIjo0LCJxIjoiNzIwcCJ9",
    "decoded_data": {
      "id": 175942,
      "i": 4,
      "q": "720p"
    },
    "stream_url": "https://mega.nz/embed/mZARhBhI#-e9lldnndRtnBafXzcN-71lHQgRYFTQSxNRi7US82T0",
    "is_default": false,
    "timestamp": "2025-09-12T08:16:19.474Z"
  },
  {
    "anime_title": "Akuyaku Reijou Tensei Ojisan On-Going",
    "episode_title": "Akuyaku Reijou Tensei Ojisan Episode 4 Subtitle Indonesia",
    "episode_link": "https://otakudesu.best/episode/arto-episode-4-sub-indo/",
    "episode_date": "31 Januari,2025",
    "server": "odstream",
    "quality": "720p",
    "data_content": "eyJpZCI6MTc1OTQyLCJpIjozLCJxIjoiNzIwcCJ9",
    "decoded_data": {
      "id": 175942,
      "i": 3,
      "q": "720p"
    },
    "stream_url": "https://desustream.info/dstream/arcg/?id=bHpzTGIvRHNHRjNKSW9uVXlmZjhDbnFkc2ptNEVZR1pRYmtad3BTSGtsKy82aXB0bWd5VFhVZkNrUWRUaTFVVA==",
    "is_default": false,
    "timestamp": "2025-09-12T08:16:19.483Z"
  },
  {
    "anime_title": "Akuyaku Reijou Tensei Ojisan On-Going",
    "episode_title": "Akuyaku Reijou Tensei Ojisan Episode 4 Subtitle Indonesia",
    "episode_link": "https://otakudesu.best/episode/arto-episode-4-sub-indo/",
    "episode_date": "31 Januari,2025",
    "server": "pdrain",
    "quality": "720p",
    "data_content": "eyJpZCI6MTc1OTQyLCJpIjoyLCJxIjoiNzIwcCJ9",
    "decoded_data": {
      "id": 175942,
      "i": 2,
      "q": "720p"
    },
    "stream_url": "https://www.pixeldrain.com/u/qy11n7hd?embed",
    "is_default": false,
    "timestamp": "2025-09-12T08:16:19.492Z"
  },
  {
    "anime_title": "Akuyaku Reijou Tensei Ojisan On-Going",
    "episode_title": "Akuyaku Reijou Tensei Ojisan Episode 4 Subtitle Indonesia",
    "episode_link": "https://otakudesu.best/episode/arto-episode-4-sub-indo/",
    "episode_date": "31 Januari,2025",
    "server": "ondesu",
    "quality": "480p",
    "data_content": "eyJpZCI6MTc1OTQyLCJpIjowLCJxIjoiNDgwcCJ9",
    "decoded_data": {
      "id": 175942,
      "i": 0,
      "q": "480p"
    },
    "stream_url": "https://desustream.info/dstream/ondesu/v5/index.php?id=Q21IWmZuTVdEQ012aUNweFNRSERWQT09",
    "is_default": true,
    "timestamp": "2025-09-12T08:16:20.596Z"
  },
  {
    "anime_title": "Akuyaku Reijou Tensei Ojisan On-Going",
    "episode_title": "Akuyaku Reijou Tensei Ojisan Episode 4 Subtitle Indonesia",
    "episode_link": "https://otakudesu.best/episode/arto-episode-4-sub-indo/",
    "episode_date": "31 Januari,2025",
    "server": "vidhide",
    "quality": "360p",
    "data_content": "eyJpZCI6MTc1OTQyLCJpIjowLCJxIjoiMzYwcCJ9",
    "decoded_data": {
      "id": 175942,
      "i": 0,
      "q": "360p"
    },
    "stream_url": "https://odvidhide.com/embed/xkb6ed0m8tm5",
    "is_default": false,
    "timestamp": "2025-09-12T08:16:18.759Z"
  },
  {
    "anime_title": "Akuyaku Reijou Tensei Ojisan On-Going",
    "episode_title": "Akuyaku Reijou Tensei Ojisan Episode 4 Subtitle Indonesia",
    "episode_link": "https://otakudesu.best/episode/arto-episode-4-sub-indo/",
    "episode_date": "31 Januari,2025",
    "server": "pdrain",
    "quality": "360p",
    "data_content": "eyJpZCI6MTc1OTQyLCJpIjoxLCJxIjoiMzYwcCJ9",
    "decoded_data": {
      "id": 175942,
      "i": 1,
      "q": "360p"
    },
    "stream_url": "https://www.pixeldrain.com/u/LDUe4nLN?embed",
    "is_default": false,
    "timestamp": "2025-09-12T08:16:18.749Z"
  },
  {
    "anime_title": "Akuyaku Reijou Tensei Ojisan On-Going",
    "episode_title": "Akuyaku Reijou Tensei Ojisan Episode 4 Subtitle Indonesia",
    "episode_link": "https://otakudesu.best/episode/arto-episode-4-sub-indo/",
    "episode_date": "31 Januari,2025",
    "server": "odstream",
    "quality": "360p",
    "data_content": "eyJpZCI6MTc1OTQyLCJpIjoyLCJxIjoiMzYwcCJ9",
    "decoded_data": {
      "id": 175942,
      "i": 2,
      "q": "360p"
    },
    "stream_url": "https://desustream.info/dstream/arcg/?id=bHpzTGIvRHNHRjNKSW9uVXlmZjhDbnFkc2ptNEVZR1pRYmtad3BTSGtsL052aTEyZnpxZjlEWGVrRjBFT3NUcg==",
    "is_default": false,
    "timestamp": "2025-09-12T08:16:18.776Z"
  },
  {
    "anime_title": "Akuyaku Reijou Tensei Ojisan On-Going",
    "episode_title": "Akuyaku Reijou Tensei Ojisan Episode 4 Subtitle Indonesia",
    "episode_link": "https://otakudesu.best/episode/arto-episode-4-sub-indo/",
    "episode_date": "31 Januari,2025",
    "server": "mega",
    "quality": "360p",
    "data_content": "eyJpZCI6MTc1OTQyLCJpIjozLCJxIjoiMzYwcCJ9",
    "decoded_data": {
      "id": 175942,
      "i": 3,
      "q": "360p"
    },
    "stream_url": "https://mega.nz/embed/bExSFZwT#OrQvgoc9YXyev2U-lba83CmqzxD7EQFfKs0LmRdtoKE",
    "is_default": false,
    "timestamp": "2025-09-12T08:16:18.768Z"
  },
  {
    "anime_title": "Akuyaku Reijou Tensei Ojisan On-Going",
    "episode_title": "Akuyaku Reijou Tensei Ojisan Episode 4 Subtitle Indonesia",
    "episode_link": "https://otakudesu.best/episode/arto-episode-4-sub-indo/",
    "episode_date": "31 Januari,2025",
    "server": "ondesu",
    "quality": "480p",
    "data_content": "eyJpZCI6MTc1OTQyLCJpIjowLCJxIjoiNDgwcCJ9",
    "decoded_data": {
      "id": 175942,
      "i": 0,
      "q": "480p"
    },
    "stream_url": "https://desustream.info/dstream/ondesu/v5/index.php?id=Q21IWmZuTVdEQ012aUNweFNRSERWQT09",
    "is_default": true,
    "timestamp": "2025-09-12T08:16:20.596Z"
  },
  {
    "anime_title": "Akuyaku Reijou Tensei Ojisan On-Going",
    "episode_title": "Akuyaku Reijou Tensei Ojisan Episode 4 Subtitle Indonesia",
    "episode_link": "https://otakudesu.best/episode/arto-episode-4-sub-indo/",
    "episode_date": "31 Januari,2025",
    "server": "vidhide",
    "quality": "480p",
    "data_content": "eyJpZCI6MTc1OTQyLCJpIjoxLCJxIjoiNDgwcCJ9",
    "decoded_data": {
      "id": 175942,
      "i": 1,
      "q": "480p"
    },
    "stream_url": "https://odvidhide.com/embed/yi78hivi4cuc",
    "is_default": false,
    "timestamp": "2025-09-12T08:16:19.117Z"
  },
  {
    "anime_title": "Akuyaku Reijou Tensei Ojisan On-Going",
    "episode_title": "Akuyaku Reijou Tensei Ojisan Episode 4 Subtitle Indonesia",
    "episode_link": "https://otakudesu.best/episode/arto-episode-4-sub-indo/",
    "episode_date": "31 Januari,2025",
    "server": "pdrain",
    "quality": "480p",
    "data_content": "eyJpZCI6MTc1OTQyLCJpIjoyLCJxIjoiNDgwcCJ9",
    "decoded_data": {
      "id": 175942,
      "i": 2,
      "q": "480p"
    },
    "stream_url": "https://www.pixeldrain.com/u/zAJ9P4aH?embed",
    "is_default": false,
    "timestamp": "2025-09-12T08:16:19.126Z"
  },
  {
    "anime_title": "Akuyaku Reijou Tensei Ojisan On-Going",
    "episode_title": "Akuyaku Reijou Tensei Ojisan Episode 4 Subtitle Indonesia",
    "episode_link": "https://otakudesu.best/episode/arto-episode-4-sub-indo/",
    "episode_date": "31 Januari,2025",
    "server": "odstream",
    "quality": "480p",
    "data_content": "eyJpZCI6MTc1OTQyLCJpIjozLCJxIjoiNDgwcCJ9",
    "decoded_data": {
      "id": 175942,
      "i": 3,
      "q": "480p"
    },
    "stream_url": "https://desustream.info/dstream/arcg/?id=bHpzTGIvRHNHRjNKSW9uVXlmZjhDbnFkc2ptNEVZR1pRYmtad3BTSGtsOG9WM3RveDVoVUlHT1VoL0VXWmNlVQ==",
    "is_default": false,
    "timestamp": "2025-09-12T08:16:19.108Z"
  },
  {
    "anime_title": "Akuyaku Reijou Tensei Ojisan On-Going",
    "episode_title": "Akuyaku Reijou Tensei Ojisan Episode 4 Subtitle Indonesia",
    "episode_link": "https://otakudesu.best/episode/arto-episode-4-sub-indo/",
    "episode_date": "31 Januari,2025",
    "server": "mega",
    "quality": "480p",
    "data_content": "eyJpZCI6MTc1OTQyLCJpIjo0LCJxIjoiNDgwcCJ9",
    "decoded_data": {
      "id": 175942,
      "i": 4,
      "q": "480p"
    },
    "stream_url": "https://mega.nz/embed/mQBwzLxR#kCXekmkjk-Mrg-_mKmLYmkHITKvrwBfEqHzUufjnTdI",
    "is_default": false,
    "timestamp": "2025-09-12T08:16:19.135Z"
  },
  {
    "anime_title": "Akuyaku Reijou Tensei Ojisan On-Going",
    "episode_title": "Akuyaku Reijou Tensei Ojisan Episode 4 Subtitle Indonesia",
    "episode_link": "https://otakudesu.best/episode/arto-episode-4-sub-indo/",
    "episode_date": "31 Januari,2025",
    "server": "vidhide",
    "quality": "720p",
    "data_content": "eyJpZCI6MTc1OTQyLCJpIjowLCJxIjoiNzIwcCJ9",
    "decoded_data": {
      "id": 175942,
      "i": 0,
      "q": "720p"
    },
    "stream_url": "https://odvidhide.com/embed/2w1olizlxwjt",
    "is_default": false,
    "timestamp": "2025-09-12T08:16:19.152Z"
  },
  {
    "anime_title": "Akuyaku Reijou Tensei Ojisan On-Going",
    "episode_title": "Akuyaku Reijou Tensei Ojisan Episode 4 Subtitle Indonesia",
    "episode_link": "https://otakudesu.best/episode/arto-episode-4-sub-indo/",
    "episode_date": "31 Januari,2025",
    "server": "ondesuhd",
    "quality": "720p",
    "data_content": "eyJpZCI6MTc1OTQyLCJpIjoxLCJxIjoiNzIwcCJ9",
    "decoded_data": {
      "id": 175942,
      "i": 1,
      "q": "720p"
    },
    "stream_url": "https://desustream.info/dstream/ondesu/hd/v2/index.php?id=Q21IWmZuTVdEQ012aUNweFNRSERWQT09",
    "is_default": false,
    "timestamp": "2025-09-12T08:16:19.143Z"
  },
  {
    "anime_title": "Akuyaku Reijou Tensei Ojisan On-Going",
    "episode_title": "Akuyaku Reijou Tensei Ojisan Episode 4 Subtitle Indonesia",
    "episode_link": "https://otakudesu.best/episode/arto-episode-4-sub-indo/",
    "episode_date": "31 Januari,2025",
    "server": "pdrain",
    "quality": "720p",
    "data_content": "eyJpZCI6MTc1OTQyLCJpIjoyLCJxIjoiNzIwcCJ9",
    "decoded_data": {
      "id": 175942,
      "i": 2,
      "q": "720p"
    },
    "stream_url": "https://www.pixeldrain.com/u/qy11n7hd?embed",
    "is_default": false,
    "timestamp": "2025-09-12T08:16:19.492Z"
  },
  {
    "anime_title": "Akuyaku Reijou Tensei Ojisan On-Going",
    "episode_title": "Akuyaku Reijou Tensei Ojisan Episode 4 Subtitle Indonesia",
    "episode_link": "https://otakudesu.best/episode/arto-episode-4-sub-indo/",
    "episode_date": "31 Januari,2025",
    "server": "odstream",
    "quality": "720p",
    "data_content": "eyJpZCI6MTc1OTQyLCJpIjozLCJxIjoiNzIwcCJ9",
    "decoded_data": {
      "id": 175942,
      "i": 3,
      "q": "720p"
    },
    "stream_url": "https://desustream.info/dstream/arcg/?id=bHpzTGIvRHNHRjNKSW9uVXlmZjhDbnFkc2ptNEVZR1pRYmtad3BTSGtsKy82aXB0bWd5VFhVZkNrUWRUaTFVVA==",
    "is_default": false,
    "timestamp": "2025-09-12T08:16:19.483Z"
  },
  {
    "anime_title": "Akuyaku Reijou Tensei Ojisan On-Going",
    "episode_title": "Akuyaku Reijou Tensei Ojisan Episode 4 Subtitle Indonesia",
    "episode_link": "https://otakudesu.best/episode/arto-episode-4-sub-indo/",
    "episode_date": "31 Januari,2025",
    "server": "mega",
    "quality": "720p",
    "data_content": "eyJpZCI6MTc1OTQyLCJpIjo0LCJxIjoiNzIwcCJ9",
    "decoded_data": {
      "id": 175942,
      "i": 4,
      "q": "720p"
    },
    "stream_url": "https://mega.nz/embed/mZARhBhI#-e9lldnndRtnBafXzcN-71lHQgRYFTQSxNRi7US82T0",
    "is_default": false,
    "timestamp": "2025-09-12T08:16:19.474Z"
  },
  {
    "anime_title": "Akuyaku Reijou Tensei Ojisan On-Going",
    "episode_title": "Akuyaku Reijou Tensei Ojisan Episode 5 Subtitle Indonesia",
    "episode_link": "https://otakudesu.best/episode/arto-episode-5-sub-indo/",
    "episode_date": "7 Februari,2025",
    "server": "vidhide",
    "quality": "360p",
    "data_content": "eyJpZCI6MTc2MjIzLCJpIjowLCJxIjoiMzYwcCJ9",
    "decoded_data": {
      "id": 176223,
      "i": 0,
      "q": "360p"
    },
    "stream_url": "https://odvidhide.com/embed/gojxoahf4sg6",
    "is_default": false,
    "timestamp": "2025-09-12T08:16:21.568Z"
  },
  {
    "anime_title": "Akuyaku Reijou Tensei Ojisan On-Going",
    "episode_title": "Akuyaku Reijou Tensei Ojisan Episode 5 Subtitle Indonesia",
    "episode_link": "https://otakudesu.best/episode/arto-episode-5-sub-indo/",
    "episode_date": "7 Februari,2025",
    "server": "vidhide",
    "quality": "480p",
    "data_content": "eyJpZCI6MTc2MjIzLCJpIjoxLCJxIjoiNDgwcCJ9",
    "decoded_data": {
      "id": 176223,
      "i": 1,
      "q": "480p"
    },
    "stream_url": "https://odvidhide.com/embed/3n1nmchmdpz8",
    "is_default": false,
    "timestamp": "2025-09-12T08:16:21.578Z"
  },
  {
    "anime_title": "Akuyaku Reijou Tensei Ojisan On-Going",
    "episode_title": "Akuyaku Reijou Tensei Ojisan Episode 5 Subtitle Indonesia",
    "episode_link": "https://otakudesu.best/episode/arto-episode-5-sub-indo/",
    "episode_date": "7 Februari,2025",
    "server": "ondesu3",
    "quality": "480p",
    "data_content": "eyJpZCI6MTc2MjIzLCJpIjowLCJxIjoiNDgwcCJ9",
    "decoded_data": {
      "id": 176223,
      "i": 0,
      "q": "480p"
    },
    "stream_url": "https://desustream.info/dstream/ondesu3/v5/index.php?id=RmtsR0FHMVBRZWhDZWdmeU96VlRTdz09",
    "is_default": true,
    "timestamp": "2025-09-12T08:16:21.593Z"
  },
  {
    "anime_title": "Akuyaku Reijou Tensei Ojisan On-Going",
    "episode_title": "Akuyaku Reijou Tensei Ojisan Episode 5 Subtitle Indonesia",
    "episode_link": "https://otakudesu.best/episode/arto-episode-5-sub-indo/",
    "episode_date": "7 Februari,2025",
    "server": "odstream",
    "quality": "360p",
    "data_content": "eyJpZCI6MTc2MjIzLCJpIjoyLCJxIjoiMzYwcCJ9",
    "decoded_data": {
      "id": 176223,
      "i": 2,
      "q": "360p"
    },
    "stream_url": "https://desustream.info/dstream/arcg/?id=cmdIMXEyVE9JZWlFaWFPcGF2LzFuQXBEQUphSFFYTnRqbDAzZUZNb01GcGdKU3dVTi9PcDNaOXFicVFuWUVhdQ==",
    "is_default": false,
    "timestamp": "2025-09-12T08:16:21.606Z"
  },
  {
    "anime_title": "Akuyaku Reijou Tensei Ojisan On-Going",
    "episode_title": "Akuyaku Reijou Tensei Ojisan Episode 5 Subtitle Indonesia",
    "episode_link": "https://otakudesu.best/episode/arto-episode-5-sub-indo/",
    "episode_date": "7 Februari,2025",
    "server": "mega",
    "quality": "360p",
    "data_content": "eyJpZCI6MTc2MjIzLCJpIjozLCJxIjoiMzYwcCJ9",
    "decoded_data": {
      "id": 176223,
      "i": 3,
      "q": "360p"
    },
    "stream_url": "https://mega.nz/embed/5YYHTaIA#TRJ_VLryuMpfw90ICt5HbWljn4yIysoCBr_o4n5elPM",
    "is_default": false,
    "timestamp": "2025-09-12T08:16:21.626Z"
  },
  {
    "anime_title": "Akuyaku Reijou Tensei Ojisan On-Going",
    "episode_title": "Akuyaku Reijou Tensei Ojisan Episode 5 Subtitle Indonesia",
    "episode_link": "https://otakudesu.best/episode/arto-episode-5-sub-indo/",
    "episode_date": "7 Februari,2025",
    "server": "pdrain",
    "quality": "360p",
    "data_content": "eyJpZCI6MTc2MjIzLCJpIjoxLCJxIjoiMzYwcCJ9",
    "decoded_data": {
      "id": 176223,
      "i": 1,
      "q": "360p"
    },
    "stream_url": "https://www.pixeldrain.com/u/cmTgHDkJ?embed",
    "is_default": false,
    "timestamp": "2025-09-12T08:16:21.634Z"
  },
  {
    "anime_title": "Akuyaku Reijou Tensei Ojisan On-Going",
    "episode_title": "Akuyaku Reijou Tensei Ojisan Episode 5 Subtitle Indonesia",
    "episode_link": "https://otakudesu.best/episode/arto-episode-5-sub-indo/",
    "episode_date": "7 Februari,2025",
    "server": "vidhide",
    "quality": "720p",
    "data_content": "eyJpZCI6MTc2MjIzLCJpIjowLCJxIjoiNzIwcCJ9",
    "decoded_data": {
      "id": 176223,
      "i": 0,
      "q": "720p"
    },
    "stream_url": "https://odvidhide.com/embed/0ktzzgzolplv",
    "is_default": false,
    "timestamp": "2025-09-12T08:16:22.024Z"
  },
  {
    "anime_title": "Akuyaku Reijou Tensei Ojisan On-Going",
    "episode_title": "Akuyaku Reijou Tensei Ojisan Episode 5 Subtitle Indonesia",
    "episode_link": "https://otakudesu.best/episode/arto-episode-5-sub-indo/",
    "episode_date": "7 Februari,2025",
    "server": "odstream",
    "quality": "480p",
    "data_content": "eyJpZCI6MTc2MjIzLCJpIjozLCJxIjoiNDgwcCJ9",
    "decoded_data": {
      "id": 176223,
      "i": 3,
      "q": "480p"
    },
    "stream_url": "https://desustream.info/dstream/arcg/?id=cmdIMXEyVE9JZWlFaWFPcGF2LzFuQXBEQUphSFFYTnRqbDAzZUZNb01GcDNNbXZwVkZ6Y3g0V2Z0bXpqdVF2cg==",
    "is_default": false,
    "timestamp": "2025-09-12T08:16:22.033Z"
  },
  {
    "anime_title": "Akuyaku Reijou Tensei Ojisan On-Going",
    "episode_title": "Akuyaku Reijou Tensei Ojisan Episode 5 Subtitle Indonesia",
    "episode_link": "https://otakudesu.best/episode/arto-episode-5-sub-indo/",
    "episode_date": "7 Februari,2025",
    "server": "pdrain",
    "quality": "480p",
    "data_content": "eyJpZCI6MTc2MjIzLCJpIjoyLCJxIjoiNDgwcCJ9",
    "decoded_data": {
      "id": 176223,
      "i": 2,
      "q": "480p"
    },
    "stream_url": "https://www.pixeldrain.com/u/rbjTrRX3?embed",
    "is_default": false,
    "timestamp": "2025-09-12T08:16:22.042Z"
  },
  {
    "anime_title": "Akuyaku Reijou Tensei Ojisan On-Going",
    "episode_title": "Akuyaku Reijou Tensei Ojisan Episode 5 Subtitle Indonesia",
    "episode_link": "https://otakudesu.best/episode/arto-episode-5-sub-indo/",
    "episode_date": "7 Februari,2025",
    "server": "ondesuhd",
    "quality": "720p",
    "data_content": "eyJpZCI6MTc2MjIzLCJpIjoxLCJxIjoiNzIwcCJ9",
    "decoded_data": {
      "id": 176223,
      "i": 1,
      "q": "720p"
    },
    "stream_url": "https://desustream.info/dstream/ondesu/hd/v2/index.php?id=RmtsR0FHMVBRZWhDZWdmeU96VlRTdz09",
    "is_default": false,
    "timestamp": "2025-09-12T08:16:22.051Z"
  },
  {
    "anime_title": "Akuyaku Reijou Tensei Ojisan On-Going",
    "episode_title": "Akuyaku Reijou Tensei Ojisan Episode 5 Subtitle Indonesia",
    "episode_link": "https://otakudesu.best/episode/arto-episode-5-sub-indo/",
    "episode_date": "7 Februari,2025",
    "server": "pdrain",
    "quality": "720p",
    "data_content": "eyJpZCI6MTc2MjIzLCJpIjoyLCJxIjoiNzIwcCJ9",
    "decoded_data": {
      "id": 176223,
      "i": 2,
      "q": "720p"
    },
    "stream_url": "https://www.pixeldrain.com/u/ufKnFmd7?embed",
    "is_default": false,
    "timestamp": "2025-09-12T08:16:22.060Z"
  },
  {
    "anime_title": "Akuyaku Reijou Tensei Ojisan On-Going",
    "episode_title": "Akuyaku Reijou Tensei Ojisan Episode 5 Subtitle Indonesia",
    "episode_link": "https://otakudesu.best/episode/arto-episode-5-sub-indo/",
    "episode_date": "7 Februari,2025",
    "server": "odstream",
    "quality": "720p",
    "data_content": "eyJpZCI6MTc2MjIzLCJpIjozLCJxIjoiNzIwcCJ9",
    "decoded_data": {
      "id": 176223,
      "i": 3,
      "q": "720p"
    },
    "stream_url": "https://desustream.info/dstream/arcg/?id=cmdIMXEyVE9JZWlFaWFPcGF2LzFuQXBEQUphSFFYTnRqbDAzZUZNb01Gb0pVendTTGhZOFFLVFRaR3gxcG50Zw==",
    "is_default": false,
    "timestamp": "2025-09-12T08:16:22.109Z"
  },
  {
    "anime_title": "Akuyaku Reijou Tensei Ojisan On-Going",
    "episode_title": "Akuyaku Reijou Tensei Ojisan Episode 5 Subtitle Indonesia",
    "episode_link": "https://otakudesu.best/episode/arto-episode-5-sub-indo/",
    "episode_date": "7 Februari,2025",
    "server": "mega",
    "quality": "480p",
    "data_content": "eyJpZCI6MTc2MjIzLCJpIjo0LCJxIjoiNDgwcCJ9",
    "decoded_data": {
      "id": 176223,
      "i": 4,
      "q": "480p"
    },
    "stream_url": "https://mega.nz/embed/ZFx2QAyL#g1vFGg6EGoJYA3iH96AInNYrhzNSif4hyPKYjpo8KPQ",
    "is_default": false,
    "timestamp": "2025-09-12T08:16:22.326Z"
  },
  {
    "anime_title": "Akuyaku Reijou Tensei Ojisan On-Going",
    "episode_title": "Akuyaku Reijou Tensei Ojisan Episode 5 Subtitle Indonesia",
    "episode_link": "https://otakudesu.best/episode/arto-episode-5-sub-indo/",
    "episode_date": "7 Februari,2025",
    "server": "mega",
    "quality": "720p",
    "data_content": "eyJpZCI6MTc2MjIzLCJpIjo0LCJxIjoiNzIwcCJ9",
    "decoded_data": {
      "id": 176223,
      "i": 4,
      "q": "720p"
    },
    "stream_url": "https://mega.nz/embed/BQBDDAyY#Rl9FmvP40Aas3Y1ITwM9rVVCOJI-QxMm_t4EVNMi3UU",
    "is_default": false,
    "timestamp": "2025-09-12T08:16:22.335Z"
  },
  {
    "anime_title": "Akuyaku Reijou Tensei Ojisan On-Going",
    "episode_title": "Akuyaku Reijou Tensei Ojisan Episode 5 Subtitle Indonesia",
    "episode_link": "https://otakudesu.best/episode/arto-episode-5-sub-indo/",
    "episode_date": "7 Februari,2025",
    "server": "vidhide",
    "quality": "360p",
    "data_content": "eyJpZCI6MTc2MjIzLCJpIjowLCJxIjoiMzYwcCJ9",
    "decoded_data": {
      "id": 176223,
      "i": 0,
      "q": "360p"
    },
    "stream_url": "https://odvidhide.com/embed/gojxoahf4sg6",
    "is_default": false,
    "timestamp": "2025-09-12T08:16:21.568Z"
  },
  {
    "anime_title": "Akuyaku Reijou Tensei Ojisan On-Going",
    "episode_title": "Akuyaku Reijou Tensei Ojisan Episode 5 Subtitle Indonesia",
    "episode_link": "https://otakudesu.best/episode/arto-episode-5-sub-indo/",
    "episode_date": "7 Februari,2025",
    "server": "pdrain",
    "quality": "360p",
    "data_content": "eyJpZCI6MTc2MjIzLCJpIjoxLCJxIjoiMzYwcCJ9",
    "decoded_data": {
      "id": 176223,
      "i": 1,
      "q": "360p"
    },
    "stream_url": "https://www.pixeldrain.com/u/cmTgHDkJ?embed",
    "is_default": false,
    "timestamp": "2025-09-12T08:16:21.634Z"
  },
  {
    "anime_title": "Akuyaku Reijou Tensei Ojisan On-Going",
    "episode_title": "Akuyaku Reijou Tensei Ojisan Episode 5 Subtitle Indonesia",
    "episode_link": "https://otakudesu.best/episode/arto-episode-5-sub-indo/",
    "episode_date": "7 Februari,2025",
    "server": "odstream",
    "quality": "360p",
    "data_content": "eyJpZCI6MTc2MjIzLCJpIjoyLCJxIjoiMzYwcCJ9",
    "decoded_data": {
      "id": 176223,
      "i": 2,
      "q": "360p"
    },
    "stream_url": "https://desustream.info/dstream/arcg/?id=cmdIMXEyVE9JZWlFaWFPcGF2LzFuQXBEQUphSFFYTnRqbDAzZUZNb01GcGdKU3dVTi9PcDNaOXFicVFuWUVhdQ==",
    "is_default": false,
    "timestamp": "2025-09-12T08:16:21.606Z"
  },
  {
    "anime_title": "Akuyaku Reijou Tensei Ojisan On-Going",
    "episode_title": "Akuyaku Reijou Tensei Ojisan Episode 5 Subtitle Indonesia",
    "episode_link": "https://otakudesu.best/episode/arto-episode-5-sub-indo/",
    "episode_date": "7 Februari,2025",
    "server": "mega",
    "quality": "360p",
    "data_content": "eyJpZCI6MTc2MjIzLCJpIjozLCJxIjoiMzYwcCJ9",
    "decoded_data": {
      "id": 176223,
      "i": 3,
      "q": "360p"
    },
    "stream_url": "https://mega.nz/embed/5YYHTaIA#TRJ_VLryuMpfw90ICt5HbWljn4yIysoCBr_o4n5elPM",
    "is_default": false,
    "timestamp": "2025-09-12T08:16:21.626Z"
  },
  {
    "anime_title": "Akuyaku Reijou Tensei Ojisan On-Going",
    "episode_title": "Akuyaku Reijou Tensei Ojisan Episode 5 Subtitle Indonesia",
    "episode_link": "https://otakudesu.best/episode/arto-episode-5-sub-indo/",
    "episode_date": "7 Februari,2025",
    "server": "ondesu3",
    "quality": "480p",
    "data_content": "eyJpZCI6MTc2MjIzLCJpIjowLCJxIjoiNDgwcCJ9",
    "decoded_data": {
      "id": 176223,
      "i": 0,
      "q": "480p"
    },
    "stream_url": "https://desustream.info/dstream/ondesu3/v5/index.php?id=RmtsR0FHMVBRZWhDZWdmeU96VlRTdz09",
    "is_default": true,
    "timestamp": "2025-09-12T08:16:21.593Z"
  },
  {
    "anime_title": "Akuyaku Reijou Tensei Ojisan On-Going",
    "episode_title": "Akuyaku Reijou Tensei Ojisan Episode 5 Subtitle Indonesia",
    "episode_link": "https://otakudesu.best/episode/arto-episode-5-sub-indo/",
    "episode_date": "7 Februari,2025",
    "server": "vidhide",
    "quality": "480p",
    "data_content": "eyJpZCI6MTc2MjIzLCJpIjoxLCJxIjoiNDgwcCJ9",
    "decoded_data": {
      "id": 176223,
      "i": 1,
      "q": "480p"
    },
    "stream_url": "https://odvidhide.com/embed/3n1nmchmdpz8",
    "is_default": false,
    "timestamp": "2025-09-12T08:16:21.578Z"
  },
  {
    "anime_title": "Akuyaku Reijou Tensei Ojisan On-Going",
    "episode_title": "Akuyaku Reijou Tensei Ojisan Episode 5 Subtitle Indonesia",
    "episode_link": "https://otakudesu.best/episode/arto-episode-5-sub-indo/",
    "episode_date": "7 Februari,2025",
    "server": "pdrain",
    "quality": "480p",
    "data_content": "eyJpZCI6MTc2MjIzLCJpIjoyLCJxIjoiNDgwcCJ9",
    "decoded_data": {
      "id": 176223,
      "i": 2,
      "q": "480p"
    },
    "stream_url": "https://www.pixeldrain.com/u/rbjTrRX3?embed",
    "is_default": false,
    "timestamp": "2025-09-12T08:16:22.042Z"
  },
  {
    "anime_title": "Akuyaku Reijou Tensei Ojisan On-Going",
    "episode_title": "Akuyaku Reijou Tensei Ojisan Episode 5 Subtitle Indonesia",
    "episode_link": "https://otakudesu.best/episode/arto-episode-5-sub-indo/",
    "episode_date": "7 Februari,2025",
    "server": "odstream",
    "quality": "480p",
    "data_content": "eyJpZCI6MTc2MjIzLCJpIjozLCJxIjoiNDgwcCJ9",
    "decoded_data": {
      "id": 176223,
      "i": 3,
      "q": "480p"
    },
    "stream_url": "https://desustream.info/dstream/arcg/?id=cmdIMXEyVE9JZWlFaWFPcGF2LzFuQXBEQUphSFFYTnRqbDAzZUZNb01GcDNNbXZwVkZ6Y3g0V2Z0bXpqdVF2cg==",
    "is_default": false,
    "timestamp": "2025-09-12T08:16:22.033Z"
  },
  {
    "anime_title": "Akuyaku Reijou Tensei Ojisan On-Going",
    "episode_title": "Akuyaku Reijou Tensei Ojisan Episode 5 Subtitle Indonesia",
    "episode_link": "https://otakudesu.best/episode/arto-episode-5-sub-indo/",
    "episode_date": "7 Februari,2025",
    "server": "mega",
    "quality": "480p",
    "data_content": "eyJpZCI6MTc2MjIzLCJpIjo0LCJxIjoiNDgwcCJ9",
    "decoded_data": {
      "id": 176223,
      "i": 4,
      "q": "480p"
    },
    "stream_url": "https://mega.nz/embed/ZFx2QAyL#g1vFGg6EGoJYA3iH96AInNYrhzNSif4hyPKYjpo8KPQ",
    "is_default": false,
    "timestamp": "2025-09-12T08:16:22.326Z"
  },
  {
    "anime_title": "Akuyaku Reijou Tensei Ojisan On-Going",
    "episode_title": "Akuyaku Reijou Tensei Ojisan Episode 5 Subtitle Indonesia",
    "episode_link": "https://otakudesu.best/episode/arto-episode-5-sub-indo/",
    "episode_date": "7 Februari,2025",
    "server": "vidhide",
    "quality": "720p",
    "data_content": "eyJpZCI6MTc2MjIzLCJpIjowLCJxIjoiNzIwcCJ9",
    "decoded_data": {
      "id": 176223,
      "i": 0,
      "q": "720p"
    },
    "stream_url": "https://odvidhide.com/embed/0ktzzgzolplv",
    "is_default": false,
    "timestamp": "2025-09-12T08:16:22.024Z"
  },
  {
    "anime_title": "Akuyaku Reijou Tensei Ojisan On-Going",
    "episode_title": "Akuyaku Reijou Tensei Ojisan Episode 5 Subtitle Indonesia",
    "episode_link": "https://otakudesu.best/episode/arto-episode-5-sub-indo/",
    "episode_date": "7 Februari,2025",
    "server": "ondesuhd",
    "quality": "720p",
    "data_content": "eyJpZCI6MTc2MjIzLCJpIjoxLCJxIjoiNzIwcCJ9",
    "decoded_data": {
      "id": 176223,
      "i": 1,
      "q": "720p"
    },
    "stream_url": "https://desustream.info/dstream/ondesu/hd/v2/index.php?id=RmtsR0FHMVBRZWhDZWdmeU96VlRTdz09",
    "is_default": false,
    "timestamp": "2025-09-12T08:16:22.051Z"
  },
  {
    "anime_title": "Akuyaku Reijou Tensei Ojisan On-Going",
    "episode_title": "Akuyaku Reijou Tensei Ojisan Episode 5 Subtitle Indonesia",
    "episode_link": "https://otakudesu.best/episode/arto-episode-5-sub-indo/",
    "episode_date": "7 Februari,2025",
    "server": "pdrain",
    "quality": "720p",
    "data_content": "eyJpZCI6MTc2MjIzLCJpIjoyLCJxIjoiNzIwcCJ9",
    "decoded_data": {
      "id": 176223,
      "i": 2,
      "q": "720p"
    },
    "stream_url": "https://www.pixeldrain.com/u/ufKnFmd7?embed",
    "is_default": false,
    "timestamp": "2025-09-12T08:16:22.060Z"
  },
  {
    "anime_title": "Akuyaku Reijou Tensei Ojisan On-Going",
    "episode_title": "Akuyaku Reijou Tensei Ojisan Episode 5 Subtitle Indonesia",
    "episode_link": "https://otakudesu.best/episode/arto-episode-5-sub-indo/",
    "episode_date": "7 Februari,2025",
    "server": "odstream",
    "quality": "720p",
    "data_content": "eyJpZCI6MTc2MjIzLCJpIjozLCJxIjoiNzIwcCJ9",
    "decoded_data": {
      "id": 176223,
      "i": 3,
      "q": "720p"
    },
    "stream_url": "https://desustream.info/dstream/arcg/?id=cmdIMXEyVE9JZWlFaWFPcGF2LzFuQXBEQUphSFFYTnRqbDAzZUZNb01Gb0pVendTTGhZOFFLVFRaR3gxcG50Zw==",
    "is_default": false,
    "timestamp": "2025-09-12T08:16:22.109Z"
  },
  {
    "anime_title": "Akuyaku Reijou Tensei Ojisan On-Going",
    "episode_title": "Akuyaku Reijou Tensei Ojisan Episode 5 Subtitle Indonesia",
    "episode_link": "https://otakudesu.best/episode/arto-episode-5-sub-indo/",
    "episode_date": "7 Februari,2025",
    "server": "mega",
    "quality": "720p",
    "data_content": "eyJpZCI6MTc2MjIzLCJpIjo0LCJxIjoiNzIwcCJ9",
    "decoded_data": {
      "id": 176223,
      "i": 4,
      "q": "720p"
    },
    "stream_url": "https://mega.nz/embed/BQBDDAyY#Rl9FmvP40Aas3Y1ITwM9rVVCOJI-QxMm_t4EVNMi3UU",
    "is_default": false,
    "timestamp": "2025-09-12T08:16:22.335Z"
  },
  {
    "anime_title": "Akuyaku Reijou Tensei Ojisan On-Going",
    "episode_title": "Akuyaku Reijou Tensei Ojisan Episode 6 Subtitle Indonesia",
    "episode_link": "https://otakudesu.best/episode/arto-episode-6-sub-indo/",
    "episode_date": "14 Februari,2025",
    "server": "vidhide",
    "quality": "360p",
    "data_content": "eyJpZCI6MTc2NDYyLCJpIjowLCJxIjoiMzYwcCJ9",
    "decoded_data": {
      "id": 176462,
      "i": 0,
      "q": "360p"
    },
    "stream_url": "https://odvidhide.com/embed/kcoe0w0gaibi",
    "is_default": false,
    "timestamp": "2025-09-12T08:16:22.974Z"
  },
  {
    "anime_title": "Akuyaku Reijou Tensei Ojisan On-Going",
    "episode_title": "Akuyaku Reijou Tensei Ojisan Episode 6 Subtitle Indonesia",
    "episode_link": "https://otakudesu.best/episode/arto-episode-6-sub-indo/",
    "episode_date": "14 Februari,2025",
    "server": "pdrain",
    "quality": "360p",
    "data_content": "eyJpZCI6MTc2NDYyLCJpIjoxLCJxIjoiMzYwcCJ9",
    "decoded_data": {
      "id": 176462,
      "i": 1,
      "q": "360p"
    },
    "stream_url": "https://www.pixeldrain.com/u/mDxBmeRq?embed",
    "is_default": false,
    "timestamp": "2025-09-12T08:16:22.995Z"
  },
  {
    "anime_title": "Akuyaku Reijou Tensei Ojisan On-Going",
    "episode_title": "Akuyaku Reijou Tensei Ojisan Episode 6 Subtitle Indonesia",
    "episode_link": "https://otakudesu.best/episode/arto-episode-6-sub-indo/",
    "episode_date": "14 Februari,2025",
    "server": "odstream",
    "quality": "360p",
    "data_content": "eyJpZCI6MTc2NDYyLCJpIjoyLCJxIjoiMzYwcCJ9",
    "decoded_data": {
      "id": 176462,
      "i": 2,
      "q": "360p"
    },
    "stream_url": "https://desustream.info/dstream/arcg/?id=cFFNejdRdkxvb3drc0QzTVhZQTdZUGhnS0FwdW1NVDNEWEppOU83c1RyMkVmWU45TzRDMVl6NDFLbktNQWhabQ==",
    "is_default": false,
    "timestamp": "2025-09-12T08:16:23.072Z"
  },
  {
    "anime_title": "Akuyaku Reijou Tensei Ojisan On-Going",
    "episode_title": "Akuyaku Reijou Tensei Ojisan Episode 6 Subtitle Indonesia",
    "episode_link": "https://otakudesu.best/episode/arto-episode-6-sub-indo/",
    "episode_date": "14 Februari,2025",
    "server": "mega",
    "quality": "360p",
    "data_content": "eyJpZCI6MTc2NDYyLCJpIjozLCJxIjoiMzYwcCJ9",
    "decoded_data": {
      "id": 176462,
      "i": 3,
      "q": "360p"
    },
    "stream_url": "https://mega.nz/embed/CW4AWaZZ#kA88bQiNYj5KK3d_GD6tln3pzNJmJ3HOdQ5jVa0kNsE",
    "is_default": false,
    "timestamp": "2025-09-12T08:16:23.081Z"
  },
  {
    "anime_title": "Akuyaku Reijou Tensei Ojisan On-Going",
    "episode_title": "Akuyaku Reijou Tensei Ojisan Episode 6 Subtitle Indonesia",
    "episode_link": "https://otakudesu.best/episode/arto-episode-6-sub-indo/",
    "episode_date": "14 Februari,2025",
    "server": "vidhide",
    "quality": "480p",
    "data_content": "eyJpZCI6MTc2NDYyLCJpIjoxLCJxIjoiNDgwcCJ9",
    "decoded_data": {
      "id": 176462,
      "i": 1,
      "q": "480p"
    },
    "stream_url": "https://odvidhide.com/embed/gfg5mkd8jts8",
    "is_default": false,
    "timestamp": "2025-09-12T08:16:23.136Z"
  },
  {
    "anime_title": "Akuyaku Reijou Tensei Ojisan On-Going",
    "episode_title": "Akuyaku Reijou Tensei Ojisan Episode 6 Subtitle Indonesia",
    "episode_link": "https://otakudesu.best/episode/arto-episode-6-sub-indo/",
    "episode_date": "14 Februari,2025",
    "server": "updesu",
    "quality": "480p",
    "data_content": "eyJpZCI6MTc2NDYyLCJpIjowLCJxIjoiNDgwcCJ9",
    "decoded_data": {
      "id": 176462,
      "i": 0,
      "q": "480p"
    },
    "stream_url": "https://desustream.info/dstream/updesu/v5/index.php?id=Y3VBRzZFVENpOUtTUDVKL1hRSVlJdz09",
    "is_default": true,
    "timestamp": "2025-09-12T08:16:23.147Z"
  },
  {
    "anime_title": "Akuyaku Reijou Tensei Ojisan On-Going",
    "episode_title": "Akuyaku Reijou Tensei Ojisan Episode 6 Subtitle Indonesia",
    "episode_link": "https://otakudesu.best/episode/arto-episode-6-sub-indo/",
    "episode_date": "14 Februari,2025",
    "server": "odstream",
    "quality": "480p",
    "data_content": "eyJpZCI6MTc2NDYyLCJpIjozLCJxIjoiNDgwcCJ9",
    "decoded_data": {
      "id": 176462,
      "i": 3,
      "q": "480p"
    },
    "stream_url": "https://desustream.info/dstream/arcg/?id=cFFNejdRdkxvb3drc0QzTVhZQTdZUGhnS0FwdW1NVDNEWEppOU83c1RyMklVWmdhNkY3NnRzU1ZwOTlUMEVHTA==",
    "is_default": false,
    "timestamp": "2025-09-12T08:16:23.248Z"
  },
  {
    "anime_title": "Akuyaku Reijou Tensei Ojisan On-Going",
    "episode_title": "Akuyaku Reijou Tensei Ojisan Episode 6 Subtitle Indonesia",
    "episode_link": "https://otakudesu.best/episode/arto-episode-6-sub-indo/",
    "episode_date": "14 Februari,2025",
    "server": "mega",
    "quality": "480p",
    "data_content": "eyJpZCI6MTc2NDYyLCJpIjo0LCJxIjoiNDgwcCJ9",
    "decoded_data": {
      "id": 176462,
      "i": 4,
      "q": "480p"
    },
    "stream_url": "https://mega.nz/embed/6L5RmB5J#NxEZN9F0rbx9CnmHemcu3P87REZH2ulAB63sf3nht2E",
    "is_default": false,
    "timestamp": "2025-09-12T08:16:23.285Z"
  },
  {
    "anime_title": "Akuyaku Reijou Tensei Ojisan On-Going",
    "episode_title": "Akuyaku Reijou Tensei Ojisan Episode 6 Subtitle Indonesia",
    "episode_link": "https://otakudesu.best/episode/arto-episode-6-sub-indo/",
    "episode_date": "14 Februari,2025",
    "server": "vidhide",
    "quality": "720p",
    "data_content": "eyJpZCI6MTc2NDYyLCJpIjowLCJxIjoiNzIwcCJ9",
    "decoded_data": {
      "id": 176462,
      "i": 0,
      "q": "720p"
    },
    "stream_url": "https://odvidhide.com/embed/fkrmzzunp94j",
    "is_default": false,
    "timestamp": "2025-09-12T08:16:23.293Z"
  },
  {
    "anime_title": "Akuyaku Reijou Tensei Ojisan On-Going",
    "episode_title": "Akuyaku Reijou Tensei Ojisan Episode 6 Subtitle Indonesia",
    "episode_link": "https://otakudesu.best/episode/arto-episode-6-sub-indo/",
    "episode_date": "14 Februari,2025",
    "server": "ondesuhd",
    "quality": "720p",
    "data_content": "eyJpZCI6MTc2NDYyLCJpIjoxLCJxIjoiNzIwcCJ9",
    "decoded_data": {
      "id": 176462,
      "i": 1,
      "q": "720p"
    },
    "stream_url": "https://desustream.info/dstream/ondesu/hd/v2/index.php?id=Y3VBRzZFVENpOUtTUDVKL1hRSVlJdz09",
    "is_default": false,
    "timestamp": "2025-09-12T08:16:23.342Z"
  },
  {
    "anime_title": "Akuyaku Reijou Tensei Ojisan On-Going",
    "episode_title": "Akuyaku Reijou Tensei Ojisan Episode 6 Subtitle Indonesia",
    "episode_link": "https://otakudesu.best/episode/arto-episode-6-sub-indo/",
    "episode_date": "14 Februari,2025",
    "server": "pdrain",
    "quality": "720p",
    "data_content": "eyJpZCI6MTc2NDYyLCJpIjoyLCJxIjoiNzIwcCJ9",
    "decoded_data": {
      "id": 176462,
      "i": 2,
      "q": "720p"
    },
    "stream_url": "https://www.pixeldrain.com/u/mrhXrunL?embed",
    "is_default": false,
    "timestamp": "2025-09-12T08:16:23.377Z"
  },
  {
    "anime_title": "Akuyaku Reijou Tensei Ojisan On-Going",
    "episode_title": "Akuyaku Reijou Tensei Ojisan Episode 6 Subtitle Indonesia",
    "episode_link": "https://otakudesu.best/episode/arto-episode-6-sub-indo/",
    "episode_date": "14 Februari,2025",
    "server": "odstream",
    "quality": "720p",
    "data_content": "eyJpZCI6MTc2NDYyLCJpIjozLCJxIjoiNzIwcCJ9",
    "decoded_data": {
      "id": 176462,
      "i": 3,
      "q": "720p"
    },
    "stream_url": "https://desustream.info/dstream/arcg/?id=cFFNejdRdkxvb3drc0QzTVhZQTdZUGhnS0FwdW1NVDNEWEppOU83c1RyMUltTVlUUk5kdDZzMVFwVmsxb3drOA==",
    "is_default": false,
    "timestamp": "2025-09-12T08:16:23.424Z"
  },
  {
    "anime_title": "Akuyaku Reijou Tensei Ojisan On-Going",
    "episode_title": "Akuyaku Reijou Tensei Ojisan Episode 6 Subtitle Indonesia",
    "episode_link": "https://otakudesu.best/episode/arto-episode-6-sub-indo/",
    "episode_date": "14 Februari,2025",
    "server": "mega",
    "quality": "720p",
    "data_content": "eyJpZCI6MTc2NDYyLCJpIjo0LCJxIjoiNzIwcCJ9",
    "decoded_data": {
      "id": 176462,
      "i": 4,
      "q": "720p"
    },
    "stream_url": "https://mega.nz/embed/ybZSzTiC#V7AkrBKohAvLVHOlwjkbrOnqooKe5JHDNjFMSnIslBo",
    "is_default": false,
    "timestamp": "2025-09-12T08:16:23.463Z"
  },
  {
    "anime_title": "Akuyaku Reijou Tensei Ojisan On-Going",
    "episode_title": "Akuyaku Reijou Tensei Ojisan Episode 6 Subtitle Indonesia",
    "episode_link": "https://otakudesu.best/episode/arto-episode-6-sub-indo/",
    "episode_date": "14 Februari,2025",
    "server": "pdrain",
    "quality": "480p",
    "data_content": "eyJpZCI6MTc2NDYyLCJpIjoyLCJxIjoiNDgwcCJ9",
    "decoded_data": {
      "id": 176462,
      "i": 2,
      "q": "480p"
    },
    "stream_url": "https://www.pixeldrain.com/u/gNtvKXTL?embed",
    "is_default": false,
    "timestamp": "2025-09-12T08:16:23.775Z"
  },
  {
    "anime_title": "Akuyaku Reijou Tensei Ojisan On-Going",
    "episode_title": "Akuyaku Reijou Tensei Ojisan Episode 6 Subtitle Indonesia",
    "episode_link": "https://otakudesu.best/episode/arto-episode-6-sub-indo/",
    "episode_date": "14 Februari,2025",
    "server": "vidhide",
    "quality": "360p",
    "data_content": "eyJpZCI6MTc2NDYyLCJpIjowLCJxIjoiMzYwcCJ9",
    "decoded_data": {
      "id": 176462,
      "i": 0,
      "q": "360p"
    },
    "stream_url": "https://odvidhide.com/embed/kcoe0w0gaibi",
    "is_default": false,
    "timestamp": "2025-09-12T08:16:22.974Z"
  },
  {
    "anime_title": "Akuyaku Reijou Tensei Ojisan On-Going",
    "episode_title": "Akuyaku Reijou Tensei Ojisan Episode 6 Subtitle Indonesia",
    "episode_link": "https://otakudesu.best/episode/arto-episode-6-sub-indo/",
    "episode_date": "14 Februari,2025",
    "server": "pdrain",
    "quality": "360p",
    "data_content": "eyJpZCI6MTc2NDYyLCJpIjoxLCJxIjoiMzYwcCJ9",
    "decoded_data": {
      "id": 176462,
      "i": 1,
      "q": "360p"
    },
    "stream_url": "https://www.pixeldrain.com/u/mDxBmeRq?embed",
    "is_default": false,
    "timestamp": "2025-09-12T08:16:22.995Z"
  },
  {
    "anime_title": "Akuyaku Reijou Tensei Ojisan On-Going",
    "episode_title": "Akuyaku Reijou Tensei Ojisan Episode 6 Subtitle Indonesia",
    "episode_link": "https://otakudesu.best/episode/arto-episode-6-sub-indo/",
    "episode_date": "14 Februari,2025",
    "server": "odstream",
    "quality": "360p",
    "data_content": "eyJpZCI6MTc2NDYyLCJpIjoyLCJxIjoiMzYwcCJ9",
    "decoded_data": {
      "id": 176462,
      "i": 2,
      "q": "360p"
    },
    "stream_url": "https://desustream.info/dstream/arcg/?id=cFFNejdRdkxvb3drc0QzTVhZQTdZUGhnS0FwdW1NVDNEWEppOU83c1RyMkVmWU45TzRDMVl6NDFLbktNQWhabQ==",
    "is_default": false,
    "timestamp": "2025-09-12T08:16:23.072Z"
  },
  {
    "anime_title": "Akuyaku Reijou Tensei Ojisan On-Going",
    "episode_title": "Akuyaku Reijou Tensei Ojisan Episode 6 Subtitle Indonesia",
    "episode_link": "https://otakudesu.best/episode/arto-episode-6-sub-indo/",
    "episode_date": "14 Februari,2025",
    "server": "mega",
    "quality": "360p",
    "data_content": "eyJpZCI6MTc2NDYyLCJpIjozLCJxIjoiMzYwcCJ9",
    "decoded_data": {
      "id": 176462,
      "i": 3,
      "q": "360p"
    },
    "stream_url": "https://mega.nz/embed/CW4AWaZZ#kA88bQiNYj5KK3d_GD6tln3pzNJmJ3HOdQ5jVa0kNsE",
    "is_default": false,
    "timestamp": "2025-09-12T08:16:23.081Z"
  },
  {
    "anime_title": "Akuyaku Reijou Tensei Ojisan On-Going",
    "episode_title": "Akuyaku Reijou Tensei Ojisan Episode 6 Subtitle Indonesia",
    "episode_link": "https://otakudesu.best/episode/arto-episode-6-sub-indo/",
    "episode_date": "14 Februari,2025",
    "server": "updesu",
    "quality": "480p",
    "data_content": "eyJpZCI6MTc2NDYyLCJpIjowLCJxIjoiNDgwcCJ9",
    "decoded_data": {
      "id": 176462,
      "i": 0,
      "q": "480p"
    },
    "stream_url": "https://desustream.info/dstream/updesu/v5/index.php?id=Y3VBRzZFVENpOUtTUDVKL1hRSVlJdz09",
    "is_default": true,
    "timestamp": "2025-09-12T08:16:23.147Z"
  },
  {
    "anime_title": "Akuyaku Reijou Tensei Ojisan On-Going",
    "episode_title": "Akuyaku Reijou Tensei Ojisan Episode 6 Subtitle Indonesia",
    "episode_link": "https://otakudesu.best/episode/arto-episode-6-sub-indo/",
    "episode_date": "14 Februari,2025",
    "server": "vidhide",
    "quality": "480p",
    "data_content": "eyJpZCI6MTc2NDYyLCJpIjoxLCJxIjoiNDgwcCJ9",
    "decoded_data": {
      "id": 176462,
      "i": 1,
      "q": "480p"
    },
    "stream_url": "https://odvidhide.com/embed/gfg5mkd8jts8",
    "is_default": false,
    "timestamp": "2025-09-12T08:16:23.136Z"
  },
  {
    "anime_title": "Akuyaku Reijou Tensei Ojisan On-Going",
    "episode_title": "Akuyaku Reijou Tensei Ojisan Episode 6 Subtitle Indonesia",
    "episode_link": "https://otakudesu.best/episode/arto-episode-6-sub-indo/",
    "episode_date": "14 Februari,2025",
    "server": "pdrain",
    "quality": "480p",
    "data_content": "eyJpZCI6MTc2NDYyLCJpIjoyLCJxIjoiNDgwcCJ9",
    "decoded_data": {
      "id": 176462,
      "i": 2,
      "q": "480p"
    },
    "stream_url": "https://www.pixeldrain.com/u/gNtvKXTL?embed",
    "is_default": false,
    "timestamp": "2025-09-12T08:16:23.775Z"
  },
  {
    "anime_title": "Akuyaku Reijou Tensei Ojisan On-Going",
    "episode_title": "Akuyaku Reijou Tensei Ojisan Episode 6 Subtitle Indonesia",
    "episode_link": "https://otakudesu.best/episode/arto-episode-6-sub-indo/",
    "episode_date": "14 Februari,2025",
    "server": "odstream",
    "quality": "480p",
    "data_content": "eyJpZCI6MTc2NDYyLCJpIjozLCJxIjoiNDgwcCJ9",
    "decoded_data": {
      "id": 176462,
      "i": 3,
      "q": "480p"
    },
    "stream_url": "https://desustream.info/dstream/arcg/?id=cFFNejdRdkxvb3drc0QzTVhZQTdZUGhnS0FwdW1NVDNEWEppOU83c1RyMklVWmdhNkY3NnRzU1ZwOTlUMEVHTA==",
    "is_default": false,
    "timestamp": "2025-09-12T08:16:23.248Z"
  },
  {
    "anime_title": "Akuyaku Reijou Tensei Ojisan On-Going",
    "episode_title": "Akuyaku Reijou Tensei Ojisan Episode 6 Subtitle Indonesia",
    "episode_link": "https://otakudesu.best/episode/arto-episode-6-sub-indo/",
    "episode_date": "14 Februari,2025",
    "server": "mega",
    "quality": "480p",
    "data_content": "eyJpZCI6MTc2NDYyLCJpIjo0LCJxIjoiNDgwcCJ9",
    "decoded_data": {
      "id": 176462,
      "i": 4,
      "q": "480p"
    },
    "stream_url": "https://mega.nz/embed/6L5RmB5J#NxEZN9F0rbx9CnmHemcu3P87REZH2ulAB63sf3nht2E",
    "is_default": false,
    "timestamp": "2025-09-12T08:16:23.285Z"
  },
  {
    "anime_title": "Akuyaku Reijou Tensei Ojisan On-Going",
    "episode_title": "Akuyaku Reijou Tensei Ojisan Episode 6 Subtitle Indonesia",
    "episode_link": "https://otakudesu.best/episode/arto-episode-6-sub-indo/",
    "episode_date": "14 Februari,2025",
    "server": "vidhide",
    "quality": "720p",
    "data_content": "eyJpZCI6MTc2NDYyLCJpIjowLCJxIjoiNzIwcCJ9",
    "decoded_data": {
      "id": 176462,
      "i": 0,
      "q": "720p"
    },
    "stream_url": "https://odvidhide.com/embed/fkrmzzunp94j",
    "is_default": false,
    "timestamp": "2025-09-12T08:16:23.293Z"
  },
  {
    "anime_title": "Akuyaku Reijou Tensei Ojisan On-Going",
    "episode_title": "Akuyaku Reijou Tensei Ojisan Episode 6 Subtitle Indonesia",
    "episode_link": "https://otakudesu.best/episode/arto-episode-6-sub-indo/",
    "episode_date": "14 Februari,2025",
    "server": "ondesuhd",
    "quality": "720p",
    "data_content": "eyJpZCI6MTc2NDYyLCJpIjoxLCJxIjoiNzIwcCJ9",
    "decoded_data": {
      "id": 176462,
      "i": 1,
      "q": "720p"
    },
    "stream_url": "https://desustream.info/dstream/ondesu/hd/v2/index.php?id=Y3VBRzZFVENpOUtTUDVKL1hRSVlJdz09",
    "is_default": false,
    "timestamp": "2025-09-12T08:16:23.342Z"
  },
  {
    "anime_title": "Akuyaku Reijou Tensei Ojisan On-Going",
    "episode_title": "Akuyaku Reijou Tensei Ojisan Episode 6 Subtitle Indonesia",
    "episode_link": "https://otakudesu.best/episode/arto-episode-6-sub-indo/",
    "episode_date": "14 Februari,2025",
    "server": "pdrain",
    "quality": "720p",
    "data_content": "eyJpZCI6MTc2NDYyLCJpIjoyLCJxIjoiNzIwcCJ9",
    "decoded_data": {
      "id": 176462,
      "i": 2,
      "q": "720p"
    },
    "stream_url": "https://www.pixeldrain.com/u/mrhXrunL?embed",
    "is_default": false,
    "timestamp": "2025-09-12T08:16:23.377Z"
  },
  {
    "anime_title": "Akuyaku Reijou Tensei Ojisan On-Going",
    "episode_title": "Akuyaku Reijou Tensei Ojisan Episode 6 Subtitle Indonesia",
    "episode_link": "https://otakudesu.best/episode/arto-episode-6-sub-indo/",
    "episode_date": "14 Februari,2025",
    "server": "odstream",
    "quality": "720p",
    "data_content": "eyJpZCI6MTc2NDYyLCJpIjozLCJxIjoiNzIwcCJ9",
    "decoded_data": {
      "id": 176462,
      "i": 3,
      "q": "720p"
    },
    "stream_url": "https://desustream.info/dstream/arcg/?id=cFFNejdRdkxvb3drc0QzTVhZQTdZUGhnS0FwdW1NVDNEWEppOU83c1RyMUltTVlUUk5kdDZzMVFwVmsxb3drOA==",
    "is_default": false,
    "timestamp": "2025-09-12T08:16:23.424Z"
  },
  {
    "anime_title": "Akuyaku Reijou Tensei Ojisan On-Going",
    "episode_title": "Akuyaku Reijou Tensei Ojisan Episode 6 Subtitle Indonesia",
    "episode_link": "https://otakudesu.best/episode/arto-episode-6-sub-indo/",
    "episode_date": "14 Februari,2025",
    "server": "mega",
    "quality": "720p",
    "data_content": "eyJpZCI6MTc2NDYyLCJpIjo0LCJxIjoiNzIwcCJ9",
    "decoded_data": {
      "id": 176462,
      "i": 4,
      "q": "720p"
    },
    "stream_url": "https://mega.nz/embed/ybZSzTiC#V7AkrBKohAvLVHOlwjkbrOnqooKe5JHDNjFMSnIslBo",
    "is_default": false,
    "timestamp": "2025-09-12T08:16:23.463Z"
  },
  {
    "anime_title": "Akuyaku Reijou Tensei Ojisan On-Going",
    "episode_title": "Akuyaku Reijou Tensei Ojisan Episode 7 Subtitle Indonesia",
    "episode_link": "https://otakudesu.best/episode/arto-episode-7-sub-indo/",
    "episode_date": "21 Februari,2025",
    "server": "vidhide",
    "quality": "360p",
    "data_content": "eyJpZCI6MTc2OTk5LCJpIjowLCJxIjoiMzYwcCJ9",
    "decoded_data": {
      "id": 176999,
      "i": 0,
      "q": "360p"
    },
    "stream_url": "https://odvidhide.com/embed/nv91sk1l1uuh",
    "is_default": false,
    "timestamp": "2025-09-12T08:16:24.398Z"
  },
  {
    "anime_title": "Akuyaku Reijou Tensei Ojisan On-Going",
    "episode_title": "Akuyaku Reijou Tensei Ojisan Episode 7 Subtitle Indonesia",
    "episode_link": "https://otakudesu.best/episode/arto-episode-7-sub-indo/",
    "episode_date": "21 Februari,2025",
    "server": "pdrain",
    "quality": "360p",
    "data_content": "eyJpZCI6MTc2OTk5LCJpIjoxLCJxIjoiMzYwcCJ9",
    "decoded_data": {
      "id": 176999,
      "i": 1,
      "q": "360p"
    },
    "stream_url": "https://www.pixeldrain.com/u/xBo4akoh?embed",
    "is_default": false,
    "timestamp": "2025-09-12T08:16:24.428Z"
  },
  {
    "anime_title": "Akuyaku Reijou Tensei Ojisan On-Going",
    "episode_title": "Akuyaku Reijou Tensei Ojisan Episode 7 Subtitle Indonesia",
    "episode_link": "https://otakudesu.best/episode/arto-episode-7-sub-indo/",
    "episode_date": "21 Februari,2025",
    "server": "odstream",
    "quality": "360p",
    "data_content": "eyJpZCI6MTc2OTk5LCJpIjoyLCJxIjoiMzYwcCJ9",
    "decoded_data": {
      "id": 176999,
      "i": 2,
      "q": "360p"
    },
    "stream_url": "https://desustream.info/dstream/arcg/?id=aG5rRk8rTEtiaWhPeHJhQ2pNUUU0M1hMM3BLSnVKQlVnWGJ6czdFczNBUERYK0ZQa0pDdG5LRmpDSEFyU2RXdw==",
    "is_default": false,
    "timestamp": "2025-09-12T08:16:24.469Z"
  },
  {
    "anime_title": "Akuyaku Reijou Tensei Ojisan On-Going",
    "episode_title": "Akuyaku Reijou Tensei Ojisan Episode 7 Subtitle Indonesia",
    "episode_link": "https://otakudesu.best/episode/arto-episode-7-sub-indo/",
    "episode_date": "21 Februari,2025",
    "server": "mega",
    "quality": "360p",
    "data_content": "eyJpZCI6MTc2OTk5LCJpIjozLCJxIjoiMzYwcCJ9",
    "decoded_data": {
      "id": 176999,
      "i": 3,
      "q": "360p"
    },
    "stream_url": "https://mega.nz/embed/LGIhQKYY#xLkLoAbSEj9Y4cJkiV0SuTw_TGiM0kw60X4TG51WKpQ",
    "is_default": false,
    "timestamp": "2025-09-12T08:16:24.511Z"
  },
  {
    "anime_title": "Akuyaku Reijou Tensei Ojisan On-Going",
    "episode_title": "Akuyaku Reijou Tensei Ojisan Episode 7 Subtitle Indonesia",
    "episode_link": "https://otakudesu.best/episode/arto-episode-7-sub-indo/",
    "episode_date": "21 Februari,2025",
    "server": "ondesu3",
    "quality": "480p",
    "data_content": "eyJpZCI6MTc2OTk5LCJpIjowLCJxIjoiNDgwcCJ9",
    "decoded_data": {
      "id": 176999,
      "i": 0,
      "q": "480p"
    },
    "stream_url": "https://desustream.info/dstream/ondesu3/v5/index.php?id=dm9HRDZRODhqK3hQdkhGb0RBOThUUT09",
    "is_default": true,
    "timestamp": "2025-09-12T08:16:24.547Z"
  },
  {
    "anime_title": "Akuyaku Reijou Tensei Ojisan On-Going",
    "episode_title": "Akuyaku Reijou Tensei Ojisan Episode 7 Subtitle Indonesia",
    "episode_link": "https://otakudesu.best/episode/arto-episode-7-sub-indo/",
    "episode_date": "21 Februari,2025",
    "server": "vidhide",
    "quality": "480p",
    "data_content": "eyJpZCI6MTc2OTk5LCJpIjoxLCJxIjoiNDgwcCJ9",
    "decoded_data": {
      "id": 176999,
      "i": 1,
      "q": "480p"
    },
    "stream_url": "https://odvidhide.com/embed/tq7z8vsn9887",
    "is_default": false,
    "timestamp": "2025-09-12T08:16:24.579Z"
  },
  {
    "anime_title": "Akuyaku Reijou Tensei Ojisan On-Going",
    "episode_title": "Akuyaku Reijou Tensei Ojisan Episode 7 Subtitle Indonesia",
    "episode_link": "https://otakudesu.best/episode/arto-episode-7-sub-indo/",
    "episode_date": "21 Februari,2025",
    "server": "pdrain",
    "quality": "480p",
    "data_content": "eyJpZCI6MTc2OTk5LCJpIjoyLCJxIjoiNDgwcCJ9",
    "decoded_data": {
      "id": 176999,
      "i": 2,
      "q": "480p"
    },
    "stream_url": "https://www.pixeldrain.com/u/HGJrj7fB?embed",
    "is_default": false,
    "timestamp": "2025-09-12T08:16:24.615Z"
  },
  {
    "anime_title": "Akuyaku Reijou Tensei Ojisan On-Going",
    "episode_title": "Akuyaku Reijou Tensei Ojisan Episode 7 Subtitle Indonesia",
    "episode_link": "https://otakudesu.best/episode/arto-episode-7-sub-indo/",
    "episode_date": "21 Februari,2025",
    "server": "odstream",
    "quality": "480p",
    "data_content": "eyJpZCI6MTc2OTk5LCJpIjozLCJxIjoiNDgwcCJ9",
    "decoded_data": {
      "id": 176999,
      "i": 3,
      "q": "480p"
    },
    "stream_url": "https://desustream.info/dstream/arcg/?id=aG5rRk8rTEtiaWhPeHJhQ2pNUUU0M1hMM3BLSnVKQlVnWGJ6czdFczNBT01mWkp2cHhNdEhpdHNIY3lRNndCMg==",
    "is_default": false,
    "timestamp": "2025-09-12T08:16:24.672Z"
  },
  {
    "anime_title": "Akuyaku Reijou Tensei Ojisan On-Going",
    "episode_title": "Akuyaku Reijou Tensei Ojisan Episode 7 Subtitle Indonesia",
    "episode_link": "https://otakudesu.best/episode/arto-episode-7-sub-indo/",
    "episode_date": "21 Februari,2025",
    "server": "mega",
    "quality": "480p",
    "data_content": "eyJpZCI6MTc2OTk5LCJpIjo0LCJxIjoiNDgwcCJ9",
    "decoded_data": {
      "id": 176999,
      "i": 4,
      "q": "480p"
    },
    "stream_url": "https://mega.nz/embed/2CoUUKRZ#SBQlmHViWgy6jVoEG7wg-ZQROGTey1o4rlmewCU3L-w",
    "is_default": false,
    "timestamp": "2025-09-12T08:16:24.697Z"
  },
  {
    "anime_title": "Akuyaku Reijou Tensei Ojisan On-Going",
    "episode_title": "Akuyaku Reijou Tensei Ojisan Episode 7 Subtitle Indonesia",
    "episode_link": "https://otakudesu.best/episode/arto-episode-7-sub-indo/",
    "episode_date": "21 Februari,2025",
    "server": "vidhide",
    "quality": "720p",
    "data_content": "eyJpZCI6MTc2OTk5LCJpIjowLCJxIjoiNzIwcCJ9",
    "decoded_data": {
      "id": 176999,
      "i": 0,
      "q": "720p"
    },
    "stream_url": "https://odvidhide.com/embed/4x0amkwcg830",
    "is_default": false,
    "timestamp": "2025-09-12T08:16:24.737Z"
  },
  {
    "anime_title": "Akuyaku Reijou Tensei Ojisan On-Going",
    "episode_title": "Akuyaku Reijou Tensei Ojisan Episode 7 Subtitle Indonesia",
    "episode_link": "https://otakudesu.best/episode/arto-episode-7-sub-indo/",
    "episode_date": "21 Februari,2025",
    "server": "ondesuhd",
    "quality": "720p",
    "data_content": "eyJpZCI6MTc2OTk5LCJpIjoxLCJxIjoiNzIwcCJ9",
    "decoded_data": {
      "id": 176999,
      "i": 1,
      "q": "720p"
    },
    "stream_url": "https://desustream.info/dstream/ondesu/hd/v2/index.php?id=dm9HRDZRODhqK3hQdkhGb0RBOThUUT09",
    "is_default": false,
    "timestamp": "2025-09-12T08:16:24.757Z"
  },
  {
    "anime_title": "Akuyaku Reijou Tensei Ojisan On-Going",
    "episode_title": "Akuyaku Reijou Tensei Ojisan Episode 7 Subtitle Indonesia",
    "episode_link": "https://otakudesu.best/episode/arto-episode-7-sub-indo/",
    "episode_date": "21 Februari,2025",
    "server": "pdrain",
    "quality": "720p",
    "data_content": "eyJpZCI6MTc2OTk5LCJpIjoyLCJxIjoiNzIwcCJ9",
    "decoded_data": {
      "id": 176999,
      "i": 2,
      "q": "720p"
    },
    "stream_url": "https://www.pixeldrain.com/u/ew8AWyP4?embed",
    "is_default": false,
    "timestamp": "2025-09-12T08:16:24.813Z"
  },
  {
    "anime_title": "Akuyaku Reijou Tensei Ojisan On-Going",
    "episode_title": "Akuyaku Reijou Tensei Ojisan Episode 7 Subtitle Indonesia",
    "episode_link": "https://otakudesu.best/episode/arto-episode-7-sub-indo/",
    "episode_date": "21 Februari,2025",
    "server": "odstream",
    "quality": "720p",
    "data_content": "eyJpZCI6MTc2OTk5LCJpIjozLCJxIjoiNzIwcCJ9",
    "decoded_data": {
      "id": 176999,
      "i": 3,
      "q": "720p"
    },
    "stream_url": "https://desustream.info/dstream/arcg/?id=aG5rRk8rTEtiaWhPeHJhQ2pNUUU0M1hMM3BLSnVKQlVnWGJ6czdFczNBUG90cFBINDVtbzNoeXQ2alQxNW9mTQ==",
    "is_default": false,
    "timestamp": "2025-09-12T08:16:24.867Z"
  },
  {
    "anime_title": "Akuyaku Reijou Tensei Ojisan On-Going",
    "episode_title": "Akuyaku Reijou Tensei Ojisan Episode 7 Subtitle Indonesia",
    "episode_link": "https://otakudesu.best/episode/arto-episode-7-sub-indo/",
    "episode_date": "21 Februari,2025",
    "server": "mega",
    "quality": "720p",
    "data_content": "eyJpZCI6MTc2OTk5LCJpIjo0LCJxIjoiNzIwcCJ9",
    "decoded_data": {
      "id": 176999,
      "i": 4,
      "q": "720p"
    },
    "stream_url": "https://mega.nz/embed/XW5AWBiY#n2xWOcmmLoQoFEb4GWbczWzznpUOEBUaa5X8_OvgN0Y",
    "is_default": false,
    "timestamp": "2025-09-12T08:16:24.899Z"
  },
  {
    "anime_title": "Akuyaku Reijou Tensei Ojisan On-Going",
    "episode_title": "Akuyaku Reijou Tensei Ojisan Episode 7 Subtitle Indonesia",
    "episode_link": "https://otakudesu.best/episode/arto-episode-7-sub-indo/",
    "episode_date": "21 Februari,2025",
    "server": "vidhide",
    "quality": "360p",
    "data_content": "eyJpZCI6MTc2OTk5LCJpIjowLCJxIjoiMzYwcCJ9",
    "decoded_data": {
      "id": 176999,
      "i": 0,
      "q": "360p"
    },
    "stream_url": "https://odvidhide.com/embed/nv91sk1l1uuh",
    "is_default": false,
    "timestamp": "2025-09-12T08:16:24.398Z"
  },
  {
    "anime_title": "Akuyaku Reijou Tensei Ojisan On-Going",
    "episode_title": "Akuyaku Reijou Tensei Ojisan Episode 7 Subtitle Indonesia",
    "episode_link": "https://otakudesu.best/episode/arto-episode-7-sub-indo/",
    "episode_date": "21 Februari,2025",
    "server": "pdrain",
    "quality": "360p",
    "data_content": "eyJpZCI6MTc2OTk5LCJpIjoxLCJxIjoiMzYwcCJ9",
    "decoded_data": {
      "id": 176999,
      "i": 1,
      "q": "360p"
    },
    "stream_url": "https://www.pixeldrain.com/u/xBo4akoh?embed",
    "is_default": false,
    "timestamp": "2025-09-12T08:16:24.428Z"
  },
  {
    "anime_title": "Akuyaku Reijou Tensei Ojisan On-Going",
    "episode_title": "Akuyaku Reijou Tensei Ojisan Episode 7 Subtitle Indonesia",
    "episode_link": "https://otakudesu.best/episode/arto-episode-7-sub-indo/",
    "episode_date": "21 Februari,2025",
    "server": "odstream",
    "quality": "360p",
    "data_content": "eyJpZCI6MTc2OTk5LCJpIjoyLCJxIjoiMzYwcCJ9",
    "decoded_data": {
      "id": 176999,
      "i": 2,
      "q": "360p"
    },
    "stream_url": "https://desustream.info/dstream/arcg/?id=aG5rRk8rTEtiaWhPeHJhQ2pNUUU0M1hMM3BLSnVKQlVnWGJ6czdFczNBUERYK0ZQa0pDdG5LRmpDSEFyU2RXdw==",
    "is_default": false,
    "timestamp": "2025-09-12T08:16:24.469Z"
  },
  {
    "anime_title": "Akuyaku Reijou Tensei Ojisan On-Going",
    "episode_title": "Akuyaku Reijou Tensei Ojisan Episode 7 Subtitle Indonesia",
    "episode_link": "https://otakudesu.best/episode/arto-episode-7-sub-indo/",
    "episode_date": "21 Februari,2025",
    "server": "mega",
    "quality": "360p",
    "data_content": "eyJpZCI6MTc2OTk5LCJpIjozLCJxIjoiMzYwcCJ9",
    "decoded_data": {
      "id": 176999,
      "i": 3,
      "q": "360p"
    },
    "stream_url": "https://mega.nz/embed/LGIhQKYY#xLkLoAbSEj9Y4cJkiV0SuTw_TGiM0kw60X4TG51WKpQ",
    "is_default": false,
    "timestamp": "2025-09-12T08:16:24.511Z"
  },
  {
    "anime_title": "Akuyaku Reijou Tensei Ojisan On-Going",
    "episode_title": "Akuyaku Reijou Tensei Ojisan Episode 7 Subtitle Indonesia",
    "episode_link": "https://otakudesu.best/episode/arto-episode-7-sub-indo/",
    "episode_date": "21 Februari,2025",
    "server": "ondesu3",
    "quality": "480p",
    "data_content": "eyJpZCI6MTc2OTk5LCJpIjowLCJxIjoiNDgwcCJ9",
    "decoded_data": {
      "id": 176999,
      "i": 0,
      "q": "480p"
    },
    "stream_url": "https://desustream.info/dstream/ondesu3/v5/index.php?id=dm9HRDZRODhqK3hQdkhGb0RBOThUUT09",
    "is_default": true,
    "timestamp": "2025-09-12T08:16:24.547Z"
  },
  {
    "anime_title": "Akuyaku Reijou Tensei Ojisan On-Going",
    "episode_title": "Akuyaku Reijou Tensei Ojisan Episode 7 Subtitle Indonesia",
    "episode_link": "https://otakudesu.best/episode/arto-episode-7-sub-indo/",
    "episode_date": "21 Februari,2025",
    "server": "vidhide",
    "quality": "480p",
    "data_content": "eyJpZCI6MTc2OTk5LCJpIjoxLCJxIjoiNDgwcCJ9",
    "decoded_data": {
      "id": 176999,
      "i": 1,
      "q": "480p"
    },
    "stream_url": "https://odvidhide.com/embed/tq7z8vsn9887",
    "is_default": false,
    "timestamp": "2025-09-12T08:16:24.579Z"
  },
  {
    "anime_title": "Akuyaku Reijou Tensei Ojisan On-Going",
    "episode_title": "Akuyaku Reijou Tensei Ojisan Episode 7 Subtitle Indonesia",
    "episode_link": "https://otakudesu.best/episode/arto-episode-7-sub-indo/",
    "episode_date": "21 Februari,2025",
    "server": "pdrain",
    "quality": "480p",
    "data_content": "eyJpZCI6MTc2OTk5LCJpIjoyLCJxIjoiNDgwcCJ9",
    "decoded_data": {
      "id": 176999,
      "i": 2,
      "q": "480p"
    },
    "stream_url": "https://www.pixeldrain.com/u/HGJrj7fB?embed",
    "is_default": false,
    "timestamp": "2025-09-12T08:16:24.615Z"
  },
  {
    "anime_title": "Akuyaku Reijou Tensei Ojisan On-Going",
    "episode_title": "Akuyaku Reijou Tensei Ojisan Episode 7 Subtitle Indonesia",
    "episode_link": "https://otakudesu.best/episode/arto-episode-7-sub-indo/",
    "episode_date": "21 Februari,2025",
    "server": "odstream",
    "quality": "480p",
    "data_content": "eyJpZCI6MTc2OTk5LCJpIjozLCJxIjoiNDgwcCJ9",
    "decoded_data": {
      "id": 176999,
      "i": 3,
      "q": "480p"
    },
    "stream_url": "https://desustream.info/dstream/arcg/?id=aG5rRk8rTEtiaWhPeHJhQ2pNUUU0M1hMM3BLSnVKQlVnWGJ6czdFczNBT01mWkp2cHhNdEhpdHNIY3lRNndCMg==",
    "is_default": false,
    "timestamp": "2025-09-12T08:16:24.672Z"
  },
  {
    "anime_title": "Akuyaku Reijou Tensei Ojisan On-Going",
    "episode_title": "Akuyaku Reijou Tensei Ojisan Episode 7 Subtitle Indonesia",
    "episode_link": "https://otakudesu.best/episode/arto-episode-7-sub-indo/",
    "episode_date": "21 Februari,2025",
    "server": "mega",
    "quality": "480p",
    "data_content": "eyJpZCI6MTc2OTk5LCJpIjo0LCJxIjoiNDgwcCJ9",
    "decoded_data": {
      "id": 176999,
      "i": 4,
      "q": "480p"
    },
    "stream_url": "https://mega.nz/embed/2CoUUKRZ#SBQlmHViWgy6jVoEG7wg-ZQROGTey1o4rlmewCU3L-w",
    "is_default": false,
    "timestamp": "2025-09-12T08:16:24.697Z"
  },
  {
    "anime_title": "Akuyaku Reijou Tensei Ojisan On-Going",
    "episode_title": "Akuyaku Reijou Tensei Ojisan Episode 7 Subtitle Indonesia",
    "episode_link": "https://otakudesu.best/episode/arto-episode-7-sub-indo/",
    "episode_date": "21 Februari,2025",
    "server": "vidhide",
    "quality": "720p",
    "data_content": "eyJpZCI6MTc2OTk5LCJpIjowLCJxIjoiNzIwcCJ9",
    "decoded_data": {
      "id": 176999,
      "i": 0,
      "q": "720p"
    },
    "stream_url": "https://odvidhide.com/embed/4x0amkwcg830",
    "is_default": false,
    "timestamp": "2025-09-12T08:16:24.737Z"
  },
  {
    "anime_title": "Akuyaku Reijou Tensei Ojisan On-Going",
    "episode_title": "Akuyaku Reijou Tensei Ojisan Episode 7 Subtitle Indonesia",
    "episode_link": "https://otakudesu.best/episode/arto-episode-7-sub-indo/",
    "episode_date": "21 Februari,2025",
    "server": "ondesuhd",
    "quality": "720p",
    "data_content": "eyJpZCI6MTc2OTk5LCJpIjoxLCJxIjoiNzIwcCJ9",
    "decoded_data": {
      "id": 176999,
      "i": 1,
      "q": "720p"
    },
    "stream_url": "https://desustream.info/dstream/ondesu/hd/v2/index.php?id=dm9HRDZRODhqK3hQdkhGb0RBOThUUT09",
    "is_default": false,
    "timestamp": "2025-09-12T08:16:24.757Z"
  },
  {
    "anime_title": "Akuyaku Reijou Tensei Ojisan On-Going",
    "episode_title": "Akuyaku Reijou Tensei Ojisan Episode 7 Subtitle Indonesia",
    "episode_link": "https://otakudesu.best/episode/arto-episode-7-sub-indo/",
    "episode_date": "21 Februari,2025",
    "server": "pdrain",
    "quality": "720p",
    "data_content": "eyJpZCI6MTc2OTk5LCJpIjoyLCJxIjoiNzIwcCJ9",
    "decoded_data": {
      "id": 176999,
      "i": 2,
      "q": "720p"
    },
    "stream_url": "https://www.pixeldrain.com/u/ew8AWyP4?embed",
    "is_default": false,
    "timestamp": "2025-09-12T08:16:24.813Z"
  },
  {
    "anime_title": "Akuyaku Reijou Tensei Ojisan On-Going",
    "episode_title": "Akuyaku Reijou Tensei Ojisan Episode 7 Subtitle Indonesia",
    "episode_link": "https://otakudesu.best/episode/arto-episode-7-sub-indo/",
    "episode_date": "21 Februari,2025",
    "server": "odstream",
    "quality": "720p",
    "data_content": "eyJpZCI6MTc2OTk5LCJpIjozLCJxIjoiNzIwcCJ9",
    "decoded_data": {
      "id": 176999,
      "i": 3,
      "q": "720p"
    },
    "stream_url": "https://desustream.info/dstream/arcg/?id=aG5rRk8rTEtiaWhPeHJhQ2pNUUU0M1hMM3BLSnVKQlVnWGJ6czdFczNBUG90cFBINDVtbzNoeXQ2alQxNW9mTQ==",
    "is_default": false,
    "timestamp": "2025-09-12T08:16:24.867Z"
  },
  {
    "anime_title": "Akuyaku Reijou Tensei Ojisan On-Going",
    "episode_title": "Akuyaku Reijou Tensei Ojisan Episode 7 Subtitle Indonesia",
    "episode_link": "https://otakudesu.best/episode/arto-episode-7-sub-indo/",
    "episode_date": "21 Februari,2025",
    "server": "mega",
    "quality": "720p",
    "data_content": "eyJpZCI6MTc2OTk5LCJpIjo0LCJxIjoiNzIwcCJ9",
    "decoded_data": {
      "id": 176999,
      "i": 4,
      "q": "720p"
    },
    "stream_url": "https://mega.nz/embed/XW5AWBiY#n2xWOcmmLoQoFEb4GWbczWzznpUOEBUaa5X8_OvgN0Y",
    "is_default": false,
    "timestamp": "2025-09-12T08:16:24.899Z"
  }
]