[
  {
    "anime_title": "Black Clover",
    "episode_title": "Black Clover Episode 70 Subtitle Indonesia",
    "episode_link": "https://otakudesu.best/episode/bkclrv-episode-70-sub-indo/",
    "episode_date": "16 November,2018",
    "server": "mp4load",
    "quality": "360p",
    "data_content": "eyJpZCI6NzM3MTAsImkiOjAsInEiOiIzNjBwIn0=",
    "decoded_data": {
      "id": 73710,
      "i": 0,
      "q": "360p"
    },
    "stream_url": "https://www.mp4upload.com/embed-gsfmqg94nfte.html",
    "is_default": false,
    "timestamp": "2025-09-12T08:51:15.714Z"
  },
  {
    "anime_title": "Black Clover",
    "episode_title": "Black Clover Episode 70 Subtitle Indonesia",
    "episode_link": "https://otakudesu.best/episode/bkclrv-episode-70-sub-indo/",
    "episode_date": "16 November,2018",
    "server": "desudrive",
    "quality": "360p",
    "data_content": "eyJpZCI6NzM3MTAsImkiOjEsInEiOiIzNjBwIn0=",
    "decoded_data": {
      "id": 73710,
      "i": 1,
      "q": "360p"
    },
    "stream_url": "https://desustream.info/dstream/desudrive/player.php?id=TjdrcW4vMEVHZEgySHBFeUJGZTJtUXhXSFBIZWtseXErdGlpcFI2WUFoc21jUnpJVWtIUVp4am9VL0lHU1RxZg==",
    "is_default": false,
    "timestamp": "2025-09-12T08:51:15.737Z"
  },
  {
    "anime_title": "Black Clover",
    "episode_title": "Black Clover Episode 70 Subtitle Indonesia",
    "episode_link": "https://otakudesu.best/episode/bkclrv-episode-70-sub-indo/",
    "episode_date": "16 November,2018",
    "server": "mega",
    "quality": "360p",
    "data_content": "eyJpZCI6NzM3MTAsImkiOjIsInEiOiIzNjBwIn0=",
    "decoded_data": {
      "id": 73710,
      "i": 2,
      "q": "360p"
    },
    "stream_url": "https://mega.nz/embed/#!pBIjyKjK!bYWiVUHC5ySauIzqA_zfhyy_1OTsZrxESHajPG4vt9o",
    "is_default": false,
    "timestamp": "2025-09-12T08:51:15.773Z"
  },
  {
    "anime_title": "Black Clover",
    "episode_title": "Black Clover Episode 70 Subtitle Indonesia",
    "episode_link": "https://otakudesu.best/episode/bkclrv-episode-70-sub-indo/",
    "episode_date": "16 November,2018",
    "server": "mega",
    "quality": "480p",
    "data_content": "eyJpZCI6NzM3MTAsImkiOjIsInEiOiI0ODBwIn0=",
    "decoded_data": {
      "id": 73710,
      "i": 2,
      "q": "480p"
    },
    "stream_url": "https://mega.nz/embed/#!kdJh1SoI!wTQdFKlwHknq60il5InL3g7jkc1iFtK8myAzQ0QRD5A",
    "is_default": false,
    "timestamp": "2025-09-12T08:51:15.884Z"
  },
  {
    "anime_title": "Black Clover",
    "episode_title": "Black Clover Episode 70 Subtitle Indonesia",
    "episode_link": "https://otakudesu.best/episode/bkclrv-episode-70-sub-indo/",
    "episode_date": "16 November,2018",
    "server": "desudrive",
    "quality": "720p",
    "data_content": "eyJpZCI6NzM3MTAsImkiOjEsInEiOiI3MjBwIn0=",
    "decoded_data": {
      "id": 73710,
      "i": 1,
      "q": "720p"
    },
    "stream_url": "https://desustream.info/dstream/desudrive/player.php?id=UW41SEVRZk9ualdaRkxZRDFjRUxUbjcvWlNYUXZEMnk3L00xek1kRlFzd2kxbENvYW5kU0xYV2d5aEhBUHlvdA==",
    "is_default": false,
    "timestamp": "2025-09-12T08:51:15.977Z"
  },
  {
    "anime_title": "Black Clover",
    "episode_title": "Black Clover Episode 70 Subtitle Indonesia",
    "episode_link": "https://otakudesu.best/episode/bkclrv-episode-70-sub-indo/",
    "episode_date": "16 November,2018",
    "server": "otakuplay",
    "quality": "480p",
    "data_content": "eyJpZCI6NzM3MTAsImkiOjAsInEiOiI0ODBwIn0=",
    "decoded_data": {
      "id": 73710,
      "i": 0,
      "q": "480p"
    },
    "stream_url": "https://desustream.info/dstream/otakuplay/v2/index.php?id=THVtNks4Qy9TQy9pUXBURVhlVVJ0TXhiTE05ZGNuV0xaQkh0TkJuYjB4QT0=",
    "is_default": true,
    "timestamp": "2025-09-12T08:51:16.118Z"
  },
  {
    "anime_title": "Black Clover",
    "episode_title": "Black Clover Episode 70 Subtitle Indonesia",
    "episode_link": "https://otakudesu.best/episode/bkclrv-episode-70-sub-indo/",
    "episode_date": "16 November,2018",
    "server": "mega",
    "quality": "720p",
    "data_content": "eyJpZCI6NzM3MTAsImkiOjIsInEiOiI3MjBwIn0=",
    "decoded_data": {
      "id": 73710,
      "i": 2,
      "q": "720p"
    },
    "stream_url": "https://mega.nz/embed/#!dBYxAIbZ!zCoCOuPKiwyR7dKYqO4q2hd6rKml7MF8XjU6W6X1mSQ",
    "is_default": false,
    "timestamp": "2025-09-12T08:51:16.135Z"
  },
  {
    "anime_title": "Black Clover",
    "episode_title": "Black Clover Episode 70 Subtitle Indonesia",
    "episode_link": "https://otakudesu.best/episode/bkclrv-episode-70-sub-indo/",
    "episode_date": "16 November,2018",
    "server": "desudrive",
    "quality": "480p",
    "data_content": "eyJpZCI6NzM3MTAsImkiOjEsInEiOiI0ODBwIn0=",
    "decoded_data": {
      "id": 73710,
      "i": 1,
      "q": "480p"
    },
    "stream_url": "https://desustream.info/dstream/desudrive/player.php?id=Qjd1aExWSDdJWG5ZNVFPZVp3bTdid3FqUXk1NGRlRWloZ0JPVThhNTFUSTF0dnNsNkhvaEtpYm1QVHhVUTg1Ug==",
    "is_default": false,
    "timestamp": "2025-09-12T08:51:16.168Z"
  },
  {
    "anime_title": "Black Clover",
    "episode_title": "Black Clover Episode 70 Subtitle Indonesia",
    "episode_link": "https://otakudesu.best/episode/bkclrv-episode-70-sub-indo/",
    "episode_date": "16 November,2018",
    "server": "otakustream",
    "quality": "720p",
    "data_content": "eyJpZCI6NzM3MTAsImkiOjAsInEiOiI3MjBwIn0=",
    "decoded_data": {
      "id": 73710,
      "i": 0,
      "q": "720p"
    },
    "stream_url": "https://desustream.info/dstream/otakustream/v2/index.php?id=Tk1VVjJuUktqWGN5WnllY0tNVUJYR1BWMVQrbFJmWFp3cjNEeGd4VGhnST0=",
    "is_default": false,
    "timestamp": "2025-09-12T08:51:16.221Z"
  },
  {
    "anime_title": "Black Clover",
    "episode_title": "Black Clover Episode 70 Subtitle Indonesia",
    "episode_link": "https://otakudesu.best/episode/bkclrv-episode-70-sub-indo/",
    "episode_date": "16 November,2018",
    "server": "mp4load",
    "quality": "360p",
    "data_content": "eyJpZCI6NzM3MTAsImkiOjAsInEiOiIzNjBwIn0=",
    "decoded_data": {
      "id": 73710,
      "i": 0,
      "q": "360p"
    },
    "stream_url": "https://www.mp4upload.com/embed-gsfmqg94nfte.html",
    "is_default": false,
    "timestamp": "2025-09-12T08:51:15.714Z"
  },
  {
    "anime_title": "Black Clover",
    "episode_title": "Black Clover Episode 70 Subtitle Indonesia",
    "episode_link": "https://otakudesu.best/episode/bkclrv-episode-70-sub-indo/",
    "episode_date": "16 November,2018",
    "server": "desudrive",
    "quality": "360p",
    "data_content": "eyJpZCI6NzM3MTAsImkiOjEsInEiOiIzNjBwIn0=",
    "decoded_data": {
      "id": 73710,
      "i": 1,
      "q": "360p"
    },
    "stream_url": "https://desustream.info/dstream/desudrive/player.php?id=TjdrcW4vMEVHZEgySHBFeUJGZTJtUXhXSFBIZWtseXErdGlpcFI2WUFoc21jUnpJVWtIUVp4am9VL0lHU1RxZg==",
    "is_default": false,
    "timestamp": "2025-09-12T08:51:15.737Z"
  },
  {
    "anime_title": "Black Clover",
    "episode_title": "Black Clover Episode 70 Subtitle Indonesia",
    "episode_link": "https://otakudesu.best/episode/bkclrv-episode-70-sub-indo/",
    "episode_date": "16 November,2018",
    "server": "mega",
    "quality": "360p",
    "data_content": "eyJpZCI6NzM3MTAsImkiOjIsInEiOiIzNjBwIn0=",
    "decoded_data": {
      "id": 73710,
      "i": 2,
      "q": "360p"
    },
    "stream_url": "https://mega.nz/embed/#!pBIjyKjK!bYWiVUHC5ySauIzqA_zfhyy_1OTsZrxESHajPG4vt9o",
    "is_default": false,
    "timestamp": "2025-09-12T08:51:15.773Z"
  },
  {
    "anime_title": "Black Clover",
    "episode_title": "Black Clover Episode 70 Subtitle Indonesia",
    "episode_link": "https://otakudesu.best/episode/bkclrv-episode-70-sub-indo/",
    "episode_date": "16 November,2018",
    "server": "otakuplay",
    "quality": "480p",
    "data_content": "eyJpZCI6NzM3MTAsImkiOjAsInEiOiI0ODBwIn0=",
    "decoded_data": {
      "id": 73710,
      "i": 0,
      "q": "480p"
    },
    "stream_url": "https://desustream.info/dstream/otakuplay/v2/index.php?id=THVtNks4Qy9TQy9pUXBURVhlVVJ0TXhiTE05ZGNuV0xaQkh0TkJuYjB4QT0=",
    "is_default": true,
    "timestamp": "2025-09-12T08:51:16.118Z"
  },
  {
    "anime_title": "Black Clover",
    "episode_title": "Black Clover Episode 70 Subtitle Indonesia",
    "episode_link": "https://otakudesu.best/episode/bkclrv-episode-70-sub-indo/",
    "episode_date": "16 November,2018",
    "server": "desudrive",
    "quality": "480p",
    "data_content": "eyJpZCI6NzM3MTAsImkiOjEsInEiOiI0ODBwIn0=",
    "decoded_data": {
      "id": 73710,
      "i": 1,
      "q": "480p"
    },
    "stream_url": "https://desustream.info/dstream/desudrive/player.php?id=Qjd1aExWSDdJWG5ZNVFPZVp3bTdid3FqUXk1NGRlRWloZ0JPVThhNTFUSTF0dnNsNkhvaEtpYm1QVHhVUTg1Ug==",
    "is_default": false,
    "timestamp": "2025-09-12T08:51:16.168Z"
  },
  {
    "anime_title": "Black Clover",
    "episode_title": "Black Clover Episode 70 Subtitle Indonesia",
    "episode_link": "https://otakudesu.best/episode/bkclrv-episode-70-sub-indo/",
    "episode_date": "16 November,2018",
    "server": "mega",
    "quality": "480p",
    "data_content": "eyJpZCI6NzM3MTAsImkiOjIsInEiOiI0ODBwIn0=",
    "decoded_data": {
      "id": 73710,
      "i": 2,
      "q": "480p"
    },
    "stream_url": "https://mega.nz/embed/#!kdJh1SoI!wTQdFKlwHknq60il5InL3g7jkc1iFtK8myAzQ0QRD5A",
    "is_default": false,
    "timestamp": "2025-09-12T08:51:15.884Z"
  },
  {
    "anime_title": "Black Clover",
    "episode_title": "Black Clover Episode 70 Subtitle Indonesia",
    "episode_link": "https://otakudesu.best/episode/bkclrv-episode-70-sub-indo/",
    "episode_date": "16 November,2018",
    "server": "otakustream",
    "quality": "720p",
    "data_content": "eyJpZCI6NzM3MTAsImkiOjAsInEiOiI3MjBwIn0=",
    "decoded_data": {
      "id": 73710,
      "i": 0,
      "q": "720p"
    },
    "stream_url": "https://desustream.info/dstream/otakustream/v2/index.php?id=Tk1VVjJuUktqWGN5WnllY0tNVUJYR1BWMVQrbFJmWFp3cjNEeGd4VGhnST0=",
    "is_default": false,
    "timestamp": "2025-09-12T08:51:16.221Z"
  },
  {
    "anime_title": "Black Clover",
    "episode_title": "Black Clover Episode 70 Subtitle Indonesia",
    "episode_link": "https://otakudesu.best/episode/bkclrv-episode-70-sub-indo/",
    "episode_date": "16 November,2018",
    "server": "desudrive",
    "quality": "720p",
    "data_content": "eyJpZCI6NzM3MTAsImkiOjEsInEiOiI3MjBwIn0=",
    "decoded_data": {
      "id": 73710,
      "i": 1,
      "q": "720p"
    },
    "stream_url": "https://desustream.info/dstream/desudrive/player.php?id=UW41SEVRZk9ualdaRkxZRDFjRUxUbjcvWlNYUXZEMnk3L00xek1kRlFzd2kxbENvYW5kU0xYV2d5aEhBUHlvdA==",
    "is_default": false,
    "timestamp": "2025-09-12T08:51:15.977Z"
  },
  {
    "anime_title": "Black Clover",
    "episode_title": "Black Clover Episode 70 Subtitle Indonesia",
    "episode_link": "https://otakudesu.best/episode/bkclrv-episode-70-sub-indo/",
    "episode_date": "16 November,2018",
    "server": "mega",
    "quality": "720p",
    "data_content": "eyJpZCI6NzM3MTAsImkiOjIsInEiOiI3MjBwIn0=",
    "decoded_data": {
      "id": 73710,
      "i": 2,
      "q": "720p"
    },
    "stream_url": "https://mega.nz/embed/#!dBYxAIbZ!zCoCOuPKiwyR7dKYqO4q2hd6rKml7MF8XjU6W6X1mSQ",
    "is_default": false,
    "timestamp": "2025-09-12T08:51:16.135Z"
  },
  {
    "anime_title": "Black Clover",
    "episode_title": "Black Clover Episode 71 Subtitle Indonesia",
    "episode_link": "https://otakudesu.best/episode/bkclrv-episode-71-sub-indo/",
    "episode_date": "16 November,2018",
    "server": "mega",
    "quality": "360p",
    "data_content": "eyJpZCI6NzM3MjAsImkiOjIsInEiOiIzNjBwIn0=",
    "decoded_data": {
      "id": 73720,
      "i": 2,
      "q": "360p"
    },
    "stream_url": "https://mega.nz/embed/#!UQQDDAQA!fBXxS4ot9vHGNGDXPTGuO6rZ8QLo3i21FYiJG0M11Bo",
    "is_default": false,
    "timestamp": "2025-09-12T08:51:17.107Z"
  },
  {
    "anime_title": "Black Clover",
    "episode_title": "Black Clover Episode 71 Subtitle Indonesia",
    "episode_link": "https://otakudesu.best/episode/bkclrv-episode-71-sub-indo/",
    "episode_date": "16 November,2018",
    "server": "mp4load",
    "quality": "360p",
    "data_content": "eyJpZCI6NzM3MjAsImkiOjAsInEiOiIzNjBwIn0=",
    "decoded_data": {
      "id": 73720,
      "i": 0,
      "q": "360p"
    },
    "stream_url": "https://www.mp4upload.com/embed-tg62n2r3i4q0.html",
    "is_default": false,
    "timestamp": "2025-09-12T08:51:17.126Z"
  },
  {
    "anime_title": "Black Clover",
    "episode_title": "Black Clover Episode 71 Subtitle Indonesia",
    "episode_link": "https://otakudesu.best/episode/bkclrv-episode-71-sub-indo/",
    "episode_date": "16 November,2018",
    "server": "desudrive",
    "quality": "360p",
    "data_content": "eyJpZCI6NzM3MjAsImkiOjEsInEiOiIzNjBwIn0=",
    "decoded_data": {
      "id": 73720,
      "i": 1,
      "q": "360p"
    },
    "stream_url": "https://desustream.info/dstream/desudrive/player.php?id=MGM3U0R1cnFWZjFnRTF6TXpUbHRUM0xRanExVHVrSkNkVnZkRzJ1QkNaOHNtWnpoM2FETDhQU3o1ZkdjNC9CZQ==",
    "is_default": false,
    "timestamp": "2025-09-12T08:51:17.144Z"
  },
  {
    "anime_title": "Black Clover",
    "episode_title": "Black Clover Episode 71 Subtitle Indonesia",
    "episode_link": "https://otakudesu.best/episode/bkclrv-episode-71-sub-indo/",
    "episode_date": "16 November,2018",
    "server": "otakuplay",
    "quality": "480p",
    "data_content": "eyJpZCI6NzM3MjAsImkiOjAsInEiOiI0ODBwIn0=",
    "decoded_data": {
      "id": 73720,
      "i": 0,
      "q": "480p"
    },
    "stream_url": "https://desustream.info/dstream/otakuplay/v2/index.php?id=THVtNks4Qy9TQy9pUXBURVhlVVJ0SXd3NVZTanU2RVRDR29CVUdTSlBTMD0=",
    "is_default": true,
    "timestamp": "2025-09-12T08:51:17.162Z"
  },
  {
    "anime_title": "Black Clover",
    "episode_title": "Black Clover Episode 71 Subtitle Indonesia",
    "episode_link": "https://otakudesu.best/episode/bkclrv-episode-71-sub-indo/",
    "episode_date": "16 November,2018",
    "server": "desudrive",
    "quality": "480p",
    "data_content": "eyJpZCI6NzM3MjAsImkiOjEsInEiOiI0ODBwIn0=",
    "decoded_data": {
      "id": 73720,
      "i": 1,
      "q": "480p"
    },
    "stream_url": "https://desustream.info/dstream/desudrive/player.php?id=TXF1Q0tIQ0s1NlpiSnIwVHJPYTZEYmtkOHF1d20xUk03SktXZUk5ZXRmQlQxNktTS01MUGRkSzFTMW5lNjZDbg==",
    "is_default": false,
    "timestamp": "2025-09-12T08:51:17.185Z"
  },
  {
    "anime_title": "Black Clover",
    "episode_title": "Black Clover Episode 71 Subtitle Indonesia",
    "episode_link": "https://otakudesu.best/episode/bkclrv-episode-71-sub-indo/",
    "episode_date": "16 November,2018",
    "server": "otakustream",
    "quality": "720p",
    "data_content": "eyJpZCI6NzM3MjAsImkiOjAsInEiOiI3MjBwIn0=",
    "decoded_data": {
      "id": 73720,
      "i": 0,
      "q": "720p"
    },
    "stream_url": "https://desustream.info/dstream/otakustream/v2/index.php?id=Tk1VVjJuUktqWGN5WnllY0tNVUJYTlNIc2JYZWh4SExReWxBWGdoSGNUcz0=",
    "is_default": false,
    "timestamp": "2025-09-12T08:51:17.288Z"
  },
  {
    "anime_title": "Black Clover",
    "episode_title": "Black Clover Episode 71 Subtitle Indonesia",
    "episode_link": "https://otakudesu.best/episode/bkclrv-episode-71-sub-indo/",
    "episode_date": "16 November,2018",
    "server": "desudrive",
    "quality": "720p",
    "data_content": "eyJpZCI6NzM3MjAsImkiOjEsInEiOiI3MjBwIn0=",
    "decoded_data": {
      "id": 73720,
      "i": 1,
      "q": "720p"
    },
    "stream_url": "https://desustream.info/dstream/desudrive/player.php?id=RFVoSVdrdndXdmp1UFdIRE9QU05BaXZQTDE3TU1RUEsvZ3o4NXRlTVBjODdydnRNeCtPbVp5blJDc3BCQ25Hcg==",
    "is_default": false,
    "timestamp": "2025-09-12T08:51:17.328Z"
  },
  {
    "anime_title": "Black Clover",
    "episode_title": "Black Clover Episode 71 Subtitle Indonesia",
    "episode_link": "https://otakudesu.best/episode/bkclrv-episode-71-sub-indo/",
    "episode_date": "16 November,2018",
    "server": "mega",
    "quality": "720p",
    "data_content": "eyJpZCI6NzM3MjAsImkiOjIsInEiOiI3MjBwIn0=",
    "decoded_data": {
      "id": 73720,
      "i": 2,
      "q": "720p"
    },
    "stream_url": "https://mega.nz/embed/#!NMZFCC4Y!mPuaOtI_5hAOSMy-cpNFtiwMNNCAxaX2SXh6UMxmLsw",
    "is_default": false,
    "timestamp": "2025-09-12T08:51:17.349Z"
  },
  {
    "anime_title": "Black Clover",
    "episode_title": "Black Clover Episode 71 Subtitle Indonesia",
    "episode_link": "https://otakudesu.best/episode/bkclrv-episode-71-sub-indo/",
    "episode_date": "16 November,2018",
    "server": "mega",
    "quality": "480p",
    "data_content": "eyJpZCI6NzM3MjAsImkiOjIsInEiOiI0ODBwIn0=",
    "decoded_data": {
      "id": 73720,
      "i": 2,
      "q": "480p"
    },
    "stream_url": "https://mega.nz/embed/#!ZdIlhQ6Z!QvaL_jPUgH7T54RiaXCrYio5DndWcrZw-dbdzHBFtXU",
    "is_default": false,
    "timestamp": "2025-09-12T08:51:17.519Z"
  },
  {
    "anime_title": "Black Clover",
    "episode_title": "Black Clover Episode 71 Subtitle Indonesia",
    "episode_link": "https://otakudesu.best/episode/bkclrv-episode-71-sub-indo/",
    "episode_date": "16 November,2018",
    "server": "mp4load",
    "quality": "360p",
    "data_content": "eyJpZCI6NzM3MjAsImkiOjAsInEiOiIzNjBwIn0=",
    "decoded_data": {
      "id": 73720,
      "i": 0,
      "q": "360p"
    },
    "stream_url": "https://www.mp4upload.com/embed-tg62n2r3i4q0.html",
    "is_default": false,
    "timestamp": "2025-09-12T08:51:17.126Z"
  },
  {
    "anime_title": "Black Clover",
    "episode_title": "Black Clover Episode 71 Subtitle Indonesia",
    "episode_link": "https://otakudesu.best/episode/bkclrv-episode-71-sub-indo/",
    "episode_date": "16 November,2018",
    "server": "desudrive",
    "quality": "360p",
    "data_content": "eyJpZCI6NzM3MjAsImkiOjEsInEiOiIzNjBwIn0=",
    "decoded_data": {
      "id": 73720,
      "i": 1,
      "q": "360p"
    },
    "stream_url": "https://desustream.info/dstream/desudrive/player.php?id=MGM3U0R1cnFWZjFnRTF6TXpUbHRUM0xRanExVHVrSkNkVnZkRzJ1QkNaOHNtWnpoM2FETDhQU3o1ZkdjNC9CZQ==",
    "is_default": false,
    "timestamp": "2025-09-12T08:51:17.144Z"
  },
  {
    "anime_title": "Black Clover",
    "episode_title": "Black Clover Episode 71 Subtitle Indonesia",
    "episode_link": "https://otakudesu.best/episode/bkclrv-episode-71-sub-indo/",
    "episode_date": "16 November,2018",
    "server": "mega",
    "quality": "360p",
    "data_content": "eyJpZCI6NzM3MjAsImkiOjIsInEiOiIzNjBwIn0=",
    "decoded_data": {
      "id": 73720,
      "i": 2,
      "q": "360p"
    },
    "stream_url": "https://mega.nz/embed/#!UQQDDAQA!fBXxS4ot9vHGNGDXPTGuO6rZ8QLo3i21FYiJG0M11Bo",
    "is_default": false,
    "timestamp": "2025-09-12T08:51:17.107Z"
  },
  {
    "anime_title": "Black Clover",
    "episode_title": "Black Clover Episode 71 Subtitle Indonesia",
    "episode_link": "https://otakudesu.best/episode/bkclrv-episode-71-sub-indo/",
    "episode_date": "16 November,2018",
    "server": "otakuplay",
    "quality": "480p",
    "data_content": "eyJpZCI6NzM3MjAsImkiOjAsInEiOiI0ODBwIn0=",
    "decoded_data": {
      "id": 73720,
      "i": 0,
      "q": "480p"
    },
    "stream_url": "https://desustream.info/dstream/otakuplay/v2/index.php?id=THVtNks4Qy9TQy9pUXBURVhlVVJ0SXd3NVZTanU2RVRDR29CVUdTSlBTMD0=",
    "is_default": true,
    "timestamp": "2025-09-12T08:51:17.162Z"
  },
  {
    "anime_title": "Black Clover",
    "episode_title": "Black Clover Episode 71 Subtitle Indonesia",
    "episode_link": "https://otakudesu.best/episode/bkclrv-episode-71-sub-indo/",
    "episode_date": "16 November,2018",
    "server": "desudrive",
    "quality": "480p",
    "data_content": "eyJpZCI6NzM3MjAsImkiOjEsInEiOiI0ODBwIn0=",
    "decoded_data": {
      "id": 73720,
      "i": 1,
      "q": "480p"
    },
    "stream_url": "https://desustream.info/dstream/desudrive/player.php?id=TXF1Q0tIQ0s1NlpiSnIwVHJPYTZEYmtkOHF1d20xUk03SktXZUk5ZXRmQlQxNktTS01MUGRkSzFTMW5lNjZDbg==",
    "is_default": false,
    "timestamp": "2025-09-12T08:51:17.185Z"
  },
  {
    "anime_title": "Black Clover",
    "episode_title": "Black Clover Episode 71 Subtitle Indonesia",
    "episode_link": "https://otakudesu.best/episode/bkclrv-episode-71-sub-indo/",
    "episode_date": "16 November,2018",
    "server": "mega",
    "quality": "480p",
    "data_content": "eyJpZCI6NzM3MjAsImkiOjIsInEiOiI0ODBwIn0=",
    "decoded_data": {
      "id": 73720,
      "i": 2,
      "q": "480p"
    },
    "stream_url": "https://mega.nz/embed/#!ZdIlhQ6Z!QvaL_jPUgH7T54RiaXCrYio5DndWcrZw-dbdzHBFtXU",
    "is_default": false,
    "timestamp": "2025-09-12T08:51:17.519Z"
  },
  {
    "anime_title": "Black Clover",
    "episode_title": "Black Clover Episode 71 Subtitle Indonesia",
    "episode_link": "https://otakudesu.best/episode/bkclrv-episode-71-sub-indo/",
    "episode_date": "16 November,2018",
    "server": "otakustream",
    "quality": "720p",
    "data_content": "eyJpZCI6NzM3MjAsImkiOjAsInEiOiI3MjBwIn0=",
    "decoded_data": {
      "id": 73720,
      "i": 0,
      "q": "720p"
    },
    "stream_url": "https://desustream.info/dstream/otakustream/v2/index.php?id=Tk1VVjJuUktqWGN5WnllY0tNVUJYTlNIc2JYZWh4SExReWxBWGdoSGNUcz0=",
    "is_default": false,
    "timestamp": "2025-09-12T08:51:17.288Z"
  },
  {
    "anime_title": "Black Clover",
    "episode_title": "Black Clover Episode 71 Subtitle Indonesia",
    "episode_link": "https://otakudesu.best/episode/bkclrv-episode-71-sub-indo/",
    "episode_date": "16 November,2018",
    "server": "desudrive",
    "quality": "720p",
    "data_content": "eyJpZCI6NzM3MjAsImkiOjEsInEiOiI3MjBwIn0=",
    "decoded_data": {
      "id": 73720,
      "i": 1,
      "q": "720p"
    },
    "stream_url": "https://desustream.info/dstream/desudrive/player.php?id=RFVoSVdrdndXdmp1UFdIRE9QU05BaXZQTDE3TU1RUEsvZ3o4NXRlTVBjODdydnRNeCtPbVp5blJDc3BCQ25Hcg==",
    "is_default": false,
    "timestamp": "2025-09-12T08:51:17.328Z"
  },
  {
    "anime_title": "Black Clover",
    "episode_title": "Black Clover Episode 71 Subtitle Indonesia",
    "episode_link": "https://otakudesu.best/episode/bkclrv-episode-71-sub-indo/",
    "episode_date": "16 November,2018",
    "server": "mega",
    "quality": "720p",
    "data_content": "eyJpZCI6NzM3MjAsImkiOjIsInEiOiI3MjBwIn0=",
    "decoded_data": {
      "id": 73720,
      "i": 2,
      "q": "720p"
    },
    "stream_url": "https://mega.nz/embed/#!NMZFCC4Y!mPuaOtI_5hAOSMy-cpNFtiwMNNCAxaX2SXh6UMxmLsw",
    "is_default": false,
    "timestamp": "2025-09-12T08:51:17.349Z"
  },
  {
    "anime_title": "Black Clover",
    "episode_title": "Black Clover Episode 72 Subtitle Indonesia",
    "episode_link": "https://otakudesu.best/episode/bkclrv-episode-72-sub-indo/",
    "episode_date": "16 November,2018",
    "server": "mp4load",
    "quality": "360p",
    "data_content": "eyJpZCI6NzM3MTksImkiOjAsInEiOiIzNjBwIn0=",
    "decoded_data": {
      "id": 73719,
      "i": 0,
      "q": "360p"
    },
    "stream_url": "https://www.mp4upload.com/embed-y4wn3ri0rdxd.html",
    "is_default": false,
    "timestamp": "2025-09-12T08:51:18.764Z"
  },
  {
    "anime_title": "Black Clover",
    "episode_title": "Black Clover Episode 72 Subtitle Indonesia",
    "episode_link": "https://otakudesu.best/episode/bkclrv-episode-72-sub-indo/",
    "episode_date": "16 November,2018",
    "server": "desudrive",
    "quality": "360p",
    "data_content": "eyJpZCI6NzM3MTksImkiOjEsInEiOiIzNjBwIn0=",
    "decoded_data": {
      "id": 73719,
      "i": 1,
      "q": "360p"
    },
    "stream_url": "https://desustream.info/dstream/desudrive/player.php?id=RUdYNzE1UmlyaXU1VnV0OEZ5MUU1dXZHRVpBMXNidmF6enVpQW9hU1B4ck5zMFBUSWZhckdCeUwvRS9CTVFmVw==",
    "is_default": false,
    "timestamp": "2025-09-12T08:51:18.811Z"
  },
  {
    "anime_title": "Black Clover",
    "episode_title": "Black Clover Episode 72 Subtitle Indonesia",
    "episode_link": "https://otakudesu.best/episode/bkclrv-episode-72-sub-indo/",
    "episode_date": "16 November,2018",
    "server": "mega",
    "quality": "360p",
    "data_content": "eyJpZCI6NzM3MTksImkiOjIsInEiOiIzNjBwIn0=",
    "decoded_data": {
      "id": 73719,
      "i": 2,
      "q": "360p"
    },
    "stream_url": "https://mega.nz/embed/#!JIRVzaKK!uGXc6nnSPjaEK3hknld3V9VUDr_-YOuS_jGC4XRMnr0",
    "is_default": false,
    "timestamp": "2025-09-12T08:51:18.844Z"
  },
  {
    "anime_title": "Black Clover",
    "episode_title": "Black Clover Episode 72 Subtitle Indonesia",
    "episode_link": "https://otakudesu.best/episode/bkclrv-episode-72-sub-indo/",
    "episode_date": "16 November,2018",
    "server": "otakuplay",
    "quality": "480p",
    "data_content": "eyJpZCI6NzM3MTksImkiOjAsInEiOiI0ODBwIn0=",
    "decoded_data": {
      "id": 73719,
      "i": 0,
      "q": "480p"
    },
    "stream_url": "https://desustream.info/dstream/otakuplay/v2/index.php?id=THVtNks4Qy9TQy9pUXBURVhlVVJ0TmVSTUs5SFkxVk5SVWFidExETDU0RT0=",
    "is_default": true,
    "timestamp": "2025-09-12T08:51:18.880Z"
  },
  {
    "anime_title": "Black Clover",
    "episode_title": "Black Clover Episode 72 Subtitle Indonesia",
    "episode_link": "https://otakudesu.best/episode/bkclrv-episode-72-sub-indo/",
    "episode_date": "16 November,2018",
    "server": "desudrive",
    "quality": "480p",
    "data_content": "eyJpZCI6NzM3MTksImkiOjEsInEiOiI0ODBwIn0=",
    "decoded_data": {
      "id": 73719,
      "i": 1,
      "q": "480p"
    },
    "stream_url": "https://desustream.info/dstream/desudrive/player.php?id=TWVPa3d1UjIwbS8vTHpBK3k0Vk5iZm1jYk1BK2pxdlN1UHF3bUJucUEwZ1RsZjRFK1Y3NWc4eW5MYlR3RENKbw==",
    "is_default": false,
    "timestamp": "2025-09-12T08:51:18.927Z"
  },
  {
    "anime_title": "Black Clover",
    "episode_title": "Black Clover Episode 72 Subtitle Indonesia",
    "episode_link": "https://otakudesu.best/episode/bkclrv-episode-72-sub-indo/",
    "episode_date": "16 November,2018",
    "server": "otakustream",
    "quality": "720p",
    "data_content": "eyJpZCI6NzM3MTksImkiOjAsInEiOiI3MjBwIn0=",
    "decoded_data": {
      "id": 73719,
      "i": 0,
      "q": "720p"
    },
    "stream_url": "https://desustream.info/dstream/otakustream/v2/index.php?id=Tk1VVjJuUktqWGN5WnllY0tNVUJYTCtwTEh1eHFmMTVkK0IwcTQ2Mlhscz0=",
    "is_default": false,
    "timestamp": "2025-09-12T08:51:18.998Z"
  },
  {
    "anime_title": "Black Clover",
    "episode_title": "Black Clover Episode 72 Subtitle Indonesia",
    "episode_link": "https://otakudesu.best/episode/bkclrv-episode-72-sub-indo/",
    "episode_date": "16 November,2018",
    "server": "desudrive",
    "quality": "720p",
    "data_content": "eyJpZCI6NzM3MTksImkiOjEsInEiOiI3MjBwIn0=",
    "decoded_data": {
      "id": 73719,
      "i": 1,
      "q": "720p"
    },
    "stream_url": "https://desustream.info/dstream/desudrive/player.php?id=NUxvdytZcWVyV3Z3NmdzdXdsQlI0a0NBNjFXV0x6ek9lS1FkSFRvTGhscjB1K0xvRjdDTEJaT2t1MXVLUDRvKw==",
    "is_default": false,
    "timestamp": "2025-09-12T08:51:19.027Z"
  },
  {
    "anime_title": "Black Clover",
    "episode_title": "Black Clover Episode 72 Subtitle Indonesia",
    "episode_link": "https://otakudesu.best/episode/bkclrv-episode-72-sub-indo/",
    "episode_date": "16 November,2018",
    "server": "mega",
    "quality": "720p",
    "data_content": "eyJpZCI6NzM3MTksImkiOjIsInEiOiI3MjBwIn0=",
    "decoded_data": {
      "id": 73719,
      "i": 2,
      "q": "720p"
    },
    "stream_url": "https://mega.nz/embed/#!VdAR3K6J!Y608IwBQVQzmSrfx6czsA8SDyPEWJSV0ReywQAmRb-U",
    "is_default": false,
    "timestamp": "2025-09-12T08:51:19.046Z"
  },
  {
    "anime_title": "Black Clover",
    "episode_title": "Black Clover Episode 72 Subtitle Indonesia",
    "episode_link": "https://otakudesu.best/episode/bkclrv-episode-72-sub-indo/",
    "episode_date": "16 November,2018",
    "server": "mega",
    "quality": "480p",
    "data_content": "eyJpZCI6NzM3MTksImkiOjIsInEiOiI0ODBwIn0=",
    "decoded_data": {
      "id": 73719,
      "i": 2,
      "q": "480p"
    },
    "stream_url": "https://mega.nz/embed/#!wJZzSYCA!2CNYvBUty5tLBje052s_TMQRSWVyt-xVbUZq0XR7FW4",
    "is_default": false,
    "timestamp": "2025-09-12T08:51:19.227Z"
  },
  {
    "anime_title": "Black Clover",
    "episode_title": "Black Clover Episode 72 Subtitle Indonesia",
    "episode_link": "https://otakudesu.best/episode/bkclrv-episode-72-sub-indo/",
    "episode_date": "16 November,2018",
    "server": "mp4load",
    "quality": "360p",
    "data_content": "eyJpZCI6NzM3MTksImkiOjAsInEiOiIzNjBwIn0=",
    "decoded_data": {
      "id": 73719,
      "i": 0,
      "q": "360p"
    },
    "stream_url": "https://www.mp4upload.com/embed-y4wn3ri0rdxd.html",
    "is_default": false,
    "timestamp": "2025-09-12T08:51:18.764Z"
  },
  {
    "anime_title": "Black Clover",
    "episode_title": "Black Clover Episode 72 Subtitle Indonesia",
    "episode_link": "https://otakudesu.best/episode/bkclrv-episode-72-sub-indo/",
    "episode_date": "16 November,2018",
    "server": "desudrive",
    "quality": "360p",
    "data_content": "eyJpZCI6NzM3MTksImkiOjEsInEiOiIzNjBwIn0=",
    "decoded_data": {
      "id": 73719,
      "i": 1,
      "q": "360p"
    },
    "stream_url": "https://desustream.info/dstream/desudrive/player.php?id=RUdYNzE1UmlyaXU1VnV0OEZ5MUU1dXZHRVpBMXNidmF6enVpQW9hU1B4ck5zMFBUSWZhckdCeUwvRS9CTVFmVw==",
    "is_default": false,
    "timestamp": "2025-09-12T08:51:18.811Z"
  },
  {
    "anime_title": "Black Clover",
    "episode_title": "Black Clover Episode 72 Subtitle Indonesia",
    "episode_link": "https://otakudesu.best/episode/bkclrv-episode-72-sub-indo/",
    "episode_date": "16 November,2018",
    "server": "mega",
    "quality": "360p",
    "data_content": "eyJpZCI6NzM3MTksImkiOjIsInEiOiIzNjBwIn0=",
    "decoded_data": {
      "id": 73719,
      "i": 2,
      "q": "360p"
    },
    "stream_url": "https://mega.nz/embed/#!JIRVzaKK!uGXc6nnSPjaEK3hknld3V9VUDr_-YOuS_jGC4XRMnr0",
    "is_default": false,
    "timestamp": "2025-09-12T08:51:18.844Z"
  },
  {
    "anime_title": "Black Clover",
    "episode_title": "Black Clover Episode 72 Subtitle Indonesia",
    "episode_link": "https://otakudesu.best/episode/bkclrv-episode-72-sub-indo/",
    "episode_date": "16 November,2018",
    "server": "otakuplay",
    "quality": "480p",
    "data_content": "eyJpZCI6NzM3MTksImkiOjAsInEiOiI0ODBwIn0=",
    "decoded_data": {
      "id": 73719,
      "i": 0,
      "q": "480p"
    },
    "stream_url": "https://desustream.info/dstream/otakuplay/v2/index.php?id=THVtNks4Qy9TQy9pUXBURVhlVVJ0TmVSTUs5SFkxVk5SVWFidExETDU0RT0=",
    "is_default": true,
    "timestamp": "2025-09-12T08:51:18.880Z"
  },
  {
    "anime_title": "Black Clover",
    "episode_title": "Black Clover Episode 72 Subtitle Indonesia",
    "episode_link": "https://otakudesu.best/episode/bkclrv-episode-72-sub-indo/",
    "episode_date": "16 November,2018",
    "server": "desudrive",
    "quality": "480p",
    "data_content": "eyJpZCI6NzM3MTksImkiOjEsInEiOiI0ODBwIn0=",
    "decoded_data": {
      "id": 73719,
      "i": 1,
      "q": "480p"
    },
    "stream_url": "https://desustream.info/dstream/desudrive/player.php?id=TWVPa3d1UjIwbS8vTHpBK3k0Vk5iZm1jYk1BK2pxdlN1UHF3bUJucUEwZ1RsZjRFK1Y3NWc4eW5MYlR3RENKbw==",
    "is_default": false,
    "timestamp": "2025-09-12T08:51:18.927Z"
  },
  {
    "anime_title": "Black Clover",
    "episode_title": "Black Clover Episode 72 Subtitle Indonesia",
    "episode_link": "https://otakudesu.best/episode/bkclrv-episode-72-sub-indo/",
    "episode_date": "16 November,2018",
    "server": "mega",
    "quality": "480p",
    "data_content": "eyJpZCI6NzM3MTksImkiOjIsInEiOiI0ODBwIn0=",
    "decoded_data": {
      "id": 73719,
      "i": 2,
      "q": "480p"
    },
    "stream_url": "https://mega.nz/embed/#!wJZzSYCA!2CNYvBUty5tLBje052s_TMQRSWVyt-xVbUZq0XR7FW4",
    "is_default": false,
    "timestamp": "2025-09-12T08:51:19.227Z"
  },
  {
    "anime_title": "Black Clover",
    "episode_title": "Black Clover Episode 72 Subtitle Indonesia",
    "episode_link": "https://otakudesu.best/episode/bkclrv-episode-72-sub-indo/",
    "episode_date": "16 November,2018",
    "server": "otakustream",
    "quality": "720p",
    "data_content": "eyJpZCI6NzM3MTksImkiOjAsInEiOiI3MjBwIn0=",
    "decoded_data": {
      "id": 73719,
      "i": 0,
      "q": "720p"
    },
    "stream_url": "https://desustream.info/dstream/otakustream/v2/index.php?id=Tk1VVjJuUktqWGN5WnllY0tNVUJYTCtwTEh1eHFmMTVkK0IwcTQ2Mlhscz0=",
    "is_default": false,
    "timestamp": "2025-09-12T08:51:18.998Z"
  },
  {
    "anime_title": "Black Clover",
    "episode_title": "Black Clover Episode 72 Subtitle Indonesia",
    "episode_link": "https://otakudesu.best/episode/bkclrv-episode-72-sub-indo/",
    "episode_date": "16 November,2018",
    "server": "desudrive",
    "quality": "720p",
    "data_content": "eyJpZCI6NzM3MTksImkiOjEsInEiOiI3MjBwIn0=",
    "decoded_data": {
      "id": 73719,
      "i": 1,
      "q": "720p"
    },
    "stream_url": "https://desustream.info/dstream/desudrive/player.php?id=NUxvdytZcWVyV3Z3NmdzdXdsQlI0a0NBNjFXV0x6ek9lS1FkSFRvTGhscjB1K0xvRjdDTEJaT2t1MXVLUDRvKw==",
    "is_default": false,
    "timestamp": "2025-09-12T08:51:19.027Z"
  },
  {
    "anime_title": "Black Clover",
    "episode_title": "Black Clover Episode 72 Subtitle Indonesia",
    "episode_link": "https://otakudesu.best/episode/bkclrv-episode-72-sub-indo/",
    "episode_date": "16 November,2018",
    "server": "mega",
    "quality": "720p",
    "data_content": "eyJpZCI6NzM3MTksImkiOjIsInEiOiI3MjBwIn0=",
    "decoded_data": {
      "id": 73719,
      "i": 2,
      "q": "720p"
    },
    "stream_url": "https://mega.nz/embed/#!VdAR3K6J!Y608IwBQVQzmSrfx6czsA8SDyPEWJSV0ReywQAmRb-U",
    "is_default": false,
    "timestamp": "2025-09-12T08:51:19.046Z"
  },
  {
    "anime_title": "Black Clover",
    "episode_title": "Black Clover Episode 73 Subtitle Indonesia",
    "episode_link": "https://otakudesu.best/episode/bkclrv-episode-73-sub-indo/",
    "episode_date": "16 November,2018",
    "server": "mp4load",
    "quality": "360p",
    "data_content": "eyJpZCI6NzM3MTgsImkiOjAsInEiOiIzNjBwIn0=",
    "decoded_data": {
      "id": 73718,
      "i": 0,
      "q": "360p"
    },
    "stream_url": "https://www.mp4upload.com/embed-uku5mwchltfc.html",
    "is_default": false,
    "timestamp": "2025-09-12T08:51:20.347Z"
  },
  {
    "anime_title": "Black Clover",
    "episode_title": "Black Clover Episode 73 Subtitle Indonesia",
    "episode_link": "https://otakudesu.best/episode/bkclrv-episode-73-sub-indo/",
    "episode_date": "16 November,2018",
    "server": "desudrive",
    "quality": "360p",
    "data_content": "eyJpZCI6NzM3MTgsImkiOjEsInEiOiIzNjBwIn0=",
    "decoded_data": {
      "id": 73718,
      "i": 1,
      "q": "360p"
    },
    "stream_url": "https://desustream.info/dstream/desudrive/player.php?id=RDh2UVJQYzhaWmZWWUxwZ1VWdkZ0dUMyOE0wL2VoUVNSUDY3V2pXczFTbitJT2Rqd0VnNVY5TWVHZmY3N1ZsTw==",
    "is_default": false,
    "timestamp": "2025-09-12T08:51:20.367Z"
  },
  {
    "anime_title": "Black Clover",
    "episode_title": "Black Clover Episode 73 Subtitle Indonesia",
    "episode_link": "https://otakudesu.best/episode/bkclrv-episode-73-sub-indo/",
    "episode_date": "16 November,2018",
    "server": "mega",
    "quality": "360p",
    "data_content": "eyJpZCI6NzM3MTgsImkiOjIsInEiOiIzNjBwIn0=",
    "decoded_data": {
      "id": 73718,
      "i": 2,
      "q": "360p"
    },
    "stream_url": "https://mega.nz/embed/#!cNIjjCBD!oCQk1NQUdkLOy4lARmwX4dGEhdXge6YKkjIQM2RAlqg",
    "is_default": false,
    "timestamp": "2025-09-12T08:51:20.389Z"
  },
  {
    "anime_title": "Black Clover",
    "episode_title": "Black Clover Episode 73 Subtitle Indonesia",
    "episode_link": "https://otakudesu.best/episode/bkclrv-episode-73-sub-indo/",
    "episode_date": "16 November,2018",
    "server": "otakuplay",
    "quality": "480p",
    "data_content": "eyJpZCI6NzM3MTgsImkiOjAsInEiOiI0ODBwIn0=",
    "decoded_data": {
      "id": 73718,
      "i": 0,
      "q": "480p"
    },
    "stream_url": "https://desustream.info/dstream/otakuplay/v2/index.php?id=THVtNks4Qy9TQy9pUXBURVhlVVJ0UGZnYVB1M2kwb3hWSmNRaUhIb3drYz0=",
    "is_default": true,
    "timestamp": "2025-09-12T08:51:20.421Z"
  },
  {
    "anime_title": "Black Clover",
    "episode_title": "Black Clover Episode 73 Subtitle Indonesia",
    "episode_link": "https://otakudesu.best/episode/bkclrv-episode-73-sub-indo/",
    "episode_date": "16 November,2018",
    "server": "desudrive",
    "quality": "480p",
    "data_content": "eyJpZCI6NzM3MTgsImkiOjEsInEiOiI0ODBwIn0=",
    "decoded_data": {
      "id": 73718,
      "i": 1,
      "q": "480p"
    },
    "stream_url": "https://desustream.info/dstream/desudrive/player.php?id=NVhwcld0NTZyYmU1SFRaYzFJYytPNTJySGowUUtWOWIzYU9mcmc4QTY2UlhxSGM1M3ZaU0NzT0h2b052VlYreA==",
    "is_default": false,
    "timestamp": "2025-09-12T08:51:20.495Z"
  },
  {
    "anime_title": "Black Clover",
    "episode_title": "Black Clover Episode 73 Subtitle Indonesia",
    "episode_link": "https://otakudesu.best/episode/bkclrv-episode-73-sub-indo/",
    "episode_date": "16 November,2018",
    "server": "mega",
    "quality": "480p",
    "data_content": "eyJpZCI6NzM3MTgsImkiOjIsInEiOiI0ODBwIn0=",
    "decoded_data": {
      "id": 73718,
      "i": 2,
      "q": "480p"
    },
    "stream_url": "https://mega.nz/embed/#!IQADCIgC!zrlr_SwJNIsYRckQaduEOJHZb6g3BQ5md_5p9c53hqQ",
    "is_default": false,
    "timestamp": "2025-09-12T08:51:20.536Z"
  },
  {
    "anime_title": "Black Clover",
    "episode_title": "Black Clover Episode 73 Subtitle Indonesia",
    "episode_link": "https://otakudesu.best/episode/bkclrv-episode-73-sub-indo/",
    "episode_date": "16 November,2018",
    "server": "otakustream",
    "quality": "720p",
    "data_content": "eyJpZCI6NzM3MTgsImkiOjAsInEiOiI3MjBwIn0=",
    "decoded_data": {
      "id": 73718,
      "i": 0,
      "q": "720p"
    },
    "stream_url": "https://desustream.info/dstream/otakustream/v2/index.php?id=Tk1VVjJuUktqWGN5WnllY0tNVUJYTWU2ZkUxUmRuczJlVU04MW9zbU5sND0=",
    "is_default": false,
    "timestamp": "2025-09-12T08:51:20.570Z"
  },
  {
    "anime_title": "Black Clover",
    "episode_title": "Black Clover Episode 73 Subtitle Indonesia",
    "episode_link": "https://otakudesu.best/episode/bkclrv-episode-73-sub-indo/",
    "episode_date": "16 November,2018",
    "server": "desudrive",
    "quality": "720p",
    "data_content": "eyJpZCI6NzM3MTgsImkiOjEsInEiOiI3MjBwIn0=",
    "decoded_data": {
      "id": 73718,
      "i": 1,
      "q": "720p"
    },
    "stream_url": "https://desustream.info/dstream/desudrive/player.php?id=NVhwcld0NTZyYmU1SFRaYzFJYytPNTJySGowUUtWOWIzYU9mcmc4QTY2UlhxSGM1M3ZaU0NzT0h2b052VlYreA==",
    "is_default": false,
    "timestamp": "2025-09-12T08:51:20.603Z"
  },
  {
    "anime_title": "Black Clover",
    "episode_title": "Black Clover Episode 73 Subtitle Indonesia",
    "episode_link": "https://otakudesu.best/episode/bkclrv-episode-73-sub-indo/",
    "episode_date": "16 November,2018",
    "server": "mega",
    "quality": "720p",
    "data_content": "eyJpZCI6NzM3MTgsImkiOjIsInEiOiI3MjBwIn0=",
    "decoded_data": {
      "id": 73718,
      "i": 2,
      "q": "720p"
    },
    "stream_url": "https://mega.nz/embed/#!IQADCIgC!zrlr_SwJNIsYRckQaduEOJHZb6g3BQ5md_5p9c53hqQ",
    "is_default": false,
    "timestamp": "2025-09-12T08:51:20.623Z"
  },
  {
    "anime_title": "Black Clover",
    "episode_title": "Black Clover Episode 73 Subtitle Indonesia",
    "episode_link": "https://otakudesu.best/episode/bkclrv-episode-73-sub-indo/",
    "episode_date": "16 November,2018",
    "server": "mp4load",
    "quality": "360p",
    "data_content": "eyJpZCI6NzM3MTgsImkiOjAsInEiOiIzNjBwIn0=",
    "decoded_data": {
      "id": 73718,
      "i": 0,
      "q": "360p"
    },
    "stream_url": "https://www.mp4upload.com/embed-uku5mwchltfc.html",
    "is_default": false,
    "timestamp": "2025-09-12T08:51:20.347Z"
  },
  {
    "anime_title": "Black Clover",
    "episode_title": "Black Clover Episode 73 Subtitle Indonesia",
    "episode_link": "https://otakudesu.best/episode/bkclrv-episode-73-sub-indo/",
    "episode_date": "16 November,2018",
    "server": "desudrive",
    "quality": "360p",
    "data_content": "eyJpZCI6NzM3MTgsImkiOjEsInEiOiIzNjBwIn0=",
    "decoded_data": {
      "id": 73718,
      "i": 1,
      "q": "360p"
    },
    "stream_url": "https://desustream.info/dstream/desudrive/player.php?id=RDh2UVJQYzhaWmZWWUxwZ1VWdkZ0dUMyOE0wL2VoUVNSUDY3V2pXczFTbitJT2Rqd0VnNVY5TWVHZmY3N1ZsTw==",
    "is_default": false,
    "timestamp": "2025-09-12T08:51:20.367Z"
  },
  {
    "anime_title": "Black Clover",
    "episode_title": "Black Clover Episode 73 Subtitle Indonesia",
    "episode_link": "https://otakudesu.best/episode/bkclrv-episode-73-sub-indo/",
    "episode_date": "16 November,2018",
    "server": "mega",
    "quality": "360p",
    "data_content": "eyJpZCI6NzM3MTgsImkiOjIsInEiOiIzNjBwIn0=",
    "decoded_data": {
      "id": 73718,
      "i": 2,
      "q": "360p"
    },
    "stream_url": "https://mega.nz/embed/#!cNIjjCBD!oCQk1NQUdkLOy4lARmwX4dGEhdXge6YKkjIQM2RAlqg",
    "is_default": false,
    "timestamp": "2025-09-12T08:51:20.389Z"
  },
  {
    "anime_title": "Black Clover",
    "episode_title": "Black Clover Episode 73 Subtitle Indonesia",
    "episode_link": "https://otakudesu.best/episode/bkclrv-episode-73-sub-indo/",
    "episode_date": "16 November,2018",
    "server": "otakuplay",
    "quality": "480p",
    "data_content": "eyJpZCI6NzM3MTgsImkiOjAsInEiOiI0ODBwIn0=",
    "decoded_data": {
      "id": 73718,
      "i": 0,
      "q": "480p"
    },
    "stream_url": "https://desustream.info/dstream/otakuplay/v2/index.php?id=THVtNks4Qy9TQy9pUXBURVhlVVJ0UGZnYVB1M2kwb3hWSmNRaUhIb3drYz0=",
    "is_default": true,
    "timestamp": "2025-09-12T08:51:20.421Z"
  },
  {
    "anime_title": "Black Clover",
    "episode_title": "Black Clover Episode 73 Subtitle Indonesia",
    "episode_link": "https://otakudesu.best/episode/bkclrv-episode-73-sub-indo/",
    "episode_date": "16 November,2018",
    "server": "desudrive",
    "quality": "480p",
    "data_content": "eyJpZCI6NzM3MTgsImkiOjEsInEiOiI0ODBwIn0=",
    "decoded_data": {
      "id": 73718,
      "i": 1,
      "q": "480p"
    },
    "stream_url": "https://desustream.info/dstream/desudrive/player.php?id=NVhwcld0NTZyYmU1SFRaYzFJYytPNTJySGowUUtWOWIzYU9mcmc4QTY2UlhxSGM1M3ZaU0NzT0h2b052VlYreA==",
    "is_default": false,
    "timestamp": "2025-09-12T08:51:20.495Z"
  },
  {
    "anime_title": "Black Clover",
    "episode_title": "Black Clover Episode 73 Subtitle Indonesia",
    "episode_link": "https://otakudesu.best/episode/bkclrv-episode-73-sub-indo/",
    "episode_date": "16 November,2018",
    "server": "mega",
    "quality": "480p",
    "data_content": "eyJpZCI6NzM3MTgsImkiOjIsInEiOiI0ODBwIn0=",
    "decoded_data": {
      "id": 73718,
      "i": 2,
      "q": "480p"
    },
    "stream_url": "https://mega.nz/embed/#!IQADCIgC!zrlr_SwJNIsYRckQaduEOJHZb6g3BQ5md_5p9c53hqQ",
    "is_default": false,
    "timestamp": "2025-09-12T08:51:20.536Z"
  },
  {
    "anime_title": "Black Clover",
    "episode_title": "Black Clover Episode 73 Subtitle Indonesia",
    "episode_link": "https://otakudesu.best/episode/bkclrv-episode-73-sub-indo/",
    "episode_date": "16 November,2018",
    "server": "otakustream",
    "quality": "720p",
    "data_content": "eyJpZCI6NzM3MTgsImkiOjAsInEiOiI3MjBwIn0=",
    "decoded_data": {
      "id": 73718,
      "i": 0,
      "q": "720p"
    },
    "stream_url": "https://desustream.info/dstream/otakustream/v2/index.php?id=Tk1VVjJuUktqWGN5WnllY0tNVUJYTWU2ZkUxUmRuczJlVU04MW9zbU5sND0=",
    "is_default": false,
    "timestamp": "2025-09-12T08:51:20.570Z"
  },
  {
    "anime_title": "Black Clover",
    "episode_title": "Black Clover Episode 73 Subtitle Indonesia",
    "episode_link": "https://otakudesu.best/episode/bkclrv-episode-73-sub-indo/",
    "episode_date": "16 November,2018",
    "server": "desudrive",
    "quality": "720p",
    "data_content": "eyJpZCI6NzM3MTgsImkiOjEsInEiOiI3MjBwIn0=",
    "decoded_data": {
      "id": 73718,
      "i": 1,
      "q": "720p"
    },
    "stream_url": "https://desustream.info/dstream/desudrive/player.php?id=NVhwcld0NTZyYmU1SFRaYzFJYytPNTJySGowUUtWOWIzYU9mcmc4QTY2UlhxSGM1M3ZaU0NzT0h2b052VlYreA==",
    "is_default": false,
    "timestamp": "2025-09-12T08:51:20.603Z"
  },
  {
    "anime_title": "Black Clover",
    "episode_title": "Black Clover Episode 73 Subtitle Indonesia",
    "episode_link": "https://otakudesu.best/episode/bkclrv-episode-73-sub-indo/",
    "episode_date": "16 November,2018",
    "server": "mega",
    "quality": "720p",
    "data_content": "eyJpZCI6NzM3MTgsImkiOjIsInEiOiI3MjBwIn0=",
    "decoded_data": {
      "id": 73718,
      "i": 2,
      "q": "720p"
    },
    "stream_url": "https://mega.nz/embed/#!IQADCIgC!zrlr_SwJNIsYRckQaduEOJHZb6g3BQ5md_5p9c53hqQ",
    "is_default": false,
    "timestamp": "2025-09-12T08:51:20.623Z"
  },
  {
    "anime_title": "Black Clover",
    "episode_title": "Black Clover Episode 74 Subtitle Indonesia",
    "episode_link": "https://otakudesu.best/episode/bkclrv-episode-74-sub-indo/",
    "episode_date": "16 November,2018",
    "server": "mp4load",
    "quality": "360p",
    "data_content": "eyJpZCI6NzM3MTcsImkiOjAsInEiOiIzNjBwIn0=",
    "decoded_data": {
      "id": 73717,
      "i": 0,
      "q": "360p"
    },
    "stream_url": "https://www.mp4upload.com/embed-npd4utzlb2yq.html",
    "is_default": false,
    "timestamp": "2025-09-12T08:51:21.528Z"
  },
  {
    "anime_title": "Black Clover",
    "episode_title": "Black Clover Episode 74 Subtitle Indonesia",
    "episode_link": "https://otakudesu.best/episode/bkclrv-episode-74-sub-indo/",
    "episode_date": "16 November,2018",
    "server": "desudrive",
    "quality": "360p",
    "data_content": "eyJpZCI6NzM3MTcsImkiOjEsInEiOiIzNjBwIn0=",
    "decoded_data": {
      "id": 73717,
      "i": 1,
      "q": "360p"
    },
    "stream_url": "https://desustream.info/dstream/desudrive/player.php?id=NE9CVEpydkt6cW9ETFhzclBKakI4UkNYK25ka1hWOXZKamg5cXNZaEhlUzZVRDNBSnRLVTVsQWdCbks2UE5WdQ==",
    "is_default": false,
    "timestamp": "2025-09-12T08:51:21.577Z"
  },
  {
    "anime_title": "Black Clover",
    "episode_title": "Black Clover Episode 74 Subtitle Indonesia",
    "episode_link": "https://otakudesu.best/episode/bkclrv-episode-74-sub-indo/",
    "episode_date": "16 November,2018",
    "server": "mega",
    "quality": "360p",
    "data_content": "eyJpZCI6NzM3MTcsImkiOjIsInEiOiIzNjBwIn0=",
    "decoded_data": {
      "id": 73717,
      "i": 2,
      "q": "360p"
    },
    "stream_url": "https://mega.nz/embed/#!wYQljYza!G7YZad5BwBTmORlR59tFasfjg4buSo_ycae3Jd0uOpY",
    "is_default": false,
    "timestamp": "2025-09-12T08:51:21.611Z"
  },
  {
    "anime_title": "Black Clover",
    "episode_title": "Black Clover Episode 74 Subtitle Indonesia",
    "episode_link": "https://otakudesu.best/episode/bkclrv-episode-74-sub-indo/",
    "episode_date": "16 November,2018",
    "server": "otakuplay",
    "quality": "480p",
    "data_content": "eyJpZCI6NzM3MTcsImkiOjAsInEiOiI0ODBwIn0=",
    "decoded_data": {
      "id": 73717,
      "i": 0,
      "q": "480p"
    },
    "stream_url": "https://desustream.info/dstream/otakuplay/v2/index.php?id=THVtNks4Qy9TQy9pUXBURVhlVVJ0REZjRXpRR1hOc1gyY1VvazljMjBUcz0=",
    "is_default": true,
    "timestamp": "2025-09-12T08:51:21.655Z"
  },
  {
    "anime_title": "Black Clover",
    "episode_title": "Black Clover Episode 74 Subtitle Indonesia",
    "episode_link": "https://otakudesu.best/episode/bkclrv-episode-74-sub-indo/",
    "episode_date": "16 November,2018",
    "server": "mega",
    "quality": "480p",
    "data_content": "eyJpZCI6NzM3MTcsImkiOjIsInEiOiI0ODBwIn0=",
    "decoded_data": {
      "id": 73717,
      "i": 2,
      "q": "480p"
    },
    "stream_url": "https://mega.nz/embed/#!oJB3nSRT!ScdXX5VAkg0dOMwMZdw1nETJxDkpOsW0bLGhLSAhYaE",
    "is_default": false,
    "timestamp": "2025-09-12T08:51:21.748Z"
  },
  {
    "anime_title": "Black Clover",
    "episode_title": "Black Clover Episode 74 Subtitle Indonesia",
    "episode_link": "https://otakudesu.best/episode/bkclrv-episode-74-sub-indo/",
    "episode_date": "16 November,2018",
    "server": "otakustream",
    "quality": "720p",
    "data_content": "eyJpZCI6NzM3MTcsImkiOjAsInEiOiI3MjBwIn0=",
    "decoded_data": {
      "id": 73717,
      "i": 0,
      "q": "720p"
    },
    "stream_url": "https://desustream.info/dstream/otakustream/v2/index.php?id=Tk1VVjJuUktqWGN5WnllY0tNVUJYTldFaElvR25uRmNYOWMycnJ2SUhOWT0=",
    "is_default": false,
    "timestamp": "2025-09-12T08:51:21.765Z"
  },
  {
    "anime_title": "Black Clover",
    "episode_title": "Black Clover Episode 74 Subtitle Indonesia",
    "episode_link": "https://otakudesu.best/episode/bkclrv-episode-74-sub-indo/",
    "episode_date": "16 November,2018",
    "server": "mega",
    "quality": "720p",
    "data_content": "eyJpZCI6NzM3MTcsImkiOjIsInEiOiI3MjBwIn0=",
    "decoded_data": {
      "id": 73717,
      "i": 2,
      "q": "720p"
    },
    "stream_url": "https://mega.nz/embed/#!5FA31YJT!6FOCC2xm9FbvnfXXbP1IwSp5dhP1YzOWrp4t5odzjTo",
    "is_default": false,
    "timestamp": "2025-09-12T08:51:21.848Z"
  },
  {
    "anime_title": "Black Clover",
    "episode_title": "Black Clover Episode 74 Subtitle Indonesia",
    "episode_link": "https://otakudesu.best/episode/bkclrv-episode-74-sub-indo/",
    "episode_date": "16 November,2018",
    "server": "desudrive",
    "quality": "720p",
    "data_content": "eyJpZCI6NzM3MTcsImkiOjEsInEiOiI3MjBwIn0=",
    "decoded_data": {
      "id": 73717,
      "i": 1,
      "q": "720p"
    },
    "stream_url": "https://desustream.info/dstream/desudrive/player.php?id=bFI3elNuRVhSWUwrYnAyaHFJU2tpclhJWGxOTDJXVDc2SHNZeks2SlFHZ0tXVG5XRHNqRVdPUHRCdXB2YlpxOQ==",
    "is_default": false,
    "timestamp": "2025-09-12T08:51:21.908Z"
  },
  {
    "anime_title": "Black Clover",
    "episode_title": "Black Clover Episode 74 Subtitle Indonesia",
    "episode_link": "https://otakudesu.best/episode/bkclrv-episode-74-sub-indo/",
    "episode_date": "16 November,2018",
    "server": "desudrive",
    "quality": "480p",
    "data_content": "eyJpZCI6NzM3MTcsImkiOjEsInEiOiI0ODBwIn0=",
    "decoded_data": {
      "id": 73717,
      "i": 1,
      "q": "480p"
    },
    "stream_url": "https://desustream.info/dstream/desudrive/player.php?id=bVR0TjJJd01mZlhVU0dZSnFuRklaaVRGRTJ4ZkZMb3BGMGRMR1F3Y3R4SDlNTWt6RnlSUDJYQmx2dnBjRzd6cA==",
    "is_default": false,
    "timestamp": "2025-09-12T08:51:21.982Z"
  },
  {
    "anime_title": "Black Clover",
    "episode_title": "Black Clover Episode 74 Subtitle Indonesia",
    "episode_link": "https://otakudesu.best/episode/bkclrv-episode-74-sub-indo/",
    "episode_date": "16 November,2018",
    "server": "mp4load",
    "quality": "360p",
    "data_content": "eyJpZCI6NzM3MTcsImkiOjAsInEiOiIzNjBwIn0=",
    "decoded_data": {
      "id": 73717,
      "i": 0,
      "q": "360p"
    },
    "stream_url": "https://www.mp4upload.com/embed-npd4utzlb2yq.html",
    "is_default": false,
    "timestamp": "2025-09-12T08:51:21.528Z"
  },
  {
    "anime_title": "Black Clover",
    "episode_title": "Black Clover Episode 74 Subtitle Indonesia",
    "episode_link": "https://otakudesu.best/episode/bkclrv-episode-74-sub-indo/",
    "episode_date": "16 November,2018",
    "server": "desudrive",
    "quality": "360p",
    "data_content": "eyJpZCI6NzM3MTcsImkiOjEsInEiOiIzNjBwIn0=",
    "decoded_data": {
      "id": 73717,
      "i": 1,
      "q": "360p"
    },
    "stream_url": "https://desustream.info/dstream/desudrive/player.php?id=NE9CVEpydkt6cW9ETFhzclBKakI4UkNYK25ka1hWOXZKamg5cXNZaEhlUzZVRDNBSnRLVTVsQWdCbks2UE5WdQ==",
    "is_default": false,
    "timestamp": "2025-09-12T08:51:21.577Z"
  },
  {
    "anime_title": "Black Clover",
    "episode_title": "Black Clover Episode 74 Subtitle Indonesia",
    "episode_link": "https://otakudesu.best/episode/bkclrv-episode-74-sub-indo/",
    "episode_date": "16 November,2018",
    "server": "mega",
    "quality": "360p",
    "data_content": "eyJpZCI6NzM3MTcsImkiOjIsInEiOiIzNjBwIn0=",
    "decoded_data": {
      "id": 73717,
      "i": 2,
      "q": "360p"
    },
    "stream_url": "https://mega.nz/embed/#!wYQljYza!G7YZad5BwBTmORlR59tFasfjg4buSo_ycae3Jd0uOpY",
    "is_default": false,
    "timestamp": "2025-09-12T08:51:21.611Z"
  },
  {
    "anime_title": "Black Clover",
    "episode_title": "Black Clover Episode 74 Subtitle Indonesia",
    "episode_link": "https://otakudesu.best/episode/bkclrv-episode-74-sub-indo/",
    "episode_date": "16 November,2018",
    "server": "otakuplay",
    "quality": "480p",
    "data_content": "eyJpZCI6NzM3MTcsImkiOjAsInEiOiI0ODBwIn0=",
    "decoded_data": {
      "id": 73717,
      "i": 0,
      "q": "480p"
    },
    "stream_url": "https://desustream.info/dstream/otakuplay/v2/index.php?id=THVtNks4Qy9TQy9pUXBURVhlVVJ0REZjRXpRR1hOc1gyY1VvazljMjBUcz0=",
    "is_default": true,
    "timestamp": "2025-09-12T08:51:21.655Z"
  },
  {
    "anime_title": "Black Clover",
    "episode_title": "Black Clover Episode 74 Subtitle Indonesia",
    "episode_link": "https://otakudesu.best/episode/bkclrv-episode-74-sub-indo/",
    "episode_date": "16 November,2018",
    "server": "desudrive",
    "quality": "480p",
    "data_content": "eyJpZCI6NzM3MTcsImkiOjEsInEiOiI0ODBwIn0=",
    "decoded_data": {
      "id": 73717,
      "i": 1,
      "q": "480p"
    },
    "stream_url": "https://desustream.info/dstream/desudrive/player.php?id=bVR0TjJJd01mZlhVU0dZSnFuRklaaVRGRTJ4ZkZMb3BGMGRMR1F3Y3R4SDlNTWt6RnlSUDJYQmx2dnBjRzd6cA==",
    "is_default": false,
    "timestamp": "2025-09-12T08:51:21.982Z"
  },
  {
    "anime_title": "Black Clover",
    "episode_title": "Black Clover Episode 74 Subtitle Indonesia",
    "episode_link": "https://otakudesu.best/episode/bkclrv-episode-74-sub-indo/",
    "episode_date": "16 November,2018",
    "server": "mega",
    "quality": "480p",
    "data_content": "eyJpZCI6NzM3MTcsImkiOjIsInEiOiI0ODBwIn0=",
    "decoded_data": {
      "id": 73717,
      "i": 2,
      "q": "480p"
    },
    "stream_url": "https://mega.nz/embed/#!oJB3nSRT!ScdXX5VAkg0dOMwMZdw1nETJxDkpOsW0bLGhLSAhYaE",
    "is_default": false,
    "timestamp": "2025-09-12T08:51:21.748Z"
  },
  {
    "anime_title": "Black Clover",
    "episode_title": "Black Clover Episode 74 Subtitle Indonesia",
    "episode_link": "https://otakudesu.best/episode/bkclrv-episode-74-sub-indo/",
    "episode_date": "16 November,2018",
    "server": "otakustream",
    "quality": "720p",
    "data_content": "eyJpZCI6NzM3MTcsImkiOjAsInEiOiI3MjBwIn0=",
    "decoded_data": {
      "id": 73717,
      "i": 0,
      "q": "720p"
    },
    "stream_url": "https://desustream.info/dstream/otakustream/v2/index.php?id=Tk1VVjJuUktqWGN5WnllY0tNVUJYTldFaElvR25uRmNYOWMycnJ2SUhOWT0=",
    "is_default": false,
    "timestamp": "2025-09-12T08:51:21.765Z"
  },
  {
    "anime_title": "Black Clover",
    "episode_title": "Black Clover Episode 74 Subtitle Indonesia",
    "episode_link": "https://otakudesu.best/episode/bkclrv-episode-74-sub-indo/",
    "episode_date": "16 November,2018",
    "server": "desudrive",
    "quality": "720p",
    "data_content": "eyJpZCI6NzM3MTcsImkiOjEsInEiOiI3MjBwIn0=",
    "decoded_data": {
      "id": 73717,
      "i": 1,
      "q": "720p"
    },
    "stream_url": "https://desustream.info/dstream/desudrive/player.php?id=bFI3elNuRVhSWUwrYnAyaHFJU2tpclhJWGxOTDJXVDc2SHNZeks2SlFHZ0tXVG5XRHNqRVdPUHRCdXB2YlpxOQ==",
    "is_default": false,
    "timestamp": "2025-09-12T08:51:21.908Z"
  },
  {
    "anime_title": "Black Clover",
    "episode_title": "Black Clover Episode 74 Subtitle Indonesia",
    "episode_link": "https://otakudesu.best/episode/bkclrv-episode-74-sub-indo/",
    "episode_date": "16 November,2018",
    "server": "mega",
    "quality": "720p",
    "data_content": "eyJpZCI6NzM3MTcsImkiOjIsInEiOiI3MjBwIn0=",
    "decoded_data": {
      "id": 73717,
      "i": 2,
      "q": "720p"
    },
    "stream_url": "https://mega.nz/embed/#!5FA31YJT!6FOCC2xm9FbvnfXXbP1IwSp5dhP1YzOWrp4t5odzjTo",
    "is_default": false,
    "timestamp": "2025-09-12T08:51:21.848Z"
  },
  {
    "anime_title": "Black Clover",
    "episode_title": "Black Clover Episode 75 Subtitle Indonesia",
    "episode_link": "https://otakudesu.best/episode/bkclrv-episode-75-sub-indo/",
    "episode_date": "16 November,2018",
    "server": "mega",
    "quality": "360p",
    "data_content": "eyJpZCI6NzM3MTYsImkiOjIsInEiOiIzNjBwIn0=",
    "decoded_data": {
      "id": 73716,
      "i": 2,
      "q": "360p"
    },
    "stream_url": "https://mega.nz/embed/#!4ZIVgAaJ!i7M3geYM9UP6GKJ7-U6Az2V144KRDRPHGI4jd8_BIfc",
    "is_default": false,
    "timestamp": "2025-09-12T08:51:22.953Z"
  },
  {
    "anime_title": "Black Clover",
    "episode_title": "Black Clover Episode 75 Subtitle Indonesia",
    "episode_link": "https://otakudesu.best/episode/bkclrv-episode-75-sub-indo/",
    "episode_date": "16 November,2018",
    "server": "desudrive",
    "quality": "360p",
    "data_content": "eyJpZCI6NzM3MTYsImkiOjEsInEiOiIzNjBwIn0=",
    "decoded_data": {
      "id": 73716,
      "i": 1,
      "q": "360p"
    },
    "stream_url": "https://desustream.info/dstream/desudrive/player.php?id=eGxuMGhzdm80L0ZXT3NvSjNGY3RxTzBDU2tWQWs2TUF5ZkhiYzc1dXF2Mm12czEwUjZGUVdWOVR5UXpzYmVqRg==",
    "is_default": false,
    "timestamp": "2025-09-12T08:51:22.970Z"
  },
  {
    "anime_title": "Black Clover",
    "episode_title": "Black Clover Episode 75 Subtitle Indonesia",
    "episode_link": "https://otakudesu.best/episode/bkclrv-episode-75-sub-indo/",
    "episode_date": "16 November,2018",
    "server": "mp4load",
    "quality": "360p",
    "data_content": "eyJpZCI6NzM3MTYsImkiOjAsInEiOiIzNjBwIn0=",
    "decoded_data": {
      "id": 73716,
      "i": 0,
      "q": "360p"
    },
    "stream_url": "https://www.mp4upload.com/embed-kp7drmjsmfgz.html",
    "is_default": false,
    "timestamp": "2025-09-12T08:51:22.987Z"
  },
  {
    "anime_title": "Black Clover",
    "episode_title": "Black Clover Episode 75 Subtitle Indonesia",
    "episode_link": "https://otakudesu.best/episode/bkclrv-episode-75-sub-indo/",
    "episode_date": "16 November,2018",
    "server": "otakuplay",
    "quality": "480p",
    "data_content": "eyJpZCI6NzM3MTYsImkiOjAsInEiOiI0ODBwIn0=",
    "decoded_data": {
      "id": 73716,
      "i": 0,
      "q": "480p"
    },
    "stream_url": "https://desustream.info/dstream/otakuplay/v2/index.php?id=THVtNks4Qy9TQy9pUXBURVhlVVJ0QnlsQUZlS1JSVy9YcURpM0tLVG5BUT0=",
    "is_default": true,
    "timestamp": "2025-09-12T08:51:23.008Z"
  },
  {
    "anime_title": "Black Clover",
    "episode_title": "Black Clover Episode 75 Subtitle Indonesia",
    "episode_link": "https://otakudesu.best/episode/bkclrv-episode-75-sub-indo/",
    "episode_date": "16 November,2018",
    "server": "desudrive",
    "quality": "480p",
    "data_content": "eyJpZCI6NzM3MTYsImkiOjEsInEiOiI0ODBwIn0=",
    "decoded_data": {
      "id": 73716,
      "i": 1,
      "q": "480p"
    },
    "stream_url": "https://desustream.info/dstream/desudrive/player.php?id=Ym96TnNuWmpRNFF3OXdDWnpFK3pKZU1CTDY0TW9VTGRUc1dYVHlIUHBBNU0zQzFLaGxFYzV6NHRqYmNGSW1Qag==",
    "is_default": false,
    "timestamp": "2025-09-12T08:51:23.023Z"
  },
  {
    "anime_title": "Black Clover",
    "episode_title": "Black Clover Episode 75 Subtitle Indonesia",
    "episode_link": "https://otakudesu.best/episode/bkclrv-episode-75-sub-indo/",
    "episode_date": "16 November,2018",
    "server": "mega",
    "quality": "480p",
    "data_content": "eyJpZCI6NzM3MTYsImkiOjIsInEiOiI0ODBwIn0=",
    "decoded_data": {
      "id": 73716,
      "i": 2,
      "q": "480p"
    },
    "stream_url": "https://mega.nz/embed/#!AEZX2SrJ!jr-TatPvg9F-Nk9GyxYngyVOZ9meTIW1Ou0Z_wSZAg8",
    "is_default": false,
    "timestamp": "2025-09-12T08:51:23.042Z"
  },
  {
    "anime_title": "Black Clover",
    "episode_title": "Black Clover Episode 75 Subtitle Indonesia",
    "episode_link": "https://otakudesu.best/episode/bkclrv-episode-75-sub-indo/",
    "episode_date": "16 November,2018",
    "server": "otakustream",
    "quality": "720p",
    "data_content": "eyJpZCI6NzM3MTYsImkiOjAsInEiOiI3MjBwIn0=",
    "decoded_data": {
      "id": 73716,
      "i": 0,
      "q": "720p"
    },
    "stream_url": "https://desustream.info/dstream/otakustream/v2/index.php?id=Tk1VVjJuUktqWGN5WnllY0tNVUJYRHcvVittRS9XaS9GeG5xSmVERThRST0=",
    "is_default": false,
    "timestamp": "2025-09-12T08:51:23.099Z"
  },
  {
    "anime_title": "Black Clover",
    "episode_title": "Black Clover Episode 75 Subtitle Indonesia",
    "episode_link": "https://otakudesu.best/episode/bkclrv-episode-75-sub-indo/",
    "episode_date": "16 November,2018",
    "server": "desudrive",
    "quality": "720p",
    "data_content": "eyJpZCI6NzM3MTYsImkiOjEsInEiOiI3MjBwIn0=",
    "decoded_data": {
      "id": 73716,
      "i": 1,
      "q": "720p"
    },
    "stream_url": "https://desustream.info/dstream/desudrive/player.php?id=QVMvNEZDS2lXZEZJaXFUYXJvUXF4VFFQcW9ZcnRTV3BiVUdMbmZzUDFSeTdQWmNSQzh6dDRmcGZDZjFSN3RwbA==",
    "is_default": false,
    "timestamp": "2025-09-12T08:51:23.130Z"
  },
  {
    "anime_title": "Black Clover",
    "episode_title": "Black Clover Episode 75 Subtitle Indonesia",
    "episode_link": "https://otakudesu.best/episode/bkclrv-episode-75-sub-indo/",
    "episode_date": "16 November,2018",
    "server": "mega",
    "quality": "720p",
    "data_content": "eyJpZCI6NzM3MTYsImkiOjIsInEiOiI3MjBwIn0=",
    "decoded_data": {
      "id": 73716,
      "i": 2,
      "q": "720p"
    },
    "stream_url": "https://mega.nz/embed/#!pdIn1aCQ!-9oPDAmdIgOdCr0Ey4Ph1eWVoDR0KggTqe8ht0i-Rnk",
    "is_default": false,
    "timestamp": "2025-09-12T08:51:23.198Z"
  },
  {
    "anime_title": "Black Clover",
    "episode_title": "Black Clover Episode 75 Subtitle Indonesia",
    "episode_link": "https://otakudesu.best/episode/bkclrv-episode-75-sub-indo/",
    "episode_date": "16 November,2018",
    "server": "mp4load",
    "quality": "360p",
    "data_content": "eyJpZCI6NzM3MTYsImkiOjAsInEiOiIzNjBwIn0=",
    "decoded_data": {
      "id": 73716,
      "i": 0,
      "q": "360p"
    },
    "stream_url": "https://www.mp4upload.com/embed-kp7drmjsmfgz.html",
    "is_default": false,
    "timestamp": "2025-09-12T08:51:22.987Z"
  },
  {
    "anime_title": "Black Clover",
    "episode_title": "Black Clover Episode 75 Subtitle Indonesia",
    "episode_link": "https://otakudesu.best/episode/bkclrv-episode-75-sub-indo/",
    "episode_date": "16 November,2018",
    "server": "desudrive",
    "quality": "360p",
    "data_content": "eyJpZCI6NzM3MTYsImkiOjEsInEiOiIzNjBwIn0=",
    "decoded_data": {
      "id": 73716,
      "i": 1,
      "q": "360p"
    },
    "stream_url": "https://desustream.info/dstream/desudrive/player.php?id=eGxuMGhzdm80L0ZXT3NvSjNGY3RxTzBDU2tWQWs2TUF5ZkhiYzc1dXF2Mm12czEwUjZGUVdWOVR5UXpzYmVqRg==",
    "is_default": false,
    "timestamp": "2025-09-12T08:51:22.970Z"
  },
  {
    "anime_title": "Black Clover",
    "episode_title": "Black Clover Episode 75 Subtitle Indonesia",
    "episode_link": "https://otakudesu.best/episode/bkclrv-episode-75-sub-indo/",
    "episode_date": "16 November,2018",
    "server": "mega",
    "quality": "360p",
    "data_content": "eyJpZCI6NzM3MTYsImkiOjIsInEiOiIzNjBwIn0=",
    "decoded_data": {
      "id": 73716,
      "i": 2,
      "q": "360p"
    },
    "stream_url": "https://mega.nz/embed/#!4ZIVgAaJ!i7M3geYM9UP6GKJ7-U6Az2V144KRDRPHGI4jd8_BIfc",
    "is_default": false,
    "timestamp": "2025-09-12T08:51:22.953Z"
  },
  {
    "anime_title": "Black Clover",
    "episode_title": "Black Clover Episode 75 Subtitle Indonesia",
    "episode_link": "https://otakudesu.best/episode/bkclrv-episode-75-sub-indo/",
    "episode_date": "16 November,2018",
    "server": "otakuplay",
    "quality": "480p",
    "data_content": "eyJpZCI6NzM3MTYsImkiOjAsInEiOiI0ODBwIn0=",
    "decoded_data": {
      "id": 73716,
      "i": 0,
      "q": "480p"
    },
    "stream_url": "https://desustream.info/dstream/otakuplay/v2/index.php?id=THVtNks4Qy9TQy9pUXBURVhlVVJ0QnlsQUZlS1JSVy9YcURpM0tLVG5BUT0=",
    "is_default": true,
    "timestamp": "2025-09-12T08:51:23.008Z"
  },
  {
    "anime_title": "Black Clover",
    "episode_title": "Black Clover Episode 75 Subtitle Indonesia",
    "episode_link": "https://otakudesu.best/episode/bkclrv-episode-75-sub-indo/",
    "episode_date": "16 November,2018",
    "server": "desudrive",
    "quality": "480p",
    "data_content": "eyJpZCI6NzM3MTYsImkiOjEsInEiOiI0ODBwIn0=",
    "decoded_data": {
      "id": 73716,
      "i": 1,
      "q": "480p"
    },
    "stream_url": "https://desustream.info/dstream/desudrive/player.php?id=Ym96TnNuWmpRNFF3OXdDWnpFK3pKZU1CTDY0TW9VTGRUc1dYVHlIUHBBNU0zQzFLaGxFYzV6NHRqYmNGSW1Qag==",
    "is_default": false,
    "timestamp": "2025-09-12T08:51:23.023Z"
  },
  {
    "anime_title": "Black Clover",
    "episode_title": "Black Clover Episode 75 Subtitle Indonesia",
    "episode_link": "https://otakudesu.best/episode/bkclrv-episode-75-sub-indo/",
    "episode_date": "16 November,2018",
    "server": "mega",
    "quality": "480p",
    "data_content": "eyJpZCI6NzM3MTYsImkiOjIsInEiOiI0ODBwIn0=",
    "decoded_data": {
      "id": 73716,
      "i": 2,
      "q": "480p"
    },
    "stream_url": "https://mega.nz/embed/#!AEZX2SrJ!jr-TatPvg9F-Nk9GyxYngyVOZ9meTIW1Ou0Z_wSZAg8",
    "is_default": false,
    "timestamp": "2025-09-12T08:51:23.042Z"
  },
  {
    "anime_title": "Black Clover",
    "episode_title": "Black Clover Episode 75 Subtitle Indonesia",
    "episode_link": "https://otakudesu.best/episode/bkclrv-episode-75-sub-indo/",
    "episode_date": "16 November,2018",
    "server": "otakustream",
    "quality": "720p",
    "data_content": "eyJpZCI6NzM3MTYsImkiOjAsInEiOiI3MjBwIn0=",
    "decoded_data": {
      "id": 73716,
      "i": 0,
      "q": "720p"
    },
    "stream_url": "https://desustream.info/dstream/otakustream/v2/index.php?id=Tk1VVjJuUktqWGN5WnllY0tNVUJYRHcvVittRS9XaS9GeG5xSmVERThRST0=",
    "is_default": false,
    "timestamp": "2025-09-12T08:51:23.099Z"
  },
  {
    "anime_title": "Black Clover",
    "episode_title": "Black Clover Episode 75 Subtitle Indonesia",
    "episode_link": "https://otakudesu.best/episode/bkclrv-episode-75-sub-indo/",
    "episode_date": "16 November,2018",
    "server": "desudrive",
    "quality": "720p",
    "data_content": "eyJpZCI6NzM3MTYsImkiOjEsInEiOiI3MjBwIn0=",
    "decoded_data": {
      "id": 73716,
      "i": 1,
      "q": "720p"
    },
    "stream_url": "https://desustream.info/dstream/desudrive/player.php?id=QVMvNEZDS2lXZEZJaXFUYXJvUXF4VFFQcW9ZcnRTV3BiVUdMbmZzUDFSeTdQWmNSQzh6dDRmcGZDZjFSN3RwbA==",
    "is_default": false,
    "timestamp": "2025-09-12T08:51:23.130Z"
  },
  {
    "anime_title": "Black Clover",
    "episode_title": "Black Clover Episode 75 Subtitle Indonesia",
    "episode_link": "https://otakudesu.best/episode/bkclrv-episode-75-sub-indo/",
    "episode_date": "16 November,2018",
    "server": "mega",
    "quality": "720p",
    "data_content": "eyJpZCI6NzM3MTYsImkiOjIsInEiOiI3MjBwIn0=",
    "decoded_data": {
      "id": 73716,
      "i": 2,
      "q": "720p"
    },
    "stream_url": "https://mega.nz/embed/#!pdIn1aCQ!-9oPDAmdIgOdCr0Ey4Ph1eWVoDR0KggTqe8ht0i-Rnk",
    "is_default": false,
    "timestamp": "2025-09-12T08:51:23.198Z"
  },
  {
    "anime_title": "Black Clover",
    "episode_title": "Black Clover Episode 76 Subtitle Indonesia",
    "episode_link": "https://otakudesu.best/episode/bkclrv-episode-76-sub-indo/",
    "episode_date": "26 Maret,2019",
    "server": "GDrive",
    "quality": "360p",
    "data_content": "eyJpZCI6NDEyMDQsImkiOjAsInEiOiIzNjBwIn0=",
    "decoded_data": {
      "id": 41204,
      "i": 0,
      "q": "360p"
    },
    "stream_url": "https://gdriveplayer.me/embed2.php?link=https://drive.google.com/open?id=1vh8LwoEFUsEUawWIJxISU7G95DlT5GnC",
    "is_default": false,
    "timestamp": "2025-09-12T08:51:24.033Z"
  },
  {
    "anime_title": "Black Clover",
    "episode_title": "Black Clover Episode 76 Subtitle Indonesia",
    "episode_link": "https://otakudesu.best/episode/bkclrv-episode-76-sub-indo/",
    "episode_date": "26 Maret,2019",
    "server": "desudrive",
    "quality": "360p",
    "data_content": "eyJpZCI6NDEyMDQsImkiOjEsInEiOiIzNjBwIn0=",
    "decoded_data": {
      "id": 41204,
      "i": 1,
      "q": "360p"
    },
    "stream_url": "https://desustream.info/dstream/desudrive/player.php?id=YkxyVGpHOHVrUEtxN1o4dFBjK2l3SjFnU3dTS0dCRDZGQ0JodVprcGJPMW1KcFRETUpOZXBXWGYyTXRQcGlHSA==",
    "is_default": false,
    "timestamp": "2025-09-12T08:51:24.058Z"
  },
  {
    "anime_title": "Black Clover",
    "episode_title": "Black Clover Episode 76 Subtitle Indonesia",
    "episode_link": "https://otakudesu.best/episode/bkclrv-episode-76-sub-indo/",
    "episode_date": "26 Maret,2019",
    "server": "acefile",
    "quality": "360p",
    "data_content": "eyJpZCI6NDEyMDQsImkiOjIsInEiOiIzNjBwIn0=",
    "decoded_data": {
      "id": 41204,
      "i": 2,
      "q": "360p"
    },
    "stream_url": "https://acefile.co/player/7557506",
    "is_default": false,
    "timestamp": "2025-09-12T08:51:24.109Z"
  },
  {
    "anime_title": "Black Clover",
    "episode_title": "Black Clover Episode 76 Subtitle Indonesia",
    "episode_link": "https://otakudesu.best/episode/bkclrv-episode-76-sub-indo/",
    "episode_date": "26 Maret,2019",
    "server": "otakuplay",
    "quality": "480p",
    "data_content": "eyJpZCI6NDEyMDQsImkiOjAsInEiOiI0ODBwIn0=",
    "decoded_data": {
      "id": 41204,
      "i": 0,
      "q": "480p"
    },
    "stream_url": "https://desustream.info/dstream/otakuplay/v2/index.php?id=SDdmTjNUYndaeTJ3SE1FeTJmb0VicHJpaCtaaVYvd1JlZ1JrR1Q5SEd5VT0=",
    "is_default": true,
    "timestamp": "2025-09-12T08:51:24.128Z"
  },
  {
    "anime_title": "Black Clover",
    "episode_title": "Black Clover Episode 76 Subtitle Indonesia",
    "episode_link": "https://otakudesu.best/episode/bkclrv-episode-76-sub-indo/",
    "episode_date": "26 Maret,2019",
    "server": "desudrive",
    "quality": "480p",
    "data_content": "eyJpZCI6NDEyMDQsImkiOjEsInEiOiI0ODBwIn0=",
    "decoded_data": {
      "id": 41204,
      "i": 1,
      "q": "480p"
    },
    "stream_url": "https://desustream.info/dstream/desudrive/player.php?id=SHV0enVQdlVvd2NGZXd6NGxIM3BTbENFOHdvdDJzY3FLVHUwcjdmYXdRUExad3RSYkNzZzhrWVB5WnRDU2NLMA==",
    "is_default": false,
    "timestamp": "2025-09-12T08:51:24.182Z"
  },
  {
    "anime_title": "Black Clover",
    "episode_title": "Black Clover Episode 76 Subtitle Indonesia",
    "episode_link": "https://otakudesu.best/episode/bkclrv-episode-76-sub-indo/",
    "episode_date": "26 Maret,2019",
    "server": "acefile",
    "quality": "480p",
    "data_content": "eyJpZCI6NDEyMDQsImkiOjIsInEiOiI0ODBwIn0=",
    "decoded_data": {
      "id": 41204,
      "i": 2,
      "q": "480p"
    },
    "stream_url": "https://acefile.co/player/7557507",
    "is_default": false,
    "timestamp": "2025-09-12T08:51:24.203Z"
  },
  {
    "anime_title": "Black Clover",
    "episode_title": "Black Clover Episode 76 Subtitle Indonesia",
    "episode_link": "https://otakudesu.best/episode/bkclrv-episode-76-sub-indo/",
    "episode_date": "26 Maret,2019",
    "server": "otakustream",
    "quality": "720p",
    "data_content": "eyJpZCI6NDEyMDQsImkiOjAsInEiOiI3MjBwIn0=",
    "decoded_data": {
      "id": 41204,
      "i": 0,
      "q": "720p"
    },
    "stream_url": "https://desustream.info/dstream/otakustream/v2/index.php?id=Tk1VVjJuUktqWGN5WnllY0tNVUJYRGsxcTRyNnBqR1k5K25CdUV0b1pkQT0=",
    "is_default": false,
    "timestamp": "2025-09-12T08:51:24.248Z"
  },
  {
    "anime_title": "Black Clover",
    "episode_title": "Black Clover Episode 76 Subtitle Indonesia",
    "episode_link": "https://otakudesu.best/episode/bkclrv-episode-76-sub-indo/",
    "episode_date": "26 Maret,2019",
    "server": "desudrive",
    "quality": "720p",
    "data_content": "eyJpZCI6NDEyMDQsImkiOjEsInEiOiI3MjBwIn0=",
    "decoded_data": {
      "id": 41204,
      "i": 1,
      "q": "720p"
    },
    "stream_url": "https://desustream.info/dstream/desudrive/player.php?id=VzFkaFRLZmsyMkhmemsyeVFmLzVHZDVMVHp0K05ZNHF5MW1UTERRZ2ZDZXdCdW8wbUZpdFdrNjlBdkZkaXVJZQ==",
    "is_default": false,
    "timestamp": "2025-09-12T08:51:24.270Z"
  },
  {
    "anime_title": "Black Clover",
    "episode_title": "Black Clover Episode 76 Subtitle Indonesia",
    "episode_link": "https://otakudesu.best/episode/bkclrv-episode-76-sub-indo/",
    "episode_date": "26 Maret,2019",
    "server": "acefile",
    "quality": "720p",
    "data_content": "eyJpZCI6NDEyMDQsImkiOjIsInEiOiI3MjBwIn0=",
    "decoded_data": {
      "id": 41204,
      "i": 2,
      "q": "720p"
    },
    "stream_url": "https://acefile.co/player/7557505",
    "is_default": false,
    "timestamp": "2025-09-12T08:51:24.311Z"
  },
  {
    "anime_title": "Black Clover",
    "episode_title": "Black Clover Episode 76 Subtitle Indonesia",
    "episode_link": "https://otakudesu.best/episode/bkclrv-episode-76-sub-indo/",
    "episode_date": "26 Maret,2019",
    "server": "GDrive",
    "quality": "360p",
    "data_content": "eyJpZCI6NDEyMDQsImkiOjAsInEiOiIzNjBwIn0=",
    "decoded_data": {
      "id": 41204,
      "i": 0,
      "q": "360p"
    },
    "stream_url": "https://gdriveplayer.me/embed2.php?link=https://drive.google.com/open?id=1vh8LwoEFUsEUawWIJxISU7G95DlT5GnC",
    "is_default": false,
    "timestamp": "2025-09-12T08:51:24.033Z"
  },
  {
    "anime_title": "Black Clover",
    "episode_title": "Black Clover Episode 76 Subtitle Indonesia",
    "episode_link": "https://otakudesu.best/episode/bkclrv-episode-76-sub-indo/",
    "episode_date": "26 Maret,2019",
    "server": "desudrive",
    "quality": "360p",
    "data_content": "eyJpZCI6NDEyMDQsImkiOjEsInEiOiIzNjBwIn0=",
    "decoded_data": {
      "id": 41204,
      "i": 1,
      "q": "360p"
    },
    "stream_url": "https://desustream.info/dstream/desudrive/player.php?id=YkxyVGpHOHVrUEtxN1o4dFBjK2l3SjFnU3dTS0dCRDZGQ0JodVprcGJPMW1KcFRETUpOZXBXWGYyTXRQcGlHSA==",
    "is_default": false,
    "timestamp": "2025-09-12T08:51:24.058Z"
  },
  {
    "anime_title": "Black Clover",
    "episode_title": "Black Clover Episode 76 Subtitle Indonesia",
    "episode_link": "https://otakudesu.best/episode/bkclrv-episode-76-sub-indo/",
    "episode_date": "26 Maret,2019",
    "server": "acefile",
    "quality": "360p",
    "data_content": "eyJpZCI6NDEyMDQsImkiOjIsInEiOiIzNjBwIn0=",
    "decoded_data": {
      "id": 41204,
      "i": 2,
      "q": "360p"
    },
    "stream_url": "https://acefile.co/player/7557506",
    "is_default": false,
    "timestamp": "2025-09-12T08:51:24.109Z"
  },
  {
    "anime_title": "Black Clover",
    "episode_title": "Black Clover Episode 76 Subtitle Indonesia",
    "episode_link": "https://otakudesu.best/episode/bkclrv-episode-76-sub-indo/",
    "episode_date": "26 Maret,2019",
    "server": "otakuplay",
    "quality": "480p",
    "data_content": "eyJpZCI6NDEyMDQsImkiOjAsInEiOiI0ODBwIn0=",
    "decoded_data": {
      "id": 41204,
      "i": 0,
      "q": "480p"
    },
    "stream_url": "https://desustream.info/dstream/otakuplay/v2/index.php?id=SDdmTjNUYndaeTJ3SE1FeTJmb0VicHJpaCtaaVYvd1JlZ1JrR1Q5SEd5VT0=",
    "is_default": true,
    "timestamp": "2025-09-12T08:51:24.128Z"
  },
  {
    "anime_title": "Black Clover",
    "episode_title": "Black Clover Episode 76 Subtitle Indonesia",
    "episode_link": "https://otakudesu.best/episode/bkclrv-episode-76-sub-indo/",
    "episode_date": "26 Maret,2019",
    "server": "desudrive",
    "quality": "480p",
    "data_content": "eyJpZCI6NDEyMDQsImkiOjEsInEiOiI0ODBwIn0=",
    "decoded_data": {
      "id": 41204,
      "i": 1,
      "q": "480p"
    },
    "stream_url": "https://desustream.info/dstream/desudrive/player.php?id=SHV0enVQdlVvd2NGZXd6NGxIM3BTbENFOHdvdDJzY3FLVHUwcjdmYXdRUExad3RSYkNzZzhrWVB5WnRDU2NLMA==",
    "is_default": false,
    "timestamp": "2025-09-12T08:51:24.182Z"
  },
  {
    "anime_title": "Black Clover",
    "episode_title": "Black Clover Episode 76 Subtitle Indonesia",
    "episode_link": "https://otakudesu.best/episode/bkclrv-episode-76-sub-indo/",
    "episode_date": "26 Maret,2019",
    "server": "acefile",
    "quality": "480p",
    "data_content": "eyJpZCI6NDEyMDQsImkiOjIsInEiOiI0ODBwIn0=",
    "decoded_data": {
      "id": 41204,
      "i": 2,
      "q": "480p"
    },
    "stream_url": "https://acefile.co/player/7557507",
    "is_default": false,
    "timestamp": "2025-09-12T08:51:24.203Z"
  },
  {
    "anime_title": "Black Clover",
    "episode_title": "Black Clover Episode 76 Subtitle Indonesia",
    "episode_link": "https://otakudesu.best/episode/bkclrv-episode-76-sub-indo/",
    "episode_date": "26 Maret,2019",
    "server": "otakustream",
    "quality": "720p",
    "data_content": "eyJpZCI6NDEyMDQsImkiOjAsInEiOiI3MjBwIn0=",
    "decoded_data": {
      "id": 41204,
      "i": 0,
      "q": "720p"
    },
    "stream_url": "https://desustream.info/dstream/otakustream/v2/index.php?id=Tk1VVjJuUktqWGN5WnllY0tNVUJYRGsxcTRyNnBqR1k5K25CdUV0b1pkQT0=",
    "is_default": false,
    "timestamp": "2025-09-12T08:51:24.248Z"
  },
  {
    "anime_title": "Black Clover",
    "episode_title": "Black Clover Episode 76 Subtitle Indonesia",
    "episode_link": "https://otakudesu.best/episode/bkclrv-episode-76-sub-indo/",
    "episode_date": "26 Maret,2019",
    "server": "desudrive",
    "quality": "720p",
    "data_content": "eyJpZCI6NDEyMDQsImkiOjEsInEiOiI3MjBwIn0=",
    "decoded_data": {
      "id": 41204,
      "i": 1,
      "q": "720p"
    },
    "stream_url": "https://desustream.info/dstream/desudrive/player.php?id=VzFkaFRLZmsyMkhmemsyeVFmLzVHZDVMVHp0K05ZNHF5MW1UTERRZ2ZDZXdCdW8wbUZpdFdrNjlBdkZkaXVJZQ==",
    "is_default": false,
    "timestamp": "2025-09-12T08:51:24.270Z"
  },
  {
    "anime_title": "Black Clover",
    "episode_title": "Black Clover Episode 76 Subtitle Indonesia",
    "episode_link": "https://otakudesu.best/episode/bkclrv-episode-76-sub-indo/",
    "episode_date": "26 Maret,2019",
    "server": "acefile",
    "quality": "720p",
    "data_content": "eyJpZCI6NDEyMDQsImkiOjIsInEiOiI3MjBwIn0=",
    "decoded_data": {
      "id": 41204,
      "i": 2,
      "q": "720p"
    },
    "stream_url": "https://acefile.co/player/7557505",
    "is_default": false,
    "timestamp": "2025-09-12T08:51:24.311Z"
  }
]