[
  {
    "anime_title": "Ahiru no Sora",
    "episode_title": "Ahiru no Sora Episode 9 Subtitle Indonesia",
    "episode_link": "https://otakudesu.best/episode/ans-episode-9-sub-indo/",
    "episode_date": "13 Oktober,2020",
    "server": "otakuplay",
    "quality": "480p",
    "data_content": "eyJpZCI6OTk5ODUsImkiOjAsInEiOiI0ODBwIn0=",
    "decoded_data": {
      "id": 99985,
      "i": 0,
      "q": "480p"
    },
    "stream_url": "https://desustream.info/dstream/otakuplay/v2/index.php?id=cjZRWmRsNEo2RlhYRUdWdUZOZitJUT09",
    "is_default": true,
    "timestamp": "2025-09-12T08:08:26.225Z"
  },
  {
    "anime_title": "Ahiru no Sora",
    "episode_title": "Ahiru no Sora Episode 9 Subtitle Indonesia",
    "episode_link": "https://otakudesu.best/episode/ans-episode-9-sub-indo/",
    "episode_date": "13 Oktober,2020",
    "server": "desudrive",
    "quality": "480p",
    "data_content": "eyJpZCI6OTk5ODUsImkiOjEsInEiOiI0ODBwIn0=",
    "decoded_data": {
      "id": 99985,
      "i": 1,
      "q": "480p"
    },
    "stream_url": "https://desustream.info/dstream/desudrive/player.php?id=Yy9vSUw3S1ZFeUVEekFpRU9xcnRVMGRNcGtNdlNDd29EbTJDKzJKZE11eTFIb1lpNXhLaXFKVXNOT09QVC9CZQ==",
    "is_default": false,
    "timestamp": "2025-09-12T08:08:26.245Z"
  },
  {
    "anime_title": "Ahiru no Sora",
    "episode_title": "Ahiru no Sora Episode 9 Subtitle Indonesia",
    "episode_link": "https://otakudesu.best/episode/ans-episode-9-sub-indo/",
    "episode_date": "13 Oktober,2020",
    "server": "mega",
    "quality": "480p",
    "data_content": "eyJpZCI6OTk5ODUsImkiOjMsInEiOiI0ODBwIn0=",
    "decoded_data": {
      "id": 99985,
      "i": 3,
      "q": "480p"
    },
    "stream_url": "https://mega.nz/embed/F0ol2SYT#znb-CNtY-ZRV3MEgmjEY7PMOM8jP1L1Aa_s3BWbB320",
    "is_default": false,
    "timestamp": "2025-09-12T08:08:26.291Z"
  },
  {
    "anime_title": "Ahiru no Sora",
    "episode_title": "Ahiru no Sora Episode 9 Subtitle Indonesia",
    "episode_link": "https://otakudesu.best/episode/ans-episode-9-sub-indo/",
    "episode_date": "13 Oktober,2020",
    "server": "mp4load",
    "quality": "480p",
    "data_content": "eyJpZCI6OTk5ODUsImkiOjIsInEiOiI0ODBwIn0=",
    "decoded_data": {
      "id": 99985,
      "i": 2,
      "q": "480p"
    },
    "stream_url": "https://www.mp4upload.com/embed-ikfugfnvjfkz.html",
    "is_default": false,
    "timestamp": "2025-09-12T08:08:26.307Z"
  },
  {
    "anime_title": "Ahiru no Sora",
    "episode_title": "Ahiru no Sora Episode 9 Subtitle Indonesia",
    "episode_link": "https://otakudesu.best/episode/ans-episode-9-sub-indo/",
    "episode_date": "13 Oktober,2020",
    "server": "otakustream",
    "quality": "720p",
    "data_content": "eyJpZCI6OTk5ODUsImkiOjAsInEiOiI3MjBwIn0=",
    "decoded_data": {
      "id": 99985,
      "i": 0,
      "q": "720p"
    },
    "stream_url": "https://desustream.info/dstream/otakustream/v2/index.php?id=MTMxcXFqY2o4VlJZakFQN0tldElpQT09",
    "is_default": false,
    "timestamp": "2025-09-12T08:08:26.361Z"
  },
  {
    "anime_title": "Ahiru no Sora",
    "episode_title": "Ahiru no Sora Episode 9 Subtitle Indonesia",
    "episode_link": "https://otakudesu.best/episode/ans-episode-9-sub-indo/",
    "episode_date": "13 Oktober,2020",
    "server": "desudrive",
    "quality": "720p",
    "data_content": "eyJpZCI6OTk5ODUsImkiOjEsInEiOiI3MjBwIn0=",
    "decoded_data": {
      "id": 99985,
      "i": 1,
      "q": "720p"
    },
    "stream_url": "https://desustream.info/dstream/desudrive/player.php?id=QkRnR2d6WUVIelBVSzl0alFuSlhxRmNVVmkwWmRVRWNDeTBqNVhKclpja3FUcmdPdUNrb21uQjZzVmtnclVhRA==",
    "is_default": false,
    "timestamp": "2025-09-12T08:08:26.394Z"
  },
  {
    "anime_title": "Ahiru no Sora",
    "episode_title": "Ahiru no Sora Episode 9 Subtitle Indonesia",
    "episode_link": "https://otakudesu.best/episode/ans-episode-9-sub-indo/",
    "episode_date": "13 Oktober,2020",
    "server": "yourupload",
    "quality": "720p",
    "data_content": "eyJpZCI6OTk5ODUsImkiOjIsInEiOiI3MjBwIn0=",
    "decoded_data": {
      "id": 99985,
      "i": 2,
      "q": "720p"
    },
    "stream_url": "https://desudrive.com/stream/yuplod.php?id=bkwpsFE2m646",
    "is_default": false,
    "timestamp": "2025-09-12T08:08:26.411Z"
  },
  {
    "anime_title": "Ahiru no Sora",
    "episode_title": "Ahiru no Sora Episode 9 Subtitle Indonesia",
    "episode_link": "https://otakudesu.best/episode/ans-episode-9-sub-indo/",
    "episode_date": "13 Oktober,2020",
    "server": "mega",
    "quality": "720p",
    "data_content": "eyJpZCI6OTk5ODUsImkiOjMsInEiOiI3MjBwIn0=",
    "decoded_data": {
      "id": 99985,
      "i": 3,
      "q": "720p"
    },
    "stream_url": "https://mega.nz/embed/pphHXIjI#RNfYhlUXiW8csl446OakQv-SUqyDB_Xe3T7vKWtS3XY",
    "is_default": false,
    "timestamp": "2025-09-12T08:08:26.472Z"
  },
  {
    "anime_title": "Ahiru no Sora",
    "episode_title": "Ahiru no Sora Episode 9 Subtitle Indonesia",
    "episode_link": "https://otakudesu.best/episode/ans-episode-9-sub-indo/",
    "episode_date": "13 Oktober,2020",
    "server": "otakuplay",
    "quality": "480p",
    "data_content": "eyJpZCI6OTk5ODUsImkiOjAsInEiOiI0ODBwIn0=",
    "decoded_data": {
      "id": 99985,
      "i": 0,
      "q": "480p"
    },
    "stream_url": "https://desustream.info/dstream/otakuplay/v2/index.php?id=cjZRWmRsNEo2RlhYRUdWdUZOZitJUT09",
    "is_default": true,
    "timestamp": "2025-09-12T08:08:26.225Z"
  },
  {
    "anime_title": "Ahiru no Sora",
    "episode_title": "Ahiru no Sora Episode 9 Subtitle Indonesia",
    "episode_link": "https://otakudesu.best/episode/ans-episode-9-sub-indo/",
    "episode_date": "13 Oktober,2020",
    "server": "desudrive",
    "quality": "480p",
    "data_content": "eyJpZCI6OTk5ODUsImkiOjEsInEiOiI0ODBwIn0=",
    "decoded_data": {
      "id": 99985,
      "i": 1,
      "q": "480p"
    },
    "stream_url": "https://desustream.info/dstream/desudrive/player.php?id=Yy9vSUw3S1ZFeUVEekFpRU9xcnRVMGRNcGtNdlNDd29EbTJDKzJKZE11eTFIb1lpNXhLaXFKVXNOT09QVC9CZQ==",
    "is_default": false,
    "timestamp": "2025-09-12T08:08:26.245Z"
  },
  {
    "anime_title": "Ahiru no Sora",
    "episode_title": "Ahiru no Sora Episode 9 Subtitle Indonesia",
    "episode_link": "https://otakudesu.best/episode/ans-episode-9-sub-indo/",
    "episode_date": "13 Oktober,2020",
    "server": "mp4load",
    "quality": "480p",
    "data_content": "eyJpZCI6OTk5ODUsImkiOjIsInEiOiI0ODBwIn0=",
    "decoded_data": {
      "id": 99985,
      "i": 2,
      "q": "480p"
    },
    "stream_url": "https://www.mp4upload.com/embed-ikfugfnvjfkz.html",
    "is_default": false,
    "timestamp": "2025-09-12T08:08:26.307Z"
  },
  {
    "anime_title": "Ahiru no Sora",
    "episode_title": "Ahiru no Sora Episode 9 Subtitle Indonesia",
    "episode_link": "https://otakudesu.best/episode/ans-episode-9-sub-indo/",
    "episode_date": "13 Oktober,2020",
    "server": "mega",
    "quality": "480p",
    "data_content": "eyJpZCI6OTk5ODUsImkiOjMsInEiOiI0ODBwIn0=",
    "decoded_data": {
      "id": 99985,
      "i": 3,
      "q": "480p"
    },
    "stream_url": "https://mega.nz/embed/F0ol2SYT#znb-CNtY-ZRV3MEgmjEY7PMOM8jP1L1Aa_s3BWbB320",
    "is_default": false,
    "timestamp": "2025-09-12T08:08:26.291Z"
  },
  {
    "anime_title": "Ahiru no Sora",
    "episode_title": "Ahiru no Sora Episode 9 Subtitle Indonesia",
    "episode_link": "https://otakudesu.best/episode/ans-episode-9-sub-indo/",
    "episode_date": "13 Oktober,2020",
    "server": "otakustream",
    "quality": "720p",
    "data_content": "eyJpZCI6OTk5ODUsImkiOjAsInEiOiI3MjBwIn0=",
    "decoded_data": {
      "id": 99985,
      "i": 0,
      "q": "720p"
    },
    "stream_url": "https://desustream.info/dstream/otakustream/v2/index.php?id=MTMxcXFqY2o4VlJZakFQN0tldElpQT09",
    "is_default": false,
    "timestamp": "2025-09-12T08:08:26.361Z"
  },
  {
    "anime_title": "Ahiru no Sora",
    "episode_title": "Ahiru no Sora Episode 9 Subtitle Indonesia",
    "episode_link": "https://otakudesu.best/episode/ans-episode-9-sub-indo/",
    "episode_date": "13 Oktober,2020",
    "server": "desudrive",
    "quality": "720p",
    "data_content": "eyJpZCI6OTk5ODUsImkiOjEsInEiOiI3MjBwIn0=",
    "decoded_data": {
      "id": 99985,
      "i": 1,
      "q": "720p"
    },
    "stream_url": "https://desustream.info/dstream/desudrive/player.php?id=QkRnR2d6WUVIelBVSzl0alFuSlhxRmNVVmkwWmRVRWNDeTBqNVhKclpja3FUcmdPdUNrb21uQjZzVmtnclVhRA==",
    "is_default": false,
    "timestamp": "2025-09-12T08:08:26.394Z"
  },
  {
    "anime_title": "Ahiru no Sora",
    "episode_title": "Ahiru no Sora Episode 9 Subtitle Indonesia",
    "episode_link": "https://otakudesu.best/episode/ans-episode-9-sub-indo/",
    "episode_date": "13 Oktober,2020",
    "server": "yourupload",
    "quality": "720p",
    "data_content": "eyJpZCI6OTk5ODUsImkiOjIsInEiOiI3MjBwIn0=",
    "decoded_data": {
      "id": 99985,
      "i": 2,
      "q": "720p"
    },
    "stream_url": "https://desudrive.com/stream/yuplod.php?id=bkwpsFE2m646",
    "is_default": false,
    "timestamp": "2025-09-12T08:08:26.411Z"
  },
  {
    "anime_title": "Ahiru no Sora",
    "episode_title": "Ahiru no Sora Episode 9 Subtitle Indonesia",
    "episode_link": "https://otakudesu.best/episode/ans-episode-9-sub-indo/",
    "episode_date": "13 Oktober,2020",
    "server": "mega",
    "quality": "720p",
    "data_content": "eyJpZCI6OTk5ODUsImkiOjMsInEiOiI3MjBwIn0=",
    "decoded_data": {
      "id": 99985,
      "i": 3,
      "q": "720p"
    },
    "stream_url": "https://mega.nz/embed/pphHXIjI#RNfYhlUXiW8csl446OakQv-SUqyDB_Xe3T7vKWtS3XY",
    "is_default": false,
    "timestamp": "2025-09-12T08:08:26.472Z"
  },
  {
    "anime_title": "Ahiru no Sora",
    "episode_title": "Ahiru no Sora Episode 10 Subtitle Indonesia",
    "episode_link": "https://otakudesu.best/episode/ans-episode-10-sub-indo/",
    "episode_date": "13 Oktober,2020",
    "server": "yourupload",
    "quality": "720p",
    "data_content": "eyJpZCI6OTk5ODYsImkiOjIsInEiOiI3MjBwIn0=",
    "decoded_data": {
      "id": 99986,
      "i": 2,
      "q": "720p"
    },
    "stream_url": "https://desudrive.com/stream/yuplod.php?id=7le0X06v4m2g",
    "is_default": false,
    "timestamp": "2025-09-12T08:08:27.373Z"
  },
  {
    "anime_title": "Ahiru no Sora",
    "episode_title": "Ahiru no Sora Episode 10 Subtitle Indonesia",
    "episode_link": "https://otakudesu.best/episode/ans-episode-10-sub-indo/",
    "episode_date": "13 Oktober,2020",
    "server": "mega",
    "quality": "480p",
    "data_content": "eyJpZCI6OTk5ODYsImkiOjMsInEiOiI0ODBwIn0=",
    "decoded_data": {
      "id": 99986,
      "i": 3,
      "q": "480p"
    },
    "stream_url": "https://mega.nz/embed/g14F1YjT#ucMedvLFPSY_VpczFokL3Ab2i-GLBofEom4kZ3AYdLU",
    "is_default": false,
    "timestamp": "2025-09-12T08:08:27.383Z"
  },
  {
    "anime_title": "Ahiru no Sora",
    "episode_title": "Ahiru no Sora Episode 10 Subtitle Indonesia",
    "episode_link": "https://otakudesu.best/episode/ans-episode-10-sub-indo/",
    "episode_date": "13 Oktober,2020",
    "server": "desudrive",
    "quality": "720p",
    "data_content": "eyJpZCI6OTk5ODYsImkiOjEsInEiOiI3MjBwIn0=",
    "decoded_data": {
      "id": 99986,
      "i": 1,
      "q": "720p"
    },
    "stream_url": "https://desustream.info/dstream/desudrive/player.php?id=ZHdDcXlaMTJFV1hLaDNpZkhwQW1RdE5laVkrb1VTMlB6Qng0ejJFaXZOVXFNVmdTUTdsSnByc3ZtZ2QyWnpJUw==",
    "is_default": false,
    "timestamp": "2025-09-12T08:08:27.447Z"
  },
  {
    "anime_title": "Ahiru no Sora",
    "episode_title": "Ahiru no Sora Episode 10 Subtitle Indonesia",
    "episode_link": "https://otakudesu.best/episode/ans-episode-10-sub-indo/",
    "episode_date": "13 Oktober,2020",
    "server": "otakuplay",
    "quality": "480p",
    "data_content": "eyJpZCI6OTk5ODYsImkiOjAsInEiOiI0ODBwIn0=",
    "decoded_data": {
      "id": 99986,
      "i": 0,
      "q": "480p"
    },
    "stream_url": "https://desustream.info/dstream/otakuplay/v2/index.php?id=V3hDY3VGcDJrYVpuZFBYMXNvMGp0QT09",
    "is_default": true,
    "timestamp": "2025-09-12T08:08:27.471Z"
  },
  {
    "anime_title": "Ahiru no Sora",
    "episode_title": "Ahiru no Sora Episode 10 Subtitle Indonesia",
    "episode_link": "https://otakudesu.best/episode/ans-episode-10-sub-indo/",
    "episode_date": "13 Oktober,2020",
    "server": "mp4load",
    "quality": "480p",
    "data_content": "eyJpZCI6OTk5ODYsImkiOjIsInEiOiI0ODBwIn0=",
    "decoded_data": {
      "id": 99986,
      "i": 2,
      "q": "480p"
    },
    "stream_url": "https://www.mp4upload.com/embed-mmi9bddusp6m.html",
    "is_default": false,
    "timestamp": "2025-09-12T08:08:27.496Z"
  },
  {
    "anime_title": "Ahiru no Sora",
    "episode_title": "Ahiru no Sora Episode 10 Subtitle Indonesia",
    "episode_link": "https://otakudesu.best/episode/ans-episode-10-sub-indo/",
    "episode_date": "13 Oktober,2020",
    "server": "desudrive",
    "quality": "480p",
    "data_content": "eyJpZCI6OTk5ODYsImkiOjEsInEiOiI0ODBwIn0=",
    "decoded_data": {
      "id": 99986,
      "i": 1,
      "q": "480p"
    },
    "stream_url": "https://desustream.info/dstream/desudrive/player.php?id=TDRKMThGSjlKTlRtZXdLN20ycGRvc3h1Nzl2MjJEZzNtci9YVCtvOTJZMUxXcUV6K0E5TlVNTWpaYnRBeEw0cw==",
    "is_default": false,
    "timestamp": "2025-09-12T08:08:27.510Z"
  },
  {
    "anime_title": "Ahiru no Sora",
    "episode_title": "Ahiru no Sora Episode 10 Subtitle Indonesia",
    "episode_link": "https://otakudesu.best/episode/ans-episode-10-sub-indo/",
    "episode_date": "13 Oktober,2020",
    "server": "mega",
    "quality": "720p",
    "data_content": "eyJpZCI6OTk5ODYsImkiOjMsInEiOiI3MjBwIn0=",
    "decoded_data": {
      "id": 99986,
      "i": 3,
      "q": "720p"
    },
    "stream_url": "https://mega.nz/embed/VwhVCCiJ#MW6zB0hYNetOQPEEfIusUbudE2o8UvE9OAVi1yXN6MQ",
    "is_default": false,
    "timestamp": "2025-09-12T08:08:27.527Z"
  },
  {
    "anime_title": "Ahiru no Sora",
    "episode_title": "Ahiru no Sora Episode 10 Subtitle Indonesia",
    "episode_link": "https://otakudesu.best/episode/ans-episode-10-sub-indo/",
    "episode_date": "13 Oktober,2020",
    "server": "otakustream",
    "quality": "720p",
    "data_content": "eyJpZCI6OTk5ODYsImkiOjAsInEiOiI3MjBwIn0=",
    "decoded_data": {
      "id": 99986,
      "i": 0,
      "q": "720p"
    },
    "stream_url": "https://desustream.info/dstream/otakustream/v2/index.php?id=TG9RV3hhYlJNRk1VSXRZWWZYcU5JUT09",
    "is_default": false,
    "timestamp": "2025-09-12T08:08:27.555Z"
  },
  {
    "anime_title": "Ahiru no Sora",
    "episode_title": "Ahiru no Sora Episode 10 Subtitle Indonesia",
    "episode_link": "https://otakudesu.best/episode/ans-episode-10-sub-indo/",
    "episode_date": "13 Oktober,2020",
    "server": "otakuplay",
    "quality": "480p",
    "data_content": "eyJpZCI6OTk5ODYsImkiOjAsInEiOiI0ODBwIn0=",
    "decoded_data": {
      "id": 99986,
      "i": 0,
      "q": "480p"
    },
    "stream_url": "https://desustream.info/dstream/otakuplay/v2/index.php?id=V3hDY3VGcDJrYVpuZFBYMXNvMGp0QT09",
    "is_default": true,
    "timestamp": "2025-09-12T08:08:27.471Z"
  },
  {
    "anime_title": "Ahiru no Sora",
    "episode_title": "Ahiru no Sora Episode 10 Subtitle Indonesia",
    "episode_link": "https://otakudesu.best/episode/ans-episode-10-sub-indo/",
    "episode_date": "13 Oktober,2020",
    "server": "desudrive",
    "quality": "480p",
    "data_content": "eyJpZCI6OTk5ODYsImkiOjEsInEiOiI0ODBwIn0=",
    "decoded_data": {
      "id": 99986,
      "i": 1,
      "q": "480p"
    },
    "stream_url": "https://desustream.info/dstream/desudrive/player.php?id=TDRKMThGSjlKTlRtZXdLN20ycGRvc3h1Nzl2MjJEZzNtci9YVCtvOTJZMUxXcUV6K0E5TlVNTWpaYnRBeEw0cw==",
    "is_default": false,
    "timestamp": "2025-09-12T08:08:27.510Z"
  },
  {
    "anime_title": "Ahiru no Sora",
    "episode_title": "Ahiru no Sora Episode 10 Subtitle Indonesia",
    "episode_link": "https://otakudesu.best/episode/ans-episode-10-sub-indo/",
    "episode_date": "13 Oktober,2020",
    "server": "mp4load",
    "quality": "480p",
    "data_content": "eyJpZCI6OTk5ODYsImkiOjIsInEiOiI0ODBwIn0=",
    "decoded_data": {
      "id": 99986,
      "i": 2,
      "q": "480p"
    },
    "stream_url": "https://www.mp4upload.com/embed-mmi9bddusp6m.html",
    "is_default": false,
    "timestamp": "2025-09-12T08:08:27.496Z"
  },
  {
    "anime_title": "Ahiru no Sora",
    "episode_title": "Ahiru no Sora Episode 10 Subtitle Indonesia",
    "episode_link": "https://otakudesu.best/episode/ans-episode-10-sub-indo/",
    "episode_date": "13 Oktober,2020",
    "server": "mega",
    "quality": "480p",
    "data_content": "eyJpZCI6OTk5ODYsImkiOjMsInEiOiI0ODBwIn0=",
    "decoded_data": {
      "id": 99986,
      "i": 3,
      "q": "480p"
    },
    "stream_url": "https://mega.nz/embed/g14F1YjT#ucMedvLFPSY_VpczFokL3Ab2i-GLBofEom4kZ3AYdLU",
    "is_default": false,
    "timestamp": "2025-09-12T08:08:27.383Z"
  },
  {
    "anime_title": "Ahiru no Sora",
    "episode_title": "Ahiru no Sora Episode 10 Subtitle Indonesia",
    "episode_link": "https://otakudesu.best/episode/ans-episode-10-sub-indo/",
    "episode_date": "13 Oktober,2020",
    "server": "otakustream",
    "quality": "720p",
    "data_content": "eyJpZCI6OTk5ODYsImkiOjAsInEiOiI3MjBwIn0=",
    "decoded_data": {
      "id": 99986,
      "i": 0,
      "q": "720p"
    },
    "stream_url": "https://desustream.info/dstream/otakustream/v2/index.php?id=TG9RV3hhYlJNRk1VSXRZWWZYcU5JUT09",
    "is_default": false,
    "timestamp": "2025-09-12T08:08:27.555Z"
  },
  {
    "anime_title": "Ahiru no Sora",
    "episode_title": "Ahiru no Sora Episode 10 Subtitle Indonesia",
    "episode_link": "https://otakudesu.best/episode/ans-episode-10-sub-indo/",
    "episode_date": "13 Oktober,2020",
    "server": "desudrive",
    "quality": "720p",
    "data_content": "eyJpZCI6OTk5ODYsImkiOjEsInEiOiI3MjBwIn0=",
    "decoded_data": {
      "id": 99986,
      "i": 1,
      "q": "720p"
    },
    "stream_url": "https://desustream.info/dstream/desudrive/player.php?id=ZHdDcXlaMTJFV1hLaDNpZkhwQW1RdE5laVkrb1VTMlB6Qng0ejJFaXZOVXFNVmdTUTdsSnByc3ZtZ2QyWnpJUw==",
    "is_default": false,
    "timestamp": "2025-09-12T08:08:27.447Z"
  },
  {
    "anime_title": "Ahiru no Sora",
    "episode_title": "Ahiru no Sora Episode 10 Subtitle Indonesia",
    "episode_link": "https://otakudesu.best/episode/ans-episode-10-sub-indo/",
    "episode_date": "13 Oktober,2020",
    "server": "yourupload",
    "quality": "720p",
    "data_content": "eyJpZCI6OTk5ODYsImkiOjIsInEiOiI3MjBwIn0=",
    "decoded_data": {
      "id": 99986,
      "i": 2,
      "q": "720p"
    },
    "stream_url": "https://desudrive.com/stream/yuplod.php?id=7le0X06v4m2g",
    "is_default": false,
    "timestamp": "2025-09-12T08:08:27.373Z"
  },
  {
    "anime_title": "Ahiru no Sora",
    "episode_title": "Ahiru no Sora Episode 10 Subtitle Indonesia",
    "episode_link": "https://otakudesu.best/episode/ans-episode-10-sub-indo/",
    "episode_date": "13 Oktober,2020",
    "server": "mega",
    "quality": "720p",
    "data_content": "eyJpZCI6OTk5ODYsImkiOjMsInEiOiI3MjBwIn0=",
    "decoded_data": {
      "id": 99986,
      "i": 3,
      "q": "720p"
    },
    "stream_url": "https://mega.nz/embed/VwhVCCiJ#MW6zB0hYNetOQPEEfIusUbudE2o8UvE9OAVi1yXN6MQ",
    "is_default": false,
    "timestamp": "2025-09-12T08:08:27.527Z"
  },
  {
    "anime_title": "Ahiru no Sora",
    "episode_title": "Ahiru no Sora Episode 11 Subtitle Indonesia",
    "episode_link": "https://otakudesu.best/episode/ans-episode-11-sub-indo/",
    "episode_date": "13 Oktober,2020",
    "server": "otakuplay",
    "quality": "480p",
    "data_content": "eyJpZCI6OTk5ODcsImkiOjAsInEiOiI0ODBwIn0=",
    "decoded_data": {
      "id": 99987,
      "i": 0,
      "q": "480p"
    },
    "stream_url": "https://desustream.info/dstream/otakuplay/v2/index.php?id=QVFkaS96bGFpaDNnQnBEcXRPc1BnUT09",
    "is_default": true,
    "timestamp": "2025-09-12T08:08:28.694Z"
  },
  {
    "anime_title": "Ahiru no Sora",
    "episode_title": "Ahiru no Sora Episode 11 Subtitle Indonesia",
    "episode_link": "https://otakudesu.best/episode/ans-episode-11-sub-indo/",
    "episode_date": "13 Oktober,2020",
    "server": "desudrive",
    "quality": "480p",
    "data_content": "eyJpZCI6OTk5ODcsImkiOjEsInEiOiI0ODBwIn0=",
    "decoded_data": {
      "id": 99987,
      "i": 1,
      "q": "480p"
    },
    "stream_url": "https://desustream.info/dstream/desudrive/player.php?id=RzRCRXVKZEFwSUlZd08reGhNWGpRelh4cWM2QUxpYy9YZzJmY2s2MmdXcFc0aWF5a2gzdllWRTVMb0thdVNxUg==",
    "is_default": false,
    "timestamp": "2025-09-12T08:08:28.864Z"
  },
  {
    "anime_title": "Ahiru no Sora",
    "episode_title": "Ahiru no Sora Episode 11 Subtitle Indonesia",
    "episode_link": "https://otakudesu.best/episode/ans-episode-11-sub-indo/",
    "episode_date": "13 Oktober,2020",
    "server": "otakustream",
    "quality": "720p",
    "data_content": "eyJpZCI6OTk5ODcsImkiOjAsInEiOiI3MjBwIn0=",
    "decoded_data": {
      "id": 99987,
      "i": 0,
      "q": "720p"
    },
    "stream_url": "https://desustream.info/dstream/otakustream/v2/index.php?id=VWFSZG1FQ3RZZklBY0RmRHVFbmlndz09",
    "is_default": false,
    "timestamp": "2025-09-12T08:08:28.881Z"
  },
  {
    "anime_title": "Ahiru no Sora",
    "episode_title": "Ahiru no Sora Episode 11 Subtitle Indonesia",
    "episode_link": "https://otakudesu.best/episode/ans-episode-11-sub-indo/",
    "episode_date": "13 Oktober,2020",
    "server": "desudrive",
    "quality": "720p",
    "data_content": "eyJpZCI6OTk5ODcsImkiOjEsInEiOiI3MjBwIn0=",
    "decoded_data": {
      "id": 99987,
      "i": 1,
      "q": "720p"
    },
    "stream_url": "https://desustream.info/dstream/desudrive/player.php?id=UDBYeDlwcU40V0ZaWXlVa3FDVHRsUHpTaU5ONU1BTW05UWg3dWx1V2UvaThzbGpCaW1KMlRBYkdZczlnanM0bw==",
    "is_default": false,
    "timestamp": "2025-09-12T08:08:28.916Z"
  },
  {
    "anime_title": "Ahiru no Sora",
    "episode_title": "Ahiru no Sora Episode 11 Subtitle Indonesia",
    "episode_link": "https://otakudesu.best/episode/ans-episode-11-sub-indo/",
    "episode_date": "13 Oktober,2020",
    "server": "mp4load",
    "quality": "480p",
    "data_content": "eyJpZCI6OTk5ODcsImkiOjIsInEiOiI0ODBwIn0=",
    "decoded_data": {
      "id": 99987,
      "i": 2,
      "q": "480p"
    },
    "stream_url": "https://www.mp4upload.com/embed-1v778zdwwp7g.html",
    "is_default": false,
    "timestamp": "2025-09-12T08:08:29.131Z"
  },
  {
    "anime_title": "Ahiru no Sora",
    "episode_title": "Ahiru no Sora Episode 11 Subtitle Indonesia",
    "episode_link": "https://otakudesu.best/episode/ans-episode-11-sub-indo/",
    "episode_date": "13 Oktober,2020",
    "server": "yourupload",
    "quality": "720p",
    "data_content": "eyJpZCI6OTk5ODcsImkiOjIsInEiOiI3MjBwIn0=",
    "decoded_data": {
      "id": 99987,
      "i": 2,
      "q": "720p"
    },
    "stream_url": "https://desudrive.com/stream/yuplod.php?id=Ucg4umc62WrN",
    "is_default": false,
    "timestamp": "2025-09-12T08:08:29.238Z"
  },
  {
    "anime_title": "Ahiru no Sora",
    "episode_title": "Ahiru no Sora Episode 11 Subtitle Indonesia",
    "episode_link": "https://otakudesu.best/episode/ans-episode-11-sub-indo/",
    "episode_date": "13 Oktober,2020",
    "server": "mega",
    "quality": "480p",
    "data_content": "eyJpZCI6OTk5ODcsImkiOjMsInEiOiI0ODBwIn0=",
    "decoded_data": {
      "id": 99987,
      "i": 3,
      "q": "480p"
    },
    "stream_url": "https://mega.nz/embed/tpwR0AzL#O5LpUPEfDCqaWvYA0NLW1oztAt5djFwIzm15T2oHIcw",
    "is_default": false,
    "timestamp": "2025-09-12T08:08:29.247Z"
  },
  {
    "anime_title": "Ahiru no Sora",
    "episode_title": "Ahiru no Sora Episode 11 Subtitle Indonesia",
    "episode_link": "https://otakudesu.best/episode/ans-episode-11-sub-indo/",
    "episode_date": "13 Oktober,2020",
    "server": "mega",
    "quality": "720p",
    "data_content": "eyJpZCI6OTk5ODcsImkiOjMsInEiOiI3MjBwIn0=",
    "decoded_data": {
      "id": 99987,
      "i": 3,
      "q": "720p"
    },
    "stream_url": "https://mega.nz/embed/8w4jBCoI#ggo99KDiRpX_U8sryvqy9VDxhWj6WawEDcogjbhCZe0",
    "is_default": false,
    "timestamp": "2025-09-12T08:08:29.281Z"
  },
  {
    "anime_title": "Ahiru no Sora",
    "episode_title": "Ahiru no Sora Episode 11 Subtitle Indonesia",
    "episode_link": "https://otakudesu.best/episode/ans-episode-11-sub-indo/",
    "episode_date": "13 Oktober,2020",
    "server": "otakuplay",
    "quality": "480p",
    "data_content": "eyJpZCI6OTk5ODcsImkiOjAsInEiOiI0ODBwIn0=",
    "decoded_data": {
      "id": 99987,
      "i": 0,
      "q": "480p"
    },
    "stream_url": "https://desustream.info/dstream/otakuplay/v2/index.php?id=QVFkaS96bGFpaDNnQnBEcXRPc1BnUT09",
    "is_default": true,
    "timestamp": "2025-09-12T08:08:28.694Z"
  },
  {
    "anime_title": "Ahiru no Sora",
    "episode_title": "Ahiru no Sora Episode 11 Subtitle Indonesia",
    "episode_link": "https://otakudesu.best/episode/ans-episode-11-sub-indo/",
    "episode_date": "13 Oktober,2020",
    "server": "desudrive",
    "quality": "480p",
    "data_content": "eyJpZCI6OTk5ODcsImkiOjEsInEiOiI0ODBwIn0=",
    "decoded_data": {
      "id": 99987,
      "i": 1,
      "q": "480p"
    },
    "stream_url": "https://desustream.info/dstream/desudrive/player.php?id=RzRCRXVKZEFwSUlZd08reGhNWGpRelh4cWM2QUxpYy9YZzJmY2s2MmdXcFc0aWF5a2gzdllWRTVMb0thdVNxUg==",
    "is_default": false,
    "timestamp": "2025-09-12T08:08:28.864Z"
  },
  {
    "anime_title": "Ahiru no Sora",
    "episode_title": "Ahiru no Sora Episode 11 Subtitle Indonesia",
    "episode_link": "https://otakudesu.best/episode/ans-episode-11-sub-indo/",
    "episode_date": "13 Oktober,2020",
    "server": "mp4load",
    "quality": "480p",
    "data_content": "eyJpZCI6OTk5ODcsImkiOjIsInEiOiI0ODBwIn0=",
    "decoded_data": {
      "id": 99987,
      "i": 2,
      "q": "480p"
    },
    "stream_url": "https://www.mp4upload.com/embed-1v778zdwwp7g.html",
    "is_default": false,
    "timestamp": "2025-09-12T08:08:29.131Z"
  },
  {
    "anime_title": "Ahiru no Sora",
    "episode_title": "Ahiru no Sora Episode 11 Subtitle Indonesia",
    "episode_link": "https://otakudesu.best/episode/ans-episode-11-sub-indo/",
    "episode_date": "13 Oktober,2020",
    "server": "mega",
    "quality": "480p",
    "data_content": "eyJpZCI6OTk5ODcsImkiOjMsInEiOiI0ODBwIn0=",
    "decoded_data": {
      "id": 99987,
      "i": 3,
      "q": "480p"
    },
    "stream_url": "https://mega.nz/embed/tpwR0AzL#O5LpUPEfDCqaWvYA0NLW1oztAt5djFwIzm15T2oHIcw",
    "is_default": false,
    "timestamp": "2025-09-12T08:08:29.247Z"
  },
  {
    "anime_title": "Ahiru no Sora",
    "episode_title": "Ahiru no Sora Episode 11 Subtitle Indonesia",
    "episode_link": "https://otakudesu.best/episode/ans-episode-11-sub-indo/",
    "episode_date": "13 Oktober,2020",
    "server": "otakustream",
    "quality": "720p",
    "data_content": "eyJpZCI6OTk5ODcsImkiOjAsInEiOiI3MjBwIn0=",
    "decoded_data": {
      "id": 99987,
      "i": 0,
      "q": "720p"
    },
    "stream_url": "https://desustream.info/dstream/otakustream/v2/index.php?id=VWFSZG1FQ3RZZklBY0RmRHVFbmlndz09",
    "is_default": false,
    "timestamp": "2025-09-12T08:08:28.881Z"
  },
  {
    "anime_title": "Ahiru no Sora",
    "episode_title": "Ahiru no Sora Episode 11 Subtitle Indonesia",
    "episode_link": "https://otakudesu.best/episode/ans-episode-11-sub-indo/",
    "episode_date": "13 Oktober,2020",
    "server": "desudrive",
    "quality": "720p",
    "data_content": "eyJpZCI6OTk5ODcsImkiOjEsInEiOiI3MjBwIn0=",
    "decoded_data": {
      "id": 99987,
      "i": 1,
      "q": "720p"
    },
    "stream_url": "https://desustream.info/dstream/desudrive/player.php?id=UDBYeDlwcU40V0ZaWXlVa3FDVHRsUHpTaU5ONU1BTW05UWg3dWx1V2UvaThzbGpCaW1KMlRBYkdZczlnanM0bw==",
    "is_default": false,
    "timestamp": "2025-09-12T08:08:28.916Z"
  },
  {
    "anime_title": "Ahiru no Sora",
    "episode_title": "Ahiru no Sora Episode 11 Subtitle Indonesia",
    "episode_link": "https://otakudesu.best/episode/ans-episode-11-sub-indo/",
    "episode_date": "13 Oktober,2020",
    "server": "yourupload",
    "quality": "720p",
    "data_content": "eyJpZCI6OTk5ODcsImkiOjIsInEiOiI3MjBwIn0=",
    "decoded_data": {
      "id": 99987,
      "i": 2,
      "q": "720p"
    },
    "stream_url": "https://desudrive.com/stream/yuplod.php?id=Ucg4umc62WrN",
    "is_default": false,
    "timestamp": "2025-09-12T08:08:29.238Z"
  },
  {
    "anime_title": "Ahiru no Sora",
    "episode_title": "Ahiru no Sora Episode 11 Subtitle Indonesia",
    "episode_link": "https://otakudesu.best/episode/ans-episode-11-sub-indo/",
    "episode_date": "13 Oktober,2020",
    "server": "mega",
    "quality": "720p",
    "data_content": "eyJpZCI6OTk5ODcsImkiOjMsInEiOiI3MjBwIn0=",
    "decoded_data": {
      "id": 99987,
      "i": 3,
      "q": "720p"
    },
    "stream_url": "https://mega.nz/embed/8w4jBCoI#ggo99KDiRpX_U8sryvqy9VDxhWj6WawEDcogjbhCZe0",
    "is_default": false,
    "timestamp": "2025-09-12T08:08:29.281Z"
  },
  {
    "anime_title": "Ahiru no Sora",
    "episode_title": "Ahiru no Sora Episode 12 Subtitle Indonesia",
    "episode_link": "https://otakudesu.best/episode/ans-episode-12-sub-indo/",
    "episode_date": "13 Oktober,2020",
    "server": "otakuplay",
    "quality": "480p",
    "data_content": "eyJpZCI6OTk5ODgsImkiOjAsInEiOiI0ODBwIn0=",
    "decoded_data": {
      "id": 99988,
      "i": 0,
      "q": "480p"
    },
    "stream_url": "https://desustream.info/dstream/otakuplay/v2/index.php?id=YVhHQ05pSFJ3aVYyOVJTWTJyMjJMQT09",
    "is_default": true,
    "timestamp": "2025-09-12T08:08:29.959Z"
  },
  {
    "anime_title": "Ahiru no Sora",
    "episode_title": "Ahiru no Sora Episode 12 Subtitle Indonesia",
    "episode_link": "https://otakudesu.best/episode/ans-episode-12-sub-indo/",
    "episode_date": "13 Oktober,2020",
    "server": "desudrive",
    "quality": "480p",
    "data_content": "eyJpZCI6OTk5ODgsImkiOjEsInEiOiI0ODBwIn0=",
    "decoded_data": {
      "id": 99988,
      "i": 1,
      "q": "480p"
    },
    "stream_url": "https://desustream.info/dstream/desudrive/player.php?id=aHJ0ZDBOb1ZoZXJkZ09aU1FJcElUSkYxUjlEQlhPaHdUSWZzUS9JUlhDZDhYN3VlRjd5YjV2TlFnVGtpYnFVSQ==",
    "is_default": false,
    "timestamp": "2025-09-12T08:08:29.978Z"
  },
  {
    "anime_title": "Ahiru no Sora",
    "episode_title": "Ahiru no Sora Episode 12 Subtitle Indonesia",
    "episode_link": "https://otakudesu.best/episode/ans-episode-12-sub-indo/",
    "episode_date": "13 Oktober,2020",
    "server": "mp4load",
    "quality": "480p",
    "data_content": "eyJpZCI6OTk5ODgsImkiOjIsInEiOiI0ODBwIn0=",
    "decoded_data": {
      "id": 99988,
      "i": 2,
      "q": "480p"
    },
    "stream_url": "https://www.mp4upload.com/embed-mjo5cpj21yqp.html",
    "is_default": false,
    "timestamp": "2025-09-12T08:08:30.013Z"
  },
  {
    "anime_title": "Ahiru no Sora",
    "episode_title": "Ahiru no Sora Episode 12 Subtitle Indonesia",
    "episode_link": "https://otakudesu.best/episode/ans-episode-12-sub-indo/",
    "episode_date": "13 Oktober,2020",
    "server": "mega",
    "quality": "480p",
    "data_content": "eyJpZCI6OTk5ODgsImkiOjMsInEiOiI0ODBwIn0=",
    "decoded_data": {
      "id": 99988,
      "i": 3,
      "q": "480p"
    },
    "stream_url": "https://mega.nz/embed/MkwnSQYZ#kjQzdAdhR5d1y0B9UXTxEAdrlcylPwvJmYjcFS19JYQ",
    "is_default": false,
    "timestamp": "2025-09-12T08:08:30.039Z"
  },
  {
    "anime_title": "Ahiru no Sora",
    "episode_title": "Ahiru no Sora Episode 12 Subtitle Indonesia",
    "episode_link": "https://otakudesu.best/episode/ans-episode-12-sub-indo/",
    "episode_date": "13 Oktober,2020",
    "server": "otakustream",
    "quality": "720p",
    "data_content": "eyJpZCI6OTk5ODgsImkiOjAsInEiOiI3MjBwIn0=",
    "decoded_data": {
      "id": 99988,
      "i": 0,
      "q": "720p"
    },
    "stream_url": "https://desustream.info/dstream/otakustream/v2/index.php?id=THRjNjU2UzN0eEpRb1JieFp4TWZXQT09",
    "is_default": false,
    "timestamp": "2025-09-12T08:08:30.081Z"
  },
  {
    "anime_title": "Ahiru no Sora",
    "episode_title": "Ahiru no Sora Episode 12 Subtitle Indonesia",
    "episode_link": "https://otakudesu.best/episode/ans-episode-12-sub-indo/",
    "episode_date": "13 Oktober,2020",
    "server": "desudrive",
    "quality": "720p",
    "data_content": "eyJpZCI6OTk5ODgsImkiOjEsInEiOiI3MjBwIn0=",
    "decoded_data": {
      "id": 99988,
      "i": 1,
      "q": "720p"
    },
    "stream_url": "https://desustream.info/dstream/desudrive/player.php?id=UXJ6bUc5YSt6WFRKK1VYTXl2L00vdExpQktxMFFpaktnTGs5ZTFuV2FWZUJIZnBQdUZzdjhqRU55RXhhaWtuTw==",
    "is_default": false,
    "timestamp": "2025-09-12T08:08:30.136Z"
  },
  {
    "anime_title": "Ahiru no Sora",
    "episode_title": "Ahiru no Sora Episode 12 Subtitle Indonesia",
    "episode_link": "https://otakudesu.best/episode/ans-episode-12-sub-indo/",
    "episode_date": "13 Oktober,2020",
    "server": "yourupload",
    "quality": "720p",
    "data_content": "eyJpZCI6OTk5ODgsImkiOjIsInEiOiI3MjBwIn0=",
    "decoded_data": {
      "id": 99988,
      "i": 2,
      "q": "720p"
    },
    "stream_url": "https://desudrive.com/stream/yuplod.php?id=Xl2ojAHH6RbJ",
    "is_default": false,
    "timestamp": "2025-09-12T08:08:30.186Z"
  },
  {
    "anime_title": "Ahiru no Sora",
    "episode_title": "Ahiru no Sora Episode 12 Subtitle Indonesia",
    "episode_link": "https://otakudesu.best/episode/ans-episode-12-sub-indo/",
    "episode_date": "13 Oktober,2020",
    "server": "mega",
    "quality": "720p",
    "data_content": "eyJpZCI6OTk5ODgsImkiOjMsInEiOiI3MjBwIn0=",
    "decoded_data": {
      "id": 99988,
      "i": 3,
      "q": "720p"
    },
    "stream_url": "https://mega.nz/embed/Y0xFFYbI#AnPRuquaPjYgnLy31gCi9yX752B9QLx49EPBQhstYtk",
    "is_default": false,
    "timestamp": "2025-09-12T08:08:30.201Z"
  },
  {
    "anime_title": "Ahiru no Sora",
    "episode_title": "Ahiru no Sora Episode 12 Subtitle Indonesia",
    "episode_link": "https://otakudesu.best/episode/ans-episode-12-sub-indo/",
    "episode_date": "13 Oktober,2020",
    "server": "otakuplay",
    "quality": "480p",
    "data_content": "eyJpZCI6OTk5ODgsImkiOjAsInEiOiI0ODBwIn0=",
    "decoded_data": {
      "id": 99988,
      "i": 0,
      "q": "480p"
    },
    "stream_url": "https://desustream.info/dstream/otakuplay/v2/index.php?id=YVhHQ05pSFJ3aVYyOVJTWTJyMjJMQT09",
    "is_default": true,
    "timestamp": "2025-09-12T08:08:29.959Z"
  },
  {
    "anime_title": "Ahiru no Sora",
    "episode_title": "Ahiru no Sora Episode 12 Subtitle Indonesia",
    "episode_link": "https://otakudesu.best/episode/ans-episode-12-sub-indo/",
    "episode_date": "13 Oktober,2020",
    "server": "desudrive",
    "quality": "480p",
    "data_content": "eyJpZCI6OTk5ODgsImkiOjEsInEiOiI0ODBwIn0=",
    "decoded_data": {
      "id": 99988,
      "i": 1,
      "q": "480p"
    },
    "stream_url": "https://desustream.info/dstream/desudrive/player.php?id=aHJ0ZDBOb1ZoZXJkZ09aU1FJcElUSkYxUjlEQlhPaHdUSWZzUS9JUlhDZDhYN3VlRjd5YjV2TlFnVGtpYnFVSQ==",
    "is_default": false,
    "timestamp": "2025-09-12T08:08:29.978Z"
  },
  {
    "anime_title": "Ahiru no Sora",
    "episode_title": "Ahiru no Sora Episode 12 Subtitle Indonesia",
    "episode_link": "https://otakudesu.best/episode/ans-episode-12-sub-indo/",
    "episode_date": "13 Oktober,2020",
    "server": "mp4load",
    "quality": "480p",
    "data_content": "eyJpZCI6OTk5ODgsImkiOjIsInEiOiI0ODBwIn0=",
    "decoded_data": {
      "id": 99988,
      "i": 2,
      "q": "480p"
    },
    "stream_url": "https://www.mp4upload.com/embed-mjo5cpj21yqp.html",
    "is_default": false,
    "timestamp": "2025-09-12T08:08:30.013Z"
  },
  {
    "anime_title": "Ahiru no Sora",
    "episode_title": "Ahiru no Sora Episode 12 Subtitle Indonesia",
    "episode_link": "https://otakudesu.best/episode/ans-episode-12-sub-indo/",
    "episode_date": "13 Oktober,2020",
    "server": "mega",
    "quality": "480p",
    "data_content": "eyJpZCI6OTk5ODgsImkiOjMsInEiOiI0ODBwIn0=",
    "decoded_data": {
      "id": 99988,
      "i": 3,
      "q": "480p"
    },
    "stream_url": "https://mega.nz/embed/MkwnSQYZ#kjQzdAdhR5d1y0B9UXTxEAdrlcylPwvJmYjcFS19JYQ",
    "is_default": false,
    "timestamp": "2025-09-12T08:08:30.039Z"
  },
  {
    "anime_title": "Ahiru no Sora",
    "episode_title": "Ahiru no Sora Episode 12 Subtitle Indonesia",
    "episode_link": "https://otakudesu.best/episode/ans-episode-12-sub-indo/",
    "episode_date": "13 Oktober,2020",
    "server": "otakustream",
    "quality": "720p",
    "data_content": "eyJpZCI6OTk5ODgsImkiOjAsInEiOiI3MjBwIn0=",
    "decoded_data": {
      "id": 99988,
      "i": 0,
      "q": "720p"
    },
    "stream_url": "https://desustream.info/dstream/otakustream/v2/index.php?id=THRjNjU2UzN0eEpRb1JieFp4TWZXQT09",
    "is_default": false,
    "timestamp": "2025-09-12T08:08:30.081Z"
  },
  {
    "anime_title": "Ahiru no Sora",
    "episode_title": "Ahiru no Sora Episode 12 Subtitle Indonesia",
    "episode_link": "https://otakudesu.best/episode/ans-episode-12-sub-indo/",
    "episode_date": "13 Oktober,2020",
    "server": "desudrive",
    "quality": "720p",
    "data_content": "eyJpZCI6OTk5ODgsImkiOjEsInEiOiI3MjBwIn0=",
    "decoded_data": {
      "id": 99988,
      "i": 1,
      "q": "720p"
    },
    "stream_url": "https://desustream.info/dstream/desudrive/player.php?id=UXJ6bUc5YSt6WFRKK1VYTXl2L00vdExpQktxMFFpaktnTGs5ZTFuV2FWZUJIZnBQdUZzdjhqRU55RXhhaWtuTw==",
    "is_default": false,
    "timestamp": "2025-09-12T08:08:30.136Z"
  },
  {
    "anime_title": "Ahiru no Sora",
    "episode_title": "Ahiru no Sora Episode 12 Subtitle Indonesia",
    "episode_link": "https://otakudesu.best/episode/ans-episode-12-sub-indo/",
    "episode_date": "13 Oktober,2020",
    "server": "yourupload",
    "quality": "720p",
    "data_content": "eyJpZCI6OTk5ODgsImkiOjIsInEiOiI3MjBwIn0=",
    "decoded_data": {
      "id": 99988,
      "i": 2,
      "q": "720p"
    },
    "stream_url": "https://desudrive.com/stream/yuplod.php?id=Xl2ojAHH6RbJ",
    "is_default": false,
    "timestamp": "2025-09-12T08:08:30.186Z"
  },
  {
    "anime_title": "Ahiru no Sora",
    "episode_title": "Ahiru no Sora Episode 12 Subtitle Indonesia",
    "episode_link": "https://otakudesu.best/episode/ans-episode-12-sub-indo/",
    "episode_date": "13 Oktober,2020",
    "server": "mega",
    "quality": "720p",
    "data_content": "eyJpZCI6OTk5ODgsImkiOjMsInEiOiI3MjBwIn0=",
    "decoded_data": {
      "id": 99988,
      "i": 3,
      "q": "720p"
    },
    "stream_url": "https://mega.nz/embed/Y0xFFYbI#AnPRuquaPjYgnLy31gCi9yX752B9QLx49EPBQhstYtk",
    "is_default": false,
    "timestamp": "2025-09-12T08:08:30.201Z"
  },
  {
    "anime_title": "Ahiru no Sora",
    "episode_title": "Ahiru no Sora Episode 13 Subtitle Indonesia",
    "episode_link": "https://otakudesu.best/episode/ans-episode-13-sub-indo/",
    "episode_date": "13 Oktober,2020",
    "server": "otakuplay",
    "quality": "480p",
    "data_content": "eyJpZCI6MTAwMDEzLCJpIjowLCJxIjoiNDgwcCJ9",
    "decoded_data": {
      "id": 100013,
      "i": 0,
      "q": "480p"
    },
    "stream_url": "https://desustream.info/dstream/otakuplay/v2/index.php?id=YUpkVitqWTBPTUFlMFVXWnhudFV5Zz09",
    "is_default": true,
    "timestamp": "2025-09-12T08:08:30.819Z"
  },
  {
    "anime_title": "Ahiru no Sora",
    "episode_title": "Ahiru no Sora Episode 13 Subtitle Indonesia",
    "episode_link": "https://otakudesu.best/episode/ans-episode-13-sub-indo/",
    "episode_date": "13 Oktober,2020",
    "server": "desudrive",
    "quality": "480p",
    "data_content": "eyJpZCI6MTAwMDEzLCJpIjoxLCJxIjoiNDgwcCJ9",
    "decoded_data": {
      "id": 100013,
      "i": 1,
      "q": "480p"
    },
    "stream_url": "https://desustream.info/dstream/desudrive/player.php?id=Tng3UkFMMWRmRzNia0dtaDdIVFFmZzV6TkJFT3FVaHg1V1JBdVdQZGdvZ2dMRGlucFRaNkg4ZFVpbzMxMFdoYw==",
    "is_default": false,
    "timestamp": "2025-09-12T08:08:30.868Z"
  },
  {
    "anime_title": "Ahiru no Sora",
    "episode_title": "Ahiru no Sora Episode 13 Subtitle Indonesia",
    "episode_link": "https://otakudesu.best/episode/ans-episode-13-sub-indo/",
    "episode_date": "13 Oktober,2020",
    "server": "mp4load",
    "quality": "480p",
    "data_content": "eyJpZCI6MTAwMDEzLCJpIjoyLCJxIjoiNDgwcCJ9",
    "decoded_data": {
      "id": 100013,
      "i": 2,
      "q": "480p"
    },
    "stream_url": "https://www.mp4upload.com/embed-d0mgl83iqrhg.html",
    "is_default": false,
    "timestamp": "2025-09-12T08:08:30.906Z"
  },
  {
    "anime_title": "Ahiru no Sora",
    "episode_title": "Ahiru no Sora Episode 13 Subtitle Indonesia",
    "episode_link": "https://otakudesu.best/episode/ans-episode-13-sub-indo/",
    "episode_date": "13 Oktober,2020",
    "server": "mega",
    "quality": "480p",
    "data_content": "eyJpZCI6MTAwMDEzLCJpIjozLCJxIjoiNDgwcCJ9",
    "decoded_data": {
      "id": 100013,
      "i": 3,
      "q": "480p"
    },
    "stream_url": "https://mega.nz/embed/15ohWSLL#TL-7ddFHqSGDZcYZUX9iFJ9lt1UH_QkdV1U8LczV7Oo",
    "is_default": false,
    "timestamp": "2025-09-12T08:08:30.957Z"
  },
  {
    "anime_title": "Ahiru no Sora",
    "episode_title": "Ahiru no Sora Episode 13 Subtitle Indonesia",
    "episode_link": "https://otakudesu.best/episode/ans-episode-13-sub-indo/",
    "episode_date": "13 Oktober,2020",
    "server": "otakustream",
    "quality": "720p",
    "data_content": "eyJpZCI6MTAwMDEzLCJpIjowLCJxIjoiNzIwcCJ9",
    "decoded_data": {
      "id": 100013,
      "i": 0,
      "q": "720p"
    },
    "stream_url": "https://desustream.info/dstream/otakustream/v2/index.php?id=WEkyNm8xYXBDcTE2NloxNVlZWUxYUT09",
    "is_default": false,
    "timestamp": "2025-09-12T08:08:30.966Z"
  },
  {
    "anime_title": "Ahiru no Sora",
    "episode_title": "Ahiru no Sora Episode 13 Subtitle Indonesia",
    "episode_link": "https://otakudesu.best/episode/ans-episode-13-sub-indo/",
    "episode_date": "13 Oktober,2020",
    "server": "desudrive",
    "quality": "720p",
    "data_content": "eyJpZCI6MTAwMDEzLCJpIjoxLCJxIjoiNzIwcCJ9",
    "decoded_data": {
      "id": 100013,
      "i": 1,
      "q": "720p"
    },
    "stream_url": "https://desustream.info/dstream/desudrive/player.php?id=UEhVSEUrRGxGVFk1RGt0dCtSZDNWOGs4b2QwTDJydDZPR0ppMVNZNTIzNVFldkNHVklHT1VLczFpV1ZXSnR1Tw==",
    "is_default": false,
    "timestamp": "2025-09-12T08:08:31.019Z"
  },
  {
    "anime_title": "Ahiru no Sora",
    "episode_title": "Ahiru no Sora Episode 13 Subtitle Indonesia",
    "episode_link": "https://otakudesu.best/episode/ans-episode-13-sub-indo/",
    "episode_date": "13 Oktober,2020",
    "server": "yourupload",
    "quality": "720p",
    "data_content": "eyJpZCI6MTAwMDEzLCJpIjoyLCJxIjoiNzIwcCJ9",
    "decoded_data": {
      "id": 100013,
      "i": 2,
      "q": "720p"
    },
    "stream_url": "https://desudrive.com/stream/yuplod.php?id=nksOBj7C1W6c",
    "is_default": false,
    "timestamp": "2025-09-12T08:08:31.069Z"
  },
  {
    "anime_title": "Ahiru no Sora",
    "episode_title": "Ahiru no Sora Episode 13 Subtitle Indonesia",
    "episode_link": "https://otakudesu.best/episode/ans-episode-13-sub-indo/",
    "episode_date": "13 Oktober,2020",
    "server": "mega",
    "quality": "720p",
    "data_content": "eyJpZCI6MTAwMDEzLCJpIjozLCJxIjoiNzIwcCJ9",
    "decoded_data": {
      "id": 100013,
      "i": 3,
      "q": "720p"
    },
    "stream_url": "https://mega.nz/embed/s8xzFaaQ#5XyaWAaJqR95avfpABBy6bFY3YeuAQ866j1HGd9OF_s",
    "is_default": false,
    "timestamp": "2025-09-12T08:08:31.102Z"
  },
  {
    "anime_title": "Ahiru no Sora",
    "episode_title": "Ahiru no Sora Episode 13 Subtitle Indonesia",
    "episode_link": "https://otakudesu.best/episode/ans-episode-13-sub-indo/",
    "episode_date": "13 Oktober,2020",
    "server": "otakuplay",
    "quality": "480p",
    "data_content": "eyJpZCI6MTAwMDEzLCJpIjowLCJxIjoiNDgwcCJ9",
    "decoded_data": {
      "id": 100013,
      "i": 0,
      "q": "480p"
    },
    "stream_url": "https://desustream.info/dstream/otakuplay/v2/index.php?id=YUpkVitqWTBPTUFlMFVXWnhudFV5Zz09",
    "is_default": true,
    "timestamp": "2025-09-12T08:08:30.819Z"
  },
  {
    "anime_title": "Ahiru no Sora",
    "episode_title": "Ahiru no Sora Episode 13 Subtitle Indonesia",
    "episode_link": "https://otakudesu.best/episode/ans-episode-13-sub-indo/",
    "episode_date": "13 Oktober,2020",
    "server": "desudrive",
    "quality": "480p",
    "data_content": "eyJpZCI6MTAwMDEzLCJpIjoxLCJxIjoiNDgwcCJ9",
    "decoded_data": {
      "id": 100013,
      "i": 1,
      "q": "480p"
    },
    "stream_url": "https://desustream.info/dstream/desudrive/player.php?id=Tng3UkFMMWRmRzNia0dtaDdIVFFmZzV6TkJFT3FVaHg1V1JBdVdQZGdvZ2dMRGlucFRaNkg4ZFVpbzMxMFdoYw==",
    "is_default": false,
    "timestamp": "2025-09-12T08:08:30.868Z"
  },
  {
    "anime_title": "Ahiru no Sora",
    "episode_title": "Ahiru no Sora Episode 13 Subtitle Indonesia",
    "episode_link": "https://otakudesu.best/episode/ans-episode-13-sub-indo/",
    "episode_date": "13 Oktober,2020",
    "server": "mp4load",
    "quality": "480p",
    "data_content": "eyJpZCI6MTAwMDEzLCJpIjoyLCJxIjoiNDgwcCJ9",
    "decoded_data": {
      "id": 100013,
      "i": 2,
      "q": "480p"
    },
    "stream_url": "https://www.mp4upload.com/embed-d0mgl83iqrhg.html",
    "is_default": false,
    "timestamp": "2025-09-12T08:08:30.906Z"
  },
  {
    "anime_title": "Ahiru no Sora",
    "episode_title": "Ahiru no Sora Episode 13 Subtitle Indonesia",
    "episode_link": "https://otakudesu.best/episode/ans-episode-13-sub-indo/",
    "episode_date": "13 Oktober,2020",
    "server": "mega",
    "quality": "480p",
    "data_content": "eyJpZCI6MTAwMDEzLCJpIjozLCJxIjoiNDgwcCJ9",
    "decoded_data": {
      "id": 100013,
      "i": 3,
      "q": "480p"
    },
    "stream_url": "https://mega.nz/embed/15ohWSLL#TL-7ddFHqSGDZcYZUX9iFJ9lt1UH_QkdV1U8LczV7Oo",
    "is_default": false,
    "timestamp": "2025-09-12T08:08:30.957Z"
  },
  {
    "anime_title": "Ahiru no Sora",
    "episode_title": "Ahiru no Sora Episode 13 Subtitle Indonesia",
    "episode_link": "https://otakudesu.best/episode/ans-episode-13-sub-indo/",
    "episode_date": "13 Oktober,2020",
    "server": "otakustream",
    "quality": "720p",
    "data_content": "eyJpZCI6MTAwMDEzLCJpIjowLCJxIjoiNzIwcCJ9",
    "decoded_data": {
      "id": 100013,
      "i": 0,
      "q": "720p"
    },
    "stream_url": "https://desustream.info/dstream/otakustream/v2/index.php?id=WEkyNm8xYXBDcTE2NloxNVlZWUxYUT09",
    "is_default": false,
    "timestamp": "2025-09-12T08:08:30.966Z"
  },
  {
    "anime_title": "Ahiru no Sora",
    "episode_title": "Ahiru no Sora Episode 13 Subtitle Indonesia",
    "episode_link": "https://otakudesu.best/episode/ans-episode-13-sub-indo/",
    "episode_date": "13 Oktober,2020",
    "server": "desudrive",
    "quality": "720p",
    "data_content": "eyJpZCI6MTAwMDEzLCJpIjoxLCJxIjoiNzIwcCJ9",
    "decoded_data": {
      "id": 100013,
      "i": 1,
      "q": "720p"
    },
    "stream_url": "https://desustream.info/dstream/desudrive/player.php?id=UEhVSEUrRGxGVFk1RGt0dCtSZDNWOGs4b2QwTDJydDZPR0ppMVNZNTIzNVFldkNHVklHT1VLczFpV1ZXSnR1Tw==",
    "is_default": false,
    "timestamp": "2025-09-12T08:08:31.019Z"
  },
  {
    "anime_title": "Ahiru no Sora",
    "episode_title": "Ahiru no Sora Episode 13 Subtitle Indonesia",
    "episode_link": "https://otakudesu.best/episode/ans-episode-13-sub-indo/",
    "episode_date": "13 Oktober,2020",
    "server": "yourupload",
    "quality": "720p",
    "data_content": "eyJpZCI6MTAwMDEzLCJpIjoyLCJxIjoiNzIwcCJ9",
    "decoded_data": {
      "id": 100013,
      "i": 2,
      "q": "720p"
    },
    "stream_url": "https://desudrive.com/stream/yuplod.php?id=nksOBj7C1W6c",
    "is_default": false,
    "timestamp": "2025-09-12T08:08:31.069Z"
  },
  {
    "anime_title": "Ahiru no Sora",
    "episode_title": "Ahiru no Sora Episode 13 Subtitle Indonesia",
    "episode_link": "https://otakudesu.best/episode/ans-episode-13-sub-indo/",
    "episode_date": "13 Oktober,2020",
    "server": "mega",
    "quality": "720p",
    "data_content": "eyJpZCI6MTAwMDEzLCJpIjozLCJxIjoiNzIwcCJ9",
    "decoded_data": {
      "id": 100013,
      "i": 3,
      "q": "720p"
    },
    "stream_url": "https://mega.nz/embed/s8xzFaaQ#5XyaWAaJqR95avfpABBy6bFY3YeuAQ866j1HGd9OF_s",
    "is_default": false,
    "timestamp": "2025-09-12T08:08:31.102Z"
  },
  {
    "anime_title": "Ahiru no Sora",
    "episode_title": "Ahiru no Sora Episode 14 Subtitle Indonesia",
    "episode_link": "https://otakudesu.best/episode/ans-episode-14-sub-indo/",
    "episode_date": "13 Oktober,2020",
    "server": "otakuplay",
    "quality": "480p",
    "data_content": "eyJpZCI6MTAwMDAxLCJpIjowLCJxIjoiNDgwcCJ9",
    "decoded_data": {
      "id": 100001,
      "i": 0,
      "q": "480p"
    },
    "stream_url": "https://desustream.info/dstream/otakuplay/v2/index.php?id=cFZqVTFCN2x4ME41bXN6UkoreTYxQT09",
    "is_default": true,
    "timestamp": "2025-09-12T08:08:31.707Z"
  },
  {
    "anime_title": "Ahiru no Sora",
    "episode_title": "Ahiru no Sora Episode 14 Subtitle Indonesia",
    "episode_link": "https://otakudesu.best/episode/ans-episode-14-sub-indo/",
    "episode_date": "13 Oktober,2020",
    "server": "desudrive",
    "quality": "480p",
    "data_content": "eyJpZCI6MTAwMDAxLCJpIjoxLCJxIjoiNDgwcCJ9",
    "decoded_data": {
      "id": 100001,
      "i": 1,
      "q": "480p"
    },
    "stream_url": "https://desustream.info/dstream/desudrive/player.php?id=UU1VRVpERTVZQTVoRlRlcjN6dWp3U2ZlUy9McHgrdjJxVXJRQ2p0dU81SEZ0VjBVM1pyaVNCWmwrNnNTK05GWQ==",
    "is_default": false,
    "timestamp": "2025-09-12T08:08:31.750Z"
  },
  {
    "anime_title": "Ahiru no Sora",
    "episode_title": "Ahiru no Sora Episode 14 Subtitle Indonesia",
    "episode_link": "https://otakudesu.best/episode/ans-episode-14-sub-indo/",
    "episode_date": "13 Oktober,2020",
    "server": "mp4load",
    "quality": "480p",
    "data_content": "eyJpZCI6MTAwMDAxLCJpIjoyLCJxIjoiNDgwcCJ9",
    "decoded_data": {
      "id": 100001,
      "i": 2,
      "q": "480p"
    },
    "stream_url": "https://www.mp4upload.com/embed-d2ag8g18ncag.html",
    "is_default": false,
    "timestamp": "2025-09-12T08:08:31.789Z"
  },
  {
    "anime_title": "Ahiru no Sora",
    "episode_title": "Ahiru no Sora Episode 14 Subtitle Indonesia",
    "episode_link": "https://otakudesu.best/episode/ans-episode-14-sub-indo/",
    "episode_date": "13 Oktober,2020",
    "server": "mega",
    "quality": "480p",
    "data_content": "eyJpZCI6MTAwMDAxLCJpIjozLCJxIjoiNDgwcCJ9",
    "decoded_data": {
      "id": 100001,
      "i": 3,
      "q": "480p"
    },
    "stream_url": "https://mega.nz/embed/o04lHQYY#UPY-vur28t4NHlLbUPodQYi5nM6bC2gOGnk1e-87alk",
    "is_default": false,
    "timestamp": "2025-09-12T08:08:31.808Z"
  },
  {
    "anime_title": "Ahiru no Sora",
    "episode_title": "Ahiru no Sora Episode 14 Subtitle Indonesia",
    "episode_link": "https://otakudesu.best/episode/ans-episode-14-sub-indo/",
    "episode_date": "13 Oktober,2020",
    "server": "otakustream",
    "quality": "720p",
    "data_content": "eyJpZCI6MTAwMDAxLCJpIjowLCJxIjoiNzIwcCJ9",
    "decoded_data": {
      "id": 100001,
      "i": 0,
      "q": "720p"
    },
    "stream_url": "https://desustream.info/dstream/otakustream/v2/index.php?id=amYvQTkxZ0p2S2FoSDdhcnRQb05rdz09",
    "is_default": false,
    "timestamp": "2025-09-12T08:08:31.863Z"
  },
  {
    "anime_title": "Ahiru no Sora",
    "episode_title": "Ahiru no Sora Episode 14 Subtitle Indonesia",
    "episode_link": "https://otakudesu.best/episode/ans-episode-14-sub-indo/",
    "episode_date": "13 Oktober,2020",
    "server": "desudrive",
    "quality": "720p",
    "data_content": "eyJpZCI6MTAwMDAxLCJpIjoxLCJxIjoiNzIwcCJ9",
    "decoded_data": {
      "id": 100001,
      "i": 1,
      "q": "720p"
    },
    "stream_url": "https://desustream.info/dstream/desudrive/player.php?id=WldIY2ZqdDlZNlhwNnQyRTVsRjZyNTNWa2tvZGpFZGovUzdwalVwK1BNdGd1aDUzRmZJemU0ZTFnOU0vLzNlag==",
    "is_default": false,
    "timestamp": "2025-09-12T08:08:31.884Z"
  },
  {
    "anime_title": "Ahiru no Sora",
    "episode_title": "Ahiru no Sora Episode 14 Subtitle Indonesia",
    "episode_link": "https://otakudesu.best/episode/ans-episode-14-sub-indo/",
    "episode_date": "13 Oktober,2020",
    "server": "yourupload",
    "quality": "720p",
    "data_content": "eyJpZCI6MTAwMDAxLCJpIjoyLCJxIjoiNzIwcCJ9",
    "decoded_data": {
      "id": 100001,
      "i": 2,
      "q": "720p"
    },
    "stream_url": "https://desudrive.com/stream/yuplod.php?id=XN8KpAevIPGb",
    "is_default": false,
    "timestamp": "2025-09-12T08:08:31.941Z"
  },
  {
    "anime_title": "Ahiru no Sora",
    "episode_title": "Ahiru no Sora Episode 14 Subtitle Indonesia",
    "episode_link": "https://otakudesu.best/episode/ans-episode-14-sub-indo/",
    "episode_date": "13 Oktober,2020",
    "server": "mega",
    "quality": "720p",
    "data_content": "eyJpZCI6MTAwMDAxLCJpIjozLCJxIjoiNzIwcCJ9",
    "decoded_data": {
      "id": 100001,
      "i": 3,
      "q": "720p"
    },
    "stream_url": "https://mega.nz/embed/cooXWaoJ#FCgcb0E_BCQA4TzkdLR5hbnIaX5dZDKnsUxGPFlNK8k",
    "is_default": false,
    "timestamp": "2025-09-12T08:08:31.975Z"
  },
  {
    "anime_title": "Ahiru no Sora",
    "episode_title": "Ahiru no Sora Episode 14 Subtitle Indonesia",
    "episode_link": "https://otakudesu.best/episode/ans-episode-14-sub-indo/",
    "episode_date": "13 Oktober,2020",
    "server": "otakuplay",
    "quality": "480p",
    "data_content": "eyJpZCI6MTAwMDAxLCJpIjowLCJxIjoiNDgwcCJ9",
    "decoded_data": {
      "id": 100001,
      "i": 0,
      "q": "480p"
    },
    "stream_url": "https://desustream.info/dstream/otakuplay/v2/index.php?id=cFZqVTFCN2x4ME41bXN6UkoreTYxQT09",
    "is_default": true,
    "timestamp": "2025-09-12T08:08:31.707Z"
  },
  {
    "anime_title": "Ahiru no Sora",
    "episode_title": "Ahiru no Sora Episode 14 Subtitle Indonesia",
    "episode_link": "https://otakudesu.best/episode/ans-episode-14-sub-indo/",
    "episode_date": "13 Oktober,2020",
    "server": "desudrive",
    "quality": "480p",
    "data_content": "eyJpZCI6MTAwMDAxLCJpIjoxLCJxIjoiNDgwcCJ9",
    "decoded_data": {
      "id": 100001,
      "i": 1,
      "q": "480p"
    },
    "stream_url": "https://desustream.info/dstream/desudrive/player.php?id=UU1VRVpERTVZQTVoRlRlcjN6dWp3U2ZlUy9McHgrdjJxVXJRQ2p0dU81SEZ0VjBVM1pyaVNCWmwrNnNTK05GWQ==",
    "is_default": false,
    "timestamp": "2025-09-12T08:08:31.750Z"
  },
  {
    "anime_title": "Ahiru no Sora",
    "episode_title": "Ahiru no Sora Episode 14 Subtitle Indonesia",
    "episode_link": "https://otakudesu.best/episode/ans-episode-14-sub-indo/",
    "episode_date": "13 Oktober,2020",
    "server": "mp4load",
    "quality": "480p",
    "data_content": "eyJpZCI6MTAwMDAxLCJpIjoyLCJxIjoiNDgwcCJ9",
    "decoded_data": {
      "id": 100001,
      "i": 2,
      "q": "480p"
    },
    "stream_url": "https://www.mp4upload.com/embed-d2ag8g18ncag.html",
    "is_default": false,
    "timestamp": "2025-09-12T08:08:31.789Z"
  },
  {
    "anime_title": "Ahiru no Sora",
    "episode_title": "Ahiru no Sora Episode 14 Subtitle Indonesia",
    "episode_link": "https://otakudesu.best/episode/ans-episode-14-sub-indo/",
    "episode_date": "13 Oktober,2020",
    "server": "mega",
    "quality": "480p",
    "data_content": "eyJpZCI6MTAwMDAxLCJpIjozLCJxIjoiNDgwcCJ9",
    "decoded_data": {
      "id": 100001,
      "i": 3,
      "q": "480p"
    },
    "stream_url": "https://mega.nz/embed/o04lHQYY#UPY-vur28t4NHlLbUPodQYi5nM6bC2gOGnk1e-87alk",
    "is_default": false,
    "timestamp": "2025-09-12T08:08:31.808Z"
  },
  {
    "anime_title": "Ahiru no Sora",
    "episode_title": "Ahiru no Sora Episode 14 Subtitle Indonesia",
    "episode_link": "https://otakudesu.best/episode/ans-episode-14-sub-indo/",
    "episode_date": "13 Oktober,2020",
    "server": "otakustream",
    "quality": "720p",
    "data_content": "eyJpZCI6MTAwMDAxLCJpIjowLCJxIjoiNzIwcCJ9",
    "decoded_data": {
      "id": 100001,
      "i": 0,
      "q": "720p"
    },
    "stream_url": "https://desustream.info/dstream/otakustream/v2/index.php?id=amYvQTkxZ0p2S2FoSDdhcnRQb05rdz09",
    "is_default": false,
    "timestamp": "2025-09-12T08:08:31.863Z"
  },
  {
    "anime_title": "Ahiru no Sora",
    "episode_title": "Ahiru no Sora Episode 14 Subtitle Indonesia",
    "episode_link": "https://otakudesu.best/episode/ans-episode-14-sub-indo/",
    "episode_date": "13 Oktober,2020",
    "server": "desudrive",
    "quality": "720p",
    "data_content": "eyJpZCI6MTAwMDAxLCJpIjoxLCJxIjoiNzIwcCJ9",
    "decoded_data": {
      "id": 100001,
      "i": 1,
      "q": "720p"
    },
    "stream_url": "https://desustream.info/dstream/desudrive/player.php?id=WldIY2ZqdDlZNlhwNnQyRTVsRjZyNTNWa2tvZGpFZGovUzdwalVwK1BNdGd1aDUzRmZJemU0ZTFnOU0vLzNlag==",
    "is_default": false,
    "timestamp": "2025-09-12T08:08:31.884Z"
  },
  {
    "anime_title": "Ahiru no Sora",
    "episode_title": "Ahiru no Sora Episode 14 Subtitle Indonesia",
    "episode_link": "https://otakudesu.best/episode/ans-episode-14-sub-indo/",
    "episode_date": "13 Oktober,2020",
    "server": "yourupload",
    "quality": "720p",
    "data_content": "eyJpZCI6MTAwMDAxLCJpIjoyLCJxIjoiNzIwcCJ9",
    "decoded_data": {
      "id": 100001,
      "i": 2,
      "q": "720p"
    },
    "stream_url": "https://desudrive.com/stream/yuplod.php?id=XN8KpAevIPGb",
    "is_default": false,
    "timestamp": "2025-09-12T08:08:31.941Z"
  },
  {
    "anime_title": "Ahiru no Sora",
    "episode_title": "Ahiru no Sora Episode 14 Subtitle Indonesia",
    "episode_link": "https://otakudesu.best/episode/ans-episode-14-sub-indo/",
    "episode_date": "13 Oktober,2020",
    "server": "mega",
    "quality": "720p",
    "data_content": "eyJpZCI6MTAwMDAxLCJpIjozLCJxIjoiNzIwcCJ9",
    "decoded_data": {
      "id": 100001,
      "i": 3,
      "q": "720p"
    },
    "stream_url": "https://mega.nz/embed/cooXWaoJ#FCgcb0E_BCQA4TzkdLR5hbnIaX5dZDKnsUxGPFlNK8k",
    "is_default": false,
    "timestamp": "2025-09-12T08:08:31.975Z"
  },
  {
    "anime_title": "Ahiru no Sora",
    "episode_title": "Ahiru no Sora Episode 15 Subtitle Indonesia",
    "episode_link": "https://otakudesu.best/episode/ans-episode-15-sub-indo/",
    "episode_date": "13 Oktober,2020",
    "server": "otakuplay",
    "quality": "480p",
    "data_content": "eyJpZCI6MTAwMDAyLCJpIjowLCJxIjoiNDgwcCJ9",
    "decoded_data": {
      "id": 100002,
      "i": 0,
      "q": "480p"
    },
    "stream_url": "https://desustream.info/dstream/otakuplay/v2/index.php?id=MUZaL1lXSnBPdjk1WnJ1RUM2RmhXZz09",
    "is_default": true,
    "timestamp": "2025-09-12T08:08:32.580Z"
  },
  {
    "anime_title": "Ahiru no Sora",
    "episode_title": "Ahiru no Sora Episode 15 Subtitle Indonesia",
    "episode_link": "https://otakudesu.best/episode/ans-episode-15-sub-indo/",
    "episode_date": "13 Oktober,2020",
    "server": "desudrive",
    "quality": "480p",
    "data_content": "eyJpZCI6MTAwMDAyLCJpIjoxLCJxIjoiNDgwcCJ9",
    "decoded_data": {
      "id": 100002,
      "i": 1,
      "q": "480p"
    },
    "stream_url": "https://desustream.info/dstream/desudrive/player.php?id=bnpXOXBESW5zSVpaNkFUcm5RRWMyK3RBd0ZzN3lWQ0VYaWsxZGxIc0YyN0dQUWZYbEUvWWxOU3RHV2J1TUpoYQ==",
    "is_default": false,
    "timestamp": "2025-09-12T08:08:32.646Z"
  },
  {
    "anime_title": "Ahiru no Sora",
    "episode_title": "Ahiru no Sora Episode 15 Subtitle Indonesia",
    "episode_link": "https://otakudesu.best/episode/ans-episode-15-sub-indo/",
    "episode_date": "13 Oktober,2020",
    "server": "mp4load",
    "quality": "480p",
    "data_content": "eyJpZCI6MTAwMDAyLCJpIjoyLCJxIjoiNDgwcCJ9",
    "decoded_data": {
      "id": 100002,
      "i": 2,
      "q": "480p"
    },
    "stream_url": "https://www.mp4upload.com/embed-b6rdwji4d2wy.html",
    "is_default": false,
    "timestamp": "2025-09-12T08:08:32.674Z"
  },
  {
    "anime_title": "Ahiru no Sora",
    "episode_title": "Ahiru no Sora Episode 15 Subtitle Indonesia",
    "episode_link": "https://otakudesu.best/episode/ans-episode-15-sub-indo/",
    "episode_date": "13 Oktober,2020",
    "server": "mega",
    "quality": "480p",
    "data_content": "eyJpZCI6MTAwMDAyLCJpIjozLCJxIjoiNDgwcCJ9",
    "decoded_data": {
      "id": 100002,
      "i": 3,
      "q": "480p"
    },
    "stream_url": "https://mega.nz/embed/ho4RhApT#HzaIgSfchOX_spzfC-eMlLDj7b7nYBNnjrnsbvF_AIg",
    "is_default": false,
    "timestamp": "2025-09-12T08:08:32.712Z"
  },
  {
    "anime_title": "Ahiru no Sora",
    "episode_title": "Ahiru no Sora Episode 15 Subtitle Indonesia",
    "episode_link": "https://otakudesu.best/episode/ans-episode-15-sub-indo/",
    "episode_date": "13 Oktober,2020",
    "server": "otakustream",
    "quality": "720p",
    "data_content": "eyJpZCI6MTAwMDAyLCJpIjowLCJxIjoiNzIwcCJ9",
    "decoded_data": {
      "id": 100002,
      "i": 0,
      "q": "720p"
    },
    "stream_url": "https://desustream.info/dstream/otakustream/v2/index.php?id=Wkg4YXljM2txN3c3ZFBvNm4vQytCQT09",
    "is_default": false,
    "timestamp": "2025-09-12T08:08:32.735Z"
  },
  {
    "anime_title": "Ahiru no Sora",
    "episode_title": "Ahiru no Sora Episode 15 Subtitle Indonesia",
    "episode_link": "https://otakudesu.best/episode/ans-episode-15-sub-indo/",
    "episode_date": "13 Oktober,2020",
    "server": "desudrive",
    "quality": "720p",
    "data_content": "eyJpZCI6MTAwMDAyLCJpIjoxLCJxIjoiNzIwcCJ9",
    "decoded_data": {
      "id": 100002,
      "i": 1,
      "q": "720p"
    },
    "stream_url": "https://desustream.info/dstream/desudrive/player.php?id=aVF0ekl0N21HWWNHZlB0Z0Fwd3o0cEd3bkl4b2VUMnBvOG0xdlFYcnRzaEFucnNRTkhtM3dpTE8yMDNHK2pSUw==",
    "is_default": false,
    "timestamp": "2025-09-12T08:08:32.791Z"
  },
  {
    "anime_title": "Ahiru no Sora",
    "episode_title": "Ahiru no Sora Episode 15 Subtitle Indonesia",
    "episode_link": "https://otakudesu.best/episode/ans-episode-15-sub-indo/",
    "episode_date": "13 Oktober,2020",
    "server": "yourupload",
    "quality": "720p",
    "data_content": "eyJpZCI6MTAwMDAyLCJpIjoyLCJxIjoiNzIwcCJ9",
    "decoded_data": {
      "id": 100002,
      "i": 2,
      "q": "720p"
    },
    "stream_url": "https://desudrive.com/stream/yuplod.php?id=Gq7Ot12rAo0a",
    "is_default": false,
    "timestamp": "2025-09-12T08:08:32.812Z"
  },
  {
    "anime_title": "Ahiru no Sora",
    "episode_title": "Ahiru no Sora Episode 15 Subtitle Indonesia",
    "episode_link": "https://otakudesu.best/episode/ans-episode-15-sub-indo/",
    "episode_date": "13 Oktober,2020",
    "server": "mega",
    "quality": "720p",
    "data_content": "eyJpZCI6MTAwMDAyLCJpIjozLCJxIjoiNzIwcCJ9",
    "decoded_data": {
      "id": 100002,
      "i": 3,
      "q": "720p"
    },
    "stream_url": "https://mega.nz/embed/pwpnESzJ#K6-nPSMpnjYnqfgySnHdZ_DRFbWD3c9fy_kaR9oYAB4",
    "is_default": false,
    "timestamp": "2025-09-12T08:08:32.861Z"
  },
  {
    "anime_title": "Ahiru no Sora",
    "episode_title": "Ahiru no Sora Episode 15 Subtitle Indonesia",
    "episode_link": "https://otakudesu.best/episode/ans-episode-15-sub-indo/",
    "episode_date": "13 Oktober,2020",
    "server": "otakuplay",
    "quality": "480p",
    "data_content": "eyJpZCI6MTAwMDAyLCJpIjowLCJxIjoiNDgwcCJ9",
    "decoded_data": {
      "id": 100002,
      "i": 0,
      "q": "480p"
    },
    "stream_url": "https://desustream.info/dstream/otakuplay/v2/index.php?id=MUZaL1lXSnBPdjk1WnJ1RUM2RmhXZz09",
    "is_default": true,
    "timestamp": "2025-09-12T08:08:32.580Z"
  },
  {
    "anime_title": "Ahiru no Sora",
    "episode_title": "Ahiru no Sora Episode 15 Subtitle Indonesia",
    "episode_link": "https://otakudesu.best/episode/ans-episode-15-sub-indo/",
    "episode_date": "13 Oktober,2020",
    "server": "desudrive",
    "quality": "480p",
    "data_content": "eyJpZCI6MTAwMDAyLCJpIjoxLCJxIjoiNDgwcCJ9",
    "decoded_data": {
      "id": 100002,
      "i": 1,
      "q": "480p"
    },
    "stream_url": "https://desustream.info/dstream/desudrive/player.php?id=bnpXOXBESW5zSVpaNkFUcm5RRWMyK3RBd0ZzN3lWQ0VYaWsxZGxIc0YyN0dQUWZYbEUvWWxOU3RHV2J1TUpoYQ==",
    "is_default": false,
    "timestamp": "2025-09-12T08:08:32.646Z"
  },
  {
    "anime_title": "Ahiru no Sora",
    "episode_title": "Ahiru no Sora Episode 15 Subtitle Indonesia",
    "episode_link": "https://otakudesu.best/episode/ans-episode-15-sub-indo/",
    "episode_date": "13 Oktober,2020",
    "server": "mp4load",
    "quality": "480p",
    "data_content": "eyJpZCI6MTAwMDAyLCJpIjoyLCJxIjoiNDgwcCJ9",
    "decoded_data": {
      "id": 100002,
      "i": 2,
      "q": "480p"
    },
    "stream_url": "https://www.mp4upload.com/embed-b6rdwji4d2wy.html",
    "is_default": false,
    "timestamp": "2025-09-12T08:08:32.674Z"
  },
  {
    "anime_title": "Ahiru no Sora",
    "episode_title": "Ahiru no Sora Episode 15 Subtitle Indonesia",
    "episode_link": "https://otakudesu.best/episode/ans-episode-15-sub-indo/",
    "episode_date": "13 Oktober,2020",
    "server": "mega",
    "quality": "480p",
    "data_content": "eyJpZCI6MTAwMDAyLCJpIjozLCJxIjoiNDgwcCJ9",
    "decoded_data": {
      "id": 100002,
      "i": 3,
      "q": "480p"
    },
    "stream_url": "https://mega.nz/embed/ho4RhApT#HzaIgSfchOX_spzfC-eMlLDj7b7nYBNnjrnsbvF_AIg",
    "is_default": false,
    "timestamp": "2025-09-12T08:08:32.712Z"
  },
  {
    "anime_title": "Ahiru no Sora",
    "episode_title": "Ahiru no Sora Episode 15 Subtitle Indonesia",
    "episode_link": "https://otakudesu.best/episode/ans-episode-15-sub-indo/",
    "episode_date": "13 Oktober,2020",
    "server": "otakustream",
    "quality": "720p",
    "data_content": "eyJpZCI6MTAwMDAyLCJpIjowLCJxIjoiNzIwcCJ9",
    "decoded_data": {
      "id": 100002,
      "i": 0,
      "q": "720p"
    },
    "stream_url": "https://desustream.info/dstream/otakustream/v2/index.php?id=Wkg4YXljM2txN3c3ZFBvNm4vQytCQT09",
    "is_default": false,
    "timestamp": "2025-09-12T08:08:32.735Z"
  },
  {
    "anime_title": "Ahiru no Sora",
    "episode_title": "Ahiru no Sora Episode 15 Subtitle Indonesia",
    "episode_link": "https://otakudesu.best/episode/ans-episode-15-sub-indo/",
    "episode_date": "13 Oktober,2020",
    "server": "desudrive",
    "quality": "720p",
    "data_content": "eyJpZCI6MTAwMDAyLCJpIjoxLCJxIjoiNzIwcCJ9",
    "decoded_data": {
      "id": 100002,
      "i": 1,
      "q": "720p"
    },
    "stream_url": "https://desustream.info/dstream/desudrive/player.php?id=aVF0ekl0N21HWWNHZlB0Z0Fwd3o0cEd3bkl4b2VUMnBvOG0xdlFYcnRzaEFucnNRTkhtM3dpTE8yMDNHK2pSUw==",
    "is_default": false,
    "timestamp": "2025-09-12T08:08:32.791Z"
  },
  {
    "anime_title": "Ahiru no Sora",
    "episode_title": "Ahiru no Sora Episode 15 Subtitle Indonesia",
    "episode_link": "https://otakudesu.best/episode/ans-episode-15-sub-indo/",
    "episode_date": "13 Oktober,2020",
    "server": "yourupload",
    "quality": "720p",
    "data_content": "eyJpZCI6MTAwMDAyLCJpIjoyLCJxIjoiNzIwcCJ9",
    "decoded_data": {
      "id": 100002,
      "i": 2,
      "q": "720p"
    },
    "stream_url": "https://desudrive.com/stream/yuplod.php?id=Gq7Ot12rAo0a",
    "is_default": false,
    "timestamp": "2025-09-12T08:08:32.812Z"
  },
  {
    "anime_title": "Ahiru no Sora",
    "episode_title": "Ahiru no Sora Episode 15 Subtitle Indonesia",
    "episode_link": "https://otakudesu.best/episode/ans-episode-15-sub-indo/",
    "episode_date": "13 Oktober,2020",
    "server": "mega",
    "quality": "720p",
    "data_content": "eyJpZCI6MTAwMDAyLCJpIjozLCJxIjoiNzIwcCJ9",
    "decoded_data": {
      "id": 100002,
      "i": 3,
      "q": "720p"
    },
    "stream_url": "https://mega.nz/embed/pwpnESzJ#K6-nPSMpnjYnqfgySnHdZ_DRFbWD3c9fy_kaR9oYAB4",
    "is_default": false,
    "timestamp": "2025-09-12T08:08:32.861Z"
  },
  {
    "anime_title": "Ahiru no Sora",
    "episode_title": "Ahiru no Sora Episode 16 Subtitle Indonesia",
    "episode_link": "https://otakudesu.best/episode/ans-episode-16-sub-indo/",
    "episode_date": "13 Oktober,2020",
    "server": "otakuplay",
    "quality": "480p",
    "data_content": "eyJpZCI6MTAwMDAzLCJpIjowLCJxIjoiNDgwcCJ9",
    "decoded_data": {
      "id": 100003,
      "i": 0,
      "q": "480p"
    },
    "stream_url": "https://desustream.info/dstream/otakuplay/v2/index.php?id=d1FnUkRQYVdDQnc2VmErNS9UM0Z0Zz09",
    "is_default": true,
    "timestamp": "2025-09-12T08:08:33.478Z"
  },
  {
    "anime_title": "Ahiru no Sora",
    "episode_title": "Ahiru no Sora Episode 16 Subtitle Indonesia",
    "episode_link": "https://otakudesu.best/episode/ans-episode-16-sub-indo/",
    "episode_date": "13 Oktober,2020",
    "server": "desudrive",
    "quality": "480p",
    "data_content": "eyJpZCI6MTAwMDAzLCJpIjoxLCJxIjoiNDgwcCJ9",
    "decoded_data": {
      "id": 100003,
      "i": 1,
      "q": "480p"
    },
    "stream_url": "https://desustream.info/dstream/desudrive/player.php?id=Wi9lc0pzTDBJY0lxd0hsS2tCcmdoR0Z6ejRESENlYjVoUm5yaDNicXJIYkZPKzJ1SEJGdU9uc05vTmt6MG9reA==",
    "is_default": false,
    "timestamp": "2025-09-12T08:08:33.513Z"
  },
  {
    "anime_title": "Ahiru no Sora",
    "episode_title": "Ahiru no Sora Episode 16 Subtitle Indonesia",
    "episode_link": "https://otakudesu.best/episode/ans-episode-16-sub-indo/",
    "episode_date": "13 Oktober,2020",
    "server": "mp4load",
    "quality": "480p",
    "data_content": "eyJpZCI6MTAwMDAzLCJpIjoyLCJxIjoiNDgwcCJ9",
    "decoded_data": {
      "id": 100003,
      "i": 2,
      "q": "480p"
    },
    "stream_url": "https://www.mp4upload.com/embed-dnnvip7daffr.html",
    "is_default": false,
    "timestamp": "2025-09-12T08:08:33.548Z"
  },
  {
    "anime_title": "Ahiru no Sora",
    "episode_title": "Ahiru no Sora Episode 16 Subtitle Indonesia",
    "episode_link": "https://otakudesu.best/episode/ans-episode-16-sub-indo/",
    "episode_date": "13 Oktober,2020",
    "server": "mega",
    "quality": "480p",
    "data_content": "eyJpZCI6MTAwMDAzLCJpIjozLCJxIjoiNDgwcCJ9",
    "decoded_data": {
      "id": 100003,
      "i": 3,
      "q": "480p"
    },
    "stream_url": "https://mega.nz/embed/EpwzGKQD#l5HASSVVsgPiwK99-PyjSSXK6_PHf0cYpmlmF02daqA",
    "is_default": false,
    "timestamp": "2025-09-12T08:08:33.574Z"
  },
  {
    "anime_title": "Ahiru no Sora",
    "episode_title": "Ahiru no Sora Episode 16 Subtitle Indonesia",
    "episode_link": "https://otakudesu.best/episode/ans-episode-16-sub-indo/",
    "episode_date": "13 Oktober,2020",
    "server": "otakustream",
    "quality": "720p",
    "data_content": "eyJpZCI6MTAwMDAzLCJpIjowLCJxIjoiNzIwcCJ9",
    "decoded_data": {
      "id": 100003,
      "i": 0,
      "q": "720p"
    },
    "stream_url": "https://desustream.info/dstream/otakustream/v2/index.php?id=bUlpY3kzREZWbDh2NGRIRUVSalVIdz09",
    "is_default": false,
    "timestamp": "2025-09-12T08:08:33.619Z"
  },
  {
    "anime_title": "Ahiru no Sora",
    "episode_title": "Ahiru no Sora Episode 16 Subtitle Indonesia",
    "episode_link": "https://otakudesu.best/episode/ans-episode-16-sub-indo/",
    "episode_date": "13 Oktober,2020",
    "server": "desudrive",
    "quality": "720p",
    "data_content": "eyJpZCI6MTAwMDAzLCJpIjoxLCJxIjoiNzIwcCJ9",
    "decoded_data": {
      "id": 100003,
      "i": 1,
      "q": "720p"
    },
    "stream_url": "https://desustream.info/dstream/desudrive/player.php?id=ME1pT1VOMHB5cmszMEVsQlJsS2l5Uk82bUJFV1ptbytwY0xKYTVlYWQvVVVPdnE1THJtQ3JrSnFuTURNODFwYQ==",
    "is_default": false,
    "timestamp": "2025-09-12T08:08:33.667Z"
  },
  {
    "anime_title": "Ahiru no Sora",
    "episode_title": "Ahiru no Sora Episode 16 Subtitle Indonesia",
    "episode_link": "https://otakudesu.best/episode/ans-episode-16-sub-indo/",
    "episode_date": "13 Oktober,2020",
    "server": "yourupload",
    "quality": "720p",
    "data_content": "eyJpZCI6MTAwMDAzLCJpIjoyLCJxIjoiNzIwcCJ9",
    "decoded_data": {
      "id": 100003,
      "i": 2,
      "q": "720p"
    },
    "stream_url": "https://desudrive.com/stream/yuplod.php?id=UcIRG08787IY",
    "is_default": false,
    "timestamp": "2025-09-12T08:08:33.712Z"
  },
  {
    "anime_title": "Ahiru no Sora",
    "episode_title": "Ahiru no Sora Episode 16 Subtitle Indonesia",
    "episode_link": "https://otakudesu.best/episode/ans-episode-16-sub-indo/",
    "episode_date": "13 Oktober,2020",
    "server": "mega",
    "quality": "720p",
    "data_content": "eyJpZCI6MTAwMDAzLCJpIjozLCJxIjoiNzIwcCJ9",
    "decoded_data": {
      "id": 100003,
      "i": 3,
      "q": "720p"
    },
    "stream_url": "https://mega.nz/embed/Q5xVHKIQ#95dmP0ImjcQ2SVb2JOqc7WexDYJKCUvEp197H4BWoOc",
    "is_default": false,
    "timestamp": "2025-09-12T08:08:33.724Z"
  },
  {
    "anime_title": "Ahiru no Sora",
    "episode_title": "Ahiru no Sora Episode 16 Subtitle Indonesia",
    "episode_link": "https://otakudesu.best/episode/ans-episode-16-sub-indo/",
    "episode_date": "13 Oktober,2020",
    "server": "otakuplay",
    "quality": "480p",
    "data_content": "eyJpZCI6MTAwMDAzLCJpIjowLCJxIjoiNDgwcCJ9",
    "decoded_data": {
      "id": 100003,
      "i": 0,
      "q": "480p"
    },
    "stream_url": "https://desustream.info/dstream/otakuplay/v2/index.php?id=d1FnUkRQYVdDQnc2VmErNS9UM0Z0Zz09",
    "is_default": true,
    "timestamp": "2025-09-12T08:08:33.478Z"
  },
  {
    "anime_title": "Ahiru no Sora",
    "episode_title": "Ahiru no Sora Episode 16 Subtitle Indonesia",
    "episode_link": "https://otakudesu.best/episode/ans-episode-16-sub-indo/",
    "episode_date": "13 Oktober,2020",
    "server": "desudrive",
    "quality": "480p",
    "data_content": "eyJpZCI6MTAwMDAzLCJpIjoxLCJxIjoiNDgwcCJ9",
    "decoded_data": {
      "id": 100003,
      "i": 1,
      "q": "480p"
    },
    "stream_url": "https://desustream.info/dstream/desudrive/player.php?id=Wi9lc0pzTDBJY0lxd0hsS2tCcmdoR0Z6ejRESENlYjVoUm5yaDNicXJIYkZPKzJ1SEJGdU9uc05vTmt6MG9reA==",
    "is_default": false,
    "timestamp": "2025-09-12T08:08:33.513Z"
  },
  {
    "anime_title": "Ahiru no Sora",
    "episode_title": "Ahiru no Sora Episode 16 Subtitle Indonesia",
    "episode_link": "https://otakudesu.best/episode/ans-episode-16-sub-indo/",
    "episode_date": "13 Oktober,2020",
    "server": "mp4load",
    "quality": "480p",
    "data_content": "eyJpZCI6MTAwMDAzLCJpIjoyLCJxIjoiNDgwcCJ9",
    "decoded_data": {
      "id": 100003,
      "i": 2,
      "q": "480p"
    },
    "stream_url": "https://www.mp4upload.com/embed-dnnvip7daffr.html",
    "is_default": false,
    "timestamp": "2025-09-12T08:08:33.548Z"
  },
  {
    "anime_title": "Ahiru no Sora",
    "episode_title": "Ahiru no Sora Episode 16 Subtitle Indonesia",
    "episode_link": "https://otakudesu.best/episode/ans-episode-16-sub-indo/",
    "episode_date": "13 Oktober,2020",
    "server": "mega",
    "quality": "480p",
    "data_content": "eyJpZCI6MTAwMDAzLCJpIjozLCJxIjoiNDgwcCJ9",
    "decoded_data": {
      "id": 100003,
      "i": 3,
      "q": "480p"
    },
    "stream_url": "https://mega.nz/embed/EpwzGKQD#l5HASSVVsgPiwK99-PyjSSXK6_PHf0cYpmlmF02daqA",
    "is_default": false,
    "timestamp": "2025-09-12T08:08:33.574Z"
  },
  {
    "anime_title": "Ahiru no Sora",
    "episode_title": "Ahiru no Sora Episode 16 Subtitle Indonesia",
    "episode_link": "https://otakudesu.best/episode/ans-episode-16-sub-indo/",
    "episode_date": "13 Oktober,2020",
    "server": "otakustream",
    "quality": "720p",
    "data_content": "eyJpZCI6MTAwMDAzLCJpIjowLCJxIjoiNzIwcCJ9",
    "decoded_data": {
      "id": 100003,
      "i": 0,
      "q": "720p"
    },
    "stream_url": "https://desustream.info/dstream/otakustream/v2/index.php?id=bUlpY3kzREZWbDh2NGRIRUVSalVIdz09",
    "is_default": false,
    "timestamp": "2025-09-12T08:08:33.619Z"
  },
  {
    "anime_title": "Ahiru no Sora",
    "episode_title": "Ahiru no Sora Episode 16 Subtitle Indonesia",
    "episode_link": "https://otakudesu.best/episode/ans-episode-16-sub-indo/",
    "episode_date": "13 Oktober,2020",
    "server": "desudrive",
    "quality": "720p",
    "data_content": "eyJpZCI6MTAwMDAzLCJpIjoxLCJxIjoiNzIwcCJ9",
    "decoded_data": {
      "id": 100003,
      "i": 1,
      "q": "720p"
    },
    "stream_url": "https://desustream.info/dstream/desudrive/player.php?id=ME1pT1VOMHB5cmszMEVsQlJsS2l5Uk82bUJFV1ptbytwY0xKYTVlYWQvVVVPdnE1THJtQ3JrSnFuTURNODFwYQ==",
    "is_default": false,
    "timestamp": "2025-09-12T08:08:33.667Z"
  },
  {
    "anime_title": "Ahiru no Sora",
    "episode_title": "Ahiru no Sora Episode 16 Subtitle Indonesia",
    "episode_link": "https://otakudesu.best/episode/ans-episode-16-sub-indo/",
    "episode_date": "13 Oktober,2020",
    "server": "yourupload",
    "quality": "720p",
    "data_content": "eyJpZCI6MTAwMDAzLCJpIjoyLCJxIjoiNzIwcCJ9",
    "decoded_data": {
      "id": 100003,
      "i": 2,
      "q": "720p"
    },
    "stream_url": "https://desudrive.com/stream/yuplod.php?id=UcIRG08787IY",
    "is_default": false,
    "timestamp": "2025-09-12T08:08:33.712Z"
  },
  {
    "anime_title": "Ahiru no Sora",
    "episode_title": "Ahiru no Sora Episode 16 Subtitle Indonesia",
    "episode_link": "https://otakudesu.best/episode/ans-episode-16-sub-indo/",
    "episode_date": "13 Oktober,2020",
    "server": "mega",
    "quality": "720p",
    "data_content": "eyJpZCI6MTAwMDAzLCJpIjozLCJxIjoiNzIwcCJ9",
    "decoded_data": {
      "id": 100003,
      "i": 3,
      "q": "720p"
    },
    "stream_url": "https://mega.nz/embed/Q5xVHKIQ#95dmP0ImjcQ2SVb2JOqc7WexDYJKCUvEp197H4BWoOc",
    "is_default": false,
    "timestamp": "2025-09-12T08:08:33.724Z"
  }
]