[
  {
    "anime_title": "Boruto On-Going",
    "episode_title": "Boruto: Naruto Next Generations Episode 261 Subtitle Indonesia",
    "episode_link": "https://otakudesu.best/episode/btr-nng-episode-261-sub-indo/",
    "episode_date": "7 Agustus,2022",
    "server": "yourupload",
    "quality": "360p",
    "data_content": "eyJpZCI6MTI0NzUyLCJpIjowLCJxIjoiMzYwcCJ9",
    "decoded_data": {
      "id": 124752,
      "i": 0,
      "q": "360p"
    },
    "stream_url": "https://desudrive.com/stream/yuplod.php?id=f46MHp7ay55t",
    "is_default": false,
    "timestamp": "2025-09-12T09:10:37.575Z"
  },
  {
    "anime_title": "Boruto On-Going",
    "episode_title": "Boruto: Naruto Next Generations Episode 261 Subtitle Indonesia",
    "episode_link": "https://otakudesu.best/episode/btr-nng-episode-261-sub-indo/",
    "episode_date": "7 Agustus,2022",
    "server": "mp4load",
    "quality": "360p",
    "data_content": "eyJpZCI6MTI0NzUyLCJpIjoxLCJxIjoiMzYwcCJ9",
    "decoded_data": {
      "id": 124752,
      "i": 1,
      "q": "360p"
    },
    "stream_url": "https://www.mp4upload.com/embed-weqoki0unk56.html",
    "is_default": false,
    "timestamp": "2025-09-12T09:10:37.605Z"
  },
  {
    "anime_title": "Boruto On-Going",
    "episode_title": "Boruto: Naruto Next Generations Episode 261 Subtitle Indonesia",
    "episode_link": "https://otakudesu.best/episode/btr-nng-episode-261-sub-indo/",
    "episode_date": "7 Agustus,2022",
    "server": "ondesu",
    "quality": "480p",
    "data_content": "eyJpZCI6MTI0NzUyLCJpIjowLCJxIjoiNDgwcCJ9",
    "decoded_data": {
      "id": 124752,
      "i": 0,
      "q": "480p"
    },
    "stream_url": "https://desustream.info/dstream/ondesu/v5/index.php?id=dzFPWmVCUDdEZ2tjMy9DRWJLeWg0UGozcXZ0T2VGY09VakhwK1FlVmUrVT0=",
    "is_default": true,
    "timestamp": "2025-09-12T09:10:37.651Z"
  },
  {
    "anime_title": "Boruto On-Going",
    "episode_title": "Boruto: Naruto Next Generations Episode 261 Subtitle Indonesia",
    "episode_link": "https://otakudesu.best/episode/btr-nng-episode-261-sub-indo/",
    "episode_date": "7 Agustus,2022",
    "server": "mega",
    "quality": "360p",
    "data_content": "eyJpZCI6MTI0NzUyLCJpIjoyLCJxIjoiMzYwcCJ9",
    "decoded_data": {
      "id": 124752,
      "i": 2,
      "q": "360p"
    },
    "stream_url": "https://mega.nz/embed/K89iAAIT#ouWXO4W2T72J-7tLjFsLXAvpdUXUN551AaPxv3ZmE8w",
    "is_default": false,
    "timestamp": "2025-09-12T09:10:37.674Z"
  },
  {
    "anime_title": "Boruto On-Going",
    "episode_title": "Boruto: Naruto Next Generations Episode 261 Subtitle Indonesia",
    "episode_link": "https://otakudesu.best/episode/btr-nng-episode-261-sub-indo/",
    "episode_date": "7 Agustus,2022",
    "server": "odstream",
    "quality": "480p",
    "data_content": "eyJpZCI6MTI0NzUyLCJpIjoxLCJxIjoiNDgwcCJ9",
    "decoded_data": {
      "id": 124752,
      "i": 1,
      "q": "480p"
    },
    "stream_url": "https://desustream.info/dstream/arcg/?id=WDdzYlBNK0tPQ1NLcnJHdThWcUJlMmNPakREaklUU1NYTWJkVXNtaisxbGdUOXF0VlFvejBvNUdpdHVzWW9xVA==",
    "is_default": false,
    "timestamp": "2025-09-12T09:10:37.722Z"
  },
  {
    "anime_title": "Boruto On-Going",
    "episode_title": "Boruto: Naruto Next Generations Episode 261 Subtitle Indonesia",
    "episode_link": "https://otakudesu.best/episode/btr-nng-episode-261-sub-indo/",
    "episode_date": "7 Agustus,2022",
    "server": "mega",
    "quality": "480p",
    "data_content": "eyJpZCI6MTI0NzUyLCJpIjozLCJxIjoiNDgwcCJ9",
    "decoded_data": {
      "id": 124752,
      "i": 3,
      "q": "480p"
    },
    "stream_url": "https://mega.nz/embed/X1M0RCYR#cxnuefXkU1S7Hj8kc7YilKbVT8PS6MbyWrYxgOnIh7s",
    "is_default": false,
    "timestamp": "2025-09-12T09:10:37.763Z"
  },
  {
    "anime_title": "Boruto On-Going",
    "episode_title": "Boruto: Naruto Next Generations Episode 261 Subtitle Indonesia",
    "episode_link": "https://otakudesu.best/episode/btr-nng-episode-261-sub-indo/",
    "episode_date": "7 Agustus,2022",
    "server": "mp4load",
    "quality": "480p",
    "data_content": "eyJpZCI6MTI0NzUyLCJpIjoyLCJxIjoiNDgwcCJ9",
    "decoded_data": {
      "id": 124752,
      "i": 2,
      "q": "480p"
    },
    "stream_url": "https://www.mp4upload.com/embed-0mt5evt3uv95.html",
    "is_default": false,
    "timestamp": "2025-09-12T09:10:37.787Z"
  },
  {
    "anime_title": "Boruto On-Going",
    "episode_title": "Boruto: Naruto Next Generations Episode 261 Subtitle Indonesia",
    "episode_link": "https://otakudesu.best/episode/btr-nng-episode-261-sub-indo/",
    "episode_date": "7 Agustus,2022",
    "server": "yourupload",
    "quality": "480p",
    "data_content": "eyJpZCI6MTI0NzUyLCJpIjo0LCJxIjoiNDgwcCJ9",
    "decoded_data": {
      "id": 124752,
      "i": 4,
      "q": "480p"
    },
    "stream_url": "https://desudrive.com/stream/yuplod.php?id=Vkj1WJc7YMp8",
    "is_default": false,
    "timestamp": "2025-09-12T09:10:37.831Z"
  },
  {
    "anime_title": "Boruto On-Going",
    "episode_title": "Boruto: Naruto Next Generations Episode 261 Subtitle Indonesia",
    "episode_link": "https://otakudesu.best/episode/btr-nng-episode-261-sub-indo/",
    "episode_date": "7 Agustus,2022",
    "server": "odstream",
    "quality": "720p",
    "data_content": "eyJpZCI6MTI0NzUyLCJpIjowLCJxIjoiNzIwcCJ9",
    "decoded_data": {
      "id": 124752,
      "i": 0,
      "q": "720p"
    },
    "stream_url": "https://desustream.info/dstream/arcg/?id=WDdzYlBNK0tPQ1NLcnJHdThWcUJlMmNPakREaklUU1NYTWJkVXNtaisxbTNMaG9lYVJrN040cm5VblhuZjZtdw==",
    "is_default": false,
    "timestamp": "2025-09-12T09:10:37.854Z"
  },
  {
    "anime_title": "Boruto On-Going",
    "episode_title": "Boruto: Naruto Next Generations Episode 261 Subtitle Indonesia",
    "episode_link": "https://otakudesu.best/episode/btr-nng-episode-261-sub-indo/",
    "episode_date": "7 Agustus,2022",
    "server": "yourupload",
    "quality": "720p",
    "data_content": "eyJpZCI6MTI0NzUyLCJpIjoxLCJxIjoiNzIwcCJ9",
    "decoded_data": {
      "id": 124752,
      "i": 1,
      "q": "720p"
    },
    "stream_url": "https://desudrive.com/stream/yuplod.php?id=4p1fQdW5JuP8",
    "is_default": false,
    "timestamp": "2025-09-12T09:10:37.899Z"
  },
  {
    "anime_title": "Boruto On-Going",
    "episode_title": "Boruto: Naruto Next Generations Episode 261 Subtitle Indonesia",
    "episode_link": "https://otakudesu.best/episode/btr-nng-episode-261-sub-indo/",
    "episode_date": "7 Agustus,2022",
    "server": "mp4load",
    "quality": "720p",
    "data_content": "eyJpZCI6MTI0NzUyLCJpIjoyLCJxIjoiNzIwcCJ9",
    "decoded_data": {
      "id": 124752,
      "i": 2,
      "q": "720p"
    },
    "stream_url": "https://www.mp4upload.com/embed-6l2w3t1o54io.html",
    "is_default": false,
    "timestamp": "2025-09-12T09:10:37.944Z"
  },
  {
    "anime_title": "Boruto On-Going",
    "episode_title": "Boruto: Naruto Next Generations Episode 261 Subtitle Indonesia",
    "episode_link": "https://otakudesu.best/episode/btr-nng-episode-261-sub-indo/",
    "episode_date": "7 Agustus,2022",
    "server": "mega",
    "quality": "720p",
    "data_content": "eyJpZCI6MTI0NzUyLCJpIjozLCJxIjoiNzIwcCJ9",
    "decoded_data": {
      "id": 124752,
      "i": 3,
      "q": "720p"
    },
    "stream_url": "https://mega.nz/embed/agt0AK4Y#cfw1fp_z3NtgaZOyufu7TSfq_dNg-W-p8TFoGRUL4XM",
    "is_default": false,
    "timestamp": "2025-09-12T09:10:37.970Z"
  },
  {
    "anime_title": "Boruto On-Going",
    "episode_title": "Boruto: Naruto Next Generations Episode 261 Subtitle Indonesia",
    "episode_link": "https://otakudesu.best/episode/btr-nng-episode-261-sub-indo/",
    "episode_date": "7 Agustus,2022",
    "server": "yourupload",
    "quality": "360p",
    "data_content": "eyJpZCI6MTI0NzUyLCJpIjowLCJxIjoiMzYwcCJ9",
    "decoded_data": {
      "id": 124752,
      "i": 0,
      "q": "360p"
    },
    "stream_url": "https://desudrive.com/stream/yuplod.php?id=f46MHp7ay55t",
    "is_default": false,
    "timestamp": "2025-09-12T09:10:37.575Z"
  },
  {
    "anime_title": "Boruto On-Going",
    "episode_title": "Boruto: Naruto Next Generations Episode 261 Subtitle Indonesia",
    "episode_link": "https://otakudesu.best/episode/btr-nng-episode-261-sub-indo/",
    "episode_date": "7 Agustus,2022",
    "server": "mp4load",
    "quality": "360p",
    "data_content": "eyJpZCI6MTI0NzUyLCJpIjoxLCJxIjoiMzYwcCJ9",
    "decoded_data": {
      "id": 124752,
      "i": 1,
      "q": "360p"
    },
    "stream_url": "https://www.mp4upload.com/embed-weqoki0unk56.html",
    "is_default": false,
    "timestamp": "2025-09-12T09:10:37.605Z"
  },
  {
    "anime_title": "Boruto On-Going",
    "episode_title": "Boruto: Naruto Next Generations Episode 261 Subtitle Indonesia",
    "episode_link": "https://otakudesu.best/episode/btr-nng-episode-261-sub-indo/",
    "episode_date": "7 Agustus,2022",
    "server": "mega",
    "quality": "360p",
    "data_content": "eyJpZCI6MTI0NzUyLCJpIjoyLCJxIjoiMzYwcCJ9",
    "decoded_data": {
      "id": 124752,
      "i": 2,
      "q": "360p"
    },
    "stream_url": "https://mega.nz/embed/K89iAAIT#ouWXO4W2T72J-7tLjFsLXAvpdUXUN551AaPxv3ZmE8w",
    "is_default": false,
    "timestamp": "2025-09-12T09:10:37.674Z"
  },
  {
    "anime_title": "Boruto On-Going",
    "episode_title": "Boruto: Naruto Next Generations Episode 261 Subtitle Indonesia",
    "episode_link": "https://otakudesu.best/episode/btr-nng-episode-261-sub-indo/",
    "episode_date": "7 Agustus,2022",
    "server": "ondesu",
    "quality": "480p",
    "data_content": "eyJpZCI6MTI0NzUyLCJpIjowLCJxIjoiNDgwcCJ9",
    "decoded_data": {
      "id": 124752,
      "i": 0,
      "q": "480p"
    },
    "stream_url": "https://desustream.info/dstream/ondesu/v5/index.php?id=dzFPWmVCUDdEZ2tjMy9DRWJLeWg0UGozcXZ0T2VGY09VakhwK1FlVmUrVT0=",
    "is_default": true,
    "timestamp": "2025-09-12T09:10:37.651Z"
  },
  {
    "anime_title": "Boruto On-Going",
    "episode_title": "Boruto: Naruto Next Generations Episode 261 Subtitle Indonesia",
    "episode_link": "https://otakudesu.best/episode/btr-nng-episode-261-sub-indo/",
    "episode_date": "7 Agustus,2022",
    "server": "odstream",
    "quality": "480p",
    "data_content": "eyJpZCI6MTI0NzUyLCJpIjoxLCJxIjoiNDgwcCJ9",
    "decoded_data": {
      "id": 124752,
      "i": 1,
      "q": "480p"
    },
    "stream_url": "https://desustream.info/dstream/arcg/?id=WDdzYlBNK0tPQ1NLcnJHdThWcUJlMmNPakREaklUU1NYTWJkVXNtaisxbGdUOXF0VlFvejBvNUdpdHVzWW9xVA==",
    "is_default": false,
    "timestamp": "2025-09-12T09:10:37.722Z"
  },
  {
    "anime_title": "Boruto On-Going",
    "episode_title": "Boruto: Naruto Next Generations Episode 261 Subtitle Indonesia",
    "episode_link": "https://otakudesu.best/episode/btr-nng-episode-261-sub-indo/",
    "episode_date": "7 Agustus,2022",
    "server": "mp4load",
    "quality": "480p",
    "data_content": "eyJpZCI6MTI0NzUyLCJpIjoyLCJxIjoiNDgwcCJ9",
    "decoded_data": {
      "id": 124752,
      "i": 2,
      "q": "480p"
    },
    "stream_url": "https://www.mp4upload.com/embed-0mt5evt3uv95.html",
    "is_default": false,
    "timestamp": "2025-09-12T09:10:37.787Z"
  },
  {
    "anime_title": "Boruto On-Going",
    "episode_title": "Boruto: Naruto Next Generations Episode 261 Subtitle Indonesia",
    "episode_link": "https://otakudesu.best/episode/btr-nng-episode-261-sub-indo/",
    "episode_date": "7 Agustus,2022",
    "server": "mega",
    "quality": "480p",
    "data_content": "eyJpZCI6MTI0NzUyLCJpIjozLCJxIjoiNDgwcCJ9",
    "decoded_data": {
      "id": 124752,
      "i": 3,
      "q": "480p"
    },
    "stream_url": "https://mega.nz/embed/X1M0RCYR#cxnuefXkU1S7Hj8kc7YilKbVT8PS6MbyWrYxgOnIh7s",
    "is_default": false,
    "timestamp": "2025-09-12T09:10:37.763Z"
  },
  {
    "anime_title": "Boruto On-Going",
    "episode_title": "Boruto: Naruto Next Generations Episode 261 Subtitle Indonesia",
    "episode_link": "https://otakudesu.best/episode/btr-nng-episode-261-sub-indo/",
    "episode_date": "7 Agustus,2022",
    "server": "yourupload",
    "quality": "480p",
    "data_content": "eyJpZCI6MTI0NzUyLCJpIjo0LCJxIjoiNDgwcCJ9",
    "decoded_data": {
      "id": 124752,
      "i": 4,
      "q": "480p"
    },
    "stream_url": "https://desudrive.com/stream/yuplod.php?id=Vkj1WJc7YMp8",
    "is_default": false,
    "timestamp": "2025-09-12T09:10:37.831Z"
  },
  {
    "anime_title": "Boruto On-Going",
    "episode_title": "Boruto: Naruto Next Generations Episode 261 Subtitle Indonesia",
    "episode_link": "https://otakudesu.best/episode/btr-nng-episode-261-sub-indo/",
    "episode_date": "7 Agustus,2022",
    "server": "odstream",
    "quality": "720p",
    "data_content": "eyJpZCI6MTI0NzUyLCJpIjowLCJxIjoiNzIwcCJ9",
    "decoded_data": {
      "id": 124752,
      "i": 0,
      "q": "720p"
    },
    "stream_url": "https://desustream.info/dstream/arcg/?id=WDdzYlBNK0tPQ1NLcnJHdThWcUJlMmNPakREaklUU1NYTWJkVXNtaisxbTNMaG9lYVJrN040cm5VblhuZjZtdw==",
    "is_default": false,
    "timestamp": "2025-09-12T09:10:37.854Z"
  },
  {
    "anime_title": "Boruto On-Going",
    "episode_title": "Boruto: Naruto Next Generations Episode 261 Subtitle Indonesia",
    "episode_link": "https://otakudesu.best/episode/btr-nng-episode-261-sub-indo/",
    "episode_date": "7 Agustus,2022",
    "server": "yourupload",
    "quality": "720p",
    "data_content": "eyJpZCI6MTI0NzUyLCJpIjoxLCJxIjoiNzIwcCJ9",
    "decoded_data": {
      "id": 124752,
      "i": 1,
      "q": "720p"
    },
    "stream_url": "https://desudrive.com/stream/yuplod.php?id=4p1fQdW5JuP8",
    "is_default": false,
    "timestamp": "2025-09-12T09:10:37.899Z"
  },
  {
    "anime_title": "Boruto On-Going",
    "episode_title": "Boruto: Naruto Next Generations Episode 261 Subtitle Indonesia",
    "episode_link": "https://otakudesu.best/episode/btr-nng-episode-261-sub-indo/",
    "episode_date": "7 Agustus,2022",
    "server": "mp4load",
    "quality": "720p",
    "data_content": "eyJpZCI6MTI0NzUyLCJpIjoyLCJxIjoiNzIwcCJ9",
    "decoded_data": {
      "id": 124752,
      "i": 2,
      "q": "720p"
    },
    "stream_url": "https://www.mp4upload.com/embed-6l2w3t1o54io.html",
    "is_default": false,
    "timestamp": "2025-09-12T09:10:37.944Z"
  },
  {
    "anime_title": "Boruto On-Going",
    "episode_title": "Boruto: Naruto Next Generations Episode 261 Subtitle Indonesia",
    "episode_link": "https://otakudesu.best/episode/btr-nng-episode-261-sub-indo/",
    "episode_date": "7 Agustus,2022",
    "server": "mega",
    "quality": "720p",
    "data_content": "eyJpZCI6MTI0NzUyLCJpIjozLCJxIjoiNzIwcCJ9",
    "decoded_data": {
      "id": 124752,
      "i": 3,
      "q": "720p"
    },
    "stream_url": "https://mega.nz/embed/agt0AK4Y#cfw1fp_z3NtgaZOyufu7TSfq_dNg-W-p8TFoGRUL4XM",
    "is_default": false,
    "timestamp": "2025-09-12T09:10:37.970Z"
  },
  {
    "anime_title": "Boruto On-Going",
    "episode_title": "Boruto: Naruto Next Generations Episode 262 Subtitle Indonesia",
    "episode_link": "https://otakudesu.best/episode/btr-nng-episode-262-sub-indo/",
    "episode_date": "14 Agustus,2022",
    "server": "odstream",
    "quality": "360p",
    "data_content": "eyJpZCI6MTI0OTM3LCJpIjowLCJxIjoiMzYwcCJ9",
    "decoded_data": {
      "id": 124937,
      "i": 0,
      "q": "360p"
    },
    "stream_url": "https://desustream.info/dstream/arcg/?id=NWNSQlNiM2pwTjVML3dkbjY4YTl6cU4wRTFrd2lDbTloMDl2Q3d4WWVnSzFRaUFaRmxTRVZWa3laQXNiamcrRA==",
    "is_default": false,
    "timestamp": "2025-09-12T09:10:38.858Z"
  },
  {
    "anime_title": "Boruto On-Going",
    "episode_title": "Boruto: Naruto Next Generations Episode 262 Subtitle Indonesia",
    "episode_link": "https://otakudesu.best/episode/btr-nng-episode-262-sub-indo/",
    "episode_date": "14 Agustus,2022",
    "server": "yourupload",
    "quality": "360p",
    "data_content": "eyJpZCI6MTI0OTM3LCJpIjoxLCJxIjoiMzYwcCJ9",
    "decoded_data": {
      "id": 124937,
      "i": 1,
      "q": "360p"
    },
    "stream_url": "https://desudrive.com/stream/yuplod.php?id=2A5K1aqoXt1V",
    "is_default": false,
    "timestamp": "2025-09-12T09:10:38.912Z"
  },
  {
    "anime_title": "Boruto On-Going",
    "episode_title": "Boruto: Naruto Next Generations Episode 262 Subtitle Indonesia",
    "episode_link": "https://otakudesu.best/episode/btr-nng-episode-262-sub-indo/",
    "episode_date": "14 Agustus,2022",
    "server": "mp4load",
    "quality": "360p",
    "data_content": "eyJpZCI6MTI0OTM3LCJpIjoyLCJxIjoiMzYwcCJ9",
    "decoded_data": {
      "id": 124937,
      "i": 2,
      "q": "360p"
    },
    "stream_url": "https://www.mp4upload.com/embed-tc1ytwcze487.html",
    "is_default": false,
    "timestamp": "2025-09-12T09:10:38.944Z"
  },
  {
    "anime_title": "Boruto On-Going",
    "episode_title": "Boruto: Naruto Next Generations Episode 262 Subtitle Indonesia",
    "episode_link": "https://otakudesu.best/episode/btr-nng-episode-262-sub-indo/",
    "episode_date": "14 Agustus,2022",
    "server": "mega",
    "quality": "360p",
    "data_content": "eyJpZCI6MTI0OTM3LCJpIjozLCJxIjoiMzYwcCJ9",
    "decoded_data": {
      "id": 124937,
      "i": 3,
      "q": "360p"
    },
    "stream_url": "https://mega.nz/embed/sp50DJob#Ty8DEgDj7i0ggn25VOtJAr3Ux0owIYgAQpdnQq9vkCQ",
    "is_default": false,
    "timestamp": "2025-09-12T09:10:38.975Z"
  },
  {
    "anime_title": "Boruto On-Going",
    "episode_title": "Boruto: Naruto Next Generations Episode 262 Subtitle Indonesia",
    "episode_link": "https://otakudesu.best/episode/btr-nng-episode-262-sub-indo/",
    "episode_date": "14 Agustus,2022",
    "server": "ondesu",
    "quality": "480p",
    "data_content": "eyJpZCI6MTI0OTM3LCJpIjowLCJxIjoiNDgwcCJ9",
    "decoded_data": {
      "id": 124937,
      "i": 0,
      "q": "480p"
    },
    "stream_url": "https://desustream.info/dstream/ondesu/v5/index.php?id=UTdzZk9hN3JBTlJqVjk1VThOcGVRV0tPdmxWMTZ6azdiSEdkTkFLckxMbz0=",
    "is_default": true,
    "timestamp": "2025-09-12T09:10:39.030Z"
  },
  {
    "anime_title": "Boruto On-Going",
    "episode_title": "Boruto: Naruto Next Generations Episode 262 Subtitle Indonesia",
    "episode_link": "https://otakudesu.best/episode/btr-nng-episode-262-sub-indo/",
    "episode_date": "14 Agustus,2022",
    "server": "odstream",
    "quality": "480p",
    "data_content": "eyJpZCI6MTI0OTM3LCJpIjoxLCJxIjoiNDgwcCJ9",
    "decoded_data": {
      "id": 124937,
      "i": 1,
      "q": "480p"
    },
    "stream_url": "https://desustream.info/dstream/arcg/?id=NWNSQlNiM2pwTjVML3dkbjY4YTl6cU4wRTFrd2lDbTloMDl2Q3d4WWVnSTBZWTJ0RnlpSFlWUElueWtrdmpKVw==",
    "is_default": false,
    "timestamp": "2025-09-12T09:10:39.062Z"
  },
  {
    "anime_title": "Boruto On-Going",
    "episode_title": "Boruto: Naruto Next Generations Episode 262 Subtitle Indonesia",
    "episode_link": "https://otakudesu.best/episode/btr-nng-episode-262-sub-indo/",
    "episode_date": "14 Agustus,2022",
    "server": "mp4load",
    "quality": "480p",
    "data_content": "eyJpZCI6MTI0OTM3LCJpIjoyLCJxIjoiNDgwcCJ9",
    "decoded_data": {
      "id": 124937,
      "i": 2,
      "q": "480p"
    },
    "stream_url": "https://www.mp4upload.com/embed-kemb6zn4rjvf.html",
    "is_default": false,
    "timestamp": "2025-09-12T09:10:39.091Z"
  },
  {
    "anime_title": "Boruto On-Going",
    "episode_title": "Boruto: Naruto Next Generations Episode 262 Subtitle Indonesia",
    "episode_link": "https://otakudesu.best/episode/btr-nng-episode-262-sub-indo/",
    "episode_date": "14 Agustus,2022",
    "server": "mega",
    "quality": "480p",
    "data_content": "eyJpZCI6MTI0OTM3LCJpIjozLCJxIjoiNDgwcCJ9",
    "decoded_data": {
      "id": 124937,
      "i": 3,
      "q": "480p"
    },
    "stream_url": "https://mega.nz/embed/stByVR5C#mexxCyWax6NYTZ2eLPJ-cR3vOigLm3wy_7JHRuqsIC0",
    "is_default": false,
    "timestamp": "2025-09-12T09:10:39.139Z"
  },
  {
    "anime_title": "Boruto On-Going",
    "episode_title": "Boruto: Naruto Next Generations Episode 262 Subtitle Indonesia",
    "episode_link": "https://otakudesu.best/episode/btr-nng-episode-262-sub-indo/",
    "episode_date": "14 Agustus,2022",
    "server": "yourupload",
    "quality": "480p",
    "data_content": "eyJpZCI6MTI0OTM3LCJpIjo0LCJxIjoiNDgwcCJ9",
    "decoded_data": {
      "id": 124937,
      "i": 4,
      "q": "480p"
    },
    "stream_url": "https://desudrive.com/stream/yuplod.php?id=xumWky7r58UL",
    "is_default": false,
    "timestamp": "2025-09-12T09:10:39.185Z"
  },
  {
    "anime_title": "Boruto On-Going",
    "episode_title": "Boruto: Naruto Next Generations Episode 262 Subtitle Indonesia",
    "episode_link": "https://otakudesu.best/episode/btr-nng-episode-262-sub-indo/",
    "episode_date": "14 Agustus,2022",
    "server": "odstream",
    "quality": "720p",
    "data_content": "eyJpZCI6MTI0OTM3LCJpIjowLCJxIjoiNzIwcCJ9",
    "decoded_data": {
      "id": 124937,
      "i": 0,
      "q": "720p"
    },
    "stream_url": "https://desustream.info/dstream/arcg/?id=NWNSQlNiM2pwTjVML3dkbjY4YTl6cU4wRTFrd2lDbTloMDl2Q3d4WWVnSlpFaFpIclFHMzUraW14WlNkNVVLSg==",
    "is_default": false,
    "timestamp": "2025-09-12T09:10:39.221Z"
  },
  {
    "anime_title": "Boruto On-Going",
    "episode_title": "Boruto: Naruto Next Generations Episode 262 Subtitle Indonesia",
    "episode_link": "https://otakudesu.best/episode/btr-nng-episode-262-sub-indo/",
    "episode_date": "14 Agustus,2022",
    "server": "yourupload",
    "quality": "720p",
    "data_content": "eyJpZCI6MTI0OTM3LCJpIjoxLCJxIjoiNzIwcCJ9",
    "decoded_data": {
      "id": 124937,
      "i": 1,
      "q": "720p"
    },
    "stream_url": "https://desudrive.com/stream/yuplod.php?id=Megy4NkLbX68",
    "is_default": false,
    "timestamp": "2025-09-12T09:10:39.310Z"
  },
  {
    "anime_title": "Boruto On-Going",
    "episode_title": "Boruto: Naruto Next Generations Episode 262 Subtitle Indonesia",
    "episode_link": "https://otakudesu.best/episode/btr-nng-episode-262-sub-indo/",
    "episode_date": "14 Agustus,2022",
    "server": "mp4load",
    "quality": "720p",
    "data_content": "eyJpZCI6MTI0OTM3LCJpIjoyLCJxIjoiNzIwcCJ9",
    "decoded_data": {
      "id": 124937,
      "i": 2,
      "q": "720p"
    },
    "stream_url": "https://www.mp4upload.com/embed-ekmgq8tqh4ae.html",
    "is_default": false,
    "timestamp": "2025-09-12T09:10:39.378Z"
  },
  {
    "anime_title": "Boruto On-Going",
    "episode_title": "Boruto: Naruto Next Generations Episode 262 Subtitle Indonesia",
    "episode_link": "https://otakudesu.best/episode/btr-nng-episode-262-sub-indo/",
    "episode_date": "14 Agustus,2022",
    "server": "mega",
    "quality": "720p",
    "data_content": "eyJpZCI6MTI0OTM3LCJpIjozLCJxIjoiNzIwcCJ9",
    "decoded_data": {
      "id": 124937,
      "i": 3,
      "q": "720p"
    },
    "stream_url": "https://mega.nz/embed/9pwFEYqI#6ipGunlq3Inc6y1RHHG2y8-dNYH0ut1kYZCxhiRgLZs",
    "is_default": false,
    "timestamp": "2025-09-12T09:10:39.512Z"
  },
  {
    "anime_title": "Boruto On-Going",
    "episode_title": "Boruto: Naruto Next Generations Episode 262 Subtitle Indonesia",
    "episode_link": "https://otakudesu.best/episode/btr-nng-episode-262-sub-indo/",
    "episode_date": "14 Agustus,2022",
    "server": "odstream",
    "quality": "360p",
    "data_content": "eyJpZCI6MTI0OTM3LCJpIjowLCJxIjoiMzYwcCJ9",
    "decoded_data": {
      "id": 124937,
      "i": 0,
      "q": "360p"
    },
    "stream_url": "https://desustream.info/dstream/arcg/?id=NWNSQlNiM2pwTjVML3dkbjY4YTl6cU4wRTFrd2lDbTloMDl2Q3d4WWVnSzFRaUFaRmxTRVZWa3laQXNiamcrRA==",
    "is_default": false,
    "timestamp": "2025-09-12T09:10:38.858Z"
  },
  {
    "anime_title": "Boruto On-Going",
    "episode_title": "Boruto: Naruto Next Generations Episode 262 Subtitle Indonesia",
    "episode_link": "https://otakudesu.best/episode/btr-nng-episode-262-sub-indo/",
    "episode_date": "14 Agustus,2022",
    "server": "yourupload",
    "quality": "360p",
    "data_content": "eyJpZCI6MTI0OTM3LCJpIjoxLCJxIjoiMzYwcCJ9",
    "decoded_data": {
      "id": 124937,
      "i": 1,
      "q": "360p"
    },
    "stream_url": "https://desudrive.com/stream/yuplod.php?id=2A5K1aqoXt1V",
    "is_default": false,
    "timestamp": "2025-09-12T09:10:38.912Z"
  },
  {
    "anime_title": "Boruto On-Going",
    "episode_title": "Boruto: Naruto Next Generations Episode 262 Subtitle Indonesia",
    "episode_link": "https://otakudesu.best/episode/btr-nng-episode-262-sub-indo/",
    "episode_date": "14 Agustus,2022",
    "server": "mp4load",
    "quality": "360p",
    "data_content": "eyJpZCI6MTI0OTM3LCJpIjoyLCJxIjoiMzYwcCJ9",
    "decoded_data": {
      "id": 124937,
      "i": 2,
      "q": "360p"
    },
    "stream_url": "https://www.mp4upload.com/embed-tc1ytwcze487.html",
    "is_default": false,
    "timestamp": "2025-09-12T09:10:38.944Z"
  },
  {
    "anime_title": "Boruto On-Going",
    "episode_title": "Boruto: Naruto Next Generations Episode 262 Subtitle Indonesia",
    "episode_link": "https://otakudesu.best/episode/btr-nng-episode-262-sub-indo/",
    "episode_date": "14 Agustus,2022",
    "server": "mega",
    "quality": "360p",
    "data_content": "eyJpZCI6MTI0OTM3LCJpIjozLCJxIjoiMzYwcCJ9",
    "decoded_data": {
      "id": 124937,
      "i": 3,
      "q": "360p"
    },
    "stream_url": "https://mega.nz/embed/sp50DJob#Ty8DEgDj7i0ggn25VOtJAr3Ux0owIYgAQpdnQq9vkCQ",
    "is_default": false,
    "timestamp": "2025-09-12T09:10:38.975Z"
  },
  {
    "anime_title": "Boruto On-Going",
    "episode_title": "Boruto: Naruto Next Generations Episode 262 Subtitle Indonesia",
    "episode_link": "https://otakudesu.best/episode/btr-nng-episode-262-sub-indo/",
    "episode_date": "14 Agustus,2022",
    "server": "ondesu",
    "quality": "480p",
    "data_content": "eyJpZCI6MTI0OTM3LCJpIjowLCJxIjoiNDgwcCJ9",
    "decoded_data": {
      "id": 124937,
      "i": 0,
      "q": "480p"
    },
    "stream_url": "https://desustream.info/dstream/ondesu/v5/index.php?id=UTdzZk9hN3JBTlJqVjk1VThOcGVRV0tPdmxWMTZ6azdiSEdkTkFLckxMbz0=",
    "is_default": true,
    "timestamp": "2025-09-12T09:10:39.030Z"
  },
  {
    "anime_title": "Boruto On-Going",
    "episode_title": "Boruto: Naruto Next Generations Episode 262 Subtitle Indonesia",
    "episode_link": "https://otakudesu.best/episode/btr-nng-episode-262-sub-indo/",
    "episode_date": "14 Agustus,2022",
    "server": "odstream",
    "quality": "480p",
    "data_content": "eyJpZCI6MTI0OTM3LCJpIjoxLCJxIjoiNDgwcCJ9",
    "decoded_data": {
      "id": 124937,
      "i": 1,
      "q": "480p"
    },
    "stream_url": "https://desustream.info/dstream/arcg/?id=NWNSQlNiM2pwTjVML3dkbjY4YTl6cU4wRTFrd2lDbTloMDl2Q3d4WWVnSTBZWTJ0RnlpSFlWUElueWtrdmpKVw==",
    "is_default": false,
    "timestamp": "2025-09-12T09:10:39.062Z"
  },
  {
    "anime_title": "Boruto On-Going",
    "episode_title": "Boruto: Naruto Next Generations Episode 262 Subtitle Indonesia",
    "episode_link": "https://otakudesu.best/episode/btr-nng-episode-262-sub-indo/",
    "episode_date": "14 Agustus,2022",
    "server": "mp4load",
    "quality": "480p",
    "data_content": "eyJpZCI6MTI0OTM3LCJpIjoyLCJxIjoiNDgwcCJ9",
    "decoded_data": {
      "id": 124937,
      "i": 2,
      "q": "480p"
    },
    "stream_url": "https://www.mp4upload.com/embed-kemb6zn4rjvf.html",
    "is_default": false,
    "timestamp": "2025-09-12T09:10:39.091Z"
  },
  {
    "anime_title": "Boruto On-Going",
    "episode_title": "Boruto: Naruto Next Generations Episode 262 Subtitle Indonesia",
    "episode_link": "https://otakudesu.best/episode/btr-nng-episode-262-sub-indo/",
    "episode_date": "14 Agustus,2022",
    "server": "mega",
    "quality": "480p",
    "data_content": "eyJpZCI6MTI0OTM3LCJpIjozLCJxIjoiNDgwcCJ9",
    "decoded_data": {
      "id": 124937,
      "i": 3,
      "q": "480p"
    },
    "stream_url": "https://mega.nz/embed/stByVR5C#mexxCyWax6NYTZ2eLPJ-cR3vOigLm3wy_7JHRuqsIC0",
    "is_default": false,
    "timestamp": "2025-09-12T09:10:39.139Z"
  },
  {
    "anime_title": "Boruto On-Going",
    "episode_title": "Boruto: Naruto Next Generations Episode 262 Subtitle Indonesia",
    "episode_link": "https://otakudesu.best/episode/btr-nng-episode-262-sub-indo/",
    "episode_date": "14 Agustus,2022",
    "server": "yourupload",
    "quality": "480p",
    "data_content": "eyJpZCI6MTI0OTM3LCJpIjo0LCJxIjoiNDgwcCJ9",
    "decoded_data": {
      "id": 124937,
      "i": 4,
      "q": "480p"
    },
    "stream_url": "https://desudrive.com/stream/yuplod.php?id=xumWky7r58UL",
    "is_default": false,
    "timestamp": "2025-09-12T09:10:39.185Z"
  },
  {
    "anime_title": "Boruto On-Going",
    "episode_title": "Boruto: Naruto Next Generations Episode 262 Subtitle Indonesia",
    "episode_link": "https://otakudesu.best/episode/btr-nng-episode-262-sub-indo/",
    "episode_date": "14 Agustus,2022",
    "server": "odstream",
    "quality": "720p",
    "data_content": "eyJpZCI6MTI0OTM3LCJpIjowLCJxIjoiNzIwcCJ9",
    "decoded_data": {
      "id": 124937,
      "i": 0,
      "q": "720p"
    },
    "stream_url": "https://desustream.info/dstream/arcg/?id=NWNSQlNiM2pwTjVML3dkbjY4YTl6cU4wRTFrd2lDbTloMDl2Q3d4WWVnSlpFaFpIclFHMzUraW14WlNkNVVLSg==",
    "is_default": false,
    "timestamp": "2025-09-12T09:10:39.221Z"
  },
  {
    "anime_title": "Boruto On-Going",
    "episode_title": "Boruto: Naruto Next Generations Episode 262 Subtitle Indonesia",
    "episode_link": "https://otakudesu.best/episode/btr-nng-episode-262-sub-indo/",
    "episode_date": "14 Agustus,2022",
    "server": "yourupload",
    "quality": "720p",
    "data_content": "eyJpZCI6MTI0OTM3LCJpIjoxLCJxIjoiNzIwcCJ9",
    "decoded_data": {
      "id": 124937,
      "i": 1,
      "q": "720p"
    },
    "stream_url": "https://desudrive.com/stream/yuplod.php?id=Megy4NkLbX68",
    "is_default": false,
    "timestamp": "2025-09-12T09:10:39.310Z"
  },
  {
    "anime_title": "Boruto On-Going",
    "episode_title": "Boruto: Naruto Next Generations Episode 262 Subtitle Indonesia",
    "episode_link": "https://otakudesu.best/episode/btr-nng-episode-262-sub-indo/",
    "episode_date": "14 Agustus,2022",
    "server": "mp4load",
    "quality": "720p",
    "data_content": "eyJpZCI6MTI0OTM3LCJpIjoyLCJxIjoiNzIwcCJ9",
    "decoded_data": {
      "id": 124937,
      "i": 2,
      "q": "720p"
    },
    "stream_url": "https://www.mp4upload.com/embed-ekmgq8tqh4ae.html",
    "is_default": false,
    "timestamp": "2025-09-12T09:10:39.378Z"
  },
  {
    "anime_title": "Boruto On-Going",
    "episode_title": "Boruto: Naruto Next Generations Episode 262 Subtitle Indonesia",
    "episode_link": "https://otakudesu.best/episode/btr-nng-episode-262-sub-indo/",
    "episode_date": "14 Agustus,2022",
    "server": "mega",
    "quality": "720p",
    "data_content": "eyJpZCI6MTI0OTM3LCJpIjozLCJxIjoiNzIwcCJ9",
    "decoded_data": {
      "id": 124937,
      "i": 3,
      "q": "720p"
    },
    "stream_url": "https://mega.nz/embed/9pwFEYqI#6ipGunlq3Inc6y1RHHG2y8-dNYH0ut1kYZCxhiRgLZs",
    "is_default": false,
    "timestamp": "2025-09-12T09:10:39.512Z"
  },
  {
    "anime_title": "Boruto On-Going",
    "episode_title": "Boruto: Naruto Next Generations Episode 263 Subtitle Indonesia",
    "episode_link": "https://otakudesu.best/episode/btr-nng-episode-263-sub-indo/",
    "episode_date": "21 Agustus,2022",
    "server": "odstream",
    "quality": "360p",
    "data_content": "eyJpZCI6MTI1MzA5LCJpIjowLCJxIjoiMzYwcCJ9",
    "decoded_data": {
      "id": 125309,
      "i": 0,
      "q": "360p"
    },
    "stream_url": "https://desustream.info/dstream/arcg/?id=emppb1poWFFFaTRxWks2Nk1DbEdDSm5LTld2dnZaZTRRZWdLK1NBaGJiWTNUU2ZRRmtScCtXdEdzZ0Vaa2JSTQ==",
    "is_default": false,
    "timestamp": "2025-09-12T09:10:40.413Z"
  },
  {
    "anime_title": "Boruto On-Going",
    "episode_title": "Boruto: Naruto Next Generations Episode 263 Subtitle Indonesia",
    "episode_link": "https://otakudesu.best/episode/btr-nng-episode-263-sub-indo/",
    "episode_date": "21 Agustus,2022",
    "server": "yourupload",
    "quality": "360p",
    "data_content": "eyJpZCI6MTI1MzA5LCJpIjoxLCJxIjoiMzYwcCJ9",
    "decoded_data": {
      "id": 125309,
      "i": 1,
      "q": "360p"
    },
    "stream_url": "https://desudrive.com/stream/yuplod.php?id=Em6e3vrrl3dC",
    "is_default": false,
    "timestamp": "2025-09-12T09:10:40.446Z"
  },
  {
    "anime_title": "Boruto On-Going",
    "episode_title": "Boruto: Naruto Next Generations Episode 263 Subtitle Indonesia",
    "episode_link": "https://otakudesu.best/episode/btr-nng-episode-263-sub-indo/",
    "episode_date": "21 Agustus,2022",
    "server": "mega",
    "quality": "360p",
    "data_content": "eyJpZCI6MTI1MzA5LCJpIjoyLCJxIjoiMzYwcCJ9",
    "decoded_data": {
      "id": 125309,
      "i": 2,
      "q": "360p"
    },
    "stream_url": "https://mega.nz/embed/8n5jzJ5B#ySB1iJhQzgcBqs8DRJFIYoGkkeSK06PBYykgRHM95W0",
    "is_default": false,
    "timestamp": "2025-09-12T09:10:40.643Z"
  },
  {
    "anime_title": "Boruto On-Going",
    "episode_title": "Boruto: Naruto Next Generations Episode 263 Subtitle Indonesia",
    "episode_link": "https://otakudesu.best/episode/btr-nng-episode-263-sub-indo/",
    "episode_date": "21 Agustus,2022",
    "server": "mp4load",
    "quality": "480p",
    "data_content": "eyJpZCI6MTI1MzA5LCJpIjo0LCJxIjoiNDgwcCJ9",
    "decoded_data": {
      "id": 125309,
      "i": 4,
      "q": "480p"
    },
    "stream_url": "https://www.mp4upload.com/embed-ptf0xmec8vn7.html",
    "is_default": false,
    "timestamp": "2025-09-12T09:10:40.732Z"
  },
  {
    "anime_title": "Boruto On-Going",
    "episode_title": "Boruto: Naruto Next Generations Episode 263 Subtitle Indonesia",
    "episode_link": "https://otakudesu.best/episode/btr-nng-episode-263-sub-indo/",
    "episode_date": "21 Agustus,2022",
    "server": "mega",
    "quality": "480p",
    "data_content": "eyJpZCI6MTI1MzA5LCJpIjozLCJxIjoiNDgwcCJ9",
    "decoded_data": {
      "id": 125309,
      "i": 3,
      "q": "480p"
    },
    "stream_url": "https://mega.nz/embed/FmpBAK4A#Bgbl493Ktl2qD9P-foikFQ6i7XOZO4GkNLvsyimq_y4",
    "is_default": false,
    "timestamp": "2025-09-12T09:10:40.760Z"
  },
  {
    "anime_title": "Boruto On-Going",
    "episode_title": "Boruto: Naruto Next Generations Episode 263 Subtitle Indonesia",
    "episode_link": "https://otakudesu.best/episode/btr-nng-episode-263-sub-indo/",
    "episode_date": "21 Agustus,2022",
    "server": "odstream",
    "quality": "720p",
    "data_content": "eyJpZCI6MTI1MzA5LCJpIjowLCJxIjoiNzIwcCJ9",
    "decoded_data": {
      "id": 125309,
      "i": 0,
      "q": "720p"
    },
    "stream_url": "https://desustream.info/dstream/arcg/?id=emppb1poWFFFaTRxWks2Nk1DbEdDSm5LTld2dnZaZTRRZWdLK1NBaGJiYnNSQzZTZFpuMWJ6ZHVQRUNpV09Zag==",
    "is_default": false,
    "timestamp": "2025-09-12T09:10:40.790Z"
  },
  {
    "anime_title": "Boruto On-Going",
    "episode_title": "Boruto: Naruto Next Generations Episode 263 Subtitle Indonesia",
    "episode_link": "https://otakudesu.best/episode/btr-nng-episode-263-sub-indo/",
    "episode_date": "21 Agustus,2022",
    "server": "yourupload",
    "quality": "720p",
    "data_content": "eyJpZCI6MTI1MzA5LCJpIjoxLCJxIjoiNzIwcCJ9",
    "decoded_data": {
      "id": 125309,
      "i": 1,
      "q": "720p"
    },
    "stream_url": "https://desudrive.com/stream/yuplod.php?id=8CLgEOji401b",
    "is_default": false,
    "timestamp": "2025-09-12T09:10:40.823Z"
  },
  {
    "anime_title": "Boruto On-Going",
    "episode_title": "Boruto: Naruto Next Generations Episode 263 Subtitle Indonesia",
    "episode_link": "https://otakudesu.best/episode/btr-nng-episode-263-sub-indo/",
    "episode_date": "21 Agustus,2022",
    "server": "mega",
    "quality": "720p",
    "data_content": "eyJpZCI6MTI1MzA5LCJpIjoyLCJxIjoiNzIwcCJ9",
    "decoded_data": {
      "id": 125309,
      "i": 2,
      "q": "720p"
    },
    "stream_url": "https://mega.nz/embed/UnxxFYhD#WF9YnxbaGHcV8x5CzVYTYhEh-PNX73ajfKWz9UX1HJA",
    "is_default": false,
    "timestamp": "2025-09-12T09:10:40.872Z"
  },
  {
    "anime_title": "Boruto On-Going",
    "episode_title": "Boruto: Naruto Next Generations Episode 263 Subtitle Indonesia",
    "episode_link": "https://otakudesu.best/episode/btr-nng-episode-263-sub-indo/",
    "episode_date": "21 Agustus,2022",
    "server": "mp4load",
    "quality": "360p",
    "data_content": "eyJpZCI6MTI1MzA5LCJpIjozLCJxIjoiMzYwcCJ9",
    "decoded_data": {
      "id": 125309,
      "i": 3,
      "q": "360p"
    },
    "stream_url": "https://www.mp4upload.com/embed-xwps9cpwnblk.html",
    "is_default": false,
    "timestamp": "2025-09-12T09:10:40.902Z"
  },
  {
    "anime_title": "Boruto On-Going",
    "episode_title": "Boruto: Naruto Next Generations Episode 263 Subtitle Indonesia",
    "episode_link": "https://otakudesu.best/episode/btr-nng-episode-263-sub-indo/",
    "episode_date": "21 Agustus,2022",
    "server": "yourupload",
    "quality": "480p",
    "data_content": "eyJpZCI6MTI1MzA5LCJpIjoyLCJxIjoiNDgwcCJ9",
    "decoded_data": {
      "id": 125309,
      "i": 2,
      "q": "480p"
    },
    "stream_url": "https://desudrive.com/stream/yuplod.php?id=Ge0I3b4275gN",
    "is_default": false,
    "timestamp": "2025-09-12T09:10:40.936Z"
  },
  {
    "anime_title": "Boruto On-Going",
    "episode_title": "Boruto: Naruto Next Generations Episode 263 Subtitle Indonesia",
    "episode_link": "https://otakudesu.best/episode/btr-nng-episode-263-sub-indo/",
    "episode_date": "21 Agustus,2022",
    "server": "odstream",
    "quality": "480p",
    "data_content": "eyJpZCI6MTI1MzA5LCJpIjowLCJxIjoiNDgwcCJ9",
    "decoded_data": {
      "id": 125309,
      "i": 0,
      "q": "480p"
    },
    "stream_url": "https://desustream.info/dstream/arcg/?id=emppb1poWFFFaTRxWks2Nk1DbEdDSm5LTld2dnZaZTRRZWdLK1NBaGJiWm1GbHByaU5yMlUraXF0MCtwMzRFNg==",
    "is_default": true,
    "timestamp": "2025-09-12T09:10:40.965Z"
  },
  {
    "anime_title": "Boruto On-Going",
    "episode_title": "Boruto: Naruto Next Generations Episode 263 Subtitle Indonesia",
    "episode_link": "https://otakudesu.best/episode/btr-nng-episode-263-sub-indo/",
    "episode_date": "21 Agustus,2022",
    "server": "ondesu",
    "quality": "480p",
    "data_content": "eyJpZCI6MTI1MzA5LCJpIjoxLCJxIjoiNDgwcCJ9",
    "decoded_data": {
      "id": 125309,
      "i": 1,
      "q": "480p"
    },
    "stream_url": "https://desustream.info/dstream/ondesu/v5/index.php?id=NGRCcEhnWm81dlJtZGtUd0lQVjdNbytxbk5RS0p2Qm8zK2U0eXB3RDNBOD0=",
    "is_default": false,
    "timestamp": "2025-09-12T09:10:40.992Z"
  },
  {
    "anime_title": "Boruto On-Going",
    "episode_title": "Boruto: Naruto Next Generations Episode 263 Subtitle Indonesia",
    "episode_link": "https://otakudesu.best/episode/btr-nng-episode-263-sub-indo/",
    "episode_date": "21 Agustus,2022",
    "server": "mp4load",
    "quality": "720p",
    "data_content": "eyJpZCI6MTI1MzA5LCJpIjozLCJxIjoiNzIwcCJ9",
    "decoded_data": {
      "id": 125309,
      "i": 3,
      "q": "720p"
    },
    "stream_url": "https://www.mp4upload.com/embed-xemm86p86scv.html",
    "is_default": false,
    "timestamp": "2025-09-12T09:10:41.352Z"
  },
  {
    "anime_title": "Boruto On-Going",
    "episode_title": "Boruto: Naruto Next Generations Episode 263 Subtitle Indonesia",
    "episode_link": "https://otakudesu.best/episode/btr-nng-episode-263-sub-indo/",
    "episode_date": "21 Agustus,2022",
    "server": "odstream",
    "quality": "360p",
    "data_content": "eyJpZCI6MTI1MzA5LCJpIjowLCJxIjoiMzYwcCJ9",
    "decoded_data": {
      "id": 125309,
      "i": 0,
      "q": "360p"
    },
    "stream_url": "https://desustream.info/dstream/arcg/?id=emppb1poWFFFaTRxWks2Nk1DbEdDSm5LTld2dnZaZTRRZWdLK1NBaGJiWTNUU2ZRRmtScCtXdEdzZ0Vaa2JSTQ==",
    "is_default": false,
    "timestamp": "2025-09-12T09:10:40.413Z"
  },
  {
    "anime_title": "Boruto On-Going",
    "episode_title": "Boruto: Naruto Next Generations Episode 263 Subtitle Indonesia",
    "episode_link": "https://otakudesu.best/episode/btr-nng-episode-263-sub-indo/",
    "episode_date": "21 Agustus,2022",
    "server": "yourupload",
    "quality": "360p",
    "data_content": "eyJpZCI6MTI1MzA5LCJpIjoxLCJxIjoiMzYwcCJ9",
    "decoded_data": {
      "id": 125309,
      "i": 1,
      "q": "360p"
    },
    "stream_url": "https://desudrive.com/stream/yuplod.php?id=Em6e3vrrl3dC",
    "is_default": false,
    "timestamp": "2025-09-12T09:10:40.446Z"
  },
  {
    "anime_title": "Boruto On-Going",
    "episode_title": "Boruto: Naruto Next Generations Episode 263 Subtitle Indonesia",
    "episode_link": "https://otakudesu.best/episode/btr-nng-episode-263-sub-indo/",
    "episode_date": "21 Agustus,2022",
    "server": "mega",
    "quality": "360p",
    "data_content": "eyJpZCI6MTI1MzA5LCJpIjoyLCJxIjoiMzYwcCJ9",
    "decoded_data": {
      "id": 125309,
      "i": 2,
      "q": "360p"
    },
    "stream_url": "https://mega.nz/embed/8n5jzJ5B#ySB1iJhQzgcBqs8DRJFIYoGkkeSK06PBYykgRHM95W0",
    "is_default": false,
    "timestamp": "2025-09-12T09:10:40.643Z"
  },
  {
    "anime_title": "Boruto On-Going",
    "episode_title": "Boruto: Naruto Next Generations Episode 263 Subtitle Indonesia",
    "episode_link": "https://otakudesu.best/episode/btr-nng-episode-263-sub-indo/",
    "episode_date": "21 Agustus,2022",
    "server": "mp4load",
    "quality": "360p",
    "data_content": "eyJpZCI6MTI1MzA5LCJpIjozLCJxIjoiMzYwcCJ9",
    "decoded_data": {
      "id": 125309,
      "i": 3,
      "q": "360p"
    },
    "stream_url": "https://www.mp4upload.com/embed-xwps9cpwnblk.html",
    "is_default": false,
    "timestamp": "2025-09-12T09:10:40.902Z"
  },
  {
    "anime_title": "Boruto On-Going",
    "episode_title": "Boruto: Naruto Next Generations Episode 263 Subtitle Indonesia",
    "episode_link": "https://otakudesu.best/episode/btr-nng-episode-263-sub-indo/",
    "episode_date": "21 Agustus,2022",
    "server": "odstream",
    "quality": "480p",
    "data_content": "eyJpZCI6MTI1MzA5LCJpIjowLCJxIjoiNDgwcCJ9",
    "decoded_data": {
      "id": 125309,
      "i": 0,
      "q": "480p"
    },
    "stream_url": "https://desustream.info/dstream/arcg/?id=emppb1poWFFFaTRxWks2Nk1DbEdDSm5LTld2dnZaZTRRZWdLK1NBaGJiWm1GbHByaU5yMlUraXF0MCtwMzRFNg==",
    "is_default": true,
    "timestamp": "2025-09-12T09:10:40.965Z"
  },
  {
    "anime_title": "Boruto On-Going",
    "episode_title": "Boruto: Naruto Next Generations Episode 263 Subtitle Indonesia",
    "episode_link": "https://otakudesu.best/episode/btr-nng-episode-263-sub-indo/",
    "episode_date": "21 Agustus,2022",
    "server": "ondesu",
    "quality": "480p",
    "data_content": "eyJpZCI6MTI1MzA5LCJpIjoxLCJxIjoiNDgwcCJ9",
    "decoded_data": {
      "id": 125309,
      "i": 1,
      "q": "480p"
    },
    "stream_url": "https://desustream.info/dstream/ondesu/v5/index.php?id=NGRCcEhnWm81dlJtZGtUd0lQVjdNbytxbk5RS0p2Qm8zK2U0eXB3RDNBOD0=",
    "is_default": false,
    "timestamp": "2025-09-12T09:10:40.992Z"
  },
  {
    "anime_title": "Boruto On-Going",
    "episode_title": "Boruto: Naruto Next Generations Episode 263 Subtitle Indonesia",
    "episode_link": "https://otakudesu.best/episode/btr-nng-episode-263-sub-indo/",
    "episode_date": "21 Agustus,2022",
    "server": "yourupload",
    "quality": "480p",
    "data_content": "eyJpZCI6MTI1MzA5LCJpIjoyLCJxIjoiNDgwcCJ9",
    "decoded_data": {
      "id": 125309,
      "i": 2,
      "q": "480p"
    },
    "stream_url": "https://desudrive.com/stream/yuplod.php?id=Ge0I3b4275gN",
    "is_default": false,
    "timestamp": "2025-09-12T09:10:40.936Z"
  },
  {
    "anime_title": "Boruto On-Going",
    "episode_title": "Boruto: Naruto Next Generations Episode 263 Subtitle Indonesia",
    "episode_link": "https://otakudesu.best/episode/btr-nng-episode-263-sub-indo/",
    "episode_date": "21 Agustus,2022",
    "server": "mega",
    "quality": "480p",
    "data_content": "eyJpZCI6MTI1MzA5LCJpIjozLCJxIjoiNDgwcCJ9",
    "decoded_data": {
      "id": 125309,
      "i": 3,
      "q": "480p"
    },
    "stream_url": "https://mega.nz/embed/FmpBAK4A#Bgbl493Ktl2qD9P-foikFQ6i7XOZO4GkNLvsyimq_y4",
    "is_default": false,
    "timestamp": "2025-09-12T09:10:40.760Z"
  },
  {
    "anime_title": "Boruto On-Going",
    "episode_title": "Boruto: Naruto Next Generations Episode 263 Subtitle Indonesia",
    "episode_link": "https://otakudesu.best/episode/btr-nng-episode-263-sub-indo/",
    "episode_date": "21 Agustus,2022",
    "server": "mp4load",
    "quality": "480p",
    "data_content": "eyJpZCI6MTI1MzA5LCJpIjo0LCJxIjoiNDgwcCJ9",
    "decoded_data": {
      "id": 125309,
      "i": 4,
      "q": "480p"
    },
    "stream_url": "https://www.mp4upload.com/embed-ptf0xmec8vn7.html",
    "is_default": false,
    "timestamp": "2025-09-12T09:10:40.732Z"
  },
  {
    "anime_title": "Boruto On-Going",
    "episode_title": "Boruto: Naruto Next Generations Episode 263 Subtitle Indonesia",
    "episode_link": "https://otakudesu.best/episode/btr-nng-episode-263-sub-indo/",
    "episode_date": "21 Agustus,2022",
    "server": "odstream",
    "quality": "720p",
    "data_content": "eyJpZCI6MTI1MzA5LCJpIjowLCJxIjoiNzIwcCJ9",
    "decoded_data": {
      "id": 125309,
      "i": 0,
      "q": "720p"
    },
    "stream_url": "https://desustream.info/dstream/arcg/?id=emppb1poWFFFaTRxWks2Nk1DbEdDSm5LTld2dnZaZTRRZWdLK1NBaGJiYnNSQzZTZFpuMWJ6ZHVQRUNpV09Zag==",
    "is_default": false,
    "timestamp": "2025-09-12T09:10:40.790Z"
  },
  {
    "anime_title": "Boruto On-Going",
    "episode_title": "Boruto: Naruto Next Generations Episode 263 Subtitle Indonesia",
    "episode_link": "https://otakudesu.best/episode/btr-nng-episode-263-sub-indo/",
    "episode_date": "21 Agustus,2022",
    "server": "yourupload",
    "quality": "720p",
    "data_content": "eyJpZCI6MTI1MzA5LCJpIjoxLCJxIjoiNzIwcCJ9",
    "decoded_data": {
      "id": 125309,
      "i": 1,
      "q": "720p"
    },
    "stream_url": "https://desudrive.com/stream/yuplod.php?id=8CLgEOji401b",
    "is_default": false,
    "timestamp": "2025-09-12T09:10:40.823Z"
  },
  {
    "anime_title": "Boruto On-Going",
    "episode_title": "Boruto: Naruto Next Generations Episode 263 Subtitle Indonesia",
    "episode_link": "https://otakudesu.best/episode/btr-nng-episode-263-sub-indo/",
    "episode_date": "21 Agustus,2022",
    "server": "mega",
    "quality": "720p",
    "data_content": "eyJpZCI6MTI1MzA5LCJpIjoyLCJxIjoiNzIwcCJ9",
    "decoded_data": {
      "id": 125309,
      "i": 2,
      "q": "720p"
    },
    "stream_url": "https://mega.nz/embed/UnxxFYhD#WF9YnxbaGHcV8x5CzVYTYhEh-PNX73ajfKWz9UX1HJA",
    "is_default": false,
    "timestamp": "2025-09-12T09:10:40.872Z"
  },
  {
    "anime_title": "Boruto On-Going",
    "episode_title": "Boruto: Naruto Next Generations Episode 263 Subtitle Indonesia",
    "episode_link": "https://otakudesu.best/episode/btr-nng-episode-263-sub-indo/",
    "episode_date": "21 Agustus,2022",
    "server": "mp4load",
    "quality": "720p",
    "data_content": "eyJpZCI6MTI1MzA5LCJpIjozLCJxIjoiNzIwcCJ9",
    "decoded_data": {
      "id": 125309,
      "i": 3,
      "q": "720p"
    },
    "stream_url": "https://www.mp4upload.com/embed-xemm86p86scv.html",
    "is_default": false,
    "timestamp": "2025-09-12T09:10:41.352Z"
  },
  {
    "anime_title": "Boruto On-Going",
    "episode_title": "Boruto: Naruto Next Generations Episode 264 Subtitle Indonesia",
    "episode_link": "https://otakudesu.best/episode/btr-nng-episode-264-sub-indo/",
    "episode_date": "28 Agustus,2022",
    "server": "odstream",
    "quality": "360p",
    "data_content": "eyJpZCI6MTI1NjA4LCJpIjowLCJxIjoiMzYwcCJ9",
    "decoded_data": {
      "id": 125608,
      "i": 0,
      "q": "360p"
    },
    "stream_url": "https://desustream.info/dstream/arcg/?id=MzRxODI5eGh2TFUxWFFid3g4NzBrL3FETW5Pc2M2WDRhb2NjK0E4QjBmSWo2czdUc2Fka21oYy9Qa01NNS9mMw==",
    "is_default": false,
    "timestamp": "2025-09-12T09:10:42.244Z"
  },
  {
    "anime_title": "Boruto On-Going",
    "episode_title": "Boruto: Naruto Next Generations Episode 264 Subtitle Indonesia",
    "episode_link": "https://otakudesu.best/episode/btr-nng-episode-264-sub-indo/",
    "episode_date": "28 Agustus,2022",
    "server": "yourupload",
    "quality": "360p",
    "data_content": "eyJpZCI6MTI1NjA4LCJpIjoxLCJxIjoiMzYwcCJ9",
    "decoded_data": {
      "id": 125608,
      "i": 1,
      "q": "360p"
    },
    "stream_url": "https://desudrive.com/stream/yuplod.php?id=V5dhM6032m11",
    "is_default": false,
    "timestamp": "2025-09-12T09:10:42.278Z"
  },
  {
    "anime_title": "Boruto On-Going",
    "episode_title": "Boruto: Naruto Next Generations Episode 264 Subtitle Indonesia",
    "episode_link": "https://otakudesu.best/episode/btr-nng-episode-264-sub-indo/",
    "episode_date": "28 Agustus,2022",
    "server": "mega",
    "quality": "360p",
    "data_content": "eyJpZCI6MTI1NjA4LCJpIjoyLCJxIjoiMzYwcCJ9",
    "decoded_data": {
      "id": 125608,
      "i": 2,
      "q": "360p"
    },
    "stream_url": "https://mega.nz/embed/A75BTBYT#pCcWGWIR_7D1Evh96mlzEezjqBU2o-El8ttbYWjvG0k",
    "is_default": false,
    "timestamp": "2025-09-12T09:10:42.320Z"
  },
  {
    "anime_title": "Boruto On-Going",
    "episode_title": "Boruto: Naruto Next Generations Episode 264 Subtitle Indonesia",
    "episode_link": "https://otakudesu.best/episode/btr-nng-episode-264-sub-indo/",
    "episode_date": "28 Agustus,2022",
    "server": "mp4load",
    "quality": "360p",
    "data_content": "eyJpZCI6MTI1NjA4LCJpIjozLCJxIjoiMzYwcCJ9",
    "decoded_data": {
      "id": 125608,
      "i": 3,
      "q": "360p"
    },
    "stream_url": "https://www.mp4upload.com/embed-meleiun6s04n.html",
    "is_default": false,
    "timestamp": "2025-09-12T09:10:42.377Z"
  },
  {
    "anime_title": "Boruto On-Going",
    "episode_title": "Boruto: Naruto Next Generations Episode 264 Subtitle Indonesia",
    "episode_link": "https://otakudesu.best/episode/btr-nng-episode-264-sub-indo/",
    "episode_date": "28 Agustus,2022",
    "server": "ondesu",
    "quality": "480p",
    "data_content": "eyJpZCI6MTI1NjA4LCJpIjowLCJxIjoiNDgwcCJ9",
    "decoded_data": {
      "id": 125608,
      "i": 0,
      "q": "480p"
    },
    "stream_url": "https://desustream.info/dstream/ondesu/v5/index.php?id=M2hLbVJxK3BiRGtJVnVjbHRDc3dVQ3lzM3BTN0VBR2VDbTgra1BCZGJoWT0=",
    "is_default": true,
    "timestamp": "2025-09-12T09:10:42.412Z"
  },
  {
    "anime_title": "Boruto On-Going",
    "episode_title": "Boruto: Naruto Next Generations Episode 264 Subtitle Indonesia",
    "episode_link": "https://otakudesu.best/episode/btr-nng-episode-264-sub-indo/",
    "episode_date": "28 Agustus,2022",
    "server": "odstream",
    "quality": "480p",
    "data_content": "eyJpZCI6MTI1NjA4LCJpIjoxLCJxIjoiNDgwcCJ9",
    "decoded_data": {
      "id": 125608,
      "i": 1,
      "q": "480p"
    },
    "stream_url": "https://desustream.info/dstream/arcg/?id=MzRxODI5eGh2TFUxWFFid3g4NzBrL3FETW5Pc2M2WDRhb2NjK0E4QjBmSzV2cFpzWXdSZW5GcEhvelpoWjZRTg==",
    "is_default": false,
    "timestamp": "2025-09-12T09:10:42.462Z"
  },
  {
    "anime_title": "Boruto On-Going",
    "episode_title": "Boruto: Naruto Next Generations Episode 264 Subtitle Indonesia",
    "episode_link": "https://otakudesu.best/episode/btr-nng-episode-264-sub-indo/",
    "episode_date": "28 Agustus,2022",
    "server": "yourupload",
    "quality": "480p",
    "data_content": "eyJpZCI6MTI1NjA4LCJpIjoyLCJxIjoiNDgwcCJ9",
    "decoded_data": {
      "id": 125608,
      "i": 2,
      "q": "480p"
    },
    "stream_url": "https://desudrive.com/stream/yuplod.php?id=13QTWv7y04ty",
    "is_default": false,
    "timestamp": "2025-09-12T09:10:42.492Z"
  },
  {
    "anime_title": "Boruto On-Going",
    "episode_title": "Boruto: Naruto Next Generations Episode 264 Subtitle Indonesia",
    "episode_link": "https://otakudesu.best/episode/btr-nng-episode-264-sub-indo/",
    "episode_date": "28 Agustus,2022",
    "server": "yourupload",
    "quality": "720p",
    "data_content": "eyJpZCI6MTI1NjA4LCJpIjoxLCJxIjoiNzIwcCJ9",
    "decoded_data": {
      "id": 125608,
      "i": 1,
      "q": "720p"
    },
    "stream_url": "https://desudrive.com/stream/yuplod.php?id=t1BbH3q0Q6qe",
    "is_default": false,
    "timestamp": "2025-09-12T09:10:42.673Z"
  },
  {
    "anime_title": "Boruto On-Going",
    "episode_title": "Boruto: Naruto Next Generations Episode 264 Subtitle Indonesia",
    "episode_link": "https://otakudesu.best/episode/btr-nng-episode-264-sub-indo/",
    "episode_date": "28 Agustus,2022",
    "server": "mp4load",
    "quality": "480p",
    "data_content": "eyJpZCI6MTI1NjA4LCJpIjo0LCJxIjoiNDgwcCJ9",
    "decoded_data": {
      "id": 125608,
      "i": 4,
      "q": "480p"
    },
    "stream_url": "https://www.mp4upload.com/embed-um6m4qa3khrh.html",
    "is_default": false,
    "timestamp": "2025-09-12T09:10:42.708Z"
  },
  {
    "anime_title": "Boruto On-Going",
    "episode_title": "Boruto: Naruto Next Generations Episode 264 Subtitle Indonesia",
    "episode_link": "https://otakudesu.best/episode/btr-nng-episode-264-sub-indo/",
    "episode_date": "28 Agustus,2022",
    "server": "mega",
    "quality": "720p",
    "data_content": "eyJpZCI6MTI1NjA4LCJpIjoyLCJxIjoiNzIwcCJ9",
    "decoded_data": {
      "id": 125608,
      "i": 2,
      "q": "720p"
    },
    "stream_url": "https://mega.nz/embed/xi520YJS#ZBWHjaJXS8PnR9I9D-_OVAjdQ4Elx3soOAJxtorEOR0",
    "is_default": false,
    "timestamp": "2025-09-12T09:10:42.734Z"
  },
  {
    "anime_title": "Boruto On-Going",
    "episode_title": "Boruto: Naruto Next Generations Episode 264 Subtitle Indonesia",
    "episode_link": "https://otakudesu.best/episode/btr-nng-episode-264-sub-indo/",
    "episode_date": "28 Agustus,2022",
    "server": "mp4load",
    "quality": "720p",
    "data_content": "eyJpZCI6MTI1NjA4LCJpIjozLCJxIjoiNzIwcCJ9",
    "decoded_data": {
      "id": 125608,
      "i": 3,
      "q": "720p"
    },
    "stream_url": "https://www.mp4upload.com/embed-rahk1b7clniy.html",
    "is_default": false,
    "timestamp": "2025-09-12T09:10:42.762Z"
  },
  {
    "anime_title": "Boruto On-Going",
    "episode_title": "Boruto: Naruto Next Generations Episode 264 Subtitle Indonesia",
    "episode_link": "https://otakudesu.best/episode/btr-nng-episode-264-sub-indo/",
    "episode_date": "28 Agustus,2022",
    "server": "mega",
    "quality": "480p",
    "data_content": "eyJpZCI6MTI1NjA4LCJpIjozLCJxIjoiNDgwcCJ9",
    "decoded_data": {
      "id": 125608,
      "i": 3,
      "q": "480p"
    },
    "stream_url": "https://mega.nz/embed/t7ATDaZK#lOw5DAV6fz16yuBxq30LDjjItLACIZcFWOUBQ3wRHv0",
    "is_default": false,
    "timestamp": "2025-09-12T09:10:42.842Z"
  },
  {
    "anime_title": "Boruto On-Going",
    "episode_title": "Boruto: Naruto Next Generations Episode 264 Subtitle Indonesia",
    "episode_link": "https://otakudesu.best/episode/btr-nng-episode-264-sub-indo/",
    "episode_date": "28 Agustus,2022",
    "server": "odstream",
    "quality": "720p",
    "data_content": "eyJpZCI6MTI1NjA4LCJpIjowLCJxIjoiNzIwcCJ9",
    "decoded_data": {
      "id": 125608,
      "i": 0,
      "q": "720p"
    },
    "stream_url": "https://desustream.info/dstream/arcg/?id=MzRxODI5eGh2TFUxWFFid3g4NzBrL3FETW5Pc2M2WDRhb2NjK0E4QjBmS0swTDJBeTU1U1lDYXlmRHN0c1NLRg==",
    "is_default": false,
    "timestamp": "2025-09-12T09:10:42.903Z"
  },
  {
    "anime_title": "Boruto On-Going",
    "episode_title": "Boruto: Naruto Next Generations Episode 264 Subtitle Indonesia",
    "episode_link": "https://otakudesu.best/episode/btr-nng-episode-264-sub-indo/",
    "episode_date": "28 Agustus,2022",
    "server": "odstream",
    "quality": "360p",
    "data_content": "eyJpZCI6MTI1NjA4LCJpIjowLCJxIjoiMzYwcCJ9",
    "decoded_data": {
      "id": 125608,
      "i": 0,
      "q": "360p"
    },
    "stream_url": "https://desustream.info/dstream/arcg/?id=MzRxODI5eGh2TFUxWFFid3g4NzBrL3FETW5Pc2M2WDRhb2NjK0E4QjBmSWo2czdUc2Fka21oYy9Qa01NNS9mMw==",
    "is_default": false,
    "timestamp": "2025-09-12T09:10:42.244Z"
  },
  {
    "anime_title": "Boruto On-Going",
    "episode_title": "Boruto: Naruto Next Generations Episode 264 Subtitle Indonesia",
    "episode_link": "https://otakudesu.best/episode/btr-nng-episode-264-sub-indo/",
    "episode_date": "28 Agustus,2022",
    "server": "yourupload",
    "quality": "360p",
    "data_content": "eyJpZCI6MTI1NjA4LCJpIjoxLCJxIjoiMzYwcCJ9",
    "decoded_data": {
      "id": 125608,
      "i": 1,
      "q": "360p"
    },
    "stream_url": "https://desudrive.com/stream/yuplod.php?id=V5dhM6032m11",
    "is_default": false,
    "timestamp": "2025-09-12T09:10:42.278Z"
  },
  {
    "anime_title": "Boruto On-Going",
    "episode_title": "Boruto: Naruto Next Generations Episode 264 Subtitle Indonesia",
    "episode_link": "https://otakudesu.best/episode/btr-nng-episode-264-sub-indo/",
    "episode_date": "28 Agustus,2022",
    "server": "mega",
    "quality": "360p",
    "data_content": "eyJpZCI6MTI1NjA4LCJpIjoyLCJxIjoiMzYwcCJ9",
    "decoded_data": {
      "id": 125608,
      "i": 2,
      "q": "360p"
    },
    "stream_url": "https://mega.nz/embed/A75BTBYT#pCcWGWIR_7D1Evh96mlzEezjqBU2o-El8ttbYWjvG0k",
    "is_default": false,
    "timestamp": "2025-09-12T09:10:42.320Z"
  },
  {
    "anime_title": "Boruto On-Going",
    "episode_title": "Boruto: Naruto Next Generations Episode 264 Subtitle Indonesia",
    "episode_link": "https://otakudesu.best/episode/btr-nng-episode-264-sub-indo/",
    "episode_date": "28 Agustus,2022",
    "server": "mp4load",
    "quality": "360p",
    "data_content": "eyJpZCI6MTI1NjA4LCJpIjozLCJxIjoiMzYwcCJ9",
    "decoded_data": {
      "id": 125608,
      "i": 3,
      "q": "360p"
    },
    "stream_url": "https://www.mp4upload.com/embed-meleiun6s04n.html",
    "is_default": false,
    "timestamp": "2025-09-12T09:10:42.377Z"
  },
  {
    "anime_title": "Boruto On-Going",
    "episode_title": "Boruto: Naruto Next Generations Episode 264 Subtitle Indonesia",
    "episode_link": "https://otakudesu.best/episode/btr-nng-episode-264-sub-indo/",
    "episode_date": "28 Agustus,2022",
    "server": "ondesu",
    "quality": "480p",
    "data_content": "eyJpZCI6MTI1NjA4LCJpIjowLCJxIjoiNDgwcCJ9",
    "decoded_data": {
      "id": 125608,
      "i": 0,
      "q": "480p"
    },
    "stream_url": "https://desustream.info/dstream/ondesu/v5/index.php?id=M2hLbVJxK3BiRGtJVnVjbHRDc3dVQ3lzM3BTN0VBR2VDbTgra1BCZGJoWT0=",
    "is_default": true,
    "timestamp": "2025-09-12T09:10:42.412Z"
  },
  {
    "anime_title": "Boruto On-Going",
    "episode_title": "Boruto: Naruto Next Generations Episode 264 Subtitle Indonesia",
    "episode_link": "https://otakudesu.best/episode/btr-nng-episode-264-sub-indo/",
    "episode_date": "28 Agustus,2022",
    "server": "odstream",
    "quality": "480p",
    "data_content": "eyJpZCI6MTI1NjA4LCJpIjoxLCJxIjoiNDgwcCJ9",
    "decoded_data": {
      "id": 125608,
      "i": 1,
      "q": "480p"
    },
    "stream_url": "https://desustream.info/dstream/arcg/?id=MzRxODI5eGh2TFUxWFFid3g4NzBrL3FETW5Pc2M2WDRhb2NjK0E4QjBmSzV2cFpzWXdSZW5GcEhvelpoWjZRTg==",
    "is_default": false,
    "timestamp": "2025-09-12T09:10:42.462Z"
  },
  {
    "anime_title": "Boruto On-Going",
    "episode_title": "Boruto: Naruto Next Generations Episode 264 Subtitle Indonesia",
    "episode_link": "https://otakudesu.best/episode/btr-nng-episode-264-sub-indo/",
    "episode_date": "28 Agustus,2022",
    "server": "yourupload",
    "quality": "480p",
    "data_content": "eyJpZCI6MTI1NjA4LCJpIjoyLCJxIjoiNDgwcCJ9",
    "decoded_data": {
      "id": 125608,
      "i": 2,
      "q": "480p"
    },
    "stream_url": "https://desudrive.com/stream/yuplod.php?id=13QTWv7y04ty",
    "is_default": false,
    "timestamp": "2025-09-12T09:10:42.492Z"
  },
  {
    "anime_title": "Boruto On-Going",
    "episode_title": "Boruto: Naruto Next Generations Episode 264 Subtitle Indonesia",
    "episode_link": "https://otakudesu.best/episode/btr-nng-episode-264-sub-indo/",
    "episode_date": "28 Agustus,2022",
    "server": "mega",
    "quality": "480p",
    "data_content": "eyJpZCI6MTI1NjA4LCJpIjozLCJxIjoiNDgwcCJ9",
    "decoded_data": {
      "id": 125608,
      "i": 3,
      "q": "480p"
    },
    "stream_url": "https://mega.nz/embed/t7ATDaZK#lOw5DAV6fz16yuBxq30LDjjItLACIZcFWOUBQ3wRHv0",
    "is_default": false,
    "timestamp": "2025-09-12T09:10:42.842Z"
  },
  {
    "anime_title": "Boruto On-Going",
    "episode_title": "Boruto: Naruto Next Generations Episode 264 Subtitle Indonesia",
    "episode_link": "https://otakudesu.best/episode/btr-nng-episode-264-sub-indo/",
    "episode_date": "28 Agustus,2022",
    "server": "mp4load",
    "quality": "480p",
    "data_content": "eyJpZCI6MTI1NjA4LCJpIjo0LCJxIjoiNDgwcCJ9",
    "decoded_data": {
      "id": 125608,
      "i": 4,
      "q": "480p"
    },
    "stream_url": "https://www.mp4upload.com/embed-um6m4qa3khrh.html",
    "is_default": false,
    "timestamp": "2025-09-12T09:10:42.708Z"
  },
  {
    "anime_title": "Boruto On-Going",
    "episode_title": "Boruto: Naruto Next Generations Episode 264 Subtitle Indonesia",
    "episode_link": "https://otakudesu.best/episode/btr-nng-episode-264-sub-indo/",
    "episode_date": "28 Agustus,2022",
    "server": "odstream",
    "quality": "720p",
    "data_content": "eyJpZCI6MTI1NjA4LCJpIjowLCJxIjoiNzIwcCJ9",
    "decoded_data": {
      "id": 125608,
      "i": 0,
      "q": "720p"
    },
    "stream_url": "https://desustream.info/dstream/arcg/?id=MzRxODI5eGh2TFUxWFFid3g4NzBrL3FETW5Pc2M2WDRhb2NjK0E4QjBmS0swTDJBeTU1U1lDYXlmRHN0c1NLRg==",
    "is_default": false,
    "timestamp": "2025-09-12T09:10:42.903Z"
  },
  {
    "anime_title": "Boruto On-Going",
    "episode_title": "Boruto: Naruto Next Generations Episode 264 Subtitle Indonesia",
    "episode_link": "https://otakudesu.best/episode/btr-nng-episode-264-sub-indo/",
    "episode_date": "28 Agustus,2022",
    "server": "yourupload",
    "quality": "720p",
    "data_content": "eyJpZCI6MTI1NjA4LCJpIjoxLCJxIjoiNzIwcCJ9",
    "decoded_data": {
      "id": 125608,
      "i": 1,
      "q": "720p"
    },
    "stream_url": "https://desudrive.com/stream/yuplod.php?id=t1BbH3q0Q6qe",
    "is_default": false,
    "timestamp": "2025-09-12T09:10:42.673Z"
  },
  {
    "anime_title": "Boruto On-Going",
    "episode_title": "Boruto: Naruto Next Generations Episode 264 Subtitle Indonesia",
    "episode_link": "https://otakudesu.best/episode/btr-nng-episode-264-sub-indo/",
    "episode_date": "28 Agustus,2022",
    "server": "mega",
    "quality": "720p",
    "data_content": "eyJpZCI6MTI1NjA4LCJpIjoyLCJxIjoiNzIwcCJ9",
    "decoded_data": {
      "id": 125608,
      "i": 2,
      "q": "720p"
    },
    "stream_url": "https://mega.nz/embed/xi520YJS#ZBWHjaJXS8PnR9I9D-_OVAjdQ4Elx3soOAJxtorEOR0",
    "is_default": false,
    "timestamp": "2025-09-12T09:10:42.734Z"
  },
  {
    "anime_title": "Boruto On-Going",
    "episode_title": "Boruto: Naruto Next Generations Episode 264 Subtitle Indonesia",
    "episode_link": "https://otakudesu.best/episode/btr-nng-episode-264-sub-indo/",
    "episode_date": "28 Agustus,2022",
    "server": "mp4load",
    "quality": "720p",
    "data_content": "eyJpZCI6MTI1NjA4LCJpIjozLCJxIjoiNzIwcCJ9",
    "decoded_data": {
      "id": 125608,
      "i": 3,
      "q": "720p"
    },
    "stream_url": "https://www.mp4upload.com/embed-rahk1b7clniy.html",
    "is_default": false,
    "timestamp": "2025-09-12T09:10:42.762Z"
  },
  {
    "anime_title": "Boruto On-Going",
    "episode_title": "Boruto: Naruto Next Generations Episode 265 Subtitle Indonesia",
    "episode_link": "https://otakudesu.best/episode/btr-nng-episode-265-sub-indo/",
    "episode_date": "4 September,2022",
    "server": "yourupload",
    "quality": "360p",
    "data_content": "eyJpZCI6MTI1NzY2LCJpIjowLCJxIjoiMzYwcCJ9",
    "decoded_data": {
      "id": 125766,
      "i": 0,
      "q": "360p"
    },
    "stream_url": "https://desudrive.com/stream/yuplod.php?id=2h1Xrl1v5HGU",
    "is_default": false,
    "timestamp": "2025-09-12T09:10:43.731Z"
  },
  {
    "anime_title": "Boruto On-Going",
    "episode_title": "Boruto: Naruto Next Generations Episode 265 Subtitle Indonesia",
    "episode_link": "https://otakudesu.best/episode/btr-nng-episode-265-sub-indo/",
    "episode_date": "4 September,2022",
    "server": "mp4load",
    "quality": "360p",
    "data_content": "eyJpZCI6MTI1NzY2LCJpIjoxLCJxIjoiMzYwcCJ9",
    "decoded_data": {
      "id": 125766,
      "i": 1,
      "q": "360p"
    },
    "stream_url": "https://www.mp4upload.com/embed-hrmlo0qprjy2.html",
    "is_default": false,
    "timestamp": "2025-09-12T09:10:43.793Z"
  },
  {
    "anime_title": "Boruto On-Going",
    "episode_title": "Boruto: Naruto Next Generations Episode 265 Subtitle Indonesia",
    "episode_link": "https://otakudesu.best/episode/btr-nng-episode-265-sub-indo/",
    "episode_date": "4 September,2022",
    "server": "mega",
    "quality": "360p",
    "data_content": "eyJpZCI6MTI1NzY2LCJpIjoyLCJxIjoiMzYwcCJ9",
    "decoded_data": {
      "id": 125766,
      "i": 2,
      "q": "360p"
    },
    "stream_url": "https://mega.nz/embed/uV4jibhK#G5zAZAE9BsTuZLMGUKfybNVhR7yspWoTkZc1-5cxjNc",
    "is_default": false,
    "timestamp": "2025-09-12T09:10:43.827Z"
  },
  {
    "anime_title": "Boruto On-Going",
    "episode_title": "Boruto: Naruto Next Generations Episode 265 Subtitle Indonesia",
    "episode_link": "https://otakudesu.best/episode/btr-nng-episode-265-sub-indo/",
    "episode_date": "4 September,2022",
    "server": "ondesu",
    "quality": "480p",
    "data_content": "eyJpZCI6MTI1NzY2LCJpIjowLCJxIjoiNDgwcCJ9",
    "decoded_data": {
      "id": 125766,
      "i": 0,
      "q": "480p"
    },
    "stream_url": "https://desustream.info/dstream/ondesu/v5/index.php?id=RHllaHhCYldMYmQ1NkRjR01vdUdSNEF1VEFCaXNzanp6ejZpZ0VTRG13MD0=",
    "is_default": true,
    "timestamp": "2025-09-12T09:10:43.917Z"
  },
  {
    "anime_title": "Boruto On-Going",
    "episode_title": "Boruto: Naruto Next Generations Episode 265 Subtitle Indonesia",
    "episode_link": "https://otakudesu.best/episode/btr-nng-episode-265-sub-indo/",
    "episode_date": "4 September,2022",
    "server": "odstream",
    "quality": "480p",
    "data_content": "eyJpZCI6MTI1NzY2LCJpIjoxLCJxIjoiNDgwcCJ9",
    "decoded_data": {
      "id": 125766,
      "i": 1,
      "q": "480p"
    },
    "stream_url": "https://desustream.info/dstream/arcg/?id=NUZvS2M2dXVxSURTYTVkUDdHcjlLK3dUMmJERmp5TzB6WGdES0lKa2VuSy9JdWRoNEpodlE4ODZQMGNyREt5Zk1WVTE4amJhSDhyeHlzZjN0R1FXYVE9PQ==",
    "is_default": false,
    "timestamp": "2025-09-12T09:10:43.949Z"
  },
  {
    "anime_title": "Boruto On-Going",
    "episode_title": "Boruto: Naruto Next Generations Episode 265 Subtitle Indonesia",
    "episode_link": "https://otakudesu.best/episode/btr-nng-episode-265-sub-indo/",
    "episode_date": "4 September,2022",
    "server": "mp4load",
    "quality": "480p",
    "data_content": "eyJpZCI6MTI1NzY2LCJpIjoyLCJxIjoiNDgwcCJ9",
    "decoded_data": {
      "id": 125766,
      "i": 2,
      "q": "480p"
    },
    "stream_url": "https://www.mp4upload.com/embed-xc989ek44avp.html",
    "is_default": false,
    "timestamp": "2025-09-12T09:10:43.979Z"
  },
  {
    "anime_title": "Boruto On-Going",
    "episode_title": "Boruto: Naruto Next Generations Episode 265 Subtitle Indonesia",
    "episode_link": "https://otakudesu.best/episode/btr-nng-episode-265-sub-indo/",
    "episode_date": "4 September,2022",
    "server": "mega",
    "quality": "480p",
    "data_content": "eyJpZCI6MTI1NzY2LCJpIjozLCJxIjoiNDgwcCJ9",
    "decoded_data": {
      "id": 125766,
      "i": 3,
      "q": "480p"
    },
    "stream_url": "https://mega.nz/embed/fIo0CKxD#swMNLu8wV-1gWjp2iyFS4P3I6QMdwYeqH7_R4E2K5so",
    "is_default": false,
    "timestamp": "2025-09-12T09:10:44.012Z"
  },
  {
    "anime_title": "Boruto On-Going",
    "episode_title": "Boruto: Naruto Next Generations Episode 265 Subtitle Indonesia",
    "episode_link": "https://otakudesu.best/episode/btr-nng-episode-265-sub-indo/",
    "episode_date": "4 September,2022",
    "server": "yourupload",
    "quality": "480p",
    "data_content": "eyJpZCI6MTI1NzY2LCJpIjo1LCJxIjoiNDgwcCJ9",
    "decoded_data": {
      "id": 125766,
      "i": 5,
      "q": "480p"
    },
    "stream_url": "https://desudrive.com/stream/yuplod.php?id=gndKuRaQ7EYh",
    "is_default": false,
    "timestamp": "2025-09-12T09:10:44.083Z"
  },
  {
    "anime_title": "Boruto On-Going",
    "episode_title": "Boruto: Naruto Next Generations Episode 265 Subtitle Indonesia",
    "episode_link": "https://otakudesu.best/episode/btr-nng-episode-265-sub-indo/",
    "episode_date": "4 September,2022",
    "server": "odstream",
    "quality": "720p",
    "data_content": "eyJpZCI6MTI1NzY2LCJpIjowLCJxIjoiNzIwcCJ9",
    "decoded_data": {
      "id": 125766,
      "i": 0,
      "q": "720p"
    },
    "stream_url": "https://desustream.info/dstream/arcg/?id=NUZvS2M2dXVxSURTYTVkUDdHcjlLK3dUMmJERmp5TzB6WGdES0lKa2VuTFNxaWxJRnFnVStLamNHVHpJb042Q0ZpVkFlaGg0a2RzcStUdU8vL1ZVQXc9PQ==",
    "is_default": false,
    "timestamp": "2025-09-12T09:10:44.164Z"
  },
  {
    "anime_title": "Boruto On-Going",
    "episode_title": "Boruto: Naruto Next Generations Episode 265 Subtitle Indonesia",
    "episode_link": "https://otakudesu.best/episode/btr-nng-episode-265-sub-indo/",
    "episode_date": "4 September,2022",
    "server": "yourupload",
    "quality": "720p",
    "data_content": "eyJpZCI6MTI1NzY2LCJpIjoxLCJxIjoiNzIwcCJ9",
    "decoded_data": {
      "id": 125766,
      "i": 1,
      "q": "720p"
    },
    "stream_url": "https://desudrive.com/stream/yuplod.php?id=88cYV8Ay4anV",
    "is_default": false,
    "timestamp": "2025-09-12T09:10:44.194Z"
  },
  {
    "anime_title": "Boruto On-Going",
    "episode_title": "Boruto: Naruto Next Generations Episode 265 Subtitle Indonesia",
    "episode_link": "https://otakudesu.best/episode/btr-nng-episode-265-sub-indo/",
    "episode_date": "4 September,2022",
    "server": "mp4load",
    "quality": "720p",
    "data_content": "eyJpZCI6MTI1NzY2LCJpIjoyLCJxIjoiNzIwcCJ9",
    "decoded_data": {
      "id": 125766,
      "i": 2,
      "q": "720p"
    },
    "stream_url": "https://www.mp4upload.com/embed-5ec5u8312m0u.html",
    "is_default": false,
    "timestamp": "2025-09-12T09:10:44.245Z"
  },
  {
    "anime_title": "Boruto On-Going",
    "episode_title": "Boruto: Naruto Next Generations Episode 265 Subtitle Indonesia",
    "episode_link": "https://otakudesu.best/episode/btr-nng-episode-265-sub-indo/",
    "episode_date": "4 September,2022",
    "server": "mega",
    "quality": "720p",
    "data_content": "eyJpZCI6MTI1NzY2LCJpIjozLCJxIjoiNzIwcCJ9",
    "decoded_data": {
      "id": 125766,
      "i": 3,
      "q": "720p"
    },
    "stream_url": "https://mega.nz/embed/jFoEiYLb#GVankSK1QXnjv4uyqcv0sTj0D0O8uQY7I1H4rkk6Bec",
    "is_default": false,
    "timestamp": "2025-09-12T09:10:44.278Z"
  },
  {
    "anime_title": "Boruto On-Going",
    "episode_title": "Boruto: Naruto Next Generations Episode 265 Subtitle Indonesia",
    "episode_link": "https://otakudesu.best/episode/btr-nng-episode-265-sub-indo/",
    "episode_date": "4 September,2022",
    "server": "yourupload",
    "quality": "360p",
    "data_content": "eyJpZCI6MTI1NzY2LCJpIjowLCJxIjoiMzYwcCJ9",
    "decoded_data": {
      "id": 125766,
      "i": 0,
      "q": "360p"
    },
    "stream_url": "https://desudrive.com/stream/yuplod.php?id=2h1Xrl1v5HGU",
    "is_default": false,
    "timestamp": "2025-09-12T09:10:43.731Z"
  },
  {
    "anime_title": "Boruto On-Going",
    "episode_title": "Boruto: Naruto Next Generations Episode 265 Subtitle Indonesia",
    "episode_link": "https://otakudesu.best/episode/btr-nng-episode-265-sub-indo/",
    "episode_date": "4 September,2022",
    "server": "mp4load",
    "quality": "360p",
    "data_content": "eyJpZCI6MTI1NzY2LCJpIjoxLCJxIjoiMzYwcCJ9",
    "decoded_data": {
      "id": 125766,
      "i": 1,
      "q": "360p"
    },
    "stream_url": "https://www.mp4upload.com/embed-hrmlo0qprjy2.html",
    "is_default": false,
    "timestamp": "2025-09-12T09:10:43.793Z"
  },
  {
    "anime_title": "Boruto On-Going",
    "episode_title": "Boruto: Naruto Next Generations Episode 265 Subtitle Indonesia",
    "episode_link": "https://otakudesu.best/episode/btr-nng-episode-265-sub-indo/",
    "episode_date": "4 September,2022",
    "server": "mega",
    "quality": "360p",
    "data_content": "eyJpZCI6MTI1NzY2LCJpIjoyLCJxIjoiMzYwcCJ9",
    "decoded_data": {
      "id": 125766,
      "i": 2,
      "q": "360p"
    },
    "stream_url": "https://mega.nz/embed/uV4jibhK#G5zAZAE9BsTuZLMGUKfybNVhR7yspWoTkZc1-5cxjNc",
    "is_default": false,
    "timestamp": "2025-09-12T09:10:43.827Z"
  },
  {
    "anime_title": "Boruto On-Going",
    "episode_title": "Boruto: Naruto Next Generations Episode 265 Subtitle Indonesia",
    "episode_link": "https://otakudesu.best/episode/btr-nng-episode-265-sub-indo/",
    "episode_date": "4 September,2022",
    "server": "ondesu",
    "quality": "480p",
    "data_content": "eyJpZCI6MTI1NzY2LCJpIjowLCJxIjoiNDgwcCJ9",
    "decoded_data": {
      "id": 125766,
      "i": 0,
      "q": "480p"
    },
    "stream_url": "https://desustream.info/dstream/ondesu/v5/index.php?id=RHllaHhCYldMYmQ1NkRjR01vdUdSNEF1VEFCaXNzanp6ejZpZ0VTRG13MD0=",
    "is_default": true,
    "timestamp": "2025-09-12T09:10:43.917Z"
  },
  {
    "anime_title": "Boruto On-Going",
    "episode_title": "Boruto: Naruto Next Generations Episode 265 Subtitle Indonesia",
    "episode_link": "https://otakudesu.best/episode/btr-nng-episode-265-sub-indo/",
    "episode_date": "4 September,2022",
    "server": "odstream",
    "quality": "480p",
    "data_content": "eyJpZCI6MTI1NzY2LCJpIjoxLCJxIjoiNDgwcCJ9",
    "decoded_data": {
      "id": 125766,
      "i": 1,
      "q": "480p"
    },
    "stream_url": "https://desustream.info/dstream/arcg/?id=NUZvS2M2dXVxSURTYTVkUDdHcjlLK3dUMmJERmp5TzB6WGdES0lKa2VuSy9JdWRoNEpodlE4ODZQMGNyREt5Zk1WVTE4amJhSDhyeHlzZjN0R1FXYVE9PQ==",
    "is_default": false,
    "timestamp": "2025-09-12T09:10:43.949Z"
  },
  {
    "anime_title": "Boruto On-Going",
    "episode_title": "Boruto: Naruto Next Generations Episode 265 Subtitle Indonesia",
    "episode_link": "https://otakudesu.best/episode/btr-nng-episode-265-sub-indo/",
    "episode_date": "4 September,2022",
    "server": "mp4load",
    "quality": "480p",
    "data_content": "eyJpZCI6MTI1NzY2LCJpIjoyLCJxIjoiNDgwcCJ9",
    "decoded_data": {
      "id": 125766,
      "i": 2,
      "q": "480p"
    },
    "stream_url": "https://www.mp4upload.com/embed-xc989ek44avp.html",
    "is_default": false,
    "timestamp": "2025-09-12T09:10:43.979Z"
  },
  {
    "anime_title": "Boruto On-Going",
    "episode_title": "Boruto: Naruto Next Generations Episode 265 Subtitle Indonesia",
    "episode_link": "https://otakudesu.best/episode/btr-nng-episode-265-sub-indo/",
    "episode_date": "4 September,2022",
    "server": "mega",
    "quality": "480p",
    "data_content": "eyJpZCI6MTI1NzY2LCJpIjozLCJxIjoiNDgwcCJ9",
    "decoded_data": {
      "id": 125766,
      "i": 3,
      "q": "480p"
    },
    "stream_url": "https://mega.nz/embed/fIo0CKxD#swMNLu8wV-1gWjp2iyFS4P3I6QMdwYeqH7_R4E2K5so",
    "is_default": false,
    "timestamp": "2025-09-12T09:10:44.012Z"
  },
  {
    "anime_title": "Boruto On-Going",
    "episode_title": "Boruto: Naruto Next Generations Episode 265 Subtitle Indonesia",
    "episode_link": "https://otakudesu.best/episode/btr-nng-episode-265-sub-indo/",
    "episode_date": "4 September,2022",
    "server": "yourupload",
    "quality": "480p",
    "data_content": "eyJpZCI6MTI1NzY2LCJpIjo1LCJxIjoiNDgwcCJ9",
    "decoded_data": {
      "id": 125766,
      "i": 5,
      "q": "480p"
    },
    "stream_url": "https://desudrive.com/stream/yuplod.php?id=gndKuRaQ7EYh",
    "is_default": false,
    "timestamp": "2025-09-12T09:10:44.083Z"
  },
  {
    "anime_title": "Boruto On-Going",
    "episode_title": "Boruto: Naruto Next Generations Episode 265 Subtitle Indonesia",
    "episode_link": "https://otakudesu.best/episode/btr-nng-episode-265-sub-indo/",
    "episode_date": "4 September,2022",
    "server": "odstream",
    "quality": "720p",
    "data_content": "eyJpZCI6MTI1NzY2LCJpIjowLCJxIjoiNzIwcCJ9",
    "decoded_data": {
      "id": 125766,
      "i": 0,
      "q": "720p"
    },
    "stream_url": "https://desustream.info/dstream/arcg/?id=NUZvS2M2dXVxSURTYTVkUDdHcjlLK3dUMmJERmp5TzB6WGdES0lKa2VuTFNxaWxJRnFnVStLamNHVHpJb042Q0ZpVkFlaGg0a2RzcStUdU8vL1ZVQXc9PQ==",
    "is_default": false,
    "timestamp": "2025-09-12T09:10:44.164Z"
  },
  {
    "anime_title": "Boruto On-Going",
    "episode_title": "Boruto: Naruto Next Generations Episode 265 Subtitle Indonesia",
    "episode_link": "https://otakudesu.best/episode/btr-nng-episode-265-sub-indo/",
    "episode_date": "4 September,2022",
    "server": "yourupload",
    "quality": "720p",
    "data_content": "eyJpZCI6MTI1NzY2LCJpIjoxLCJxIjoiNzIwcCJ9",
    "decoded_data": {
      "id": 125766,
      "i": 1,
      "q": "720p"
    },
    "stream_url": "https://desudrive.com/stream/yuplod.php?id=88cYV8Ay4anV",
    "is_default": false,
    "timestamp": "2025-09-12T09:10:44.194Z"
  },
  {
    "anime_title": "Boruto On-Going",
    "episode_title": "Boruto: Naruto Next Generations Episode 265 Subtitle Indonesia",
    "episode_link": "https://otakudesu.best/episode/btr-nng-episode-265-sub-indo/",
    "episode_date": "4 September,2022",
    "server": "mp4load",
    "quality": "720p",
    "data_content": "eyJpZCI6MTI1NzY2LCJpIjoyLCJxIjoiNzIwcCJ9",
    "decoded_data": {
      "id": 125766,
      "i": 2,
      "q": "720p"
    },
    "stream_url": "https://www.mp4upload.com/embed-5ec5u8312m0u.html",
    "is_default": false,
    "timestamp": "2025-09-12T09:10:44.245Z"
  },
  {
    "anime_title": "Boruto On-Going",
    "episode_title": "Boruto: Naruto Next Generations Episode 265 Subtitle Indonesia",
    "episode_link": "https://otakudesu.best/episode/btr-nng-episode-265-sub-indo/",
    "episode_date": "4 September,2022",
    "server": "mega",
    "quality": "720p",
    "data_content": "eyJpZCI6MTI1NzY2LCJpIjozLCJxIjoiNzIwcCJ9",
    "decoded_data": {
      "id": 125766,
      "i": 3,
      "q": "720p"
    },
    "stream_url": "https://mega.nz/embed/jFoEiYLb#GVankSK1QXnjv4uyqcv0sTj0D0O8uQY7I1H4rkk6Bec",
    "is_default": false,
    "timestamp": "2025-09-12T09:10:44.278Z"
  }
]