[
  {
    "anime_title": "Danjo no Yuujou wa Seiritsu suru?",
    "episode_title": "Danjo no Yuujou wa Seiritsu suru? Episode 6 Subtitle Indonesia",
    "episode_link": "https://otakudesu.best/episode/dnywss-episode-6-sub-indo/",
    "episode_date": "25 Juni,2025",
    "server": "otakuwatch4",
    "quality": "480p",
    "data_content": "eyJpZCI6MTgyNzUwLCJpIjowLCJxIjoiNDgwcCJ9",
    "decoded_data": {
      "id": 182750,
      "i": 0,
      "q": "480p"
    },
    "stream_url": "https://desustream.info/dstream/otakuwatch4/v2/index.php?id=TUp2cy9HMWZvdDNrVjl3M2ZzS0NHNk1uYm9GTkdTUUVlV1B5ckNKbGFyQT0=",
    "is_default": true,
    "timestamp": "2025-09-12T09:29:53.939Z"
  },
  {
    "anime_title": "Danjo no Yuujou wa Seiritsu suru?",
    "episode_title": "Danjo no Yuujou wa Seiritsu suru? Episode 6 Subtitle Indonesia",
    "episode_link": "https://otakudesu.best/episode/dnywss-episode-6-sub-indo/",
    "episode_date": "25 Juni,2025",
    "server": "odstream",
    "quality": "480p",
    "data_content": "eyJpZCI6MTgyNzUwLCJpIjoxLCJxIjoiNDgwcCJ9",
    "decoded_data": {
      "id": 182750,
      "i": 1,
      "q": "480p"
    },
    "stream_url": "https://desustream.info/dstream/arcg/?id=L3BvdWlGT3k1dnFVeU1mTXFuUTZuR1lKaGpKL2dxTTBQVlM3QjNpa1liZ09qVGRJOUlpRFNvL3BWR0FtWkRORjJrdFBVc3JLUzJha1RnTUcrZVc3Wmc9PQ==",
    "is_default": false,
    "timestamp": "2025-09-12T09:29:53.999Z"
  },
  {
    "anime_title": "Danjo no Yuujou wa Seiritsu suru?",
    "episode_title": "Danjo no Yuujou wa Seiritsu suru? Episode 6 Subtitle Indonesia",
    "episode_link": "https://otakudesu.best/episode/dnywss-episode-6-sub-indo/",
    "episode_date": "25 Juni,2025",
    "server": "vidhide",
    "quality": "480p",
    "data_content": "eyJpZCI6MTgyNzUwLCJpIjoyLCJxIjoiNDgwcCJ9",
    "decoded_data": {
      "id": 182750,
      "i": 2,
      "q": "480p"
    },
    "stream_url": "https://odvidhide.com/embed/5a7odf11vean",
    "is_default": false,
    "timestamp": "2025-09-12T09:29:54.044Z"
  },
  {
    "anime_title": "Danjo no Yuujou wa Seiritsu suru?",
    "episode_title": "Danjo no Yuujou wa Seiritsu suru? Episode 6 Subtitle Indonesia",
    "episode_link": "https://otakudesu.best/episode/dnywss-episode-6-sub-indo/",
    "episode_date": "25 Juni,2025",
    "server": "mega",
    "quality": "480p",
    "data_content": "eyJpZCI6MTgyNzUwLCJpIjozLCJxIjoiNDgwcCJ9",
    "decoded_data": {
      "id": 182750,
      "i": 3,
      "q": "480p"
    },
    "stream_url": "https://mega.nz/embed/2U8DHAIB#rhf0BEOvGk9hrfyEgAdKSdN3NQ5R1tlv6CwRNtwsc0s",
    "is_default": false,
    "timestamp": "2025-09-12T09:29:54.081Z"
  },
  {
    "anime_title": "Danjo no Yuujou wa Seiritsu suru?",
    "episode_title": "Danjo no Yuujou wa Seiritsu suru? Episode 6 Subtitle Indonesia",
    "episode_link": "https://otakudesu.best/episode/dnywss-episode-6-sub-indo/",
    "episode_date": "25 Juni,2025",
    "server": "otakuwatch4hd",
    "quality": "720p",
    "data_content": "eyJpZCI6MTgyNzUwLCJpIjowLCJxIjoiNzIwcCJ9",
    "decoded_data": {
      "id": 182750,
      "i": 0,
      "q": "720p"
    },
    "stream_url": "https://desustream.info/dstream/otakuwatch4/hd/v2/index.php?id=TUp2cy9HMWZvdDNrVjl3M2ZzS0NHNk1uYm9GTkdTUUVlV1B5ckNKbGFyQT0=",
    "is_default": false,
    "timestamp": "2025-09-12T09:29:54.118Z"
  },
  {
    "anime_title": "Danjo no Yuujou wa Seiritsu suru?",
    "episode_title": "Danjo no Yuujou wa Seiritsu suru? Episode 6 Subtitle Indonesia",
    "episode_link": "https://otakudesu.best/episode/dnywss-episode-6-sub-indo/",
    "episode_date": "25 Juni,2025",
    "server": "odstreamhd",
    "quality": "720p",
    "data_content": "eyJpZCI6MTgyNzUwLCJpIjoxLCJxIjoiNzIwcCJ9",
    "decoded_data": {
      "id": 182750,
      "i": 1,
      "q": "720p"
    },
    "stream_url": "https://desustream.info/dstream/arcg/?id=L3BvdWlGT3k1dnFVeU1mTXFuUTZuR1lKaGpKL2dxTTBQVlM3QjNpa1liaVFPWDBiZVJ6bThnU05HYVZDeU43NmZOYTVJZS9nRjc1eEYxZHJkZDFWMVE9PQ==",
    "is_default": false,
    "timestamp": "2025-09-12T09:29:54.167Z"
  },
  {
    "anime_title": "Danjo no Yuujou wa Seiritsu suru?",
    "episode_title": "Danjo no Yuujou wa Seiritsu suru? Episode 6 Subtitle Indonesia",
    "episode_link": "https://otakudesu.best/episode/dnywss-episode-6-sub-indo/",
    "episode_date": "25 Juni,2025",
    "server": "vidhide",
    "quality": "720p",
    "data_content": "eyJpZCI6MTgyNzUwLCJpIjoyLCJxIjoiNzIwcCJ9",
    "decoded_data": {
      "id": 182750,
      "i": 2,
      "q": "720p"
    },
    "stream_url": "https://odvidhide.com/embed/pm8z7th81n02",
    "is_default": false,
    "timestamp": "2025-09-12T09:29:54.206Z"
  },
  {
    "anime_title": "Danjo no Yuujou wa Seiritsu suru?",
    "episode_title": "Danjo no Yuujou wa Seiritsu suru? Episode 6 Subtitle Indonesia",
    "episode_link": "https://otakudesu.best/episode/dnywss-episode-6-sub-indo/",
    "episode_date": "25 Juni,2025",
    "server": "mega",
    "quality": "720p",
    "data_content": "eyJpZCI6MTgyNzUwLCJpIjozLCJxIjoiNzIwcCJ9",
    "decoded_data": {
      "id": 182750,
      "i": 3,
      "q": "720p"
    },
    "stream_url": "https://mega.nz/embed/DFF12aLb#tsmjNzddZrKy5Rqd52q-QJou22a7LpSGbTOkOp6zCCs",
    "is_default": false,
    "timestamp": "2025-09-12T09:29:54.245Z"
  },
  {
    "anime_title": "Danjo no Yuujou wa Seiritsu suru?",
    "episode_title": "Danjo no Yuujou wa Seiritsu suru? Episode 6 Subtitle Indonesia",
    "episode_link": "https://otakudesu.best/episode/dnywss-episode-6-sub-indo/",
    "episode_date": "25 Juni,2025",
    "server": "otakuwatch4",
    "quality": "480p",
    "data_content": "eyJpZCI6MTgyNzUwLCJpIjowLCJxIjoiNDgwcCJ9",
    "decoded_data": {
      "id": 182750,
      "i": 0,
      "q": "480p"
    },
    "stream_url": "https://desustream.info/dstream/otakuwatch4/v2/index.php?id=TUp2cy9HMWZvdDNrVjl3M2ZzS0NHNk1uYm9GTkdTUUVlV1B5ckNKbGFyQT0=",
    "is_default": true,
    "timestamp": "2025-09-12T09:29:53.939Z"
  },
  {
    "anime_title": "Danjo no Yuujou wa Seiritsu suru?",
    "episode_title": "Danjo no Yuujou wa Seiritsu suru? Episode 6 Subtitle Indonesia",
    "episode_link": "https://otakudesu.best/episode/dnywss-episode-6-sub-indo/",
    "episode_date": "25 Juni,2025",
    "server": "odstream",
    "quality": "480p",
    "data_content": "eyJpZCI6MTgyNzUwLCJpIjoxLCJxIjoiNDgwcCJ9",
    "decoded_data": {
      "id": 182750,
      "i": 1,
      "q": "480p"
    },
    "stream_url": "https://desustream.info/dstream/arcg/?id=L3BvdWlGT3k1dnFVeU1mTXFuUTZuR1lKaGpKL2dxTTBQVlM3QjNpa1liZ09qVGRJOUlpRFNvL3BWR0FtWkRORjJrdFBVc3JLUzJha1RnTUcrZVc3Wmc9PQ==",
    "is_default": false,
    "timestamp": "2025-09-12T09:29:53.999Z"
  },
  {
    "anime_title": "Danjo no Yuujou wa Seiritsu suru?",
    "episode_title": "Danjo no Yuujou wa Seiritsu suru? Episode 6 Subtitle Indonesia",
    "episode_link": "https://otakudesu.best/episode/dnywss-episode-6-sub-indo/",
    "episode_date": "25 Juni,2025",
    "server": "vidhide",
    "quality": "480p",
    "data_content": "eyJpZCI6MTgyNzUwLCJpIjoyLCJxIjoiNDgwcCJ9",
    "decoded_data": {
      "id": 182750,
      "i": 2,
      "q": "480p"
    },
    "stream_url": "https://odvidhide.com/embed/5a7odf11vean",
    "is_default": false,
    "timestamp": "2025-09-12T09:29:54.044Z"
  },
  {
    "anime_title": "Danjo no Yuujou wa Seiritsu suru?",
    "episode_title": "Danjo no Yuujou wa Seiritsu suru? Episode 6 Subtitle Indonesia",
    "episode_link": "https://otakudesu.best/episode/dnywss-episode-6-sub-indo/",
    "episode_date": "25 Juni,2025",
    "server": "mega",
    "quality": "480p",
    "data_content": "eyJpZCI6MTgyNzUwLCJpIjozLCJxIjoiNDgwcCJ9",
    "decoded_data": {
      "id": 182750,
      "i": 3,
      "q": "480p"
    },
    "stream_url": "https://mega.nz/embed/2U8DHAIB#rhf0BEOvGk9hrfyEgAdKSdN3NQ5R1tlv6CwRNtwsc0s",
    "is_default": false,
    "timestamp": "2025-09-12T09:29:54.081Z"
  },
  {
    "anime_title": "Danjo no Yuujou wa Seiritsu suru?",
    "episode_title": "Danjo no Yuujou wa Seiritsu suru? Episode 6 Subtitle Indonesia",
    "episode_link": "https://otakudesu.best/episode/dnywss-episode-6-sub-indo/",
    "episode_date": "25 Juni,2025",
    "server": "otakuwatch4hd",
    "quality": "720p",
    "data_content": "eyJpZCI6MTgyNzUwLCJpIjowLCJxIjoiNzIwcCJ9",
    "decoded_data": {
      "id": 182750,
      "i": 0,
      "q": "720p"
    },
    "stream_url": "https://desustream.info/dstream/otakuwatch4/hd/v2/index.php?id=TUp2cy9HMWZvdDNrVjl3M2ZzS0NHNk1uYm9GTkdTUUVlV1B5ckNKbGFyQT0=",
    "is_default": false,
    "timestamp": "2025-09-12T09:29:54.118Z"
  },
  {
    "anime_title": "Danjo no Yuujou wa Seiritsu suru?",
    "episode_title": "Danjo no Yuujou wa Seiritsu suru? Episode 6 Subtitle Indonesia",
    "episode_link": "https://otakudesu.best/episode/dnywss-episode-6-sub-indo/",
    "episode_date": "25 Juni,2025",
    "server": "odstreamhd",
    "quality": "720p",
    "data_content": "eyJpZCI6MTgyNzUwLCJpIjoxLCJxIjoiNzIwcCJ9",
    "decoded_data": {
      "id": 182750,
      "i": 1,
      "q": "720p"
    },
    "stream_url": "https://desustream.info/dstream/arcg/?id=L3BvdWlGT3k1dnFVeU1mTXFuUTZuR1lKaGpKL2dxTTBQVlM3QjNpa1liaVFPWDBiZVJ6bThnU05HYVZDeU43NmZOYTVJZS9nRjc1eEYxZHJkZDFWMVE9PQ==",
    "is_default": false,
    "timestamp": "2025-09-12T09:29:54.167Z"
  },
  {
    "anime_title": "Danjo no Yuujou wa Seiritsu suru?",
    "episode_title": "Danjo no Yuujou wa Seiritsu suru? Episode 6 Subtitle Indonesia",
    "episode_link": "https://otakudesu.best/episode/dnywss-episode-6-sub-indo/",
    "episode_date": "25 Juni,2025",
    "server": "vidhide",
    "quality": "720p",
    "data_content": "eyJpZCI6MTgyNzUwLCJpIjoyLCJxIjoiNzIwcCJ9",
    "decoded_data": {
      "id": 182750,
      "i": 2,
      "q": "720p"
    },
    "stream_url": "https://odvidhide.com/embed/pm8z7th81n02",
    "is_default": false,
    "timestamp": "2025-09-12T09:29:54.206Z"
  },
  {
    "anime_title": "Danjo no Yuujou wa Seiritsu suru?",
    "episode_title": "Danjo no Yuujou wa Seiritsu suru? Episode 6 Subtitle Indonesia",
    "episode_link": "https://otakudesu.best/episode/dnywss-episode-6-sub-indo/",
    "episode_date": "25 Juni,2025",
    "server": "mega",
    "quality": "720p",
    "data_content": "eyJpZCI6MTgyNzUwLCJpIjozLCJxIjoiNzIwcCJ9",
    "decoded_data": {
      "id": 182750,
      "i": 3,
      "q": "720p"
    },
    "stream_url": "https://mega.nz/embed/DFF12aLb#tsmjNzddZrKy5Rqd52q-QJou22a7LpSGbTOkOp6zCCs",
    "is_default": false,
    "timestamp": "2025-09-12T09:29:54.245Z"
  },
  {
    "anime_title": "Danjo no Yuujou wa Seiritsu suru?",
    "episode_title": "Danjo no Yuujou wa Seiritsu suru? Episode 7 Subtitle Indonesia",
    "episode_link": "https://otakudesu.best/episode/dnywss-episode-7-sub-indo/",
    "episode_date": "25 Juni,2025",
    "server": "otakuwatch4",
    "quality": "480p",
    "data_content": "eyJpZCI6MTgyNzUzLCJpIjowLCJxIjoiNDgwcCJ9",
    "decoded_data": {
      "id": 182753,
      "i": 0,
      "q": "480p"
    },
    "stream_url": "https://desustream.info/dstream/otakuwatch4/v2/index.php?id=RDB4a0FGZ3BYODQyd0Y1Sk5LcmUwQ1NwalM5ZndIRXhTNUNhRDEwc1JqRT0=",
    "is_default": true,
    "timestamp": "2025-09-12T09:29:54.897Z"
  },
  {
    "anime_title": "Danjo no Yuujou wa Seiritsu suru?",
    "episode_title": "Danjo no Yuujou wa Seiritsu suru? Episode 7 Subtitle Indonesia",
    "episode_link": "https://otakudesu.best/episode/dnywss-episode-7-sub-indo/",
    "episode_date": "25 Juni,2025",
    "server": "odstream",
    "quality": "480p",
    "data_content": "eyJpZCI6MTgyNzUzLCJpIjoxLCJxIjoiNDgwcCJ9",
    "decoded_data": {
      "id": 182753,
      "i": 1,
      "q": "480p"
    },
    "stream_url": "https://desustream.info/dstream/arcg/?id=L3BvdWlGT3k1dnFVeU1mTXFuUTZuR1lKaGpKL2dxTTBQVlM3QjNpa1liZy9HTWxMbkJpam9kVWs1TGF3UEtUVXdRMDY0TVFiWXVJczNRaDV1SVN1Qnc9PQ==",
    "is_default": false,
    "timestamp": "2025-09-12T09:29:54.942Z"
  },
  {
    "anime_title": "Danjo no Yuujou wa Seiritsu suru?",
    "episode_title": "Danjo no Yuujou wa Seiritsu suru? Episode 7 Subtitle Indonesia",
    "episode_link": "https://otakudesu.best/episode/dnywss-episode-7-sub-indo/",
    "episode_date": "25 Juni,2025",
    "server": "vidhide",
    "quality": "480p",
    "data_content": "eyJpZCI6MTgyNzUzLCJpIjoyLCJxIjoiNDgwcCJ9",
    "decoded_data": {
      "id": 182753,
      "i": 2,
      "q": "480p"
    },
    "stream_url": "https://odvidhide.com/embed/dxs5wydseas2",
    "is_default": false,
    "timestamp": "2025-09-12T09:29:54.996Z"
  },
  {
    "anime_title": "Danjo no Yuujou wa Seiritsu suru?",
    "episode_title": "Danjo no Yuujou wa Seiritsu suru? Episode 7 Subtitle Indonesia",
    "episode_link": "https://otakudesu.best/episode/dnywss-episode-7-sub-indo/",
    "episode_date": "25 Juni,2025",
    "server": "mega",
    "quality": "480p",
    "data_content": "eyJpZCI6MTgyNzUzLCJpIjozLCJxIjoiNDgwcCJ9",
    "decoded_data": {
      "id": 182753,
      "i": 3,
      "q": "480p"
    },
    "stream_url": "https://mega.nz/embed/fNlEAYCI#8GqCQuMrECQDjPulC90wagwO9XxocntHWsLMF1PJcZQ",
    "is_default": false,
    "timestamp": "2025-09-12T09:29:55.035Z"
  },
  {
    "anime_title": "Danjo no Yuujou wa Seiritsu suru?",
    "episode_title": "Danjo no Yuujou wa Seiritsu suru? Episode 7 Subtitle Indonesia",
    "episode_link": "https://otakudesu.best/episode/dnywss-episode-7-sub-indo/",
    "episode_date": "25 Juni,2025",
    "server": "otakuwatch4hd",
    "quality": "720p",
    "data_content": "eyJpZCI6MTgyNzUzLCJpIjowLCJxIjoiNzIwcCJ9",
    "decoded_data": {
      "id": 182753,
      "i": 0,
      "q": "720p"
    },
    "stream_url": "https://desustream.info/dstream/otakuwatch4/hd/v2/index.php?id=RDB4a0FGZ3BYODQyd0Y1Sk5LcmUwQ1NwalM5ZndIRXhTNUNhRDEwc1JqRT0=",
    "is_default": false,
    "timestamp": "2025-09-12T09:29:55.087Z"
  },
  {
    "anime_title": "Danjo no Yuujou wa Seiritsu suru?",
    "episode_title": "Danjo no Yuujou wa Seiritsu suru? Episode 7 Subtitle Indonesia",
    "episode_link": "https://otakudesu.best/episode/dnywss-episode-7-sub-indo/",
    "episode_date": "25 Juni,2025",
    "server": "odstreamhd",
    "quality": "720p",
    "data_content": "eyJpZCI6MTgyNzUzLCJpIjoxLCJxIjoiNzIwcCJ9",
    "decoded_data": {
      "id": 182753,
      "i": 1,
      "q": "720p"
    },
    "stream_url": "https://desustream.info/dstream/arcg/?id=L3BvdWlGT3k1dnFVeU1mTXFuUTZuR1lKaGpKL2dxTTBQVlM3QjNpa1liaVFPWDBiZVJ6bThnU05HYVZDeU43NlVmb0ZmaUlXZ05BdWlOdWNVaUk3d0E9PQ==",
    "is_default": false,
    "timestamp": "2025-09-12T09:29:55.126Z"
  },
  {
    "anime_title": "Danjo no Yuujou wa Seiritsu suru?",
    "episode_title": "Danjo no Yuujou wa Seiritsu suru? Episode 7 Subtitle Indonesia",
    "episode_link": "https://otakudesu.best/episode/dnywss-episode-7-sub-indo/",
    "episode_date": "25 Juni,2025",
    "server": "vidhide",
    "quality": "720p",
    "data_content": "eyJpZCI6MTgyNzUzLCJpIjoyLCJxIjoiNzIwcCJ9",
    "decoded_data": {
      "id": 182753,
      "i": 2,
      "q": "720p"
    },
    "stream_url": "https://odvidhide.com/embed/1w20o268pc3n",
    "is_default": false,
    "timestamp": "2025-09-12T09:29:55.165Z"
  },
  {
    "anime_title": "Danjo no Yuujou wa Seiritsu suru?",
    "episode_title": "Danjo no Yuujou wa Seiritsu suru? Episode 7 Subtitle Indonesia",
    "episode_link": "https://otakudesu.best/episode/dnywss-episode-7-sub-indo/",
    "episode_date": "25 Juni,2025",
    "server": "mega",
    "quality": "720p",
    "data_content": "eyJpZCI6MTgyNzUzLCJpIjozLCJxIjoiNzIwcCJ9",
    "decoded_data": {
      "id": 182753,
      "i": 3,
      "q": "720p"
    },
    "stream_url": "https://mega.nz/embed/GFk02IJC#35EpY6ij5xw5xmtgFv10tkJX9dTnEUY4P_taN93sdpg",
    "is_default": false,
    "timestamp": "2025-09-12T09:29:55.202Z"
  },
  {
    "anime_title": "Danjo no Yuujou wa Seiritsu suru?",
    "episode_title": "Danjo no Yuujou wa Seiritsu suru? Episode 7 Subtitle Indonesia",
    "episode_link": "https://otakudesu.best/episode/dnywss-episode-7-sub-indo/",
    "episode_date": "25 Juni,2025",
    "server": "otakuwatch4",
    "quality": "480p",
    "data_content": "eyJpZCI6MTgyNzUzLCJpIjowLCJxIjoiNDgwcCJ9",
    "decoded_data": {
      "id": 182753,
      "i": 0,
      "q": "480p"
    },
    "stream_url": "https://desustream.info/dstream/otakuwatch4/v2/index.php?id=RDB4a0FGZ3BYODQyd0Y1Sk5LcmUwQ1NwalM5ZndIRXhTNUNhRDEwc1JqRT0=",
    "is_default": true,
    "timestamp": "2025-09-12T09:29:54.897Z"
  },
  {
    "anime_title": "Danjo no Yuujou wa Seiritsu suru?",
    "episode_title": "Danjo no Yuujou wa Seiritsu suru? Episode 7 Subtitle Indonesia",
    "episode_link": "https://otakudesu.best/episode/dnywss-episode-7-sub-indo/",
    "episode_date": "25 Juni,2025",
    "server": "odstream",
    "quality": "480p",
    "data_content": "eyJpZCI6MTgyNzUzLCJpIjoxLCJxIjoiNDgwcCJ9",
    "decoded_data": {
      "id": 182753,
      "i": 1,
      "q": "480p"
    },
    "stream_url": "https://desustream.info/dstream/arcg/?id=L3BvdWlGT3k1dnFVeU1mTXFuUTZuR1lKaGpKL2dxTTBQVlM3QjNpa1liZy9HTWxMbkJpam9kVWs1TGF3UEtUVXdRMDY0TVFiWXVJczNRaDV1SVN1Qnc9PQ==",
    "is_default": false,
    "timestamp": "2025-09-12T09:29:54.942Z"
  },
  {
    "anime_title": "Danjo no Yuujou wa Seiritsu suru?",
    "episode_title": "Danjo no Yuujou wa Seiritsu suru? Episode 7 Subtitle Indonesia",
    "episode_link": "https://otakudesu.best/episode/dnywss-episode-7-sub-indo/",
    "episode_date": "25 Juni,2025",
    "server": "vidhide",
    "quality": "480p",
    "data_content": "eyJpZCI6MTgyNzUzLCJpIjoyLCJxIjoiNDgwcCJ9",
    "decoded_data": {
      "id": 182753,
      "i": 2,
      "q": "480p"
    },
    "stream_url": "https://odvidhide.com/embed/dxs5wydseas2",
    "is_default": false,
    "timestamp": "2025-09-12T09:29:54.996Z"
  },
  {
    "anime_title": "Danjo no Yuujou wa Seiritsu suru?",
    "episode_title": "Danjo no Yuujou wa Seiritsu suru? Episode 7 Subtitle Indonesia",
    "episode_link": "https://otakudesu.best/episode/dnywss-episode-7-sub-indo/",
    "episode_date": "25 Juni,2025",
    "server": "mega",
    "quality": "480p",
    "data_content": "eyJpZCI6MTgyNzUzLCJpIjozLCJxIjoiNDgwcCJ9",
    "decoded_data": {
      "id": 182753,
      "i": 3,
      "q": "480p"
    },
    "stream_url": "https://mega.nz/embed/fNlEAYCI#8GqCQuMrECQDjPulC90wagwO9XxocntHWsLMF1PJcZQ",
    "is_default": false,
    "timestamp": "2025-09-12T09:29:55.035Z"
  },
  {
    "anime_title": "Danjo no Yuujou wa Seiritsu suru?",
    "episode_title": "Danjo no Yuujou wa Seiritsu suru? Episode 7 Subtitle Indonesia",
    "episode_link": "https://otakudesu.best/episode/dnywss-episode-7-sub-indo/",
    "episode_date": "25 Juni,2025",
    "server": "otakuwatch4hd",
    "quality": "720p",
    "data_content": "eyJpZCI6MTgyNzUzLCJpIjowLCJxIjoiNzIwcCJ9",
    "decoded_data": {
      "id": 182753,
      "i": 0,
      "q": "720p"
    },
    "stream_url": "https://desustream.info/dstream/otakuwatch4/hd/v2/index.php?id=RDB4a0FGZ3BYODQyd0Y1Sk5LcmUwQ1NwalM5ZndIRXhTNUNhRDEwc1JqRT0=",
    "is_default": false,
    "timestamp": "2025-09-12T09:29:55.087Z"
  },
  {
    "anime_title": "Danjo no Yuujou wa Seiritsu suru?",
    "episode_title": "Danjo no Yuujou wa Seiritsu suru? Episode 7 Subtitle Indonesia",
    "episode_link": "https://otakudesu.best/episode/dnywss-episode-7-sub-indo/",
    "episode_date": "25 Juni,2025",
    "server": "odstreamhd",
    "quality": "720p",
    "data_content": "eyJpZCI6MTgyNzUzLCJpIjoxLCJxIjoiNzIwcCJ9",
    "decoded_data": {
      "id": 182753,
      "i": 1,
      "q": "720p"
    },
    "stream_url": "https://desustream.info/dstream/arcg/?id=L3BvdWlGT3k1dnFVeU1mTXFuUTZuR1lKaGpKL2dxTTBQVlM3QjNpa1liaVFPWDBiZVJ6bThnU05HYVZDeU43NlVmb0ZmaUlXZ05BdWlOdWNVaUk3d0E9PQ==",
    "is_default": false,
    "timestamp": "2025-09-12T09:29:55.126Z"
  },
  {
    "anime_title": "Danjo no Yuujou wa Seiritsu suru?",
    "episode_title": "Danjo no Yuujou wa Seiritsu suru? Episode 7 Subtitle Indonesia",
    "episode_link": "https://otakudesu.best/episode/dnywss-episode-7-sub-indo/",
    "episode_date": "25 Juni,2025",
    "server": "vidhide",
    "quality": "720p",
    "data_content": "eyJpZCI6MTgyNzUzLCJpIjoyLCJxIjoiNzIwcCJ9",
    "decoded_data": {
      "id": 182753,
      "i": 2,
      "q": "720p"
    },
    "stream_url": "https://odvidhide.com/embed/1w20o268pc3n",
    "is_default": false,
    "timestamp": "2025-09-12T09:29:55.165Z"
  },
  {
    "anime_title": "Danjo no Yuujou wa Seiritsu suru?",
    "episode_title": "Danjo no Yuujou wa Seiritsu suru? Episode 7 Subtitle Indonesia",
    "episode_link": "https://otakudesu.best/episode/dnywss-episode-7-sub-indo/",
    "episode_date": "25 Juni,2025",
    "server": "mega",
    "quality": "720p",
    "data_content": "eyJpZCI6MTgyNzUzLCJpIjozLCJxIjoiNzIwcCJ9",
    "decoded_data": {
      "id": 182753,
      "i": 3,
      "q": "720p"
    },
    "stream_url": "https://mega.nz/embed/GFk02IJC#35EpY6ij5xw5xmtgFv10tkJX9dTnEUY4P_taN93sdpg",
    "is_default": false,
    "timestamp": "2025-09-12T09:29:55.202Z"
  },
  {
    "anime_title": "Danjo no Yuujou wa Seiritsu suru?",
    "episode_title": "Danjo no Yuujou wa Seiritsu suru? Episode 8 Subtitle Indonesia",
    "episode_link": "https://otakudesu.best/episode/dnywss-episode-8-sub-indo/",
    "episode_date": "25 Juni,2025",
    "server": "otakuwatch4",
    "quality": "480p",
    "data_content": "eyJpZCI6MTgyNzU1LCJpIjowLCJxIjoiNDgwcCJ9",
    "decoded_data": {
      "id": 182755,
      "i": 0,
      "q": "480p"
    },
    "stream_url": "https://desustream.info/dstream/otakuwatch4/v2/index.php?id=MU1oY1Y2bE1jellxVlZPYTJDb2JocHlkSlZQdjdZRmlxdk05RjVFbnpQUT0=",
    "is_default": true,
    "timestamp": "2025-09-12T09:29:55.882Z"
  },
  {
    "anime_title": "Danjo no Yuujou wa Seiritsu suru?",
    "episode_title": "Danjo no Yuujou wa Seiritsu suru? Episode 8 Subtitle Indonesia",
    "episode_link": "https://otakudesu.best/episode/dnywss-episode-8-sub-indo/",
    "episode_date": "25 Juni,2025",
    "server": "odstream",
    "quality": "480p",
    "data_content": "eyJpZCI6MTgyNzU1LCJpIjoxLCJxIjoiNDgwcCJ9",
    "decoded_data": {
      "id": 182755,
      "i": 1,
      "q": "480p"
    },
    "stream_url": "https://desustream.info/dstream/arcg/?id=L3BvdWlGT3k1dnFVeU1mTXFuUTZuR1lKaGpKL2dxTTBQVlM3QjNpa1liZzBlYWdKZGg0aXNoclUwTDlJOHJDOElkcnVRNWp0dStrTFNLcGVtMVlTSlE9PQ==",
    "is_default": false,
    "timestamp": "2025-09-12T09:29:55.926Z"
  },
  {
    "anime_title": "Danjo no Yuujou wa Seiritsu suru?",
    "episode_title": "Danjo no Yuujou wa Seiritsu suru? Episode 8 Subtitle Indonesia",
    "episode_link": "https://otakudesu.best/episode/dnywss-episode-8-sub-indo/",
    "episode_date": "25 Juni,2025",
    "server": "otakuwatch4hd",
    "quality": "720p",
    "data_content": "eyJpZCI6MTgyNzU1LCJpIjowLCJxIjoiNzIwcCJ9",
    "decoded_data": {
      "id": 182755,
      "i": 0,
      "q": "720p"
    },
    "stream_url": "https://desustream.info/dstream/otakuwatch4/hd/v2/index.php?id=MU1oY1Y2bE1jellxVlZPYTJDb2JocHlkSlZQdjdZRmlxdk05RjVFbnpQUT0=",
    "is_default": false,
    "timestamp": "2025-09-12T09:29:56.026Z"
  },
  {
    "anime_title": "Danjo no Yuujou wa Seiritsu suru?",
    "episode_title": "Danjo no Yuujou wa Seiritsu suru? Episode 8 Subtitle Indonesia",
    "episode_link": "https://otakudesu.best/episode/dnywss-episode-8-sub-indo/",
    "episode_date": "25 Juni,2025",
    "server": "odstreamhd",
    "quality": "720p",
    "data_content": "eyJpZCI6MTgyNzU1LCJpIjoxLCJxIjoiNzIwcCJ9",
    "decoded_data": {
      "id": 182755,
      "i": 1,
      "q": "720p"
    },
    "stream_url": "https://desustream.info/dstream/arcg/?id=L3BvdWlGT3k1dnFVeU1mTXFuUTZuR1lKaGpKL2dxTTBQVlM3QjNpa1liaVFPWDBiZVJ6bThnU05HYVZDeU43NnVqK0JsT0FzQTZHbWJJVWNLN0FWS2c9PQ==",
    "is_default": false,
    "timestamp": "2025-09-12T09:29:56.065Z"
  },
  {
    "anime_title": "Danjo no Yuujou wa Seiritsu suru?",
    "episode_title": "Danjo no Yuujou wa Seiritsu suru? Episode 8 Subtitle Indonesia",
    "episode_link": "https://otakudesu.best/episode/dnywss-episode-8-sub-indo/",
    "episode_date": "25 Juni,2025",
    "server": "vidhide",
    "quality": "480p",
    "data_content": "eyJpZCI6MTgyNzU1LCJpIjoyLCJxIjoiNDgwcCJ9",
    "decoded_data": {
      "id": 182755,
      "i": 2,
      "q": "480p"
    },
    "stream_url": "https://odvidhide.com/embed/yqeqlgboqnwx",
    "is_default": false,
    "timestamp": "2025-09-12T09:29:56.117Z"
  },
  {
    "anime_title": "Danjo no Yuujou wa Seiritsu suru?",
    "episode_title": "Danjo no Yuujou wa Seiritsu suru? Episode 8 Subtitle Indonesia",
    "episode_link": "https://otakudesu.best/episode/dnywss-episode-8-sub-indo/",
    "episode_date": "25 Juni,2025",
    "server": "mega",
    "quality": "480p",
    "data_content": "eyJpZCI6MTgyNzU1LCJpIjozLCJxIjoiNDgwcCJ9",
    "decoded_data": {
      "id": 182755,
      "i": 3,
      "q": "480p"
    },
    "stream_url": "https://mega.nz/embed/nJMRTKKR#l443aqQX_9tIF9VC0w25GSqhbfOV5onFZCbkNtCpf-4",
    "is_default": false,
    "timestamp": "2025-09-12T09:29:56.150Z"
  },
  {
    "anime_title": "Danjo no Yuujou wa Seiritsu suru?",
    "episode_title": "Danjo no Yuujou wa Seiritsu suru? Episode 8 Subtitle Indonesia",
    "episode_link": "https://otakudesu.best/episode/dnywss-episode-8-sub-indo/",
    "episode_date": "25 Juni,2025",
    "server": "mega",
    "quality": "720p",
    "data_content": "eyJpZCI6MTgyNzU1LCJpIjozLCJxIjoiNzIwcCJ9",
    "decoded_data": {
      "id": 182755,
      "i": 3,
      "q": "720p"
    },
    "stream_url": "https://mega.nz/embed/Cd0zADZZ#6dEiCdTopOpiOG5yxuFKvo5MWwYJ31CbslEpvneAry8",
    "is_default": false,
    "timestamp": "2025-09-12T09:29:56.186Z"
  },
  {
    "anime_title": "Danjo no Yuujou wa Seiritsu suru?",
    "episode_title": "Danjo no Yuujou wa Seiritsu suru? Episode 8 Subtitle Indonesia",
    "episode_link": "https://otakudesu.best/episode/dnywss-episode-8-sub-indo/",
    "episode_date": "25 Juni,2025",
    "server": "vidhide",
    "quality": "720p",
    "data_content": "eyJpZCI6MTgyNzU1LCJpIjoyLCJxIjoiNzIwcCJ9",
    "decoded_data": {
      "id": 182755,
      "i": 2,
      "q": "720p"
    },
    "stream_url": "https://odvidhide.com/embed/tqyfhzvlltor",
    "is_default": false,
    "timestamp": "2025-09-12T09:29:56.656Z"
  },
  {
    "anime_title": "Danjo no Yuujou wa Seiritsu suru?",
    "episode_title": "Danjo no Yuujou wa Seiritsu suru? Episode 8 Subtitle Indonesia",
    "episode_link": "https://otakudesu.best/episode/dnywss-episode-8-sub-indo/",
    "episode_date": "25 Juni,2025",
    "server": "otakuwatch4",
    "quality": "480p",
    "data_content": "eyJpZCI6MTgyNzU1LCJpIjowLCJxIjoiNDgwcCJ9",
    "decoded_data": {
      "id": 182755,
      "i": 0,
      "q": "480p"
    },
    "stream_url": "https://desustream.info/dstream/otakuwatch4/v2/index.php?id=MU1oY1Y2bE1jellxVlZPYTJDb2JocHlkSlZQdjdZRmlxdk05RjVFbnpQUT0=",
    "is_default": true,
    "timestamp": "2025-09-12T09:29:55.882Z"
  },
  {
    "anime_title": "Danjo no Yuujou wa Seiritsu suru?",
    "episode_title": "Danjo no Yuujou wa Seiritsu suru? Episode 8 Subtitle Indonesia",
    "episode_link": "https://otakudesu.best/episode/dnywss-episode-8-sub-indo/",
    "episode_date": "25 Juni,2025",
    "server": "odstream",
    "quality": "480p",
    "data_content": "eyJpZCI6MTgyNzU1LCJpIjoxLCJxIjoiNDgwcCJ9",
    "decoded_data": {
      "id": 182755,
      "i": 1,
      "q": "480p"
    },
    "stream_url": "https://desustream.info/dstream/arcg/?id=L3BvdWlGT3k1dnFVeU1mTXFuUTZuR1lKaGpKL2dxTTBQVlM3QjNpa1liZzBlYWdKZGg0aXNoclUwTDlJOHJDOElkcnVRNWp0dStrTFNLcGVtMVlTSlE9PQ==",
    "is_default": false,
    "timestamp": "2025-09-12T09:29:55.926Z"
  },
  {
    "anime_title": "Danjo no Yuujou wa Seiritsu suru?",
    "episode_title": "Danjo no Yuujou wa Seiritsu suru? Episode 8 Subtitle Indonesia",
    "episode_link": "https://otakudesu.best/episode/dnywss-episode-8-sub-indo/",
    "episode_date": "25 Juni,2025",
    "server": "vidhide",
    "quality": "480p",
    "data_content": "eyJpZCI6MTgyNzU1LCJpIjoyLCJxIjoiNDgwcCJ9",
    "decoded_data": {
      "id": 182755,
      "i": 2,
      "q": "480p"
    },
    "stream_url": "https://odvidhide.com/embed/yqeqlgboqnwx",
    "is_default": false,
    "timestamp": "2025-09-12T09:29:56.117Z"
  },
  {
    "anime_title": "Danjo no Yuujou wa Seiritsu suru?",
    "episode_title": "Danjo no Yuujou wa Seiritsu suru? Episode 8 Subtitle Indonesia",
    "episode_link": "https://otakudesu.best/episode/dnywss-episode-8-sub-indo/",
    "episode_date": "25 Juni,2025",
    "server": "mega",
    "quality": "480p",
    "data_content": "eyJpZCI6MTgyNzU1LCJpIjozLCJxIjoiNDgwcCJ9",
    "decoded_data": {
      "id": 182755,
      "i": 3,
      "q": "480p"
    },
    "stream_url": "https://mega.nz/embed/nJMRTKKR#l443aqQX_9tIF9VC0w25GSqhbfOV5onFZCbkNtCpf-4",
    "is_default": false,
    "timestamp": "2025-09-12T09:29:56.150Z"
  },
  {
    "anime_title": "Danjo no Yuujou wa Seiritsu suru?",
    "episode_title": "Danjo no Yuujou wa Seiritsu suru? Episode 8 Subtitle Indonesia",
    "episode_link": "https://otakudesu.best/episode/dnywss-episode-8-sub-indo/",
    "episode_date": "25 Juni,2025",
    "server": "otakuwatch4hd",
    "quality": "720p",
    "data_content": "eyJpZCI6MTgyNzU1LCJpIjowLCJxIjoiNzIwcCJ9",
    "decoded_data": {
      "id": 182755,
      "i": 0,
      "q": "720p"
    },
    "stream_url": "https://desustream.info/dstream/otakuwatch4/hd/v2/index.php?id=MU1oY1Y2bE1jellxVlZPYTJDb2JocHlkSlZQdjdZRmlxdk05RjVFbnpQUT0=",
    "is_default": false,
    "timestamp": "2025-09-12T09:29:56.026Z"
  },
  {
    "anime_title": "Danjo no Yuujou wa Seiritsu suru?",
    "episode_title": "Danjo no Yuujou wa Seiritsu suru? Episode 8 Subtitle Indonesia",
    "episode_link": "https://otakudesu.best/episode/dnywss-episode-8-sub-indo/",
    "episode_date": "25 Juni,2025",
    "server": "odstreamhd",
    "quality": "720p",
    "data_content": "eyJpZCI6MTgyNzU1LCJpIjoxLCJxIjoiNzIwcCJ9",
    "decoded_data": {
      "id": 182755,
      "i": 1,
      "q": "720p"
    },
    "stream_url": "https://desustream.info/dstream/arcg/?id=L3BvdWlGT3k1dnFVeU1mTXFuUTZuR1lKaGpKL2dxTTBQVlM3QjNpa1liaVFPWDBiZVJ6bThnU05HYVZDeU43NnVqK0JsT0FzQTZHbWJJVWNLN0FWS2c9PQ==",
    "is_default": false,
    "timestamp": "2025-09-12T09:29:56.065Z"
  },
  {
    "anime_title": "Danjo no Yuujou wa Seiritsu suru?",
    "episode_title": "Danjo no Yuujou wa Seiritsu suru? Episode 8 Subtitle Indonesia",
    "episode_link": "https://otakudesu.best/episode/dnywss-episode-8-sub-indo/",
    "episode_date": "25 Juni,2025",
    "server": "vidhide",
    "quality": "720p",
    "data_content": "eyJpZCI6MTgyNzU1LCJpIjoyLCJxIjoiNzIwcCJ9",
    "decoded_data": {
      "id": 182755,
      "i": 2,
      "q": "720p"
    },
    "stream_url": "https://odvidhide.com/embed/tqyfhzvlltor",
    "is_default": false,
    "timestamp": "2025-09-12T09:29:56.656Z"
  },
  {
    "anime_title": "Danjo no Yuujou wa Seiritsu suru?",
    "episode_title": "Danjo no Yuujou wa Seiritsu suru? Episode 8 Subtitle Indonesia",
    "episode_link": "https://otakudesu.best/episode/dnywss-episode-8-sub-indo/",
    "episode_date": "25 Juni,2025",
    "server": "mega",
    "quality": "720p",
    "data_content": "eyJpZCI6MTgyNzU1LCJpIjozLCJxIjoiNzIwcCJ9",
    "decoded_data": {
      "id": 182755,
      "i": 3,
      "q": "720p"
    },
    "stream_url": "https://mega.nz/embed/Cd0zADZZ#6dEiCdTopOpiOG5yxuFKvo5MWwYJ31CbslEpvneAry8",
    "is_default": false,
    "timestamp": "2025-09-12T09:29:56.186Z"
  },
  {
    "anime_title": "Danjo no Yuujou wa Seiritsu suru?",
    "episode_title": "Danjo no Yuujou wa Seiritsu suru? Episode 9 Subtitle Indonesia",
    "episode_link": "https://otakudesu.best/episode/dnywss-episode-9-sub-indo/",
    "episode_date": "25 Juni,2025",
    "server": "otakuwatch4",
    "quality": "480p",
    "data_content": "eyJpZCI6MTgyNzU0LCJpIjowLCJxIjoiNDgwcCJ9",
    "decoded_data": {
      "id": 182754,
      "i": 0,
      "q": "480p"
    },
    "stream_url": "https://desustream.info/dstream/otakuwatch4/v2/index.php?id=dnovdm5DZjVlUmdLb2hPSDRNc0JmUG81QTRKQmJWUmh3M3JwMHQ3RFBQYz0=",
    "is_default": true,
    "timestamp": "2025-09-12T09:29:57.435Z"
  },
  {
    "anime_title": "Danjo no Yuujou wa Seiritsu suru?",
    "episode_title": "Danjo no Yuujou wa Seiritsu suru? Episode 9 Subtitle Indonesia",
    "episode_link": "https://otakudesu.best/episode/dnywss-episode-9-sub-indo/",
    "episode_date": "25 Juni,2025",
    "server": "odstream",
    "quality": "480p",
    "data_content": "eyJpZCI6MTgyNzU0LCJpIjoxLCJxIjoiNDgwcCJ9",
    "decoded_data": {
      "id": 182754,
      "i": 1,
      "q": "480p"
    },
    "stream_url": "https://desustream.info/dstream/arcg/?id=L3BvdWlGT3k1dnFVeU1mTXFuUTZuR1lKaGpKL2dxTTBQVlM3QjNpa1liaS9NVE9yU1F5K1VkbDBJTkVHQTVYbWFrSktaOVQ4VkF0RWpOTzJRVHZYNEE9PQ==",
    "is_default": false,
    "timestamp": "2025-09-12T09:29:57.479Z"
  },
  {
    "anime_title": "Danjo no Yuujou wa Seiritsu suru?",
    "episode_title": "Danjo no Yuujou wa Seiritsu suru? Episode 9 Subtitle Indonesia",
    "episode_link": "https://otakudesu.best/episode/dnywss-episode-9-sub-indo/",
    "episode_date": "25 Juni,2025",
    "server": "vidhide",
    "quality": "480p",
    "data_content": "eyJpZCI6MTgyNzU0LCJpIjoyLCJxIjoiNDgwcCJ9",
    "decoded_data": {
      "id": 182754,
      "i": 2,
      "q": "480p"
    },
    "stream_url": "https://odvidhide.com/embed/y7k0ff1gaq6a",
    "is_default": false,
    "timestamp": "2025-09-12T09:29:57.516Z"
  },
  {
    "anime_title": "Danjo no Yuujou wa Seiritsu suru?",
    "episode_title": "Danjo no Yuujou wa Seiritsu suru? Episode 9 Subtitle Indonesia",
    "episode_link": "https://otakudesu.best/episode/dnywss-episode-9-sub-indo/",
    "episode_date": "25 Juni,2025",
    "server": "mega",
    "quality": "480p",
    "data_content": "eyJpZCI6MTgyNzU0LCJpIjozLCJxIjoiNDgwcCJ9",
    "decoded_data": {
      "id": 182754,
      "i": 3,
      "q": "480p"
    },
    "stream_url": "https://mega.nz/embed/PdFznAgA#GNOJvDU0zGNJ4wTqkjZd6RbvYuZB-OxYeNaOie0QEkw",
    "is_default": false,
    "timestamp": "2025-09-12T09:29:57.566Z"
  },
  {
    "anime_title": "Danjo no Yuujou wa Seiritsu suru?",
    "episode_title": "Danjo no Yuujou wa Seiritsu suru? Episode 9 Subtitle Indonesia",
    "episode_link": "https://otakudesu.best/episode/dnywss-episode-9-sub-indo/",
    "episode_date": "25 Juni,2025",
    "server": "otakuwatch4hd",
    "quality": "720p",
    "data_content": "eyJpZCI6MTgyNzU0LCJpIjowLCJxIjoiNzIwcCJ9",
    "decoded_data": {
      "id": 182754,
      "i": 0,
      "q": "720p"
    },
    "stream_url": "https://desustream.info/dstream/otakuwatch4/hd/v2/index.php?id=dnovdm5DZjVlUmdLb2hPSDRNc0JmUG81QTRKQmJWUmh3M3JwMHQ3RFBQYz0=",
    "is_default": false,
    "timestamp": "2025-09-12T09:29:57.604Z"
  },
  {
    "anime_title": "Danjo no Yuujou wa Seiritsu suru?",
    "episode_title": "Danjo no Yuujou wa Seiritsu suru? Episode 9 Subtitle Indonesia",
    "episode_link": "https://otakudesu.best/episode/dnywss-episode-9-sub-indo/",
    "episode_date": "25 Juni,2025",
    "server": "odstreamhd",
    "quality": "720p",
    "data_content": "eyJpZCI6MTgyNzU0LCJpIjoxLCJxIjoiNzIwcCJ9",
    "decoded_data": {
      "id": 182754,
      "i": 1,
      "q": "720p"
    },
    "stream_url": "https://desustream.info/dstream/arcg/?id=L3BvdWlGT3k1dnFVeU1mTXFuUTZuR1lKaGpKL2dxTTBQVlM3QjNpa1liaVFPWDBiZVJ6bThnU05HYVZDeU43NnRXeDJIcm8zZC9nbG1jeERhck1xK3c9PQ==",
    "is_default": false,
    "timestamp": "2025-09-12T09:29:57.642Z"
  },
  {
    "anime_title": "Danjo no Yuujou wa Seiritsu suru?",
    "episode_title": "Danjo no Yuujou wa Seiritsu suru? Episode 9 Subtitle Indonesia",
    "episode_link": "https://otakudesu.best/episode/dnywss-episode-9-sub-indo/",
    "episode_date": "25 Juni,2025",
    "server": "vidhide",
    "quality": "720p",
    "data_content": "eyJpZCI6MTgyNzU0LCJpIjoyLCJxIjoiNzIwcCJ9",
    "decoded_data": {
      "id": 182754,
      "i": 2,
      "q": "720p"
    },
    "stream_url": "https://odvidhide.com/embed/uqjgieo9yk6k",
    "is_default": false,
    "timestamp": "2025-09-12T09:29:57.679Z"
  },
  {
    "anime_title": "Danjo no Yuujou wa Seiritsu suru?",
    "episode_title": "Danjo no Yuujou wa Seiritsu suru? Episode 9 Subtitle Indonesia",
    "episode_link": "https://otakudesu.best/episode/dnywss-episode-9-sub-indo/",
    "episode_date": "25 Juni,2025",
    "server": "mega",
    "quality": "720p",
    "data_content": "eyJpZCI6MTgyNzU0LCJpIjozLCJxIjoiNzIwcCJ9",
    "decoded_data": {
      "id": 182754,
      "i": 3,
      "q": "720p"
    },
    "stream_url": "https://mega.nz/embed/HRUmjYzC#tJuLg5VA0nz2vR8VQAqLL43fq4ADiaaFaXlgLaoxTZU",
    "is_default": false,
    "timestamp": "2025-09-12T09:29:57.716Z"
  },
  {
    "anime_title": "Danjo no Yuujou wa Seiritsu suru?",
    "episode_title": "Danjo no Yuujou wa Seiritsu suru? Episode 9 Subtitle Indonesia",
    "episode_link": "https://otakudesu.best/episode/dnywss-episode-9-sub-indo/",
    "episode_date": "25 Juni,2025",
    "server": "otakuwatch4",
    "quality": "480p",
    "data_content": "eyJpZCI6MTgyNzU0LCJpIjowLCJxIjoiNDgwcCJ9",
    "decoded_data": {
      "id": 182754,
      "i": 0,
      "q": "480p"
    },
    "stream_url": "https://desustream.info/dstream/otakuwatch4/v2/index.php?id=dnovdm5DZjVlUmdLb2hPSDRNc0JmUG81QTRKQmJWUmh3M3JwMHQ3RFBQYz0=",
    "is_default": true,
    "timestamp": "2025-09-12T09:29:57.435Z"
  },
  {
    "anime_title": "Danjo no Yuujou wa Seiritsu suru?",
    "episode_title": "Danjo no Yuujou wa Seiritsu suru? Episode 9 Subtitle Indonesia",
    "episode_link": "https://otakudesu.best/episode/dnywss-episode-9-sub-indo/",
    "episode_date": "25 Juni,2025",
    "server": "odstream",
    "quality": "480p",
    "data_content": "eyJpZCI6MTgyNzU0LCJpIjoxLCJxIjoiNDgwcCJ9",
    "decoded_data": {
      "id": 182754,
      "i": 1,
      "q": "480p"
    },
    "stream_url": "https://desustream.info/dstream/arcg/?id=L3BvdWlGT3k1dnFVeU1mTXFuUTZuR1lKaGpKL2dxTTBQVlM3QjNpa1liaS9NVE9yU1F5K1VkbDBJTkVHQTVYbWFrSktaOVQ4VkF0RWpOTzJRVHZYNEE9PQ==",
    "is_default": false,
    "timestamp": "2025-09-12T09:29:57.479Z"
  },
  {
    "anime_title": "Danjo no Yuujou wa Seiritsu suru?",
    "episode_title": "Danjo no Yuujou wa Seiritsu suru? Episode 9 Subtitle Indonesia",
    "episode_link": "https://otakudesu.best/episode/dnywss-episode-9-sub-indo/",
    "episode_date": "25 Juni,2025",
    "server": "vidhide",
    "quality": "480p",
    "data_content": "eyJpZCI6MTgyNzU0LCJpIjoyLCJxIjoiNDgwcCJ9",
    "decoded_data": {
      "id": 182754,
      "i": 2,
      "q": "480p"
    },
    "stream_url": "https://odvidhide.com/embed/y7k0ff1gaq6a",
    "is_default": false,
    "timestamp": "2025-09-12T09:29:57.516Z"
  },
  {
    "anime_title": "Danjo no Yuujou wa Seiritsu suru?",
    "episode_title": "Danjo no Yuujou wa Seiritsu suru? Episode 9 Subtitle Indonesia",
    "episode_link": "https://otakudesu.best/episode/dnywss-episode-9-sub-indo/",
    "episode_date": "25 Juni,2025",
    "server": "mega",
    "quality": "480p",
    "data_content": "eyJpZCI6MTgyNzU0LCJpIjozLCJxIjoiNDgwcCJ9",
    "decoded_data": {
      "id": 182754,
      "i": 3,
      "q": "480p"
    },
    "stream_url": "https://mega.nz/embed/PdFznAgA#GNOJvDU0zGNJ4wTqkjZd6RbvYuZB-OxYeNaOie0QEkw",
    "is_default": false,
    "timestamp": "2025-09-12T09:29:57.566Z"
  },
  {
    "anime_title": "Danjo no Yuujou wa Seiritsu suru?",
    "episode_title": "Danjo no Yuujou wa Seiritsu suru? Episode 9 Subtitle Indonesia",
    "episode_link": "https://otakudesu.best/episode/dnywss-episode-9-sub-indo/",
    "episode_date": "25 Juni,2025",
    "server": "otakuwatch4hd",
    "quality": "720p",
    "data_content": "eyJpZCI6MTgyNzU0LCJpIjowLCJxIjoiNzIwcCJ9",
    "decoded_data": {
      "id": 182754,
      "i": 0,
      "q": "720p"
    },
    "stream_url": "https://desustream.info/dstream/otakuwatch4/hd/v2/index.php?id=dnovdm5DZjVlUmdLb2hPSDRNc0JmUG81QTRKQmJWUmh3M3JwMHQ3RFBQYz0=",
    "is_default": false,
    "timestamp": "2025-09-12T09:29:57.604Z"
  },
  {
    "anime_title": "Danjo no Yuujou wa Seiritsu suru?",
    "episode_title": "Danjo no Yuujou wa Seiritsu suru? Episode 9 Subtitle Indonesia",
    "episode_link": "https://otakudesu.best/episode/dnywss-episode-9-sub-indo/",
    "episode_date": "25 Juni,2025",
    "server": "odstreamhd",
    "quality": "720p",
    "data_content": "eyJpZCI6MTgyNzU0LCJpIjoxLCJxIjoiNzIwcCJ9",
    "decoded_data": {
      "id": 182754,
      "i": 1,
      "q": "720p"
    },
    "stream_url": "https://desustream.info/dstream/arcg/?id=L3BvdWlGT3k1dnFVeU1mTXFuUTZuR1lKaGpKL2dxTTBQVlM3QjNpa1liaVFPWDBiZVJ6bThnU05HYVZDeU43NnRXeDJIcm8zZC9nbG1jeERhck1xK3c9PQ==",
    "is_default": false,
    "timestamp": "2025-09-12T09:29:57.642Z"
  },
  {
    "anime_title": "Danjo no Yuujou wa Seiritsu suru?",
    "episode_title": "Danjo no Yuujou wa Seiritsu suru? Episode 9 Subtitle Indonesia",
    "episode_link": "https://otakudesu.best/episode/dnywss-episode-9-sub-indo/",
    "episode_date": "25 Juni,2025",
    "server": "vidhide",
    "quality": "720p",
    "data_content": "eyJpZCI6MTgyNzU0LCJpIjoyLCJxIjoiNzIwcCJ9",
    "decoded_data": {
      "id": 182754,
      "i": 2,
      "q": "720p"
    },
    "stream_url": "https://odvidhide.com/embed/uqjgieo9yk6k",
    "is_default": false,
    "timestamp": "2025-09-12T09:29:57.679Z"
  },
  {
    "anime_title": "Danjo no Yuujou wa Seiritsu suru?",
    "episode_title": "Danjo no Yuujou wa Seiritsu suru? Episode 9 Subtitle Indonesia",
    "episode_link": "https://otakudesu.best/episode/dnywss-episode-9-sub-indo/",
    "episode_date": "25 Juni,2025",
    "server": "mega",
    "quality": "720p",
    "data_content": "eyJpZCI6MTgyNzU0LCJpIjozLCJxIjoiNzIwcCJ9",
    "decoded_data": {
      "id": 182754,
      "i": 3,
      "q": "720p"
    },
    "stream_url": "https://mega.nz/embed/HRUmjYzC#tJuLg5VA0nz2vR8VQAqLL43fq4ADiaaFaXlgLaoxTZU",
    "is_default": false,
    "timestamp": "2025-09-12T09:29:57.716Z"
  },
  {
    "anime_title": "Danjo no Yuujou wa Seiritsu suru?",
    "episode_title": "Danjo no Yuujou wa Seiritsu suru? Episode 10 Subtitle Indonesia",
    "episode_link": "https://otakudesu.best/episode/dnywss-episode-10-sub-indo/",
    "episode_date": "25 Juni,2025",
    "server": "otakuwatch4",
    "quality": "480p",
    "data_content": "eyJpZCI6MTgyNzU2LCJpIjowLCJxIjoiNDgwcCJ9",
    "decoded_data": {
      "id": 182756,
      "i": 0,
      "q": "480p"
    },
    "stream_url": "https://desustream.info/dstream/otakuwatch4/v2/index.php?id=QnVtbTkvZzk0SG5wc2ZjRG5CNnA5WmQ1dCtCdlh4MU5KNldEUU5HbXBsOD0=",
    "is_default": true,
    "timestamp": "2025-09-12T09:29:58.392Z"
  },
  {
    "anime_title": "Danjo no Yuujou wa Seiritsu suru?",
    "episode_title": "Danjo no Yuujou wa Seiritsu suru? Episode 10 Subtitle Indonesia",
    "episode_link": "https://otakudesu.best/episode/dnywss-episode-10-sub-indo/",
    "episode_date": "25 Juni,2025",
    "server": "odstream",
    "quality": "480p",
    "data_content": "eyJpZCI6MTgyNzU2LCJpIjoxLCJxIjoiNDgwcCJ9",
    "decoded_data": {
      "id": 182756,
      "i": 1,
      "q": "480p"
    },
    "stream_url": "https://desustream.info/dstream/arcg/?id=L3BvdWlGT3k1dnFVeU1mTXFuUTZuR1lKaGpKL2dxTTBQVlM3QjNpa1liZ3A4a0lJWHFKSThGbEZPY3QrU0QvZzRmOHhjYXVTeVJoU1RZdVRrSVU0c1E9PQ==",
    "is_default": false,
    "timestamp": "2025-09-12T09:29:58.446Z"
  },
  {
    "anime_title": "Danjo no Yuujou wa Seiritsu suru?",
    "episode_title": "Danjo no Yuujou wa Seiritsu suru? Episode 10 Subtitle Indonesia",
    "episode_link": "https://otakudesu.best/episode/dnywss-episode-10-sub-indo/",
    "episode_date": "25 Juni,2025",
    "server": "vidhide",
    "quality": "480p",
    "data_content": "eyJpZCI6MTgyNzU2LCJpIjoyLCJxIjoiNDgwcCJ9",
    "decoded_data": {
      "id": 182756,
      "i": 2,
      "q": "480p"
    },
    "stream_url": "https://odvidhide.com/embed/0z2dp1f3n8gv",
    "is_default": false,
    "timestamp": "2025-09-12T09:29:58.485Z"
  },
  {
    "anime_title": "Danjo no Yuujou wa Seiritsu suru?",
    "episode_title": "Danjo no Yuujou wa Seiritsu suru? Episode 10 Subtitle Indonesia",
    "episode_link": "https://otakudesu.best/episode/dnywss-episode-10-sub-indo/",
    "episode_date": "25 Juni,2025",
    "server": "mega",
    "quality": "480p",
    "data_content": "eyJpZCI6MTgyNzU2LCJpIjozLCJxIjoiNDgwcCJ9",
    "decoded_data": {
      "id": 182756,
      "i": 3,
      "q": "480p"
    },
    "stream_url": "https://mega.nz/embed/WZ1zxb6b#h5P4CIXDgd4ShfFvSM37zOTgMd4hTrKXOqC6kYrKEVg",
    "is_default": false,
    "timestamp": "2025-09-12T09:29:58.523Z"
  },
  {
    "anime_title": "Danjo no Yuujou wa Seiritsu suru?",
    "episode_title": "Danjo no Yuujou wa Seiritsu suru? Episode 10 Subtitle Indonesia",
    "episode_link": "https://otakudesu.best/episode/dnywss-episode-10-sub-indo/",
    "episode_date": "25 Juni,2025",
    "server": "otakuwatch4hd",
    "quality": "720p",
    "data_content": "eyJpZCI6MTgyNzU2LCJpIjowLCJxIjoiNzIwcCJ9",
    "decoded_data": {
      "id": 182756,
      "i": 0,
      "q": "720p"
    },
    "stream_url": "https://desustream.info/dstream/otakuwatch4/hd/v2/index.php?id=QnVtbTkvZzk0SG5wc2ZjRG5CNnA5WmQ1dCtCdlh4MU5KNldEUU5HbXBsOD0=",
    "is_default": false,
    "timestamp": "2025-09-12T09:29:58.561Z"
  },
  {
    "anime_title": "Danjo no Yuujou wa Seiritsu suru?",
    "episode_title": "Danjo no Yuujou wa Seiritsu suru? Episode 10 Subtitle Indonesia",
    "episode_link": "https://otakudesu.best/episode/dnywss-episode-10-sub-indo/",
    "episode_date": "25 Juni,2025",
    "server": "odstreamhd",
    "quality": "720p",
    "data_content": "eyJpZCI6MTgyNzU2LCJpIjoxLCJxIjoiNzIwcCJ9",
    "decoded_data": {
      "id": 182756,
      "i": 1,
      "q": "720p"
    },
    "stream_url": "https://desustream.info/dstream/arcg/?id=L3BvdWlGT3k1dnFVeU1mTXFuUTZuR1lKaGpKL2dxTTBQVlM3QjNpa1liaVFPWDBiZVJ6bThnU05HYVZDeU43Nmd3QkFvSVlZM3BZYlZ3THpXQlQ3RWc9PQ==",
    "is_default": false,
    "timestamp": "2025-09-12T09:29:58.598Z"
  },
  {
    "anime_title": "Danjo no Yuujou wa Seiritsu suru?",
    "episode_title": "Danjo no Yuujou wa Seiritsu suru? Episode 10 Subtitle Indonesia",
    "episode_link": "https://otakudesu.best/episode/dnywss-episode-10-sub-indo/",
    "episode_date": "25 Juni,2025",
    "server": "vidhide",
    "quality": "720p",
    "data_content": "eyJpZCI6MTgyNzU2LCJpIjoyLCJxIjoiNzIwcCJ9",
    "decoded_data": {
      "id": 182756,
      "i": 2,
      "q": "720p"
    },
    "stream_url": "https://odvidhide.com/embed/jge4ji822big",
    "is_default": false,
    "timestamp": "2025-09-12T09:29:58.636Z"
  },
  {
    "anime_title": "Danjo no Yuujou wa Seiritsu suru?",
    "episode_title": "Danjo no Yuujou wa Seiritsu suru? Episode 10 Subtitle Indonesia",
    "episode_link": "https://otakudesu.best/episode/dnywss-episode-10-sub-indo/",
    "episode_date": "25 Juni,2025",
    "server": "mega",
    "quality": "720p",
    "data_content": "eyJpZCI6MTgyNzU2LCJpIjozLCJxIjoiNzIwcCJ9",
    "decoded_data": {
      "id": 182756,
      "i": 3,
      "q": "720p"
    },
    "stream_url": "https://mega.nz/embed/mENHxLIC#_wIG2Y_ZtH1QgFQZvD1Q-KAmNhVcai45uPnkT3rgxto",
    "is_default": false,
    "timestamp": "2025-09-12T09:29:58.676Z"
  },
  {
    "anime_title": "Danjo no Yuujou wa Seiritsu suru?",
    "episode_title": "Danjo no Yuujou wa Seiritsu suru? Episode 10 Subtitle Indonesia",
    "episode_link": "https://otakudesu.best/episode/dnywss-episode-10-sub-indo/",
    "episode_date": "25 Juni,2025",
    "server": "otakuwatch4",
    "quality": "480p",
    "data_content": "eyJpZCI6MTgyNzU2LCJpIjowLCJxIjoiNDgwcCJ9",
    "decoded_data": {
      "id": 182756,
      "i": 0,
      "q": "480p"
    },
    "stream_url": "https://desustream.info/dstream/otakuwatch4/v2/index.php?id=QnVtbTkvZzk0SG5wc2ZjRG5CNnA5WmQ1dCtCdlh4MU5KNldEUU5HbXBsOD0=",
    "is_default": true,
    "timestamp": "2025-09-12T09:29:58.392Z"
  },
  {
    "anime_title": "Danjo no Yuujou wa Seiritsu suru?",
    "episode_title": "Danjo no Yuujou wa Seiritsu suru? Episode 10 Subtitle Indonesia",
    "episode_link": "https://otakudesu.best/episode/dnywss-episode-10-sub-indo/",
    "episode_date": "25 Juni,2025",
    "server": "odstream",
    "quality": "480p",
    "data_content": "eyJpZCI6MTgyNzU2LCJpIjoxLCJxIjoiNDgwcCJ9",
    "decoded_data": {
      "id": 182756,
      "i": 1,
      "q": "480p"
    },
    "stream_url": "https://desustream.info/dstream/arcg/?id=L3BvdWlGT3k1dnFVeU1mTXFuUTZuR1lKaGpKL2dxTTBQVlM3QjNpa1liZ3A4a0lJWHFKSThGbEZPY3QrU0QvZzRmOHhjYXVTeVJoU1RZdVRrSVU0c1E9PQ==",
    "is_default": false,
    "timestamp": "2025-09-12T09:29:58.446Z"
  },
  {
    "anime_title": "Danjo no Yuujou wa Seiritsu suru?",
    "episode_title": "Danjo no Yuujou wa Seiritsu suru? Episode 10 Subtitle Indonesia",
    "episode_link": "https://otakudesu.best/episode/dnywss-episode-10-sub-indo/",
    "episode_date": "25 Juni,2025",
    "server": "vidhide",
    "quality": "480p",
    "data_content": "eyJpZCI6MTgyNzU2LCJpIjoyLCJxIjoiNDgwcCJ9",
    "decoded_data": {
      "id": 182756,
      "i": 2,
      "q": "480p"
    },
    "stream_url": "https://odvidhide.com/embed/0z2dp1f3n8gv",
    "is_default": false,
    "timestamp": "2025-09-12T09:29:58.485Z"
  },
  {
    "anime_title": "Danjo no Yuujou wa Seiritsu suru?",
    "episode_title": "Danjo no Yuujou wa Seiritsu suru? Episode 10 Subtitle Indonesia",
    "episode_link": "https://otakudesu.best/episode/dnywss-episode-10-sub-indo/",
    "episode_date": "25 Juni,2025",
    "server": "mega",
    "quality": "480p",
    "data_content": "eyJpZCI6MTgyNzU2LCJpIjozLCJxIjoiNDgwcCJ9",
    "decoded_data": {
      "id": 182756,
      "i": 3,
      "q": "480p"
    },
    "stream_url": "https://mega.nz/embed/WZ1zxb6b#h5P4CIXDgd4ShfFvSM37zOTgMd4hTrKXOqC6kYrKEVg",
    "is_default": false,
    "timestamp": "2025-09-12T09:29:58.523Z"
  },
  {
    "anime_title": "Danjo no Yuujou wa Seiritsu suru?",
    "episode_title": "Danjo no Yuujou wa Seiritsu suru? Episode 10 Subtitle Indonesia",
    "episode_link": "https://otakudesu.best/episode/dnywss-episode-10-sub-indo/",
    "episode_date": "25 Juni,2025",
    "server": "otakuwatch4hd",
    "quality": "720p",
    "data_content": "eyJpZCI6MTgyNzU2LCJpIjowLCJxIjoiNzIwcCJ9",
    "decoded_data": {
      "id": 182756,
      "i": 0,
      "q": "720p"
    },
    "stream_url": "https://desustream.info/dstream/otakuwatch4/hd/v2/index.php?id=QnVtbTkvZzk0SG5wc2ZjRG5CNnA5WmQ1dCtCdlh4MU5KNldEUU5HbXBsOD0=",
    "is_default": false,
    "timestamp": "2025-09-12T09:29:58.561Z"
  },
  {
    "anime_title": "Danjo no Yuujou wa Seiritsu suru?",
    "episode_title": "Danjo no Yuujou wa Seiritsu suru? Episode 10 Subtitle Indonesia",
    "episode_link": "https://otakudesu.best/episode/dnywss-episode-10-sub-indo/",
    "episode_date": "25 Juni,2025",
    "server": "odstreamhd",
    "quality": "720p",
    "data_content": "eyJpZCI6MTgyNzU2LCJpIjoxLCJxIjoiNzIwcCJ9",
    "decoded_data": {
      "id": 182756,
      "i": 1,
      "q": "720p"
    },
    "stream_url": "https://desustream.info/dstream/arcg/?id=L3BvdWlGT3k1dnFVeU1mTXFuUTZuR1lKaGpKL2dxTTBQVlM3QjNpa1liaVFPWDBiZVJ6bThnU05HYVZDeU43Nmd3QkFvSVlZM3BZYlZ3THpXQlQ3RWc9PQ==",
    "is_default": false,
    "timestamp": "2025-09-12T09:29:58.598Z"
  },
  {
    "anime_title": "Danjo no Yuujou wa Seiritsu suru?",
    "episode_title": "Danjo no Yuujou wa Seiritsu suru? Episode 10 Subtitle Indonesia",
    "episode_link": "https://otakudesu.best/episode/dnywss-episode-10-sub-indo/",
    "episode_date": "25 Juni,2025",
    "server": "vidhide",
    "quality": "720p",
    "data_content": "eyJpZCI6MTgyNzU2LCJpIjoyLCJxIjoiNzIwcCJ9",
    "decoded_data": {
      "id": 182756,
      "i": 2,
      "q": "720p"
    },
    "stream_url": "https://odvidhide.com/embed/jge4ji822big",
    "is_default": false,
    "timestamp": "2025-09-12T09:29:58.636Z"
  },
  {
    "anime_title": "Danjo no Yuujou wa Seiritsu suru?",
    "episode_title": "Danjo no Yuujou wa Seiritsu suru? Episode 10 Subtitle Indonesia",
    "episode_link": "https://otakudesu.best/episode/dnywss-episode-10-sub-indo/",
    "episode_date": "25 Juni,2025",
    "server": "mega",
    "quality": "720p",
    "data_content": "eyJpZCI6MTgyNzU2LCJpIjozLCJxIjoiNzIwcCJ9",
    "decoded_data": {
      "id": 182756,
      "i": 3,
      "q": "720p"
    },
    "stream_url": "https://mega.nz/embed/mENHxLIC#_wIG2Y_ZtH1QgFQZvD1Q-KAmNhVcai45uPnkT3rgxto",
    "is_default": false,
    "timestamp": "2025-09-12T09:29:58.676Z"
  },
  {
    "anime_title": "Danjo no Yuujou wa Seiritsu suru?",
    "episode_title": "Danjo no Yuujou wa Seiritsu suru? Episode 11 Subtitle Indonesia",
    "episode_link": "https://otakudesu.best/episode/dnywss-episode-11-sub-indo/",
    "episode_date": "25 Juni,2025",
    "server": "otakuwatch4",
    "quality": "480p",
    "data_content": "eyJpZCI6MTgyNzUxLCJpIjowLCJxIjoiNDgwcCJ9",
    "decoded_data": {
      "id": 182751,
      "i": 0,
      "q": "480p"
    },
    "stream_url": "https://desustream.info/dstream/otakuwatch4/v2/index.php?id=QnVtbTkvZzk0SG5wc2ZjRG5CNnA5VEE5M0RqQXJnR3BuUEk3bkxCMVNkVT0=",
    "is_default": true,
    "timestamp": "2025-09-12T09:29:59.347Z"
  },
  {
    "anime_title": "Danjo no Yuujou wa Seiritsu suru?",
    "episode_title": "Danjo no Yuujou wa Seiritsu suru? Episode 11 Subtitle Indonesia",
    "episode_link": "https://otakudesu.best/episode/dnywss-episode-11-sub-indo/",
    "episode_date": "25 Juni,2025",
    "server": "odstream",
    "quality": "480p",
    "data_content": "eyJpZCI6MTgyNzUxLCJpIjoxLCJxIjoiNDgwcCJ9",
    "decoded_data": {
      "id": 182751,
      "i": 1,
      "q": "480p"
    },
    "stream_url": "https://desustream.info/dstream/arcg/?id=L3BvdWlGT3k1dnFVeU1mTXFuUTZuR1lKaGpKL2dxTTBQVlM3QjNpa1liZ0tmaTRtQ25aK1FLaXh1bUVjaDZNdGZDOHFkY1VJNy9qazZQYzhnZlVBbUE9PQ==",
    "is_default": false,
    "timestamp": "2025-09-12T09:29:59.390Z"
  },
  {
    "anime_title": "Danjo no Yuujou wa Seiritsu suru?",
    "episode_title": "Danjo no Yuujou wa Seiritsu suru? Episode 11 Subtitle Indonesia",
    "episode_link": "https://otakudesu.best/episode/dnywss-episode-11-sub-indo/",
    "episode_date": "25 Juni,2025",
    "server": "vidhide",
    "quality": "480p",
    "data_content": "eyJpZCI6MTgyNzUxLCJpIjoyLCJxIjoiNDgwcCJ9",
    "decoded_data": {
      "id": 182751,
      "i": 2,
      "q": "480p"
    },
    "stream_url": "https://odvidhide.com/embed/ly7zo3p9qm7s",
    "is_default": false,
    "timestamp": "2025-09-12T09:29:59.430Z"
  },
  {
    "anime_title": "Danjo no Yuujou wa Seiritsu suru?",
    "episode_title": "Danjo no Yuujou wa Seiritsu suru? Episode 11 Subtitle Indonesia",
    "episode_link": "https://otakudesu.best/episode/dnywss-episode-11-sub-indo/",
    "episode_date": "25 Juni,2025",
    "server": "mega",
    "quality": "480p",
    "data_content": "eyJpZCI6MTgyNzUxLCJpIjozLCJxIjoiNDgwcCJ9",
    "decoded_data": {
      "id": 182751,
      "i": 3,
      "q": "480p"
    },
    "stream_url": "https://mega.nz/embed/fRURyDCZ#z-el9TNK-13FAxDGaAW3C2jUxJnJEdIkhfVB6FCFaYQ",
    "is_default": false,
    "timestamp": "2025-09-12T09:29:59.470Z"
  },
  {
    "anime_title": "Danjo no Yuujou wa Seiritsu suru?",
    "episode_title": "Danjo no Yuujou wa Seiritsu suru? Episode 11 Subtitle Indonesia",
    "episode_link": "https://otakudesu.best/episode/dnywss-episode-11-sub-indo/",
    "episode_date": "25 Juni,2025",
    "server": "otakuwatch4hd",
    "quality": "720p",
    "data_content": "eyJpZCI6MTgyNzUxLCJpIjowLCJxIjoiNzIwcCJ9",
    "decoded_data": {
      "id": 182751,
      "i": 0,
      "q": "720p"
    },
    "stream_url": "https://desustream.info/dstream/otakuwatch4/hd/v2/index.php?id=QnVtbTkvZzk0SG5wc2ZjRG5CNnA5VEE5M0RqQXJnR3BuUEk3bkxCMVNkVT0=",
    "is_default": false,
    "timestamp": "2025-09-12T09:29:59.508Z"
  },
  {
    "anime_title": "Danjo no Yuujou wa Seiritsu suru?",
    "episode_title": "Danjo no Yuujou wa Seiritsu suru? Episode 11 Subtitle Indonesia",
    "episode_link": "https://otakudesu.best/episode/dnywss-episode-11-sub-indo/",
    "episode_date": "25 Juni,2025",
    "server": "odstreamhd",
    "quality": "720p",
    "data_content": "eyJpZCI6MTgyNzUxLCJpIjoxLCJxIjoiNzIwcCJ9",
    "decoded_data": {
      "id": 182751,
      "i": 1,
      "q": "720p"
    },
    "stream_url": "https://desustream.info/dstream/arcg/?id=L3BvdWlGT3k1dnFVeU1mTXFuUTZuR1lKaGpKL2dxTTBQVlM3QjNpa1liaVFPWDBiZVJ6bThnU05HYVZDeU43NnhYdUNibGVPY1N3NlVqM210K2h5eXc9PQ==",
    "is_default": false,
    "timestamp": "2025-09-12T09:29:59.564Z"
  },
  {
    "anime_title": "Danjo no Yuujou wa Seiritsu suru?",
    "episode_title": "Danjo no Yuujou wa Seiritsu suru? Episode 11 Subtitle Indonesia",
    "episode_link": "https://otakudesu.best/episode/dnywss-episode-11-sub-indo/",
    "episode_date": "25 Juni,2025",
    "server": "vidhide",
    "quality": "720p",
    "data_content": "eyJpZCI6MTgyNzUxLCJpIjoyLCJxIjoiNzIwcCJ9",
    "decoded_data": {
      "id": 182751,
      "i": 2,
      "q": "720p"
    },
    "stream_url": "https://odvidhide.com/embed/l4m1sr42susu",
    "is_default": false,
    "timestamp": "2025-09-12T09:29:59.602Z"
  },
  {
    "anime_title": "Danjo no Yuujou wa Seiritsu suru?",
    "episode_title": "Danjo no Yuujou wa Seiritsu suru? Episode 11 Subtitle Indonesia",
    "episode_link": "https://otakudesu.best/episode/dnywss-episode-11-sub-indo/",
    "episode_date": "25 Juni,2025",
    "server": "mega",
    "quality": "720p",
    "data_content": "eyJpZCI6MTgyNzUxLCJpIjozLCJxIjoiNzIwcCJ9",
    "decoded_data": {
      "id": 182751,
      "i": 3,
      "q": "720p"
    },
    "stream_url": "https://mega.nz/embed/mNdRmJ4R#u1V7AFy0r60ec-6tguXzEFozy0eOmm5LPdhgC5Ycq8M",
    "is_default": false,
    "timestamp": "2025-09-12T09:29:59.638Z"
  },
  {
    "anime_title": "Danjo no Yuujou wa Seiritsu suru?",
    "episode_title": "Danjo no Yuujou wa Seiritsu suru? Episode 11 Subtitle Indonesia",
    "episode_link": "https://otakudesu.best/episode/dnywss-episode-11-sub-indo/",
    "episode_date": "25 Juni,2025",
    "server": "otakuwatch4",
    "quality": "480p",
    "data_content": "eyJpZCI6MTgyNzUxLCJpIjowLCJxIjoiNDgwcCJ9",
    "decoded_data": {
      "id": 182751,
      "i": 0,
      "q": "480p"
    },
    "stream_url": "https://desustream.info/dstream/otakuwatch4/v2/index.php?id=QnVtbTkvZzk0SG5wc2ZjRG5CNnA5VEE5M0RqQXJnR3BuUEk3bkxCMVNkVT0=",
    "is_default": true,
    "timestamp": "2025-09-12T09:29:59.347Z"
  },
  {
    "anime_title": "Danjo no Yuujou wa Seiritsu suru?",
    "episode_title": "Danjo no Yuujou wa Seiritsu suru? Episode 11 Subtitle Indonesia",
    "episode_link": "https://otakudesu.best/episode/dnywss-episode-11-sub-indo/",
    "episode_date": "25 Juni,2025",
    "server": "odstream",
    "quality": "480p",
    "data_content": "eyJpZCI6MTgyNzUxLCJpIjoxLCJxIjoiNDgwcCJ9",
    "decoded_data": {
      "id": 182751,
      "i": 1,
      "q": "480p"
    },
    "stream_url": "https://desustream.info/dstream/arcg/?id=L3BvdWlGT3k1dnFVeU1mTXFuUTZuR1lKaGpKL2dxTTBQVlM3QjNpa1liZ0tmaTRtQ25aK1FLaXh1bUVjaDZNdGZDOHFkY1VJNy9qazZQYzhnZlVBbUE9PQ==",
    "is_default": false,
    "timestamp": "2025-09-12T09:29:59.390Z"
  },
  {
    "anime_title": "Danjo no Yuujou wa Seiritsu suru?",
    "episode_title": "Danjo no Yuujou wa Seiritsu suru? Episode 11 Subtitle Indonesia",
    "episode_link": "https://otakudesu.best/episode/dnywss-episode-11-sub-indo/",
    "episode_date": "25 Juni,2025",
    "server": "vidhide",
    "quality": "480p",
    "data_content": "eyJpZCI6MTgyNzUxLCJpIjoyLCJxIjoiNDgwcCJ9",
    "decoded_data": {
      "id": 182751,
      "i": 2,
      "q": "480p"
    },
    "stream_url": "https://odvidhide.com/embed/ly7zo3p9qm7s",
    "is_default": false,
    "timestamp": "2025-09-12T09:29:59.430Z"
  },
  {
    "anime_title": "Danjo no Yuujou wa Seiritsu suru?",
    "episode_title": "Danjo no Yuujou wa Seiritsu suru? Episode 11 Subtitle Indonesia",
    "episode_link": "https://otakudesu.best/episode/dnywss-episode-11-sub-indo/",
    "episode_date": "25 Juni,2025",
    "server": "mega",
    "quality": "480p",
    "data_content": "eyJpZCI6MTgyNzUxLCJpIjozLCJxIjoiNDgwcCJ9",
    "decoded_data": {
      "id": 182751,
      "i": 3,
      "q": "480p"
    },
    "stream_url": "https://mega.nz/embed/fRURyDCZ#z-el9TNK-13FAxDGaAW3C2jUxJnJEdIkhfVB6FCFaYQ",
    "is_default": false,
    "timestamp": "2025-09-12T09:29:59.470Z"
  },
  {
    "anime_title": "Danjo no Yuujou wa Seiritsu suru?",
    "episode_title": "Danjo no Yuujou wa Seiritsu suru? Episode 11 Subtitle Indonesia",
    "episode_link": "https://otakudesu.best/episode/dnywss-episode-11-sub-indo/",
    "episode_date": "25 Juni,2025",
    "server": "otakuwatch4hd",
    "quality": "720p",
    "data_content": "eyJpZCI6MTgyNzUxLCJpIjowLCJxIjoiNzIwcCJ9",
    "decoded_data": {
      "id": 182751,
      "i": 0,
      "q": "720p"
    },
    "stream_url": "https://desustream.info/dstream/otakuwatch4/hd/v2/index.php?id=QnVtbTkvZzk0SG5wc2ZjRG5CNnA5VEE5M0RqQXJnR3BuUEk3bkxCMVNkVT0=",
    "is_default": false,
    "timestamp": "2025-09-12T09:29:59.508Z"
  },
  {
    "anime_title": "Danjo no Yuujou wa Seiritsu suru?",
    "episode_title": "Danjo no Yuujou wa Seiritsu suru? Episode 11 Subtitle Indonesia",
    "episode_link": "https://otakudesu.best/episode/dnywss-episode-11-sub-indo/",
    "episode_date": "25 Juni,2025",
    "server": "odstreamhd",
    "quality": "720p",
    "data_content": "eyJpZCI6MTgyNzUxLCJpIjoxLCJxIjoiNzIwcCJ9",
    "decoded_data": {
      "id": 182751,
      "i": 1,
      "q": "720p"
    },
    "stream_url": "https://desustream.info/dstream/arcg/?id=L3BvdWlGT3k1dnFVeU1mTXFuUTZuR1lKaGpKL2dxTTBQVlM3QjNpa1liaVFPWDBiZVJ6bThnU05HYVZDeU43NnhYdUNibGVPY1N3NlVqM210K2h5eXc9PQ==",
    "is_default": false,
    "timestamp": "2025-09-12T09:29:59.564Z"
  },
  {
    "anime_title": "Danjo no Yuujou wa Seiritsu suru?",
    "episode_title": "Danjo no Yuujou wa Seiritsu suru? Episode 11 Subtitle Indonesia",
    "episode_link": "https://otakudesu.best/episode/dnywss-episode-11-sub-indo/",
    "episode_date": "25 Juni,2025",
    "server": "vidhide",
    "quality": "720p",
    "data_content": "eyJpZCI6MTgyNzUxLCJpIjoyLCJxIjoiNzIwcCJ9",
    "decoded_data": {
      "id": 182751,
      "i": 2,
      "q": "720p"
    },
    "stream_url": "https://odvidhide.com/embed/l4m1sr42susu",
    "is_default": false,
    "timestamp": "2025-09-12T09:29:59.602Z"
  },
  {
    "anime_title": "Danjo no Yuujou wa Seiritsu suru?",
    "episode_title": "Danjo no Yuujou wa Seiritsu suru? Episode 11 Subtitle Indonesia",
    "episode_link": "https://otakudesu.best/episode/dnywss-episode-11-sub-indo/",
    "episode_date": "25 Juni,2025",
    "server": "mega",
    "quality": "720p",
    "data_content": "eyJpZCI6MTgyNzUxLCJpIjozLCJxIjoiNzIwcCJ9",
    "decoded_data": {
      "id": 182751,
      "i": 3,
      "q": "720p"
    },
    "stream_url": "https://mega.nz/embed/mNdRmJ4R#u1V7AFy0r60ec-6tguXzEFozy0eOmm5LPdhgC5Ycq8M",
    "is_default": false,
    "timestamp": "2025-09-12T09:29:59.638Z"
  },
  {
    "anime_title": "Danjo no Yuujou wa Seiritsu suru?",
    "episode_title": "Danjo no Yuujou wa Seiritsu suru? Episode 12 (End) Subtitle Indonesia",
    "episode_link": "https://otakudesu.best/episode/dnywss-episode-12-sub-indo/",
    "episode_date": "25 Juni,2025",
    "server": "otakuwatch4",
    "quality": "480p",
    "data_content": "eyJpZCI6MTgyNzQ5LCJpIjowLCJxIjoiNDgwcCJ9",
    "decoded_data": {
      "id": 182749,
      "i": 0,
      "q": "480p"
    },
    "stream_url": "https://desustream.info/dstream/otakuwatch4/v2/index.php?id=QnVtbTkvZzk0SG5wc2ZjRG5CNnA5UWJwMUVxanlYVCthKzVUVnVZbnhMZz0=",
    "is_default": true,
    "timestamp": "2025-09-12T09:30:00.299Z"
  },
  {
    "anime_title": "Danjo no Yuujou wa Seiritsu suru?",
    "episode_title": "Danjo no Yuujou wa Seiritsu suru? Episode 12 (End) Subtitle Indonesia",
    "episode_link": "https://otakudesu.best/episode/dnywss-episode-12-sub-indo/",
    "episode_date": "25 Juni,2025",
    "server": "odstream",
    "quality": "480p",
    "data_content": "eyJpZCI6MTgyNzQ5LCJpIjoxLCJxIjoiNDgwcCJ9",
    "decoded_data": {
      "id": 182749,
      "i": 1,
      "q": "480p"
    },
    "stream_url": "https://desustream.info/dstream/arcg/?id=L3BvdWlGT3k1dnFVeU1mTXFuUTZuR1lKaGpKL2dxTTBQVlM3QjNpa1liZ3NldmZzU2lWM0s4T2c0SEtrRExnbTJ1ZE9CVkd3R2lsRlRsNE5xWnUrZFE9PQ==",
    "is_default": false,
    "timestamp": "2025-09-12T09:30:00.341Z"
  },
  {
    "anime_title": "Danjo no Yuujou wa Seiritsu suru?",
    "episode_title": "Danjo no Yuujou wa Seiritsu suru? Episode 12 (End) Subtitle Indonesia",
    "episode_link": "https://otakudesu.best/episode/dnywss-episode-12-sub-indo/",
    "episode_date": "25 Juni,2025",
    "server": "vidhide",
    "quality": "480p",
    "data_content": "eyJpZCI6MTgyNzQ5LCJpIjoyLCJxIjoiNDgwcCJ9",
    "decoded_data": {
      "id": 182749,
      "i": 2,
      "q": "480p"
    },
    "stream_url": "https://odvidhide.com/embed/0eaqtdbleyih",
    "is_default": false,
    "timestamp": "2025-09-12T09:30:00.378Z"
  },
  {
    "anime_title": "Danjo no Yuujou wa Seiritsu suru?",
    "episode_title": "Danjo no Yuujou wa Seiritsu suru? Episode 12 (End) Subtitle Indonesia",
    "episode_link": "https://otakudesu.best/episode/dnywss-episode-12-sub-indo/",
    "episode_date": "25 Juni,2025",
    "server": "mega",
    "quality": "480p",
    "data_content": "eyJpZCI6MTgyNzQ5LCJpIjozLCJxIjoiNDgwcCJ9",
    "decoded_data": {
      "id": 182749,
      "i": 3,
      "q": "480p"
    },
    "stream_url": "https://mega.nz/embed/6cFl2YIQ#ll4SNtN3LXnGgNkl3SxHkgYMyELIuaihGk_FDTWy-0M",
    "is_default": false,
    "timestamp": "2025-09-12T09:30:00.431Z"
  },
  {
    "anime_title": "Danjo no Yuujou wa Seiritsu suru?",
    "episode_title": "Danjo no Yuujou wa Seiritsu suru? Episode 12 (End) Subtitle Indonesia",
    "episode_link": "https://otakudesu.best/episode/dnywss-episode-12-sub-indo/",
    "episode_date": "25 Juni,2025",
    "server": "otakuwatch4hd",
    "quality": "720p",
    "data_content": "eyJpZCI6MTgyNzQ5LCJpIjowLCJxIjoiNzIwcCJ9",
    "decoded_data": {
      "id": 182749,
      "i": 0,
      "q": "720p"
    },
    "stream_url": "https://desustream.info/dstream/otakuwatch4/hd/v2/index.php?id=QnVtbTkvZzk0SG5wc2ZjRG5CNnA5UWJwMUVxanlYVCthKzVUVnVZbnhMZz0=",
    "is_default": false,
    "timestamp": "2025-09-12T09:30:00.470Z"
  },
  {
    "anime_title": "Danjo no Yuujou wa Seiritsu suru?",
    "episode_title": "Danjo no Yuujou wa Seiritsu suru? Episode 12 (End) Subtitle Indonesia",
    "episode_link": "https://otakudesu.best/episode/dnywss-episode-12-sub-indo/",
    "episode_date": "25 Juni,2025",
    "server": "odstreamhd",
    "quality": "720p",
    "data_content": "eyJpZCI6MTgyNzQ5LCJpIjoxLCJxIjoiNzIwcCJ9",
    "decoded_data": {
      "id": 182749,
      "i": 1,
      "q": "720p"
    },
    "stream_url": "https://desustream.info/dstream/arcg/?id=L3BvdWlGT3k1dnFVeU1mTXFuUTZuR1lKaGpKL2dxTTBQVlM3QjNpa1liaVFPWDBiZVJ6bThnU05HYVZDeU43NlBhbGE4L1RhWWs5S0FTK3BHQmFJK0E9PQ==",
    "is_default": false,
    "timestamp": "2025-09-12T09:30:00.510Z"
  },
  {
    "anime_title": "Danjo no Yuujou wa Seiritsu suru?",
    "episode_title": "Danjo no Yuujou wa Seiritsu suru? Episode 12 (End) Subtitle Indonesia",
    "episode_link": "https://otakudesu.best/episode/dnywss-episode-12-sub-indo/",
    "episode_date": "25 Juni,2025",
    "server": "vidhide",
    "quality": "720p",
    "data_content": "eyJpZCI6MTgyNzQ5LCJpIjoyLCJxIjoiNzIwcCJ9",
    "decoded_data": {
      "id": 182749,
      "i": 2,
      "q": "720p"
    },
    "stream_url": "https://odvidhide.com/embed/686h1u27155s",
    "is_default": false,
    "timestamp": "2025-09-12T09:30:00.548Z"
  },
  {
    "anime_title": "Danjo no Yuujou wa Seiritsu suru?",
    "episode_title": "Danjo no Yuujou wa Seiritsu suru? Episode 12 (End) Subtitle Indonesia",
    "episode_link": "https://otakudesu.best/episode/dnywss-episode-12-sub-indo/",
    "episode_date": "25 Juni,2025",
    "server": "mega",
    "quality": "720p",
    "data_content": "eyJpZCI6MTgyNzQ5LCJpIjozLCJxIjoiNzIwcCJ9",
    "decoded_data": {
      "id": 182749,
      "i": 3,
      "q": "720p"
    },
    "stream_url": "https://mega.nz/embed/DEdlQKAC#CY-kATx6xgeARLK77uHpZRYj_VlEpZpBzIlbItrSlV0",
    "is_default": false,
    "timestamp": "2025-09-12T09:30:00.587Z"
  },
  {
    "anime_title": "Danjo no Yuujou wa Seiritsu suru?",
    "episode_title": "Danjo no Yuujou wa Seiritsu suru? Episode 12 (End) Subtitle Indonesia",
    "episode_link": "https://otakudesu.best/episode/dnywss-episode-12-sub-indo/",
    "episode_date": "25 Juni,2025",
    "server": "otakuwatch4",
    "quality": "480p",
    "data_content": "eyJpZCI6MTgyNzQ5LCJpIjowLCJxIjoiNDgwcCJ9",
    "decoded_data": {
      "id": 182749,
      "i": 0,
      "q": "480p"
    },
    "stream_url": "https://desustream.info/dstream/otakuwatch4/v2/index.php?id=QnVtbTkvZzk0SG5wc2ZjRG5CNnA5UWJwMUVxanlYVCthKzVUVnVZbnhMZz0=",
    "is_default": true,
    "timestamp": "2025-09-12T09:30:00.299Z"
  },
  {
    "anime_title": "Danjo no Yuujou wa Seiritsu suru?",
    "episode_title": "Danjo no Yuujou wa Seiritsu suru? Episode 12 (End) Subtitle Indonesia",
    "episode_link": "https://otakudesu.best/episode/dnywss-episode-12-sub-indo/",
    "episode_date": "25 Juni,2025",
    "server": "odstream",
    "quality": "480p",
    "data_content": "eyJpZCI6MTgyNzQ5LCJpIjoxLCJxIjoiNDgwcCJ9",
    "decoded_data": {
      "id": 182749,
      "i": 1,
      "q": "480p"
    },
    "stream_url": "https://desustream.info/dstream/arcg/?id=L3BvdWlGT3k1dnFVeU1mTXFuUTZuR1lKaGpKL2dxTTBQVlM3QjNpa1liZ3NldmZzU2lWM0s4T2c0SEtrRExnbTJ1ZE9CVkd3R2lsRlRsNE5xWnUrZFE9PQ==",
    "is_default": false,
    "timestamp": "2025-09-12T09:30:00.341Z"
  },
  {
    "anime_title": "Danjo no Yuujou wa Seiritsu suru?",
    "episode_title": "Danjo no Yuujou wa Seiritsu suru? Episode 12 (End) Subtitle Indonesia",
    "episode_link": "https://otakudesu.best/episode/dnywss-episode-12-sub-indo/",
    "episode_date": "25 Juni,2025",
    "server": "vidhide",
    "quality": "480p",
    "data_content": "eyJpZCI6MTgyNzQ5LCJpIjoyLCJxIjoiNDgwcCJ9",
    "decoded_data": {
      "id": 182749,
      "i": 2,
      "q": "480p"
    },
    "stream_url": "https://odvidhide.com/embed/0eaqtdbleyih",
    "is_default": false,
    "timestamp": "2025-09-12T09:30:00.378Z"
  },
  {
    "anime_title": "Danjo no Yuujou wa Seiritsu suru?",
    "episode_title": "Danjo no Yuujou wa Seiritsu suru? Episode 12 (End) Subtitle Indonesia",
    "episode_link": "https://otakudesu.best/episode/dnywss-episode-12-sub-indo/",
    "episode_date": "25 Juni,2025",
    "server": "mega",
    "quality": "480p",
    "data_content": "eyJpZCI6MTgyNzQ5LCJpIjozLCJxIjoiNDgwcCJ9",
    "decoded_data": {
      "id": 182749,
      "i": 3,
      "q": "480p"
    },
    "stream_url": "https://mega.nz/embed/6cFl2YIQ#ll4SNtN3LXnGgNkl3SxHkgYMyELIuaihGk_FDTWy-0M",
    "is_default": false,
    "timestamp": "2025-09-12T09:30:00.431Z"
  },
  {
    "anime_title": "Danjo no Yuujou wa Seiritsu suru?",
    "episode_title": "Danjo no Yuujou wa Seiritsu suru? Episode 12 (End) Subtitle Indonesia",
    "episode_link": "https://otakudesu.best/episode/dnywss-episode-12-sub-indo/",
    "episode_date": "25 Juni,2025",
    "server": "otakuwatch4hd",
    "quality": "720p",
    "data_content": "eyJpZCI6MTgyNzQ5LCJpIjowLCJxIjoiNzIwcCJ9",
    "decoded_data": {
      "id": 182749,
      "i": 0,
      "q": "720p"
    },
    "stream_url": "https://desustream.info/dstream/otakuwatch4/hd/v2/index.php?id=QnVtbTkvZzk0SG5wc2ZjRG5CNnA5UWJwMUVxanlYVCthKzVUVnVZbnhMZz0=",
    "is_default": false,
    "timestamp": "2025-09-12T09:30:00.470Z"
  },
  {
    "anime_title": "Danjo no Yuujou wa Seiritsu suru?",
    "episode_title": "Danjo no Yuujou wa Seiritsu suru? Episode 12 (End) Subtitle Indonesia",
    "episode_link": "https://otakudesu.best/episode/dnywss-episode-12-sub-indo/",
    "episode_date": "25 Juni,2025",
    "server": "odstreamhd",
    "quality": "720p",
    "data_content": "eyJpZCI6MTgyNzQ5LCJpIjoxLCJxIjoiNzIwcCJ9",
    "decoded_data": {
      "id": 182749,
      "i": 1,
      "q": "720p"
    },
    "stream_url": "https://desustream.info/dstream/arcg/?id=L3BvdWlGT3k1dnFVeU1mTXFuUTZuR1lKaGpKL2dxTTBQVlM3QjNpa1liaVFPWDBiZVJ6bThnU05HYVZDeU43NlBhbGE4L1RhWWs5S0FTK3BHQmFJK0E9PQ==",
    "is_default": false,
    "timestamp": "2025-09-12T09:30:00.510Z"
  },
  {
    "anime_title": "Danjo no Yuujou wa Seiritsu suru?",
    "episode_title": "Danjo no Yuujou wa Seiritsu suru? Episode 12 (End) Subtitle Indonesia",
    "episode_link": "https://otakudesu.best/episode/dnywss-episode-12-sub-indo/",
    "episode_date": "25 Juni,2025",
    "server": "vidhide",
    "quality": "720p",
    "data_content": "eyJpZCI6MTgyNzQ5LCJpIjoyLCJxIjoiNzIwcCJ9",
    "decoded_data": {
      "id": 182749,
      "i": 2,
      "q": "720p"
    },
    "stream_url": "https://odvidhide.com/embed/686h1u27155s",
    "is_default": false,
    "timestamp": "2025-09-12T09:30:00.548Z"
  },
  {
    "anime_title": "Danjo no Yuujou wa Seiritsu suru?",
    "episode_title": "Danjo no Yuujou wa Seiritsu suru? Episode 12 (End) Subtitle Indonesia",
    "episode_link": "https://otakudesu.best/episode/dnywss-episode-12-sub-indo/",
    "episode_date": "25 Juni,2025",
    "server": "mega",
    "quality": "720p",
    "data_content": "eyJpZCI6MTgyNzQ5LCJpIjozLCJxIjoiNzIwcCJ9",
    "decoded_data": {
      "id": 182749,
      "i": 3,
      "q": "720p"
    },
    "stream_url": "https://mega.nz/embed/DEdlQKAC#CY-kATx6xgeARLK77uHpZRYj_VlEpZpBzIlbItrSlV0",
    "is_default": false,
    "timestamp": "2025-09-12T09:30:00.587Z"
  },
  {
    "anime_title": "DanMachi",
    "episode_title": "DanMachi Episode 1 Subtitle Indonesia",
    "episode_link": "https://otakudesu.best/episode/dmacih-episode-1-sub-indo/",
    "episode_date": "27 Juni,2019",
    "server": "playdesu",
    "quality": "480p",
    "data_content": "eyJpZCI6NTMxNTgsImkiOjAsInEiOiI0ODBwIn0=",
    "decoded_data": {
      "id": 53158,
      "i": 0,
      "q": "480p"
    },
    "stream_url": "https://desustream.info/dstream/playdesu/v2/index.php?id=aXN2VXVFNVZhSkFVS1hNblVSeit3aGYrTE9qMmJMdTlhR2FkNzBINDRPdz0=",
    "is_default": true,
    "timestamp": "2025-09-12T09:30:01.543Z"
  },
  {
    "anime_title": "DanMachi",
    "episode_title": "DanMachi Episode 1 Subtitle Indonesia",
    "episode_link": "https://otakudesu.best/episode/dmacih-episode-1-sub-indo/",
    "episode_date": "27 Juni,2019",
    "server": "playdesu",
    "quality": "480p",
    "data_content": "eyJpZCI6NTMxNTgsImkiOjAsInEiOiI0ODBwIn0=",
    "decoded_data": {
      "id": 53158,
      "i": 0,
      "q": "480p"
    },
    "stream_url": "https://desustream.info/dstream/playdesu/v2/index.php?id=aXN2VXVFNVZhSkFVS1hNblVSeit3aGYrTE9qMmJMdTlhR2FkNzBINDRPdz0=",
    "is_default": true,
    "timestamp": "2025-09-12T09:30:01.543Z"
  },
  {
    "anime_title": "DanMachi",
    "episode_title": "DanMachi Episode 2 Subtitle Indonesia",
    "episode_link": "https://otakudesu.best/episode/dmacih-episode-2-sub-indo/",
    "episode_date": "27 Juni,2019",
    "server": "playdesu",
    "quality": "480p",
    "data_content": "eyJpZCI6NTMxNjIsImkiOjAsInEiOiI0ODBwIn0=",
    "decoded_data": {
      "id": 53162,
      "i": 0,
      "q": "480p"
    },
    "stream_url": "https://desustream.info/dstream/playdesu/v2/index.php?id=aXN2VXVFNVZhSkFVS1hNblVSeit3cDlPQU1PNnViQlgrSU1HQ3hNd3NEMD0=",
    "is_default": true,
    "timestamp": "2025-09-12T09:30:02.226Z"
  },
  {
    "anime_title": "DanMachi",
    "episode_title": "DanMachi Episode 2 Subtitle Indonesia",
    "episode_link": "https://otakudesu.best/episode/dmacih-episode-2-sub-indo/",
    "episode_date": "27 Juni,2019",
    "server": "playdesu",
    "quality": "480p",
    "data_content": "eyJpZCI6NTMxNjIsImkiOjAsInEiOiI0ODBwIn0=",
    "decoded_data": {
      "id": 53162,
      "i": 0,
      "q": "480p"
    },
    "stream_url": "https://desustream.info/dstream/playdesu/v2/index.php?id=aXN2VXVFNVZhSkFVS1hNblVSeit3cDlPQU1PNnViQlgrSU1HQ3hNd3NEMD0=",
    "is_default": true,
    "timestamp": "2025-09-12T09:30:02.226Z"
  },
  {
    "anime_title": "DanMachi",
    "episode_title": "DanMachi Episode 3 Subtitle Indonesia",
    "episode_link": "https://otakudesu.best/episode/dmacih-episode-3-sub-indo/",
    "episode_date": "27 Juni,2019",
    "server": "playdesu",
    "quality": "480p",
    "data_content": "eyJpZCI6NTMxNjMsImkiOjAsInEiOiI0ODBwIn0=",
    "decoded_data": {
      "id": 53163,
      "i": 0,
      "q": "480p"
    },
    "stream_url": "https://desustream.info/dstream/playdesu/v2/index.php?id=aXN2VXVFNVZhSkFVS1hNblVSeit3b0ZmbEVpWDVUajQrVTZqOE5oU2t4RT0=",
    "is_default": true,
    "timestamp": "2025-09-12T09:30:02.889Z"
  },
  {
    "anime_title": "DanMachi",
    "episode_title": "DanMachi Episode 3 Subtitle Indonesia",
    "episode_link": "https://otakudesu.best/episode/dmacih-episode-3-sub-indo/",
    "episode_date": "27 Juni,2019",
    "server": "playdesu",
    "quality": "480p",
    "data_content": "eyJpZCI6NTMxNjMsImkiOjAsInEiOiI0ODBwIn0=",
    "decoded_data": {
      "id": 53163,
      "i": 0,
      "q": "480p"
    },
    "stream_url": "https://desustream.info/dstream/playdesu/v2/index.php?id=aXN2VXVFNVZhSkFVS1hNblVSeit3b0ZmbEVpWDVUajQrVTZqOE5oU2t4RT0=",
    "is_default": true,
    "timestamp": "2025-09-12T09:30:02.889Z"
  },
  {
    "anime_title": "DanMachi",
    "episode_title": "DanMachi Episode 4 Subtitle Indonesia",
    "episode_link": "https://otakudesu.best/episode/dmacih-episode-4-sub-indo/",
    "episode_date": "27 Juni,2019",
    "server": "playdesu",
    "quality": "480p",
    "data_content": "eyJpZCI6NTMxNjYsImkiOjAsInEiOiI0ODBwIn0=",
    "decoded_data": {
      "id": 53166,
      "i": 0,
      "q": "480p"
    },
    "stream_url": "https://desustream.info/dstream/playdesu/v2/index.php?id=aXN2VXVFNVZhSkFVS1hNblVSeit3b0ZsZ3NFUVU2cjkrbVdFUUdlaGRDcz0=",
    "is_default": true,
    "timestamp": "2025-09-12T09:30:03.576Z"
  },
  {
    "anime_title": "DanMachi",
    "episode_title": "DanMachi Episode 4 Subtitle Indonesia",
    "episode_link": "https://otakudesu.best/episode/dmacih-episode-4-sub-indo/",
    "episode_date": "27 Juni,2019",
    "server": "playdesu",
    "quality": "480p",
    "data_content": "eyJpZCI6NTMxNjYsImkiOjAsInEiOiI0ODBwIn0=",
    "decoded_data": {
      "id": 53166,
      "i": 0,
      "q": "480p"
    },
    "stream_url": "https://desustream.info/dstream/playdesu/v2/index.php?id=aXN2VXVFNVZhSkFVS1hNblVSeit3b0ZsZ3NFUVU2cjkrbVdFUUdlaGRDcz0=",
    "is_default": true,
    "timestamp": "2025-09-12T09:30:03.576Z"
  }
]