[
  {
    "anime_title": "#Compass 2.0: Sentou Setsuri Kaiseki System",
    "episode_title": "#Compass 2.0: Sentou Setsuri Kaiseki System Episode 9 Subtitle Indonesia",
    "episode_link": "https://otakudesu.best/episode/c2ssks-episode-9-sub-indo/",
    "episode_date": "11 Agustus,2025",
    "server": "otakuwatch4",
    "quality": "480p",
    "data_content": "eyJpZCI6MTg1MDQzLCJpIjowLCJxIjoiNDgwcCJ9",
    "decoded_data": {
      "id": 185043,
      "i": 0,
      "q": "480p"
    },
    "stream_url": "https://desustream.info/dstream/otakuwatch4/v2/index.php?id=d2l1TUtSWWxzUm40YVFPc0cyNHBiY253R0FBbVdNZjRpeFowM0gwU1huMD0=",
    "is_default": true,
    "timestamp": "2025-09-12T08:00:33.041Z"
  },
  {
    "anime_title": "#Compass 2.0: Sentou Setsuri Kaiseki System",
    "episode_title": "#Compass 2.0: Sentou Setsuri Kaiseki System Episode 9 Subtitle Indonesia",
    "episode_link": "https://otakudesu.best/episode/c2ssks-episode-9-sub-indo/",
    "episode_date": "11 Agustus,2025",
    "server": "odstream",
    "quality": "480p",
    "data_content": "eyJpZCI6MTg1MDQzLCJpIjoxLCJxIjoiNDgwcCJ9",
    "decoded_data": {
      "id": 185043,
      "i": 1,
      "q": "480p"
    },
    "stream_url": "https://desustream.info/dstream/arcg/?id=SERSU2pCSzZTTm1ORGNva2lINk1vd2RCTFJ1MXd2MWQ4ZkxSSmVtalJ3WEZPZVdjTFBlVUdjVzQ1K2s1bnMyVzZ1TEk0Y3ROSlVUbVdpYzhITkhuSVE9PQ==",
    "is_default": false,
    "timestamp": "2025-09-12T08:00:33.083Z"
  },
  {
    "anime_title": "#Compass 2.0: Sentou Setsuri Kaiseki System",
    "episode_title": "#Compass 2.0: Sentou Setsuri Kaiseki System Episode 9 Subtitle Indonesia",
    "episode_link": "https://otakudesu.best/episode/c2ssks-episode-9-sub-indo/",
    "episode_date": "11 Agustus,2025",
    "server": "vidhide",
    "quality": "480p",
    "data_content": "eyJpZCI6MTg1MDQzLCJpIjoyLCJxIjoiNDgwcCJ9",
    "decoded_data": {
      "id": 185043,
      "i": 2,
      "q": "480p"
    },
    "stream_url": "https://odvidhide.com/embed/4gtl2i8r51s8",
    "is_default": false,
    "timestamp": "2025-09-12T08:00:33.087Z"
  },
  {
    "anime_title": "#Compass 2.0: Sentou Setsuri Kaiseki System",
    "episode_title": "#Compass 2.0: Sentou Setsuri Kaiseki System Episode 9 Subtitle Indonesia",
    "episode_link": "https://otakudesu.best/episode/c2ssks-episode-9-sub-indo/",
    "episode_date": "11 Agustus,2025",
    "server": "mega",
    "quality": "480p",
    "data_content": "eyJpZCI6MTg1MDQzLCJpIjozLCJxIjoiNDgwcCJ9",
    "decoded_data": {
      "id": 185043,
      "i": 3,
      "q": "480p"
    },
    "stream_url": "https://mega.nz/embed/xBBBQDDK#KKPWSIdwUfPaMUERlOwZT6buaiqJvt89FNcCEMECV7E",
    "is_default": false,
    "timestamp": "2025-09-12T08:00:33.137Z"
  },
  {
    "anime_title": "#Compass 2.0: Sentou Setsuri Kaiseki System",
    "episode_title": "#Compass 2.0: Sentou Setsuri Kaiseki System Episode 9 Subtitle Indonesia",
    "episode_link": "https://otakudesu.best/episode/c2ssks-episode-9-sub-indo/",
    "episode_date": "11 Agustus,2025",
    "server": "otakuwatch4hd",
    "quality": "720p",
    "data_content": "eyJpZCI6MTg1MDQzLCJpIjowLCJxIjoiNzIwcCJ9",
    "decoded_data": {
      "id": 185043,
      "i": 0,
      "q": "720p"
    },
    "stream_url": "https://desustream.info/dstream/otakuwatch4/hd/v2/index.php?id=d2l1TUtSWWxzUm40YVFPc0cyNHBiY253R0FBbVdNZjRpeFowM0gwU1huMD0=",
    "is_default": false,
    "timestamp": "2025-09-12T08:00:33.160Z"
  },
  {
    "anime_title": "#Compass 2.0: Sentou Setsuri Kaiseki System",
    "episode_title": "#Compass 2.0: Sentou Setsuri Kaiseki System Episode 9 Subtitle Indonesia",
    "episode_link": "https://otakudesu.best/episode/c2ssks-episode-9-sub-indo/",
    "episode_date": "11 Agustus,2025",
    "server": "odstreamhd",
    "quality": "720p",
    "data_content": "eyJpZCI6MTg1MDQzLCJpIjoxLCJxIjoiNzIwcCJ9",
    "decoded_data": {
      "id": 185043,
      "i": 1,
      "q": "720p"
    },
    "stream_url": "https://desustream.info/dstream/arcg/?id=SERSU2pCSzZTTm1ORGNva2lINk1vd2RCTFJ1MXd2MWQ4ZkxSSmVtalJ3WEZPZVdjTFBlVUdjVzQ1K2s1bnMyV0R4SnNCTlNYUkxqKzI5UyttUklka2c9PQ==",
    "is_default": false,
    "timestamp": "2025-09-12T08:00:33.213Z"
  },
  {
    "anime_title": "#Compass 2.0: Sentou Setsuri Kaiseki System",
    "episode_title": "#Compass 2.0: Sentou Setsuri Kaiseki System Episode 9 Subtitle Indonesia",
    "episode_link": "https://otakudesu.best/episode/c2ssks-episode-9-sub-indo/",
    "episode_date": "11 Agustus,2025",
    "server": "vidhide",
    "quality": "720p",
    "data_content": "eyJpZCI6MTg1MDQzLCJpIjoyLCJxIjoiNzIwcCJ9",
    "decoded_data": {
      "id": 185043,
      "i": 2,
      "q": "720p"
    },
    "stream_url": "https://odvidhide.com/embed/o108tw4wrt0h",
    "is_default": false,
    "timestamp": "2025-09-12T08:00:33.288Z"
  },
  {
    "anime_title": "#Compass 2.0: Sentou Setsuri Kaiseki System",
    "episode_title": "#Compass 2.0: Sentou Setsuri Kaiseki System Episode 9 Subtitle Indonesia",
    "episode_link": "https://otakudesu.best/episode/c2ssks-episode-9-sub-indo/",
    "episode_date": "11 Agustus,2025",
    "server": "mega",
    "quality": "720p",
    "data_content": "eyJpZCI6MTg1MDQzLCJpIjozLCJxIjoiNzIwcCJ9",
    "decoded_data": {
      "id": 185043,
      "i": 3,
      "q": "720p"
    },
    "stream_url": "https://mega.nz/embed/hAASGKyT#3pyQVwfrWn71uRqv4dN3PXR4NTvSZZz1fhjdbS9ai7g",
    "is_default": false,
    "timestamp": "2025-09-12T08:00:33.293Z"
  },
  {
    "anime_title": "#Compass 2.0: Sentou Setsuri Kaiseki System",
    "episode_title": "#Compass 2.0: Sentou Setsuri Kaiseki System Episode 9 Subtitle Indonesia",
    "episode_link": "https://otakudesu.best/episode/c2ssks-episode-9-sub-indo/",
    "episode_date": "11 Agustus,2025",
    "server": "otakuwatch4",
    "quality": "480p",
    "data_content": "eyJpZCI6MTg1MDQzLCJpIjowLCJxIjoiNDgwcCJ9",
    "decoded_data": {
      "id": 185043,
      "i": 0,
      "q": "480p"
    },
    "stream_url": "https://desustream.info/dstream/otakuwatch4/v2/index.php?id=d2l1TUtSWWxzUm40YVFPc0cyNHBiY253R0FBbVdNZjRpeFowM0gwU1huMD0=",
    "is_default": true,
    "timestamp": "2025-09-12T08:00:33.041Z"
  },
  {
    "anime_title": "#Compass 2.0: Sentou Setsuri Kaiseki System",
    "episode_title": "#Compass 2.0: Sentou Setsuri Kaiseki System Episode 9 Subtitle Indonesia",
    "episode_link": "https://otakudesu.best/episode/c2ssks-episode-9-sub-indo/",
    "episode_date": "11 Agustus,2025",
    "server": "odstream",
    "quality": "480p",
    "data_content": "eyJpZCI6MTg1MDQzLCJpIjoxLCJxIjoiNDgwcCJ9",
    "decoded_data": {
      "id": 185043,
      "i": 1,
      "q": "480p"
    },
    "stream_url": "https://desustream.info/dstream/arcg/?id=SERSU2pCSzZTTm1ORGNva2lINk1vd2RCTFJ1MXd2MWQ4ZkxSSmVtalJ3WEZPZVdjTFBlVUdjVzQ1K2s1bnMyVzZ1TEk0Y3ROSlVUbVdpYzhITkhuSVE9PQ==",
    "is_default": false,
    "timestamp": "2025-09-12T08:00:33.083Z"
  },
  {
    "anime_title": "#Compass 2.0: Sentou Setsuri Kaiseki System",
    "episode_title": "#Compass 2.0: Sentou Setsuri Kaiseki System Episode 9 Subtitle Indonesia",
    "episode_link": "https://otakudesu.best/episode/c2ssks-episode-9-sub-indo/",
    "episode_date": "11 Agustus,2025",
    "server": "vidhide",
    "quality": "480p",
    "data_content": "eyJpZCI6MTg1MDQzLCJpIjoyLCJxIjoiNDgwcCJ9",
    "decoded_data": {
      "id": 185043,
      "i": 2,
      "q": "480p"
    },
    "stream_url": "https://odvidhide.com/embed/4gtl2i8r51s8",
    "is_default": false,
    "timestamp": "2025-09-12T08:00:33.087Z"
  },
  {
    "anime_title": "#Compass 2.0: Sentou Setsuri Kaiseki System",
    "episode_title": "#Compass 2.0: Sentou Setsuri Kaiseki System Episode 9 Subtitle Indonesia",
    "episode_link": "https://otakudesu.best/episode/c2ssks-episode-9-sub-indo/",
    "episode_date": "11 Agustus,2025",
    "server": "mega",
    "quality": "480p",
    "data_content": "eyJpZCI6MTg1MDQzLCJpIjozLCJxIjoiNDgwcCJ9",
    "decoded_data": {
      "id": 185043,
      "i": 3,
      "q": "480p"
    },
    "stream_url": "https://mega.nz/embed/xBBBQDDK#KKPWSIdwUfPaMUERlOwZT6buaiqJvt89FNcCEMECV7E",
    "is_default": false,
    "timestamp": "2025-09-12T08:00:33.137Z"
  },
  {
    "anime_title": "#Compass 2.0: Sentou Setsuri Kaiseki System",
    "episode_title": "#Compass 2.0: Sentou Setsuri Kaiseki System Episode 9 Subtitle Indonesia",
    "episode_link": "https://otakudesu.best/episode/c2ssks-episode-9-sub-indo/",
    "episode_date": "11 Agustus,2025",
    "server": "otakuwatch4hd",
    "quality": "720p",
    "data_content": "eyJpZCI6MTg1MDQzLCJpIjowLCJxIjoiNzIwcCJ9",
    "decoded_data": {
      "id": 185043,
      "i": 0,
      "q": "720p"
    },
    "stream_url": "https://desustream.info/dstream/otakuwatch4/hd/v2/index.php?id=d2l1TUtSWWxzUm40YVFPc0cyNHBiY253R0FBbVdNZjRpeFowM0gwU1huMD0=",
    "is_default": false,
    "timestamp": "2025-09-12T08:00:33.160Z"
  },
  {
    "anime_title": "#Compass 2.0: Sentou Setsuri Kaiseki System",
    "episode_title": "#Compass 2.0: Sentou Setsuri Kaiseki System Episode 9 Subtitle Indonesia",
    "episode_link": "https://otakudesu.best/episode/c2ssks-episode-9-sub-indo/",
    "episode_date": "11 Agustus,2025",
    "server": "odstreamhd",
    "quality": "720p",
    "data_content": "eyJpZCI6MTg1MDQzLCJpIjoxLCJxIjoiNzIwcCJ9",
    "decoded_data": {
      "id": 185043,
      "i": 1,
      "q": "720p"
    },
    "stream_url": "https://desustream.info/dstream/arcg/?id=SERSU2pCSzZTTm1ORGNva2lINk1vd2RCTFJ1MXd2MWQ4ZkxSSmVtalJ3WEZPZVdjTFBlVUdjVzQ1K2s1bnMyV0R4SnNCTlNYUkxqKzI5UyttUklka2c9PQ==",
    "is_default": false,
    "timestamp": "2025-09-12T08:00:33.213Z"
  },
  {
    "anime_title": "#Compass 2.0: Sentou Setsuri Kaiseki System",
    "episode_title": "#Compass 2.0: Sentou Setsuri Kaiseki System Episode 9 Subtitle Indonesia",
    "episode_link": "https://otakudesu.best/episode/c2ssks-episode-9-sub-indo/",
    "episode_date": "11 Agustus,2025",
    "server": "vidhide",
    "quality": "720p",
    "data_content": "eyJpZCI6MTg1MDQzLCJpIjoyLCJxIjoiNzIwcCJ9",
    "decoded_data": {
      "id": 185043,
      "i": 2,
      "q": "720p"
    },
    "stream_url": "https://odvidhide.com/embed/o108tw4wrt0h",
    "is_default": false,
    "timestamp": "2025-09-12T08:00:33.288Z"
  },
  {
    "anime_title": "#Compass 2.0: Sentou Setsuri Kaiseki System",
    "episode_title": "#Compass 2.0: Sentou Setsuri Kaiseki System Episode 9 Subtitle Indonesia",
    "episode_link": "https://otakudesu.best/episode/c2ssks-episode-9-sub-indo/",
    "episode_date": "11 Agustus,2025",
    "server": "mega",
    "quality": "720p",
    "data_content": "eyJpZCI6MTg1MDQzLCJpIjozLCJxIjoiNzIwcCJ9",
    "decoded_data": {
      "id": 185043,
      "i": 3,
      "q": "720p"
    },
    "stream_url": "https://mega.nz/embed/hAASGKyT#3pyQVwfrWn71uRqv4dN3PXR4NTvSZZz1fhjdbS9ai7g",
    "is_default": false,
    "timestamp": "2025-09-12T08:00:33.293Z"
  },
  {
    "anime_title": "#Compass 2.0: Sentou Setsuri Kaiseki System",
    "episode_title": "#Compass 2.0: Sentou Setsuri Kaiseki System Episode 10 Subtitle Indonesia",
    "episode_link": "https://otakudesu.best/episode/c2ssks-episode-10-sub-indo/",
    "episode_date": "11 Agustus,2025",
    "server": "otakuwatch4",
    "quality": "480p",
    "data_content": "eyJpZCI6MTg1MDQwLCJpIjowLCJxIjoiNDgwcCJ9",
    "decoded_data": {
      "id": 185040,
      "i": 0,
      "q": "480p"
    },
    "stream_url": "https://desustream.info/dstream/otakuwatch4/v2/index.php?id=d2l1TUtSWWxzUm40YVFPc0cyNHBiYmhhdUhlUmp5bHJPOVYwam5qbVhldz0=",
    "is_default": true,
    "timestamp": "2025-09-12T08:00:34.219Z"
  },
  {
    "anime_title": "#Compass 2.0: Sentou Setsuri Kaiseki System",
    "episode_title": "#Compass 2.0: Sentou Setsuri Kaiseki System Episode 10 Subtitle Indonesia",
    "episode_link": "https://otakudesu.best/episode/c2ssks-episode-10-sub-indo/",
    "episode_date": "11 Agustus,2025",
    "server": "odstream",
    "quality": "480p",
    "data_content": "eyJpZCI6MTg1MDQwLCJpIjoxLCJxIjoiNDgwcCJ9",
    "decoded_data": {
      "id": 185040,
      "i": 1,
      "q": "480p"
    },
    "stream_url": "https://desustream.info/dstream/arcg/?id=SERSU2pCSzZTTm1ORGNva2lINk1vd2RCTFJ1MXd2MWQ4ZkxSSmVtalJ3WEZPZVdjTFBlVUdjVzQ1K2s1bnMyV2ZDZ3BsUTFsdk5UaWNBdjBRTjZBMVE9PQ==",
    "is_default": false,
    "timestamp": "2025-09-12T08:00:34.237Z"
  },
  {
    "anime_title": "#Compass 2.0: Sentou Setsuri Kaiseki System",
    "episode_title": "#Compass 2.0: Sentou Setsuri Kaiseki System Episode 10 Subtitle Indonesia",
    "episode_link": "https://otakudesu.best/episode/c2ssks-episode-10-sub-indo/",
    "episode_date": "11 Agustus,2025",
    "server": "otakuwatch4hd",
    "quality": "720p",
    "data_content": "eyJpZCI6MTg1MDQwLCJpIjowLCJxIjoiNzIwcCJ9",
    "decoded_data": {
      "id": 185040,
      "i": 0,
      "q": "720p"
    },
    "stream_url": "https://desustream.info/dstream/otakuwatch4/hd/v2/index.php?id=d2l1TUtSWWxzUm40YVFPc0cyNHBiYmhhdUhlUmp5bHJPOVYwam5qbVhldz0=",
    "is_default": false,
    "timestamp": "2025-09-12T08:00:34.352Z"
  },
  {
    "anime_title": "#Compass 2.0: Sentou Setsuri Kaiseki System",
    "episode_title": "#Compass 2.0: Sentou Setsuri Kaiseki System Episode 10 Subtitle Indonesia",
    "episode_link": "https://otakudesu.best/episode/c2ssks-episode-10-sub-indo/",
    "episode_date": "11 Agustus,2025",
    "server": "odstreamhd",
    "quality": "720p",
    "data_content": "eyJpZCI6MTg1MDQwLCJpIjoxLCJxIjoiNzIwcCJ9",
    "decoded_data": {
      "id": 185040,
      "i": 1,
      "q": "720p"
    },
    "stream_url": "https://desustream.info/dstream/arcg/?id=SERSU2pCSzZTTm1ORGNva2lINk1vd2RCTFJ1MXd2MWQ4ZkxSSmVtalJ3WEZPZVdjTFBlVUdjVzQ1K2s1bnMyV2w2VzFtMWtCS3J2KzdGbGc5ZGtkdUE9PQ==",
    "is_default": false,
    "timestamp": "2025-09-12T08:00:34.371Z"
  },
  {
    "anime_title": "#Compass 2.0: Sentou Setsuri Kaiseki System",
    "episode_title": "#Compass 2.0: Sentou Setsuri Kaiseki System Episode 10 Subtitle Indonesia",
    "episode_link": "https://otakudesu.best/episode/c2ssks-episode-10-sub-indo/",
    "episode_date": "11 Agustus,2025",
    "server": "vidhide",
    "quality": "720p",
    "data_content": "eyJpZCI6MTg1MDQwLCJpIjoyLCJxIjoiNzIwcCJ9",
    "decoded_data": {
      "id": 185040,
      "i": 2,
      "q": "720p"
    },
    "stream_url": "https://odvidhide.com/embed/d7c5unhy92uj",
    "is_default": false,
    "timestamp": "2025-09-12T08:00:34.444Z"
  },
  {
    "anime_title": "#Compass 2.0: Sentou Setsuri Kaiseki System",
    "episode_title": "#Compass 2.0: Sentou Setsuri Kaiseki System Episode 10 Subtitle Indonesia",
    "episode_link": "https://otakudesu.best/episode/c2ssks-episode-10-sub-indo/",
    "episode_date": "11 Agustus,2025",
    "server": "mega",
    "quality": "720p",
    "data_content": "eyJpZCI6MTg1MDQwLCJpIjozLCJxIjoiNzIwcCJ9",
    "decoded_data": {
      "id": 185040,
      "i": 3,
      "q": "720p"
    },
    "stream_url": "https://mega.nz/embed/JYBjybga#vW_0ZsJFFj7yB7N7SHA9MxqNAzAm9IXE-iHgbPxtZ8g",
    "is_default": false,
    "timestamp": "2025-09-12T08:00:34.477Z"
  },
  {
    "anime_title": "#Compass 2.0: Sentou Setsuri Kaiseki System",
    "episode_title": "#Compass 2.0: Sentou Setsuri Kaiseki System Episode 10 Subtitle Indonesia",
    "episode_link": "https://otakudesu.best/episode/c2ssks-episode-10-sub-indo/",
    "episode_date": "11 Agustus,2025",
    "server": "vidhide",
    "quality": "480p",
    "data_content": "eyJpZCI6MTg1MDQwLCJpIjoyLCJxIjoiNDgwcCJ9",
    "decoded_data": {
      "id": 185040,
      "i": 2,
      "q": "480p"
    },
    "stream_url": "https://odvidhide.com/embed/hlf1fyyfhlw8",
    "is_default": false,
    "timestamp": "2025-09-12T08:00:34.550Z"
  },
  {
    "anime_title": "#Compass 2.0: Sentou Setsuri Kaiseki System",
    "episode_title": "#Compass 2.0: Sentou Setsuri Kaiseki System Episode 10 Subtitle Indonesia",
    "episode_link": "https://otakudesu.best/episode/c2ssks-episode-10-sub-indo/",
    "episode_date": "11 Agustus,2025",
    "server": "mega",
    "quality": "480p",
    "data_content": "eyJpZCI6MTg1MDQwLCJpIjozLCJxIjoiNDgwcCJ9",
    "decoded_data": {
      "id": 185040,
      "i": 3,
      "q": "480p"
    },
    "stream_url": "https://mega.nz/embed/4AxgxRxR#A8QJyQXKidrXiZJlKpEge1vO8vDvIwJFHWe1OBwZbWA",
    "is_default": false,
    "timestamp": "2025-09-12T08:00:34.553Z"
  },
  {
    "anime_title": "#Compass 2.0: Sentou Setsuri Kaiseki System",
    "episode_title": "#Compass 2.0: Sentou Setsuri Kaiseki System Episode 10 Subtitle Indonesia",
    "episode_link": "https://otakudesu.best/episode/c2ssks-episode-10-sub-indo/",
    "episode_date": "11 Agustus,2025",
    "server": "otakuwatch4",
    "quality": "480p",
    "data_content": "eyJpZCI6MTg1MDQwLCJpIjowLCJxIjoiNDgwcCJ9",
    "decoded_data": {
      "id": 185040,
      "i": 0,
      "q": "480p"
    },
    "stream_url": "https://desustream.info/dstream/otakuwatch4/v2/index.php?id=d2l1TUtSWWxzUm40YVFPc0cyNHBiYmhhdUhlUmp5bHJPOVYwam5qbVhldz0=",
    "is_default": true,
    "timestamp": "2025-09-12T08:00:34.219Z"
  },
  {
    "anime_title": "#Compass 2.0: Sentou Setsuri Kaiseki System",
    "episode_title": "#Compass 2.0: Sentou Setsuri Kaiseki System Episode 10 Subtitle Indonesia",
    "episode_link": "https://otakudesu.best/episode/c2ssks-episode-10-sub-indo/",
    "episode_date": "11 Agustus,2025",
    "server": "odstream",
    "quality": "480p",
    "data_content": "eyJpZCI6MTg1MDQwLCJpIjoxLCJxIjoiNDgwcCJ9",
    "decoded_data": {
      "id": 185040,
      "i": 1,
      "q": "480p"
    },
    "stream_url": "https://desustream.info/dstream/arcg/?id=SERSU2pCSzZTTm1ORGNva2lINk1vd2RCTFJ1MXd2MWQ4ZkxSSmVtalJ3WEZPZVdjTFBlVUdjVzQ1K2s1bnMyV2ZDZ3BsUTFsdk5UaWNBdjBRTjZBMVE9PQ==",
    "is_default": false,
    "timestamp": "2025-09-12T08:00:34.237Z"
  },
  {
    "anime_title": "#Compass 2.0: Sentou Setsuri Kaiseki System",
    "episode_title": "#Compass 2.0: Sentou Setsuri Kaiseki System Episode 10 Subtitle Indonesia",
    "episode_link": "https://otakudesu.best/episode/c2ssks-episode-10-sub-indo/",
    "episode_date": "11 Agustus,2025",
    "server": "vidhide",
    "quality": "480p",
    "data_content": "eyJpZCI6MTg1MDQwLCJpIjoyLCJxIjoiNDgwcCJ9",
    "decoded_data": {
      "id": 185040,
      "i": 2,
      "q": "480p"
    },
    "stream_url": "https://odvidhide.com/embed/hlf1fyyfhlw8",
    "is_default": false,
    "timestamp": "2025-09-12T08:00:34.550Z"
  },
  {
    "anime_title": "#Compass 2.0: Sentou Setsuri Kaiseki System",
    "episode_title": "#Compass 2.0: Sentou Setsuri Kaiseki System Episode 10 Subtitle Indonesia",
    "episode_link": "https://otakudesu.best/episode/c2ssks-episode-10-sub-indo/",
    "episode_date": "11 Agustus,2025",
    "server": "mega",
    "quality": "480p",
    "data_content": "eyJpZCI6MTg1MDQwLCJpIjozLCJxIjoiNDgwcCJ9",
    "decoded_data": {
      "id": 185040,
      "i": 3,
      "q": "480p"
    },
    "stream_url": "https://mega.nz/embed/4AxgxRxR#A8QJyQXKidrXiZJlKpEge1vO8vDvIwJFHWe1OBwZbWA",
    "is_default": false,
    "timestamp": "2025-09-12T08:00:34.553Z"
  },
  {
    "anime_title": "#Compass 2.0: Sentou Setsuri Kaiseki System",
    "episode_title": "#Compass 2.0: Sentou Setsuri Kaiseki System Episode 10 Subtitle Indonesia",
    "episode_link": "https://otakudesu.best/episode/c2ssks-episode-10-sub-indo/",
    "episode_date": "11 Agustus,2025",
    "server": "otakuwatch4hd",
    "quality": "720p",
    "data_content": "eyJpZCI6MTg1MDQwLCJpIjowLCJxIjoiNzIwcCJ9",
    "decoded_data": {
      "id": 185040,
      "i": 0,
      "q": "720p"
    },
    "stream_url": "https://desustream.info/dstream/otakuwatch4/hd/v2/index.php?id=d2l1TUtSWWxzUm40YVFPc0cyNHBiYmhhdUhlUmp5bHJPOVYwam5qbVhldz0=",
    "is_default": false,
    "timestamp": "2025-09-12T08:00:34.352Z"
  },
  {
    "anime_title": "#Compass 2.0: Sentou Setsuri Kaiseki System",
    "episode_title": "#Compass 2.0: Sentou Setsuri Kaiseki System Episode 10 Subtitle Indonesia",
    "episode_link": "https://otakudesu.best/episode/c2ssks-episode-10-sub-indo/",
    "episode_date": "11 Agustus,2025",
    "server": "odstreamhd",
    "quality": "720p",
    "data_content": "eyJpZCI6MTg1MDQwLCJpIjoxLCJxIjoiNzIwcCJ9",
    "decoded_data": {
      "id": 185040,
      "i": 1,
      "q": "720p"
    },
    "stream_url": "https://desustream.info/dstream/arcg/?id=SERSU2pCSzZTTm1ORGNva2lINk1vd2RCTFJ1MXd2MWQ4ZkxSSmVtalJ3WEZPZVdjTFBlVUdjVzQ1K2s1bnMyV2w2VzFtMWtCS3J2KzdGbGc5ZGtkdUE9PQ==",
    "is_default": false,
    "timestamp": "2025-09-12T08:00:34.371Z"
  },
  {
    "anime_title": "#Compass 2.0: Sentou Setsuri Kaiseki System",
    "episode_title": "#Compass 2.0: Sentou Setsuri Kaiseki System Episode 10 Subtitle Indonesia",
    "episode_link": "https://otakudesu.best/episode/c2ssks-episode-10-sub-indo/",
    "episode_date": "11 Agustus,2025",
    "server": "vidhide",
    "quality": "720p",
    "data_content": "eyJpZCI6MTg1MDQwLCJpIjoyLCJxIjoiNzIwcCJ9",
    "decoded_data": {
      "id": 185040,
      "i": 2,
      "q": "720p"
    },
    "stream_url": "https://odvidhide.com/embed/d7c5unhy92uj",
    "is_default": false,
    "timestamp": "2025-09-12T08:00:34.444Z"
  },
  {
    "anime_title": "#Compass 2.0: Sentou Setsuri Kaiseki System",
    "episode_title": "#Compass 2.0: Sentou Setsuri Kaiseki System Episode 10 Subtitle Indonesia",
    "episode_link": "https://otakudesu.best/episode/c2ssks-episode-10-sub-indo/",
    "episode_date": "11 Agustus,2025",
    "server": "mega",
    "quality": "720p",
    "data_content": "eyJpZCI6MTg1MDQwLCJpIjozLCJxIjoiNzIwcCJ9",
    "decoded_data": {
      "id": 185040,
      "i": 3,
      "q": "720p"
    },
    "stream_url": "https://mega.nz/embed/JYBjybga#vW_0ZsJFFj7yB7N7SHA9MxqNAzAm9IXE-iHgbPxtZ8g",
    "is_default": false,
    "timestamp": "2025-09-12T08:00:34.477Z"
  },
  {
    "anime_title": "#Compass 2.0: Sentou Setsuri Kaiseki System",
    "episode_title": "#Compass 2.0: Sentou Setsuri Kaiseki System Episode 11 Subtitle Indonesia",
    "episode_link": "https://otakudesu.best/episode/c2ssks-episode-11-sub-indo/",
    "episode_date": "11 Agustus,2025",
    "server": "otakuwatch4",
    "quality": "480p",
    "data_content": "eyJpZCI6MTg1MDM3LCJpIjowLCJxIjoiNDgwcCJ9",
    "decoded_data": {
      "id": 185037,
      "i": 0,
      "q": "480p"
    },
    "stream_url": "https://desustream.info/dstream/otakuwatch4/v2/index.php?id=d2l1TUtSWWxzUm40YVFPc0cyNHBiYW5MWnVJdTNvRlNaU2FkUjJjVlNTRT0=",
    "is_default": true,
    "timestamp": "2025-09-12T08:00:35.163Z"
  },
  {
    "anime_title": "#Compass 2.0: Sentou Setsuri Kaiseki System",
    "episode_title": "#Compass 2.0: Sentou Setsuri Kaiseki System Episode 11 Subtitle Indonesia",
    "episode_link": "https://otakudesu.best/episode/c2ssks-episode-11-sub-indo/",
    "episode_date": "11 Agustus,2025",
    "server": "odstream",
    "quality": "480p",
    "data_content": "eyJpZCI6MTg1MDM3LCJpIjoxLCJxIjoiNDgwcCJ9",
    "decoded_data": {
      "id": 185037,
      "i": 1,
      "q": "480p"
    },
    "stream_url": "https://desustream.info/dstream/arcg/?id=SERSU2pCSzZTTm1ORGNva2lINk1vd2RCTFJ1MXd2MWQ4ZkxSSmVtalJ3WEZPZVdjTFBlVUdjVzQ1K2s1bnMyV25SNFZNZkpxRWFCbms0THFVb1ZwZWc9PQ==",
    "is_default": false,
    "timestamp": "2025-09-12T08:00:35.242Z"
  },
  {
    "anime_title": "#Compass 2.0: Sentou Setsuri Kaiseki System",
    "episode_title": "#Compass 2.0: Sentou Setsuri Kaiseki System Episode 11 Subtitle Indonesia",
    "episode_link": "https://otakudesu.best/episode/c2ssks-episode-11-sub-indo/",
    "episode_date": "11 Agustus,2025",
    "server": "vidhide",
    "quality": "480p",
    "data_content": "eyJpZCI6MTg1MDM3LCJpIjoyLCJxIjoiNDgwcCJ9",
    "decoded_data": {
      "id": 185037,
      "i": 2,
      "q": "480p"
    },
    "stream_url": "https://odvidhide.com/embed/xa7eckcgjexc",
    "is_default": false,
    "timestamp": "2025-09-12T08:00:35.265Z"
  },
  {
    "anime_title": "#Compass 2.0: Sentou Setsuri Kaiseki System",
    "episode_title": "#Compass 2.0: Sentou Setsuri Kaiseki System Episode 11 Subtitle Indonesia",
    "episode_link": "https://otakudesu.best/episode/c2ssks-episode-11-sub-indo/",
    "episode_date": "11 Agustus,2025",
    "server": "mega",
    "quality": "480p",
    "data_content": "eyJpZCI6MTg1MDM3LCJpIjozLCJxIjoiNDgwcCJ9",
    "decoded_data": {
      "id": 185037,
      "i": 3,
      "q": "480p"
    },
    "stream_url": "https://mega.nz/embed/NFJBzCaJ#L7GZtYUQlBswI2bQvW6cNS_bmVHZ6uw3JQT580YdlmA",
    "is_default": false,
    "timestamp": "2025-09-12T08:00:35.276Z"
  },
  {
    "anime_title": "#Compass 2.0: Sentou Setsuri Kaiseki System",
    "episode_title": "#Compass 2.0: Sentou Setsuri Kaiseki System Episode 11 Subtitle Indonesia",
    "episode_link": "https://otakudesu.best/episode/c2ssks-episode-11-sub-indo/",
    "episode_date": "11 Agustus,2025",
    "server": "otakuwatch4hd",
    "quality": "720p",
    "data_content": "eyJpZCI6MTg1MDM3LCJpIjowLCJxIjoiNzIwcCJ9",
    "decoded_data": {
      "id": 185037,
      "i": 0,
      "q": "720p"
    },
    "stream_url": "https://desustream.info/dstream/otakuwatch4/hd/v2/index.php?id=d2l1TUtSWWxzUm40YVFPc0cyNHBiYW5MWnVJdTNvRlNaU2FkUjJjVlNTRT0=",
    "is_default": false,
    "timestamp": "2025-09-12T08:00:35.315Z"
  },
  {
    "anime_title": "#Compass 2.0: Sentou Setsuri Kaiseki System",
    "episode_title": "#Compass 2.0: Sentou Setsuri Kaiseki System Episode 11 Subtitle Indonesia",
    "episode_link": "https://otakudesu.best/episode/c2ssks-episode-11-sub-indo/",
    "episode_date": "11 Agustus,2025",
    "server": "odstreamhd",
    "quality": "720p",
    "data_content": "eyJpZCI6MTg1MDM3LCJpIjoxLCJxIjoiNzIwcCJ9",
    "decoded_data": {
      "id": 185037,
      "i": 1,
      "q": "720p"
    },
    "stream_url": "https://desustream.info/dstream/arcg/?id=SERSU2pCSzZTTm1ORGNva2lINk1vd2RCTFJ1MXd2MWQ4ZkxSSmVtalJ3WEZPZVdjTFBlVUdjVzQ1K2s1bnMyV3NSMzdjdEZtUGNkMUQvTGxjTThEdkE9PQ==",
    "is_default": false,
    "timestamp": "2025-09-12T08:00:35.371Z"
  },
  {
    "anime_title": "#Compass 2.0: Sentou Setsuri Kaiseki System",
    "episode_title": "#Compass 2.0: Sentou Setsuri Kaiseki System Episode 11 Subtitle Indonesia",
    "episode_link": "https://otakudesu.best/episode/c2ssks-episode-11-sub-indo/",
    "episode_date": "11 Agustus,2025",
    "server": "vidhide",
    "quality": "720p",
    "data_content": "eyJpZCI6MTg1MDM3LCJpIjoyLCJxIjoiNzIwcCJ9",
    "decoded_data": {
      "id": 185037,
      "i": 2,
      "q": "720p"
    },
    "stream_url": "https://odvidhide.com/embed/fote833jfac7",
    "is_default": false,
    "timestamp": "2025-09-12T08:00:35.396Z"
  },
  {
    "anime_title": "#Compass 2.0: Sentou Setsuri Kaiseki System",
    "episode_title": "#Compass 2.0: Sentou Setsuri Kaiseki System Episode 11 Subtitle Indonesia",
    "episode_link": "https://otakudesu.best/episode/c2ssks-episode-11-sub-indo/",
    "episode_date": "11 Agustus,2025",
    "server": "mega",
    "quality": "720p",
    "data_content": "eyJpZCI6MTg1MDM3LCJpIjozLCJxIjoiNzIwcCJ9",
    "decoded_data": {
      "id": 185037,
      "i": 3,
      "q": "720p"
    },
    "stream_url": "https://mega.nz/embed/BJgFDY6D#8VXCdVUN2s1pWTansf6_nfWgUWCx9apARxXoBoom1bU",
    "is_default": false,
    "timestamp": "2025-09-12T08:00:35.452Z"
  },
  {
    "anime_title": "#Compass 2.0: Sentou Setsuri Kaiseki System",
    "episode_title": "#Compass 2.0: Sentou Setsuri Kaiseki System Episode 11 Subtitle Indonesia",
    "episode_link": "https://otakudesu.best/episode/c2ssks-episode-11-sub-indo/",
    "episode_date": "11 Agustus,2025",
    "server": "otakuwatch4",
    "quality": "480p",
    "data_content": "eyJpZCI6MTg1MDM3LCJpIjowLCJxIjoiNDgwcCJ9",
    "decoded_data": {
      "id": 185037,
      "i": 0,
      "q": "480p"
    },
    "stream_url": "https://desustream.info/dstream/otakuwatch4/v2/index.php?id=d2l1TUtSWWxzUm40YVFPc0cyNHBiYW5MWnVJdTNvRlNaU2FkUjJjVlNTRT0=",
    "is_default": true,
    "timestamp": "2025-09-12T08:00:35.163Z"
  },
  {
    "anime_title": "#Compass 2.0: Sentou Setsuri Kaiseki System",
    "episode_title": "#Compass 2.0: Sentou Setsuri Kaiseki System Episode 11 Subtitle Indonesia",
    "episode_link": "https://otakudesu.best/episode/c2ssks-episode-11-sub-indo/",
    "episode_date": "11 Agustus,2025",
    "server": "odstream",
    "quality": "480p",
    "data_content": "eyJpZCI6MTg1MDM3LCJpIjoxLCJxIjoiNDgwcCJ9",
    "decoded_data": {
      "id": 185037,
      "i": 1,
      "q": "480p"
    },
    "stream_url": "https://desustream.info/dstream/arcg/?id=SERSU2pCSzZTTm1ORGNva2lINk1vd2RCTFJ1MXd2MWQ4ZkxSSmVtalJ3WEZPZVdjTFBlVUdjVzQ1K2s1bnMyV25SNFZNZkpxRWFCbms0THFVb1ZwZWc9PQ==",
    "is_default": false,
    "timestamp": "2025-09-12T08:00:35.242Z"
  },
  {
    "anime_title": "#Compass 2.0: Sentou Setsuri Kaiseki System",
    "episode_title": "#Compass 2.0: Sentou Setsuri Kaiseki System Episode 11 Subtitle Indonesia",
    "episode_link": "https://otakudesu.best/episode/c2ssks-episode-11-sub-indo/",
    "episode_date": "11 Agustus,2025",
    "server": "vidhide",
    "quality": "480p",
    "data_content": "eyJpZCI6MTg1MDM3LCJpIjoyLCJxIjoiNDgwcCJ9",
    "decoded_data": {
      "id": 185037,
      "i": 2,
      "q": "480p"
    },
    "stream_url": "https://odvidhide.com/embed/xa7eckcgjexc",
    "is_default": false,
    "timestamp": "2025-09-12T08:00:35.265Z"
  },
  {
    "anime_title": "#Compass 2.0: Sentou Setsuri Kaiseki System",
    "episode_title": "#Compass 2.0: Sentou Setsuri Kaiseki System Episode 11 Subtitle Indonesia",
    "episode_link": "https://otakudesu.best/episode/c2ssks-episode-11-sub-indo/",
    "episode_date": "11 Agustus,2025",
    "server": "mega",
    "quality": "480p",
    "data_content": "eyJpZCI6MTg1MDM3LCJpIjozLCJxIjoiNDgwcCJ9",
    "decoded_data": {
      "id": 185037,
      "i": 3,
      "q": "480p"
    },
    "stream_url": "https://mega.nz/embed/NFJBzCaJ#L7GZtYUQlBswI2bQvW6cNS_bmVHZ6uw3JQT580YdlmA",
    "is_default": false,
    "timestamp": "2025-09-12T08:00:35.276Z"
  },
  {
    "anime_title": "#Compass 2.0: Sentou Setsuri Kaiseki System",
    "episode_title": "#Compass 2.0: Sentou Setsuri Kaiseki System Episode 11 Subtitle Indonesia",
    "episode_link": "https://otakudesu.best/episode/c2ssks-episode-11-sub-indo/",
    "episode_date": "11 Agustus,2025",
    "server": "otakuwatch4hd",
    "quality": "720p",
    "data_content": "eyJpZCI6MTg1MDM3LCJpIjowLCJxIjoiNzIwcCJ9",
    "decoded_data": {
      "id": 185037,
      "i": 0,
      "q": "720p"
    },
    "stream_url": "https://desustream.info/dstream/otakuwatch4/hd/v2/index.php?id=d2l1TUtSWWxzUm40YVFPc0cyNHBiYW5MWnVJdTNvRlNaU2FkUjJjVlNTRT0=",
    "is_default": false,
    "timestamp": "2025-09-12T08:00:35.315Z"
  },
  {
    "anime_title": "#Compass 2.0: Sentou Setsuri Kaiseki System",
    "episode_title": "#Compass 2.0: Sentou Setsuri Kaiseki System Episode 11 Subtitle Indonesia",
    "episode_link": "https://otakudesu.best/episode/c2ssks-episode-11-sub-indo/",
    "episode_date": "11 Agustus,2025",
    "server": "odstreamhd",
    "quality": "720p",
    "data_content": "eyJpZCI6MTg1MDM3LCJpIjoxLCJxIjoiNzIwcCJ9",
    "decoded_data": {
      "id": 185037,
      "i": 1,
      "q": "720p"
    },
    "stream_url": "https://desustream.info/dstream/arcg/?id=SERSU2pCSzZTTm1ORGNva2lINk1vd2RCTFJ1MXd2MWQ4ZkxSSmVtalJ3WEZPZVdjTFBlVUdjVzQ1K2s1bnMyV3NSMzdjdEZtUGNkMUQvTGxjTThEdkE9PQ==",
    "is_default": false,
    "timestamp": "2025-09-12T08:00:35.371Z"
  },
  {
    "anime_title": "#Compass 2.0: Sentou Setsuri Kaiseki System",
    "episode_title": "#Compass 2.0: Sentou Setsuri Kaiseki System Episode 11 Subtitle Indonesia",
    "episode_link": "https://otakudesu.best/episode/c2ssks-episode-11-sub-indo/",
    "episode_date": "11 Agustus,2025",
    "server": "vidhide",
    "quality": "720p",
    "data_content": "eyJpZCI6MTg1MDM3LCJpIjoyLCJxIjoiNzIwcCJ9",
    "decoded_data": {
      "id": 185037,
      "i": 2,
      "q": "720p"
    },
    "stream_url": "https://odvidhide.com/embed/fote833jfac7",
    "is_default": false,
    "timestamp": "2025-09-12T08:00:35.396Z"
  },
  {
    "anime_title": "#Compass 2.0: Sentou Setsuri Kaiseki System",
    "episode_title": "#Compass 2.0: Sentou Setsuri Kaiseki System Episode 11 Subtitle Indonesia",
    "episode_link": "https://otakudesu.best/episode/c2ssks-episode-11-sub-indo/",
    "episode_date": "11 Agustus,2025",
    "server": "mega",
    "quality": "720p",
    "data_content": "eyJpZCI6MTg1MDM3LCJpIjozLCJxIjoiNzIwcCJ9",
    "decoded_data": {
      "id": 185037,
      "i": 3,
      "q": "720p"
    },
    "stream_url": "https://mega.nz/embed/BJgFDY6D#8VXCdVUN2s1pWTansf6_nfWgUWCx9apARxXoBoom1bU",
    "is_default": false,
    "timestamp": "2025-09-12T08:00:35.452Z"
  },
  {
    "anime_title": "#Compass 2.0: Sentou Setsuri Kaiseki System",
    "episode_title": "#Compass 2.0: Sentou Setsuri Kaiseki System Episode 12 (End) Subtitle Indonesia",
    "episode_link": "https://otakudesu.best/episode/c2ssks-episode-12-sub-indo/",
    "episode_date": "11 Agustus,2025",
    "server": "otakuwatch4",
    "quality": "480p",
    "data_content": "eyJpZCI6MTg1MDQxLCJpIjowLCJxIjoiNDgwcCJ9",
    "decoded_data": {
      "id": 185041,
      "i": 0,
      "q": "480p"
    },
    "stream_url": "https://desustream.info/dstream/otakuwatch4/v2/index.php?id=d2l1TUtSWWxzUm40YVFPc0cyNHBiWmlhSDIreGRlb3JzQnZ3M2ZSbGg0MD0=",
    "is_default": true,
    "timestamp": "2025-09-12T08:00:36.292Z"
  },
  {
    "anime_title": "#Compass 2.0: Sentou Setsuri Kaiseki System",
    "episode_title": "#Compass 2.0: Sentou Setsuri Kaiseki System Episode 12 (End) Subtitle Indonesia",
    "episode_link": "https://otakudesu.best/episode/c2ssks-episode-12-sub-indo/",
    "episode_date": "11 Agustus,2025",
    "server": "odstream",
    "quality": "480p",
    "data_content": "eyJpZCI6MTg1MDQxLCJpIjoxLCJxIjoiNDgwcCJ9",
    "decoded_data": {
      "id": 185041,
      "i": 1,
      "q": "480p"
    },
    "stream_url": "https://desustream.info/dstream/arcg/?id=SERSU2pCSzZTTm1ORGNva2lINk1vd2RCTFJ1MXd2MWQ4ZkxSSmVtalJ3WEZPZVdjTFBlVUdjVzQ1K2s1bnMyVytVaEg0b0lYZDZ3anRLdGVzWVQxN3c9PQ==",
    "is_default": false,
    "timestamp": "2025-09-12T08:00:36.327Z"
  },
  {
    "anime_title": "#Compass 2.0: Sentou Setsuri Kaiseki System",
    "episode_title": "#Compass 2.0: Sentou Setsuri Kaiseki System Episode 12 (End) Subtitle Indonesia",
    "episode_link": "https://otakudesu.best/episode/c2ssks-episode-12-sub-indo/",
    "episode_date": "11 Agustus,2025",
    "server": "vidhide",
    "quality": "480p",
    "data_content": "eyJpZCI6MTg1MDQxLCJpIjoyLCJxIjoiNDgwcCJ9",
    "decoded_data": {
      "id": 185041,
      "i": 2,
      "q": "480p"
    },
    "stream_url": "https://odvidhide.com/embed/2x4hw65openl",
    "is_default": false,
    "timestamp": "2025-09-12T08:00:36.384Z"
  },
  {
    "anime_title": "#Compass 2.0: Sentou Setsuri Kaiseki System",
    "episode_title": "#Compass 2.0: Sentou Setsuri Kaiseki System Episode 12 (End) Subtitle Indonesia",
    "episode_link": "https://otakudesu.best/episode/c2ssks-episode-12-sub-indo/",
    "episode_date": "11 Agustus,2025",
    "server": "mega",
    "quality": "480p",
    "data_content": "eyJpZCI6MTg1MDQxLCJpIjozLCJxIjoiNDgwcCJ9",
    "decoded_data": {
      "id": 185041,
      "i": 3,
      "q": "480p"
    },
    "stream_url": "https://mega.nz/embed/RNABlZCD#r7XgyjHeVMtuT-nSxYKMHs4bQNLeJzKK3YfM7OQ9sp8",
    "is_default": false,
    "timestamp": "2025-09-12T08:00:36.390Z"
  },
  {
    "anime_title": "#Compass 2.0: Sentou Setsuri Kaiseki System",
    "episode_title": "#Compass 2.0: Sentou Setsuri Kaiseki System Episode 12 (End) Subtitle Indonesia",
    "episode_link": "https://otakudesu.best/episode/c2ssks-episode-12-sub-indo/",
    "episode_date": "11 Agustus,2025",
    "server": "otakuwatch4hd",
    "quality": "720p",
    "data_content": "eyJpZCI6MTg1MDQxLCJpIjowLCJxIjoiNzIwcCJ9",
    "decoded_data": {
      "id": 185041,
      "i": 0,
      "q": "720p"
    },
    "stream_url": "https://desustream.info/dstream/otakuwatch4/hd/v2/index.php?id=d2l1TUtSWWxzUm40YVFPc0cyNHBiWmlhSDIreGRlb3JzQnZ3M2ZSbGg0MD0=",
    "is_default": false,
    "timestamp": "2025-09-12T08:00:36.438Z"
  },
  {
    "anime_title": "#Compass 2.0: Sentou Setsuri Kaiseki System",
    "episode_title": "#Compass 2.0: Sentou Setsuri Kaiseki System Episode 12 (End) Subtitle Indonesia",
    "episode_link": "https://otakudesu.best/episode/c2ssks-episode-12-sub-indo/",
    "episode_date": "11 Agustus,2025",
    "server": "odstreamhd",
    "quality": "720p",
    "data_content": "eyJpZCI6MTg1MDQxLCJpIjoxLCJxIjoiNzIwcCJ9",
    "decoded_data": {
      "id": 185041,
      "i": 1,
      "q": "720p"
    },
    "stream_url": "https://desustream.info/dstream/arcg/?id=SERSU2pCSzZTTm1ORGNva2lINk1vd2RCTFJ1MXd2MWQ4ZkxSSmVtalJ3WEZPZVdjTFBlVUdjVzQ1K2s1bnMyV0hPaHhYL2tYVkZlYjVZaE5pakE2dUE9PQ==",
    "is_default": false,
    "timestamp": "2025-09-12T08:00:36.486Z"
  },
  {
    "anime_title": "#Compass 2.0: Sentou Setsuri Kaiseki System",
    "episode_title": "#Compass 2.0: Sentou Setsuri Kaiseki System Episode 12 (End) Subtitle Indonesia",
    "episode_link": "https://otakudesu.best/episode/c2ssks-episode-12-sub-indo/",
    "episode_date": "11 Agustus,2025",
    "server": "vidhide",
    "quality": "720p",
    "data_content": "eyJpZCI6MTg1MDQxLCJpIjoyLCJxIjoiNzIwcCJ9",
    "decoded_data": {
      "id": 185041,
      "i": 2,
      "q": "720p"
    },
    "stream_url": "https://odvidhide.com/embed/96r0b79m8vsx",
    "is_default": false,
    "timestamp": "2025-09-12T08:00:36.534Z"
  },
  {
    "anime_title": "#Compass 2.0: Sentou Setsuri Kaiseki System",
    "episode_title": "#Compass 2.0: Sentou Setsuri Kaiseki System Episode 12 (End) Subtitle Indonesia",
    "episode_link": "https://otakudesu.best/episode/c2ssks-episode-12-sub-indo/",
    "episode_date": "11 Agustus,2025",
    "server": "mega",
    "quality": "720p",
    "data_content": "eyJpZCI6MTg1MDQxLCJpIjozLCJxIjoiNzIwcCJ9",
    "decoded_data": {
      "id": 185041,
      "i": 3,
      "q": "720p"
    },
    "stream_url": "https://mega.nz/embed/RMISGb5J#c-HLjsLJXM_UlNYGor9QueqarW-rW73aYeckIld02AQ",
    "is_default": false,
    "timestamp": "2025-09-12T08:00:36.561Z"
  },
  {
    "anime_title": "#Compass 2.0: Sentou Setsuri Kaiseki System",
    "episode_title": "#Compass 2.0: Sentou Setsuri Kaiseki System Episode 12 (End) Subtitle Indonesia",
    "episode_link": "https://otakudesu.best/episode/c2ssks-episode-12-sub-indo/",
    "episode_date": "11 Agustus,2025",
    "server": "otakuwatch4",
    "quality": "480p",
    "data_content": "eyJpZCI6MTg1MDQxLCJpIjowLCJxIjoiNDgwcCJ9",
    "decoded_data": {
      "id": 185041,
      "i": 0,
      "q": "480p"
    },
    "stream_url": "https://desustream.info/dstream/otakuwatch4/v2/index.php?id=d2l1TUtSWWxzUm40YVFPc0cyNHBiWmlhSDIreGRlb3JzQnZ3M2ZSbGg0MD0=",
    "is_default": true,
    "timestamp": "2025-09-12T08:00:36.292Z"
  },
  {
    "anime_title": "#Compass 2.0: Sentou Setsuri Kaiseki System",
    "episode_title": "#Compass 2.0: Sentou Setsuri Kaiseki System Episode 12 (End) Subtitle Indonesia",
    "episode_link": "https://otakudesu.best/episode/c2ssks-episode-12-sub-indo/",
    "episode_date": "11 Agustus,2025",
    "server": "odstream",
    "quality": "480p",
    "data_content": "eyJpZCI6MTg1MDQxLCJpIjoxLCJxIjoiNDgwcCJ9",
    "decoded_data": {
      "id": 185041,
      "i": 1,
      "q": "480p"
    },
    "stream_url": "https://desustream.info/dstream/arcg/?id=SERSU2pCSzZTTm1ORGNva2lINk1vd2RCTFJ1MXd2MWQ4ZkxSSmVtalJ3WEZPZVdjTFBlVUdjVzQ1K2s1bnMyVytVaEg0b0lYZDZ3anRLdGVzWVQxN3c9PQ==",
    "is_default": false,
    "timestamp": "2025-09-12T08:00:36.327Z"
  },
  {
    "anime_title": "#Compass 2.0: Sentou Setsuri Kaiseki System",
    "episode_title": "#Compass 2.0: Sentou Setsuri Kaiseki System Episode 12 (End) Subtitle Indonesia",
    "episode_link": "https://otakudesu.best/episode/c2ssks-episode-12-sub-indo/",
    "episode_date": "11 Agustus,2025",
    "server": "vidhide",
    "quality": "480p",
    "data_content": "eyJpZCI6MTg1MDQxLCJpIjoyLCJxIjoiNDgwcCJ9",
    "decoded_data": {
      "id": 185041,
      "i": 2,
      "q": "480p"
    },
    "stream_url": "https://odvidhide.com/embed/2x4hw65openl",
    "is_default": false,
    "timestamp": "2025-09-12T08:00:36.384Z"
  },
  {
    "anime_title": "#Compass 2.0: Sentou Setsuri Kaiseki System",
    "episode_title": "#Compass 2.0: Sentou Setsuri Kaiseki System Episode 12 (End) Subtitle Indonesia",
    "episode_link": "https://otakudesu.best/episode/c2ssks-episode-12-sub-indo/",
    "episode_date": "11 Agustus,2025",
    "server": "mega",
    "quality": "480p",
    "data_content": "eyJpZCI6MTg1MDQxLCJpIjozLCJxIjoiNDgwcCJ9",
    "decoded_data": {
      "id": 185041,
      "i": 3,
      "q": "480p"
    },
    "stream_url": "https://mega.nz/embed/RNABlZCD#r7XgyjHeVMtuT-nSxYKMHs4bQNLeJzKK3YfM7OQ9sp8",
    "is_default": false,
    "timestamp": "2025-09-12T08:00:36.390Z"
  },
  {
    "anime_title": "#Compass 2.0: Sentou Setsuri Kaiseki System",
    "episode_title": "#Compass 2.0: Sentou Setsuri Kaiseki System Episode 12 (End) Subtitle Indonesia",
    "episode_link": "https://otakudesu.best/episode/c2ssks-episode-12-sub-indo/",
    "episode_date": "11 Agustus,2025",
    "server": "otakuwatch4hd",
    "quality": "720p",
    "data_content": "eyJpZCI6MTg1MDQxLCJpIjowLCJxIjoiNzIwcCJ9",
    "decoded_data": {
      "id": 185041,
      "i": 0,
      "q": "720p"
    },
    "stream_url": "https://desustream.info/dstream/otakuwatch4/hd/v2/index.php?id=d2l1TUtSWWxzUm40YVFPc0cyNHBiWmlhSDIreGRlb3JzQnZ3M2ZSbGg0MD0=",
    "is_default": false,
    "timestamp": "2025-09-12T08:00:36.438Z"
  },
  {
    "anime_title": "#Compass 2.0: Sentou Setsuri Kaiseki System",
    "episode_title": "#Compass 2.0: Sentou Setsuri Kaiseki System Episode 12 (End) Subtitle Indonesia",
    "episode_link": "https://otakudesu.best/episode/c2ssks-episode-12-sub-indo/",
    "episode_date": "11 Agustus,2025",
    "server": "odstreamhd",
    "quality": "720p",
    "data_content": "eyJpZCI6MTg1MDQxLCJpIjoxLCJxIjoiNzIwcCJ9",
    "decoded_data": {
      "id": 185041,
      "i": 1,
      "q": "720p"
    },
    "stream_url": "https://desustream.info/dstream/arcg/?id=SERSU2pCSzZTTm1ORGNva2lINk1vd2RCTFJ1MXd2MWQ4ZkxSSmVtalJ3WEZPZVdjTFBlVUdjVzQ1K2s1bnMyV0hPaHhYL2tYVkZlYjVZaE5pakE2dUE9PQ==",
    "is_default": false,
    "timestamp": "2025-09-12T08:00:36.486Z"
  },
  {
    "anime_title": "#Compass 2.0: Sentou Setsuri Kaiseki System",
    "episode_title": "#Compass 2.0: Sentou Setsuri Kaiseki System Episode 12 (End) Subtitle Indonesia",
    "episode_link": "https://otakudesu.best/episode/c2ssks-episode-12-sub-indo/",
    "episode_date": "11 Agustus,2025",
    "server": "vidhide",
    "quality": "720p",
    "data_content": "eyJpZCI6MTg1MDQxLCJpIjoyLCJxIjoiNzIwcCJ9",
    "decoded_data": {
      "id": 185041,
      "i": 2,
      "q": "720p"
    },
    "stream_url": "https://odvidhide.com/embed/96r0b79m8vsx",
    "is_default": false,
    "timestamp": "2025-09-12T08:00:36.534Z"
  },
  {
    "anime_title": "#Compass 2.0: Sentou Setsuri Kaiseki System",
    "episode_title": "#Compass 2.0: Sentou Setsuri Kaiseki System Episode 12 (End) Subtitle Indonesia",
    "episode_link": "https://otakudesu.best/episode/c2ssks-episode-12-sub-indo/",
    "episode_date": "11 Agustus,2025",
    "server": "mega",
    "quality": "720p",
    "data_content": "eyJpZCI6MTg1MDQxLCJpIjozLCJxIjoiNzIwcCJ9",
    "decoded_data": {
      "id": 185041,
      "i": 3,
      "q": "720p"
    },
    "stream_url": "https://mega.nz/embed/RMISGb5J#c-HLjsLJXM_UlNYGor9QueqarW-rW73aYeckIld02AQ",
    "is_default": false,
    "timestamp": "2025-09-12T08:00:36.561Z"
  },
  {
    "anime_title": "100-man no Inochi no Ue ni Ore wa Tatteiru",
    "episode_title": "100-man no Inochi no Ue ni Ore wa Tatteiru Episode 1 Subtitle Indonesia",
    "episode_link": "https://otakudesu.best/episode/10man-episode-1-sub-indo/",
    "episode_date": "9 Januari,2021",
    "server": "otakuplay",
    "quality": "480p",
    "data_content": "eyJpZCI6MTAzMDUyLCJpIjowLCJxIjoiNDgwcCJ9",
    "decoded_data": {
      "id": 103052,
      "i": 0,
      "q": "480p"
    },
    "stream_url": "https://desustream.info/dstream/otakuplay/v2/index.php?id=V2xxc0l5T1hReWFPNHFGTDZTdmtZdCtXcFhtSFJMZVExM1JsMzMwWVhYOD0=",
    "is_default": true,
    "timestamp": "2025-09-12T08:00:43.371Z"
  },
  {
    "anime_title": "100-man no Inochi no Ue ni Ore wa Tatteiru",
    "episode_title": "100-man no Inochi no Ue ni Ore wa Tatteiru Episode 1 Subtitle Indonesia",
    "episode_link": "https://otakudesu.best/episode/10man-episode-1-sub-indo/",
    "episode_date": "9 Januari,2021",
    "server": "mega",
    "quality": "720p",
    "data_content": "eyJpZCI6MTAzMDUyLCJpIjoyLCJxIjoiNzIwcCJ9",
    "decoded_data": {
      "id": 103052,
      "i": 2,
      "q": "720p"
    },
    "stream_url": "https://mega.nz/embed/xxdTFYKZ#-fSyKvIjlQDUPLrGyJX53x7ynqDLTOzSaqshWvl3GUA",
    "is_default": false,
    "timestamp": "2025-09-12T08:00:44.451Z"
  },
  {
    "anime_title": "100-man no Inochi no Ue ni Ore wa Tatteiru",
    "episode_title": "100-man no Inochi no Ue ni Ore wa Tatteiru Episode 1 Subtitle Indonesia",
    "episode_link": "https://otakudesu.best/episode/10man-episode-1-sub-indo/",
    "episode_date": "9 Januari,2021",
    "server": "mp4load",
    "quality": "480p",
    "data_content": "eyJpZCI6MTAzMDUyLCJpIjoxLCJxIjoiNDgwcCJ9",
    "decoded_data": {
      "id": 103052,
      "i": 1,
      "q": "480p"
    },
    "stream_url": "https://www.mp4upload.com/embed-xk5u3ddmzpdz.html",
    "is_default": false,
    "timestamp": "2025-09-12T08:00:44.816Z"
  },
  {
    "anime_title": "100-man no Inochi no Ue ni Ore wa Tatteiru",
    "episode_title": "100-man no Inochi no Ue ni Ore wa Tatteiru Episode 1 Subtitle Indonesia",
    "episode_link": "https://otakudesu.best/episode/10man-episode-1-sub-indo/",
    "episode_date": "9 Januari,2021",
    "server": "mega",
    "quality": "480p",
    "data_content": "eyJpZCI6MTAzMDUyLCJpIjoyLCJxIjoiNDgwcCJ9",
    "decoded_data": {
      "id": 103052,
      "i": 2,
      "q": "480p"
    },
    "stream_url": "https://mega.nz/embed/1oE3EC4T#AkKfw5f3NPS6IQ7JKRML7GeoSn2Y-G9kA-5D2MuoR5U",
    "is_default": false,
    "timestamp": "2025-09-12T08:00:44.820Z"
  },
  {
    "anime_title": "100-man no Inochi no Ue ni Ore wa Tatteiru",
    "episode_title": "100-man no Inochi no Ue ni Ore wa Tatteiru Episode 1 Subtitle Indonesia",
    "episode_link": "https://otakudesu.best/episode/10man-episode-1-sub-indo/",
    "episode_date": "9 Januari,2021",
    "server": "otakustream",
    "quality": "720p",
    "data_content": "eyJpZCI6MTAzMDUyLCJpIjowLCJxIjoiNzIwcCJ9",
    "decoded_data": {
      "id": 103052,
      "i": 0,
      "q": "720p"
    },
    "stream_url": "https://desustream.info/dstream/otakustream/v2/index.php?id=ekpKdGpISUZVVU5aY3UvWE9TYm5mM3crK3ZJV2RVU081OXc4QUJLMTZiOD0=",
    "is_default": false,
    "timestamp": "2025-09-12T08:00:44.965Z"
  },
  {
    "anime_title": "100-man no Inochi no Ue ni Ore wa Tatteiru",
    "episode_title": "100-man no Inochi no Ue ni Ore wa Tatteiru Episode 1 Subtitle Indonesia",
    "episode_link": "https://otakudesu.best/episode/10man-episode-1-sub-indo/",
    "episode_date": "9 Januari,2021",
    "server": "yourupload",
    "quality": "720p",
    "data_content": "eyJpZCI6MTAzMDUyLCJpIjoxLCJxIjoiNzIwcCJ9",
    "decoded_data": {
      "id": 103052,
      "i": 1,
      "q": "720p"
    },
    "stream_url": "https://desudrive.com/stream/yuplod.php?id=MIIik0esaiDM",
    "is_default": false,
    "timestamp": "2025-09-12T08:00:44.970Z"
  },
  {
    "anime_title": "100-man no Inochi no Ue ni Ore wa Tatteiru",
    "episode_title": "100-man no Inochi no Ue ni Ore wa Tatteiru Episode 1 Subtitle Indonesia",
    "episode_link": "https://otakudesu.best/episode/10man-episode-1-sub-indo/",
    "episode_date": "9 Januari,2021",
    "server": "otakuplay",
    "quality": "480p",
    "data_content": "eyJpZCI6MTAzMDUyLCJpIjowLCJxIjoiNDgwcCJ9",
    "decoded_data": {
      "id": 103052,
      "i": 0,
      "q": "480p"
    },
    "stream_url": "https://desustream.info/dstream/otakuplay/v2/index.php?id=V2xxc0l5T1hReWFPNHFGTDZTdmtZdCtXcFhtSFJMZVExM1JsMzMwWVhYOD0=",
    "is_default": true,
    "timestamp": "2025-09-12T08:00:43.371Z"
  },
  {
    "anime_title": "100-man no Inochi no Ue ni Ore wa Tatteiru",
    "episode_title": "100-man no Inochi no Ue ni Ore wa Tatteiru Episode 1 Subtitle Indonesia",
    "episode_link": "https://otakudesu.best/episode/10man-episode-1-sub-indo/",
    "episode_date": "9 Januari,2021",
    "server": "mp4load",
    "quality": "480p",
    "data_content": "eyJpZCI6MTAzMDUyLCJpIjoxLCJxIjoiNDgwcCJ9",
    "decoded_data": {
      "id": 103052,
      "i": 1,
      "q": "480p"
    },
    "stream_url": "https://www.mp4upload.com/embed-xk5u3ddmzpdz.html",
    "is_default": false,
    "timestamp": "2025-09-12T08:00:44.816Z"
  },
  {
    "anime_title": "100-man no Inochi no Ue ni Ore wa Tatteiru",
    "episode_title": "100-man no Inochi no Ue ni Ore wa Tatteiru Episode 1 Subtitle Indonesia",
    "episode_link": "https://otakudesu.best/episode/10man-episode-1-sub-indo/",
    "episode_date": "9 Januari,2021",
    "server": "mega",
    "quality": "480p",
    "data_content": "eyJpZCI6MTAzMDUyLCJpIjoyLCJxIjoiNDgwcCJ9",
    "decoded_data": {
      "id": 103052,
      "i": 2,
      "q": "480p"
    },
    "stream_url": "https://mega.nz/embed/1oE3EC4T#AkKfw5f3NPS6IQ7JKRML7GeoSn2Y-G9kA-5D2MuoR5U",
    "is_default": false,
    "timestamp": "2025-09-12T08:00:44.820Z"
  },
  {
    "anime_title": "100-man no Inochi no Ue ni Ore wa Tatteiru",
    "episode_title": "100-man no Inochi no Ue ni Ore wa Tatteiru Episode 1 Subtitle Indonesia",
    "episode_link": "https://otakudesu.best/episode/10man-episode-1-sub-indo/",
    "episode_date": "9 Januari,2021",
    "server": "otakustream",
    "quality": "720p",
    "data_content": "eyJpZCI6MTAzMDUyLCJpIjowLCJxIjoiNzIwcCJ9",
    "decoded_data": {
      "id": 103052,
      "i": 0,
      "q": "720p"
    },
    "stream_url": "https://desustream.info/dstream/otakustream/v2/index.php?id=ekpKdGpISUZVVU5aY3UvWE9TYm5mM3crK3ZJV2RVU081OXc4QUJLMTZiOD0=",
    "is_default": false,
    "timestamp": "2025-09-12T08:00:44.965Z"
  },
  {
    "anime_title": "100-man no Inochi no Ue ni Ore wa Tatteiru",
    "episode_title": "100-man no Inochi no Ue ni Ore wa Tatteiru Episode 1 Subtitle Indonesia",
    "episode_link": "https://otakudesu.best/episode/10man-episode-1-sub-indo/",
    "episode_date": "9 Januari,2021",
    "server": "yourupload",
    "quality": "720p",
    "data_content": "eyJpZCI6MTAzMDUyLCJpIjoxLCJxIjoiNzIwcCJ9",
    "decoded_data": {
      "id": 103052,
      "i": 1,
      "q": "720p"
    },
    "stream_url": "https://desudrive.com/stream/yuplod.php?id=MIIik0esaiDM",
    "is_default": false,
    "timestamp": "2025-09-12T08:00:44.970Z"
  },
  {
    "anime_title": "100-man no Inochi no Ue ni Ore wa Tatteiru",
    "episode_title": "100-man no Inochi no Ue ni Ore wa Tatteiru Episode 1 Subtitle Indonesia",
    "episode_link": "https://otakudesu.best/episode/10man-episode-1-sub-indo/",
    "episode_date": "9 Januari,2021",
    "server": "mega",
    "quality": "720p",
    "data_content": "eyJpZCI6MTAzMDUyLCJpIjoyLCJxIjoiNzIwcCJ9",
    "decoded_data": {
      "id": 103052,
      "i": 2,
      "q": "720p"
    },
    "stream_url": "https://mega.nz/embed/xxdTFYKZ#-fSyKvIjlQDUPLrGyJX53x7ynqDLTOzSaqshWvl3GUA",
    "is_default": false,
    "timestamp": "2025-09-12T08:00:44.451Z"
  },
  {
    "anime_title": "100-man no Inochi no Ue ni Ore wa Tatteiru",
    "episode_title": "100-man no Inochi no Ue ni Ore wa Tatteiru Episode 2 Subtitle Indonesia",
    "episode_link": "https://otakudesu.best/episode/10man-episode-2-sub-indo/",
    "episode_date": "9 Januari,2021",
    "server": "otakuplay",
    "quality": "480p",
    "data_content": "eyJpZCI6MTAzMDUzLCJpIjowLCJxIjoiNDgwcCJ9",
    "decoded_data": {
      "id": 103053,
      "i": 0,
      "q": "480p"
    },
    "stream_url": "https://desustream.info/dstream/otakuplay/v2/index.php?id=eGt3N0xuQlE3R2ZXY245NDkyZkpqYWc2ZFdvOFZxWUN2Q1ZsVXBFWEt3cz0=",
    "is_default": true,
    "timestamp": "2025-09-12T08:00:45.541Z"
  },
  {
    "anime_title": "100-man no Inochi no Ue ni Ore wa Tatteiru",
    "episode_title": "100-man no Inochi no Ue ni Ore wa Tatteiru Episode 2 Subtitle Indonesia",
    "episode_link": "https://otakudesu.best/episode/10man-episode-2-sub-indo/",
    "episode_date": "9 Januari,2021",
    "server": "mp4load",
    "quality": "480p",
    "data_content": "eyJpZCI6MTAzMDUzLCJpIjoxLCJxIjoiNDgwcCJ9",
    "decoded_data": {
      "id": 103053,
      "i": 1,
      "q": "480p"
    },
    "stream_url": "https://www.mp4upload.com/embed-hl4wlwaea51p.html",
    "is_default": false,
    "timestamp": "2025-09-12T08:00:45.623Z"
  },
  {
    "anime_title": "100-man no Inochi no Ue ni Ore wa Tatteiru",
    "episode_title": "100-man no Inochi no Ue ni Ore wa Tatteiru Episode 2 Subtitle Indonesia",
    "episode_link": "https://otakudesu.best/episode/10man-episode-2-sub-indo/",
    "episode_date": "9 Januari,2021",
    "server": "mega",
    "quality": "480p",
    "data_content": "eyJpZCI6MTAzMDUzLCJpIjoyLCJxIjoiNDgwcCJ9",
    "decoded_data": {
      "id": 103053,
      "i": 2,
      "q": "480p"
    },
    "stream_url": "https://mega.nz/embed/o8d10K4B#M09TbIwwFN2SfiRBXfHHGOjIIAbTvY4E9Gs3eNdVgKY",
    "is_default": false,
    "timestamp": "2025-09-12T08:00:45.674Z"
  },
  {
    "anime_title": "100-man no Inochi no Ue ni Ore wa Tatteiru",
    "episode_title": "100-man no Inochi no Ue ni Ore wa Tatteiru Episode 2 Subtitle Indonesia",
    "episode_link": "https://otakudesu.best/episode/10man-episode-2-sub-indo/",
    "episode_date": "9 Januari,2021",
    "server": "otakustream",
    "quality": "720p",
    "data_content": "eyJpZCI6MTAzMDUzLCJpIjowLCJxIjoiNzIwcCJ9",
    "decoded_data": {
      "id": 103053,
      "i": 0,
      "q": "720p"
    },
    "stream_url": "https://desustream.info/dstream/otakustream/v2/index.php?id=bVVneERCZFdXYzVMN25IQ0pCNzRmQXZ6Y1NxQ2xZMlJIVWRuODRFaFdqYz0=",
    "is_default": false,
    "timestamp": "2025-09-12T08:00:45.680Z"
  },
  {
    "anime_title": "100-man no Inochi no Ue ni Ore wa Tatteiru",
    "episode_title": "100-man no Inochi no Ue ni Ore wa Tatteiru Episode 2 Subtitle Indonesia",
    "episode_link": "https://otakudesu.best/episode/10man-episode-2-sub-indo/",
    "episode_date": "9 Januari,2021",
    "server": "mega",
    "quality": "720p",
    "data_content": "eyJpZCI6MTAzMDUzLCJpIjoyLCJxIjoiNzIwcCJ9",
    "decoded_data": {
      "id": 103053,
      "i": 2,
      "q": "720p"
    },
    "stream_url": "https://mega.nz/embed/8kU1xYaY#AAl84H0K5CllnPPbRJS5vnFzTO05ah4w1swBWAIef3s",
    "is_default": false,
    "timestamp": "2025-09-12T08:00:45.798Z"
  },
  {
    "anime_title": "100-man no Inochi no Ue ni Ore wa Tatteiru",
    "episode_title": "100-man no Inochi no Ue ni Ore wa Tatteiru Episode 2 Subtitle Indonesia",
    "episode_link": "https://otakudesu.best/episode/10man-episode-2-sub-indo/",
    "episode_date": "9 Januari,2021",
    "server": "yourupload",
    "quality": "720p",
    "data_content": "eyJpZCI6MTAzMDUzLCJpIjoxLCJxIjoiNzIwcCJ9",
    "decoded_data": {
      "id": 103053,
      "i": 1,
      "q": "720p"
    },
    "stream_url": "https://desudrive.com/stream/yuplod.php?id=k8sF4Fg4RwB3",
    "is_default": false,
    "timestamp": "2025-09-12T08:00:45.803Z"
  },
  {
    "anime_title": "100-man no Inochi no Ue ni Ore wa Tatteiru",
    "episode_title": "100-man no Inochi no Ue ni Ore wa Tatteiru Episode 2 Subtitle Indonesia",
    "episode_link": "https://otakudesu.best/episode/10man-episode-2-sub-indo/",
    "episode_date": "9 Januari,2021",
    "server": "otakuplay",
    "quality": "480p",
    "data_content": "eyJpZCI6MTAzMDUzLCJpIjowLCJxIjoiNDgwcCJ9",
    "decoded_data": {
      "id": 103053,
      "i": 0,
      "q": "480p"
    },
    "stream_url": "https://desustream.info/dstream/otakuplay/v2/index.php?id=eGt3N0xuQlE3R2ZXY245NDkyZkpqYWc2ZFdvOFZxWUN2Q1ZsVXBFWEt3cz0=",
    "is_default": true,
    "timestamp": "2025-09-12T08:00:45.541Z"
  },
  {
    "anime_title": "100-man no Inochi no Ue ni Ore wa Tatteiru",
    "episode_title": "100-man no Inochi no Ue ni Ore wa Tatteiru Episode 2 Subtitle Indonesia",
    "episode_link": "https://otakudesu.best/episode/10man-episode-2-sub-indo/",
    "episode_date": "9 Januari,2021",
    "server": "mp4load",
    "quality": "480p",
    "data_content": "eyJpZCI6MTAzMDUzLCJpIjoxLCJxIjoiNDgwcCJ9",
    "decoded_data": {
      "id": 103053,
      "i": 1,
      "q": "480p"
    },
    "stream_url": "https://www.mp4upload.com/embed-hl4wlwaea51p.html",
    "is_default": false,
    "timestamp": "2025-09-12T08:00:45.623Z"
  },
  {
    "anime_title": "100-man no Inochi no Ue ni Ore wa Tatteiru",
    "episode_title": "100-man no Inochi no Ue ni Ore wa Tatteiru Episode 2 Subtitle Indonesia",
    "episode_link": "https://otakudesu.best/episode/10man-episode-2-sub-indo/",
    "episode_date": "9 Januari,2021",
    "server": "mega",
    "quality": "480p",
    "data_content": "eyJpZCI6MTAzMDUzLCJpIjoyLCJxIjoiNDgwcCJ9",
    "decoded_data": {
      "id": 103053,
      "i": 2,
      "q": "480p"
    },
    "stream_url": "https://mega.nz/embed/o8d10K4B#M09TbIwwFN2SfiRBXfHHGOjIIAbTvY4E9Gs3eNdVgKY",
    "is_default": false,
    "timestamp": "2025-09-12T08:00:45.674Z"
  },
  {
    "anime_title": "100-man no Inochi no Ue ni Ore wa Tatteiru",
    "episode_title": "100-man no Inochi no Ue ni Ore wa Tatteiru Episode 2 Subtitle Indonesia",
    "episode_link": "https://otakudesu.best/episode/10man-episode-2-sub-indo/",
    "episode_date": "9 Januari,2021",
    "server": "otakustream",
    "quality": "720p",
    "data_content": "eyJpZCI6MTAzMDUzLCJpIjowLCJxIjoiNzIwcCJ9",
    "decoded_data": {
      "id": 103053,
      "i": 0,
      "q": "720p"
    },
    "stream_url": "https://desustream.info/dstream/otakustream/v2/index.php?id=bVVneERCZFdXYzVMN25IQ0pCNzRmQXZ6Y1NxQ2xZMlJIVWRuODRFaFdqYz0=",
    "is_default": false,
    "timestamp": "2025-09-12T08:00:45.680Z"
  },
  {
    "anime_title": "100-man no Inochi no Ue ni Ore wa Tatteiru",
    "episode_title": "100-man no Inochi no Ue ni Ore wa Tatteiru Episode 2 Subtitle Indonesia",
    "episode_link": "https://otakudesu.best/episode/10man-episode-2-sub-indo/",
    "episode_date": "9 Januari,2021",
    "server": "yourupload",
    "quality": "720p",
    "data_content": "eyJpZCI6MTAzMDUzLCJpIjoxLCJxIjoiNzIwcCJ9",
    "decoded_data": {
      "id": 103053,
      "i": 1,
      "q": "720p"
    },
    "stream_url": "https://desudrive.com/stream/yuplod.php?id=k8sF4Fg4RwB3",
    "is_default": false,
    "timestamp": "2025-09-12T08:00:45.803Z"
  },
  {
    "anime_title": "100-man no Inochi no Ue ni Ore wa Tatteiru",
    "episode_title": "100-man no Inochi no Ue ni Ore wa Tatteiru Episode 2 Subtitle Indonesia",
    "episode_link": "https://otakudesu.best/episode/10man-episode-2-sub-indo/",
    "episode_date": "9 Januari,2021",
    "server": "mega",
    "quality": "720p",
    "data_content": "eyJpZCI6MTAzMDUzLCJpIjoyLCJxIjoiNzIwcCJ9",
    "decoded_data": {
      "id": 103053,
      "i": 2,
      "q": "720p"
    },
    "stream_url": "https://mega.nz/embed/8kU1xYaY#AAl84H0K5CllnPPbRJS5vnFzTO05ah4w1swBWAIef3s",
    "is_default": false,
    "timestamp": "2025-09-12T08:00:45.798Z"
  },
  {
    "anime_title": "100-man no Inochi no Ue ni Ore wa Tatteiru",
    "episode_title": "100-man no Inochi no Ue ni Ore wa Tatteiru Episode 3 Subtitle Indonesia",
    "episode_link": "https://otakudesu.best/episode/10man-episode-3-sub-indo/",
    "episode_date": "9 Januari,2021",
    "server": "otakuplay",
    "quality": "480p",
    "data_content": "eyJpZCI6MTAzMDU0LCJpIjowLCJxIjoiNDgwcCJ9",
    "decoded_data": {
      "id": 103054,
      "i": 0,
      "q": "480p"
    },
    "stream_url": "https://desustream.info/dstream/otakuplay/v2/index.php?id=Z2FMVmUvQjA2Rjc5aUhiK08xeXNDTWk1c3pPRjZZMjRYVlNlQ3pGVHZ4QT0=",
    "is_default": true,
    "timestamp": "2025-09-12T08:00:46.451Z"
  },
  {
    "anime_title": "100-man no Inochi no Ue ni Ore wa Tatteiru",
    "episode_title": "100-man no Inochi no Ue ni Ore wa Tatteiru Episode 3 Subtitle Indonesia",
    "episode_link": "https://otakudesu.best/episode/10man-episode-3-sub-indo/",
    "episode_date": "9 Januari,2021",
    "server": "mp4load",
    "quality": "480p",
    "data_content": "eyJpZCI6MTAzMDU0LCJpIjoxLCJxIjoiNDgwcCJ9",
    "decoded_data": {
      "id": 103054,
      "i": 1,
      "q": "480p"
    },
    "stream_url": "https://www.mp4upload.com/embed-13j2mkes8sxg.html",
    "is_default": false,
    "timestamp": "2025-09-12T08:00:46.484Z"
  },
  {
    "anime_title": "100-man no Inochi no Ue ni Ore wa Tatteiru",
    "episode_title": "100-man no Inochi no Ue ni Ore wa Tatteiru Episode 3 Subtitle Indonesia",
    "episode_link": "https://otakudesu.best/episode/10man-episode-3-sub-indo/",
    "episode_date": "9 Januari,2021",
    "server": "mega",
    "quality": "480p",
    "data_content": "eyJpZCI6MTAzMDU0LCJpIjoyLCJxIjoiNDgwcCJ9",
    "decoded_data": {
      "id": 103054,
      "i": 2,
      "q": "480p"
    },
    "stream_url": "https://mega.nz/embed/pgcXxSCL#R14aW1aPk8Oz669nVVphg3V6fzOXCJw6nT-aD2vmvN4",
    "is_default": false,
    "timestamp": "2025-09-12T08:00:46.581Z"
  },
  {
    "anime_title": "100-man no Inochi no Ue ni Ore wa Tatteiru",
    "episode_title": "100-man no Inochi no Ue ni Ore wa Tatteiru Episode 3 Subtitle Indonesia",
    "episode_link": "https://otakudesu.best/episode/10man-episode-3-sub-indo/",
    "episode_date": "9 Januari,2021",
    "server": "otakustream",
    "quality": "720p",
    "data_content": "eyJpZCI6MTAzMDU0LCJpIjowLCJxIjoiNzIwcCJ9",
    "decoded_data": {
      "id": 103054,
      "i": 0,
      "q": "720p"
    },
    "stream_url": "https://desustream.info/dstream/otakustream/v2/index.php?id=N0hDODNYeHJ2Y0xQdG9LSm1ZS1RPWVkvZmV0MFRneU9YVC9PckFLUlg4WT0=",
    "is_default": false,
    "timestamp": "2025-09-12T08:00:46.587Z"
  },
  {
    "anime_title": "100-man no Inochi no Ue ni Ore wa Tatteiru",
    "episode_title": "100-man no Inochi no Ue ni Ore wa Tatteiru Episode 3 Subtitle Indonesia",
    "episode_link": "https://otakudesu.best/episode/10man-episode-3-sub-indo/",
    "episode_date": "9 Januari,2021",
    "server": "yourupload",
    "quality": "720p",
    "data_content": "eyJpZCI6MTAzMDU0LCJpIjoxLCJxIjoiNzIwcCJ9",
    "decoded_data": {
      "id": 103054,
      "i": 1,
      "q": "720p"
    },
    "stream_url": "https://desudrive.com/stream/yuplod.php?id=3OWRN6T5M4f6",
    "is_default": false,
    "timestamp": "2025-09-12T08:00:46.606Z"
  },
  {
    "anime_title": "100-man no Inochi no Ue ni Ore wa Tatteiru",
    "episode_title": "100-man no Inochi no Ue ni Ore wa Tatteiru Episode 3 Subtitle Indonesia",
    "episode_link": "https://otakudesu.best/episode/10man-episode-3-sub-indo/",
    "episode_date": "9 Januari,2021",
    "server": "mega",
    "quality": "720p",
    "data_content": "eyJpZCI6MTAzMDU0LCJpIjoyLCJxIjoiNzIwcCJ9",
    "decoded_data": {
      "id": 103054,
      "i": 2,
      "q": "720p"
    },
    "stream_url": "https://mega.nz/embed/tpMXwYyQ#634xAXXhV7CCoyvobCc651NHkFfmBZvfqmw-YF9ihaY",
    "is_default": false,
    "timestamp": "2025-09-12T08:00:46.676Z"
  },
  {
    "anime_title": "100-man no Inochi no Ue ni Ore wa Tatteiru",
    "episode_title": "100-man no Inochi no Ue ni Ore wa Tatteiru Episode 3 Subtitle Indonesia",
    "episode_link": "https://otakudesu.best/episode/10man-episode-3-sub-indo/",
    "episode_date": "9 Januari,2021",
    "server": "otakuplay",
    "quality": "480p",
    "data_content": "eyJpZCI6MTAzMDU0LCJpIjowLCJxIjoiNDgwcCJ9",
    "decoded_data": {
      "id": 103054,
      "i": 0,
      "q": "480p"
    },
    "stream_url": "https://desustream.info/dstream/otakuplay/v2/index.php?id=Z2FMVmUvQjA2Rjc5aUhiK08xeXNDTWk1c3pPRjZZMjRYVlNlQ3pGVHZ4QT0=",
    "is_default": true,
    "timestamp": "2025-09-12T08:00:46.451Z"
  },
  {
    "anime_title": "100-man no Inochi no Ue ni Ore wa Tatteiru",
    "episode_title": "100-man no Inochi no Ue ni Ore wa Tatteiru Episode 3 Subtitle Indonesia",
    "episode_link": "https://otakudesu.best/episode/10man-episode-3-sub-indo/",
    "episode_date": "9 Januari,2021",
    "server": "mp4load",
    "quality": "480p",
    "data_content": "eyJpZCI6MTAzMDU0LCJpIjoxLCJxIjoiNDgwcCJ9",
    "decoded_data": {
      "id": 103054,
      "i": 1,
      "q": "480p"
    },
    "stream_url": "https://www.mp4upload.com/embed-13j2mkes8sxg.html",
    "is_default": false,
    "timestamp": "2025-09-12T08:00:46.484Z"
  },
  {
    "anime_title": "100-man no Inochi no Ue ni Ore wa Tatteiru",
    "episode_title": "100-man no Inochi no Ue ni Ore wa Tatteiru Episode 3 Subtitle Indonesia",
    "episode_link": "https://otakudesu.best/episode/10man-episode-3-sub-indo/",
    "episode_date": "9 Januari,2021",
    "server": "mega",
    "quality": "480p",
    "data_content": "eyJpZCI6MTAzMDU0LCJpIjoyLCJxIjoiNDgwcCJ9",
    "decoded_data": {
      "id": 103054,
      "i": 2,
      "q": "480p"
    },
    "stream_url": "https://mega.nz/embed/pgcXxSCL#R14aW1aPk8Oz669nVVphg3V6fzOXCJw6nT-aD2vmvN4",
    "is_default": false,
    "timestamp": "2025-09-12T08:00:46.581Z"
  },
  {
    "anime_title": "100-man no Inochi no Ue ni Ore wa Tatteiru",
    "episode_title": "100-man no Inochi no Ue ni Ore wa Tatteiru Episode 3 Subtitle Indonesia",
    "episode_link": "https://otakudesu.best/episode/10man-episode-3-sub-indo/",
    "episode_date": "9 Januari,2021",
    "server": "otakustream",
    "quality": "720p",
    "data_content": "eyJpZCI6MTAzMDU0LCJpIjowLCJxIjoiNzIwcCJ9",
    "decoded_data": {
      "id": 103054,
      "i": 0,
      "q": "720p"
    },
    "stream_url": "https://desustream.info/dstream/otakustream/v2/index.php?id=N0hDODNYeHJ2Y0xQdG9LSm1ZS1RPWVkvZmV0MFRneU9YVC9PckFLUlg4WT0=",
    "is_default": false,
    "timestamp": "2025-09-12T08:00:46.587Z"
  },
  {
    "anime_title": "100-man no Inochi no Ue ni Ore wa Tatteiru",
    "episode_title": "100-man no Inochi no Ue ni Ore wa Tatteiru Episode 3 Subtitle Indonesia",
    "episode_link": "https://otakudesu.best/episode/10man-episode-3-sub-indo/",
    "episode_date": "9 Januari,2021",
    "server": "yourupload",
    "quality": "720p",
    "data_content": "eyJpZCI6MTAzMDU0LCJpIjoxLCJxIjoiNzIwcCJ9",
    "decoded_data": {
      "id": 103054,
      "i": 1,
      "q": "720p"
    },
    "stream_url": "https://desudrive.com/stream/yuplod.php?id=3OWRN6T5M4f6",
    "is_default": false,
    "timestamp": "2025-09-12T08:00:46.606Z"
  },
  {
    "anime_title": "100-man no Inochi no Ue ni Ore wa Tatteiru",
    "episode_title": "100-man no Inochi no Ue ni Ore wa Tatteiru Episode 3 Subtitle Indonesia",
    "episode_link": "https://otakudesu.best/episode/10man-episode-3-sub-indo/",
    "episode_date": "9 Januari,2021",
    "server": "mega",
    "quality": "720p",
    "data_content": "eyJpZCI6MTAzMDU0LCJpIjoyLCJxIjoiNzIwcCJ9",
    "decoded_data": {
      "id": 103054,
      "i": 2,
      "q": "720p"
    },
    "stream_url": "https://mega.nz/embed/tpMXwYyQ#634xAXXhV7CCoyvobCc651NHkFfmBZvfqmw-YF9ihaY",
    "is_default": false,
    "timestamp": "2025-09-12T08:00:46.676Z"
  },
  {
    "anime_title": "100-man no Inochi no Ue ni Ore wa Tatteiru",
    "episode_title": "100-man no Inochi no Ue ni Ore wa Tatteiru Episode 4 Subtitle Indonesia",
    "episode_link": "https://otakudesu.best/episode/10man-episode-4-sub-indo/",
    "episode_date": "9 Januari,2021",
    "server": "otakuplay",
    "quality": "480p",
    "data_content": "eyJpZCI6MTAzMDU2LCJpIjowLCJxIjoiNDgwcCJ9",
    "decoded_data": {
      "id": 103056,
      "i": 0,
      "q": "480p"
    },
    "stream_url": "https://desustream.info/dstream/otakuplay/v2/index.php?id=aGt5bm5mdGJtSll3dTF2RWhFT3pxTEJhbXRPMytVa1RJejVicUN3VjdOVT0=",
    "is_default": true,
    "timestamp": "2025-09-12T08:00:47.372Z"
  },
  {
    "anime_title": "100-man no Inochi no Ue ni Ore wa Tatteiru",
    "episode_title": "100-man no Inochi no Ue ni Ore wa Tatteiru Episode 4 Subtitle Indonesia",
    "episode_link": "https://otakudesu.best/episode/10man-episode-4-sub-indo/",
    "episode_date": "9 Januari,2021",
    "server": "mp4load",
    "quality": "480p",
    "data_content": "eyJpZCI6MTAzMDU2LCJpIjoxLCJxIjoiNDgwcCJ9",
    "decoded_data": {
      "id": 103056,
      "i": 1,
      "q": "480p"
    },
    "stream_url": "https://www.mp4upload.com/embed-6fogxu2vwsac.html",
    "is_default": false,
    "timestamp": "2025-09-12T08:00:47.454Z"
  },
  {
    "anime_title": "100-man no Inochi no Ue ni Ore wa Tatteiru",
    "episode_title": "100-man no Inochi no Ue ni Ore wa Tatteiru Episode 4 Subtitle Indonesia",
    "episode_link": "https://otakudesu.best/episode/10man-episode-4-sub-indo/",
    "episode_date": "9 Januari,2021",
    "server": "mega",
    "quality": "480p",
    "data_content": "eyJpZCI6MTAzMDU2LCJpIjoyLCJxIjoiNDgwcCJ9",
    "decoded_data": {
      "id": 103056,
      "i": 2,
      "q": "480p"
    },
    "stream_url": "https://mega.nz/embed/woEXDICR#OlSkea8aOvNgCsAvnpe585lpkTbk9xgOqX-EVcJU_rQ",
    "is_default": false,
    "timestamp": "2025-09-12T08:00:47.459Z"
  },
  {
    "anime_title": "100-man no Inochi no Ue ni Ore wa Tatteiru",
    "episode_title": "100-man no Inochi no Ue ni Ore wa Tatteiru Episode 4 Subtitle Indonesia",
    "episode_link": "https://otakudesu.best/episode/10man-episode-4-sub-indo/",
    "episode_date": "9 Januari,2021",
    "server": "otakustream",
    "quality": "720p",
    "data_content": "eyJpZCI6MTAzMDU2LCJpIjowLCJxIjoiNzIwcCJ9",
    "decoded_data": {
      "id": 103056,
      "i": 0,
      "q": "720p"
    },
    "stream_url": "https://desustream.info/dstream/otakustream/v2/index.php?id=c3EvRWlmVzFtLzhCdVlYR1ZJMjZBc1ppWTdOdUJpZHd2THBpWUwva1hLZz0=",
    "is_default": false,
    "timestamp": "2025-09-12T08:00:47.469Z"
  },
  {
    "anime_title": "100-man no Inochi no Ue ni Ore wa Tatteiru",
    "episode_title": "100-man no Inochi no Ue ni Ore wa Tatteiru Episode 4 Subtitle Indonesia",
    "episode_link": "https://otakudesu.best/episode/10man-episode-4-sub-indo/",
    "episode_date": "9 Januari,2021",
    "server": "yourupload",
    "quality": "720p",
    "data_content": "eyJpZCI6MTAzMDU2LCJpIjoxLCJxIjoiNzIwcCJ9",
    "decoded_data": {
      "id": 103056,
      "i": 1,
      "q": "720p"
    },
    "stream_url": "https://desudrive.com/stream/yuplod.php?id=1j6hDjA273oT",
    "is_default": false,
    "timestamp": "2025-09-12T08:00:47.573Z"
  },
  {
    "anime_title": "100-man no Inochi no Ue ni Ore wa Tatteiru",
    "episode_title": "100-man no Inochi no Ue ni Ore wa Tatteiru Episode 4 Subtitle Indonesia",
    "episode_link": "https://otakudesu.best/episode/10man-episode-4-sub-indo/",
    "episode_date": "9 Januari,2021",
    "server": "mega",
    "quality": "720p",
    "data_content": "eyJpZCI6MTAzMDU2LCJpIjoyLCJxIjoiNzIwcCJ9",
    "decoded_data": {
      "id": 103056,
      "i": 2,
      "q": "720p"
    },
    "stream_url": "https://mega.nz/embed/cgdjXCCL#dpCzbGrQKHwF2jeSXYYvkSCuZrn6_ZUZznaPhtDJJ2g",
    "is_default": false,
    "timestamp": "2025-09-12T08:00:47.577Z"
  },
  {
    "anime_title": "100-man no Inochi no Ue ni Ore wa Tatteiru",
    "episode_title": "100-man no Inochi no Ue ni Ore wa Tatteiru Episode 4 Subtitle Indonesia",
    "episode_link": "https://otakudesu.best/episode/10man-episode-4-sub-indo/",
    "episode_date": "9 Januari,2021",
    "server": "otakuplay",
    "quality": "480p",
    "data_content": "eyJpZCI6MTAzMDU2LCJpIjowLCJxIjoiNDgwcCJ9",
    "decoded_data": {
      "id": 103056,
      "i": 0,
      "q": "480p"
    },
    "stream_url": "https://desustream.info/dstream/otakuplay/v2/index.php?id=aGt5bm5mdGJtSll3dTF2RWhFT3pxTEJhbXRPMytVa1RJejVicUN3VjdOVT0=",
    "is_default": true,
    "timestamp": "2025-09-12T08:00:47.372Z"
  },
  {
    "anime_title": "100-man no Inochi no Ue ni Ore wa Tatteiru",
    "episode_title": "100-man no Inochi no Ue ni Ore wa Tatteiru Episode 4 Subtitle Indonesia",
    "episode_link": "https://otakudesu.best/episode/10man-episode-4-sub-indo/",
    "episode_date": "9 Januari,2021",
    "server": "mp4load",
    "quality": "480p",
    "data_content": "eyJpZCI6MTAzMDU2LCJpIjoxLCJxIjoiNDgwcCJ9",
    "decoded_data": {
      "id": 103056,
      "i": 1,
      "q": "480p"
    },
    "stream_url": "https://www.mp4upload.com/embed-6fogxu2vwsac.html",
    "is_default": false,
    "timestamp": "2025-09-12T08:00:47.454Z"
  },
  {
    "anime_title": "100-man no Inochi no Ue ni Ore wa Tatteiru",
    "episode_title": "100-man no Inochi no Ue ni Ore wa Tatteiru Episode 4 Subtitle Indonesia",
    "episode_link": "https://otakudesu.best/episode/10man-episode-4-sub-indo/",
    "episode_date": "9 Januari,2021",
    "server": "mega",
    "quality": "480p",
    "data_content": "eyJpZCI6MTAzMDU2LCJpIjoyLCJxIjoiNDgwcCJ9",
    "decoded_data": {
      "id": 103056,
      "i": 2,
      "q": "480p"
    },
    "stream_url": "https://mega.nz/embed/woEXDICR#OlSkea8aOvNgCsAvnpe585lpkTbk9xgOqX-EVcJU_rQ",
    "is_default": false,
    "timestamp": "2025-09-12T08:00:47.459Z"
  },
  {
    "anime_title": "100-man no Inochi no Ue ni Ore wa Tatteiru",
    "episode_title": "100-man no Inochi no Ue ni Ore wa Tatteiru Episode 4 Subtitle Indonesia",
    "episode_link": "https://otakudesu.best/episode/10man-episode-4-sub-indo/",
    "episode_date": "9 Januari,2021",
    "server": "otakustream",
    "quality": "720p",
    "data_content": "eyJpZCI6MTAzMDU2LCJpIjowLCJxIjoiNzIwcCJ9",
    "decoded_data": {
      "id": 103056,
      "i": 0,
      "q": "720p"
    },
    "stream_url": "https://desustream.info/dstream/otakustream/v2/index.php?id=c3EvRWlmVzFtLzhCdVlYR1ZJMjZBc1ppWTdOdUJpZHd2THBpWUwva1hLZz0=",
    "is_default": false,
    "timestamp": "2025-09-12T08:00:47.469Z"
  },
  {
    "anime_title": "100-man no Inochi no Ue ni Ore wa Tatteiru",
    "episode_title": "100-man no Inochi no Ue ni Ore wa Tatteiru Episode 4 Subtitle Indonesia",
    "episode_link": "https://otakudesu.best/episode/10man-episode-4-sub-indo/",
    "episode_date": "9 Januari,2021",
    "server": "yourupload",
    "quality": "720p",
    "data_content": "eyJpZCI6MTAzMDU2LCJpIjoxLCJxIjoiNzIwcCJ9",
    "decoded_data": {
      "id": 103056,
      "i": 1,
      "q": "720p"
    },
    "stream_url": "https://desudrive.com/stream/yuplod.php?id=1j6hDjA273oT",
    "is_default": false,
    "timestamp": "2025-09-12T08:00:47.573Z"
  },
  {
    "anime_title": "100-man no Inochi no Ue ni Ore wa Tatteiru",
    "episode_title": "100-man no Inochi no Ue ni Ore wa Tatteiru Episode 4 Subtitle Indonesia",
    "episode_link": "https://otakudesu.best/episode/10man-episode-4-sub-indo/",
    "episode_date": "9 Januari,2021",
    "server": "mega",
    "quality": "720p",
    "data_content": "eyJpZCI6MTAzMDU2LCJpIjoyLCJxIjoiNzIwcCJ9",
    "decoded_data": {
      "id": 103056,
      "i": 2,
      "q": "720p"
    },
    "stream_url": "https://mega.nz/embed/cgdjXCCL#dpCzbGrQKHwF2jeSXYYvkSCuZrn6_ZUZznaPhtDJJ2g",
    "is_default": false,
    "timestamp": "2025-09-12T08:00:47.577Z"
  },
  {
    "anime_title": "100-man no Inochi no Ue ni Ore wa Tatteiru",
    "episode_title": "100-man no Inochi no Ue ni Ore wa Tatteiru Episode 5 Subtitle Indonesia",
    "episode_link": "https://otakudesu.best/episode/10man-episode-5-sub-indo/",
    "episode_date": "9 Januari,2021",
    "server": "otakuplay",
    "quality": "480p",
    "data_content": "eyJpZCI6MTAzMDU3LCJpIjowLCJxIjoiNDgwcCJ9",
    "decoded_data": {
      "id": 103057,
      "i": 0,
      "q": "480p"
    },
    "stream_url": "https://desustream.info/dstream/otakuplay/v2/index.php?id=UG9YYVB4UkVybjQ5VnZlcU4yMmZYd09BMDlHUDl0dGNnejBETWtsdXZHOD0=",
    "is_default": true,
    "timestamp": "2025-09-12T08:00:48.760Z"
  },
  {
    "anime_title": "100-man no Inochi no Ue ni Ore wa Tatteiru",
    "episode_title": "100-man no Inochi no Ue ni Ore wa Tatteiru Episode 5 Subtitle Indonesia",
    "episode_link": "https://otakudesu.best/episode/10man-episode-5-sub-indo/",
    "episode_date": "9 Januari,2021",
    "server": "mp4load",
    "quality": "480p",
    "data_content": "eyJpZCI6MTAzMDU3LCJpIjoxLCJxIjoiNDgwcCJ9",
    "decoded_data": {
      "id": 103057,
      "i": 1,
      "q": "480p"
    },
    "stream_url": "https://www.mp4upload.com/embed-xhsms178jki5.html",
    "is_default": false,
    "timestamp": "2025-09-12T08:00:48.781Z"
  },
  {
    "anime_title": "100-man no Inochi no Ue ni Ore wa Tatteiru",
    "episode_title": "100-man no Inochi no Ue ni Ore wa Tatteiru Episode 5 Subtitle Indonesia",
    "episode_link": "https://otakudesu.best/episode/10man-episode-5-sub-indo/",
    "episode_date": "9 Januari,2021",
    "server": "mega",
    "quality": "480p",
    "data_content": "eyJpZCI6MTAzMDU3LCJpIjoyLCJxIjoiNDgwcCJ9",
    "decoded_data": {
      "id": 103057,
      "i": 2,
      "q": "480p"
    },
    "stream_url": "https://mega.nz/embed/JgFFhKha#DtHf1Nq2o6EUHldiKxPDDRfSipr-__UeeI3qX2KJOKU",
    "is_default": false,
    "timestamp": "2025-09-12T08:00:48.824Z"
  },
  {
    "anime_title": "100-man no Inochi no Ue ni Ore wa Tatteiru",
    "episode_title": "100-man no Inochi no Ue ni Ore wa Tatteiru Episode 5 Subtitle Indonesia",
    "episode_link": "https://otakudesu.best/episode/10man-episode-5-sub-indo/",
    "episode_date": "9 Januari,2021",
    "server": "yourupload",
    "quality": "720p",
    "data_content": "eyJpZCI6MTAzMDU3LCJpIjoxLCJxIjoiNzIwcCJ9",
    "decoded_data": {
      "id": 103057,
      "i": 1,
      "q": "720p"
    },
    "stream_url": "https://desudrive.com/stream/yuplod.php?id=EU7hpLGG3ve7",
    "is_default": false,
    "timestamp": "2025-09-12T08:00:48.921Z"
  },
  {
    "anime_title": "100-man no Inochi no Ue ni Ore wa Tatteiru",
    "episode_title": "100-man no Inochi no Ue ni Ore wa Tatteiru Episode 5 Subtitle Indonesia",
    "episode_link": "https://otakudesu.best/episode/10man-episode-5-sub-indo/",
    "episode_date": "9 Januari,2021",
    "server": "otakustream",
    "quality": "720p",
    "data_content": "eyJpZCI6MTAzMDU3LCJpIjowLCJxIjoiNzIwcCJ9",
    "decoded_data": {
      "id": 103057,
      "i": 0,
      "q": "720p"
    },
    "stream_url": "https://desustream.info/dstream/otakustream/v2/index.php?id=ZnFDd2RQemhWZThnanJuVzZkb0Z2R3ZoUVI3Yjg2anIzNEJIOEJnY3FBcz0=",
    "is_default": false,
    "timestamp": "2025-09-12T08:00:48.926Z"
  },
  {
    "anime_title": "100-man no Inochi no Ue ni Ore wa Tatteiru",
    "episode_title": "100-man no Inochi no Ue ni Ore wa Tatteiru Episode 5 Subtitle Indonesia",
    "episode_link": "https://otakudesu.best/episode/10man-episode-5-sub-indo/",
    "episode_date": "9 Januari,2021",
    "server": "mega",
    "quality": "720p",
    "data_content": "eyJpZCI6MTAzMDU3LCJpIjoyLCJxIjoiNzIwcCJ9",
    "decoded_data": {
      "id": 103057,
      "i": 2,
      "q": "720p"
    },
    "stream_url": "https://mega.nz/embed/loUBBSiY#T2b8XgfLCEs31eLSkagW0ENdkHainkviGJk5Q0art90",
    "is_default": false,
    "timestamp": "2025-09-12T08:00:48.932Z"
  },
  {
    "anime_title": "100-man no Inochi no Ue ni Ore wa Tatteiru",
    "episode_title": "100-man no Inochi no Ue ni Ore wa Tatteiru Episode 5 Subtitle Indonesia",
    "episode_link": "https://otakudesu.best/episode/10man-episode-5-sub-indo/",
    "episode_date": "9 Januari,2021",
    "server": "otakuplay",
    "quality": "480p",
    "data_content": "eyJpZCI6MTAzMDU3LCJpIjowLCJxIjoiNDgwcCJ9",
    "decoded_data": {
      "id": 103057,
      "i": 0,
      "q": "480p"
    },
    "stream_url": "https://desustream.info/dstream/otakuplay/v2/index.php?id=UG9YYVB4UkVybjQ5VnZlcU4yMmZYd09BMDlHUDl0dGNnejBETWtsdXZHOD0=",
    "is_default": true,
    "timestamp": "2025-09-12T08:00:48.760Z"
  },
  {
    "anime_title": "100-man no Inochi no Ue ni Ore wa Tatteiru",
    "episode_title": "100-man no Inochi no Ue ni Ore wa Tatteiru Episode 5 Subtitle Indonesia",
    "episode_link": "https://otakudesu.best/episode/10man-episode-5-sub-indo/",
    "episode_date": "9 Januari,2021",
    "server": "mp4load",
    "quality": "480p",
    "data_content": "eyJpZCI6MTAzMDU3LCJpIjoxLCJxIjoiNDgwcCJ9",
    "decoded_data": {
      "id": 103057,
      "i": 1,
      "q": "480p"
    },
    "stream_url": "https://www.mp4upload.com/embed-xhsms178jki5.html",
    "is_default": false,
    "timestamp": "2025-09-12T08:00:48.781Z"
  },
  {
    "anime_title": "100-man no Inochi no Ue ni Ore wa Tatteiru",
    "episode_title": "100-man no Inochi no Ue ni Ore wa Tatteiru Episode 5 Subtitle Indonesia",
    "episode_link": "https://otakudesu.best/episode/10man-episode-5-sub-indo/",
    "episode_date": "9 Januari,2021",
    "server": "mega",
    "quality": "480p",
    "data_content": "eyJpZCI6MTAzMDU3LCJpIjoyLCJxIjoiNDgwcCJ9",
    "decoded_data": {
      "id": 103057,
      "i": 2,
      "q": "480p"
    },
    "stream_url": "https://mega.nz/embed/JgFFhKha#DtHf1Nq2o6EUHldiKxPDDRfSipr-__UeeI3qX2KJOKU",
    "is_default": false,
    "timestamp": "2025-09-12T08:00:48.824Z"
  },
  {
    "anime_title": "100-man no Inochi no Ue ni Ore wa Tatteiru",
    "episode_title": "100-man no Inochi no Ue ni Ore wa Tatteiru Episode 5 Subtitle Indonesia",
    "episode_link": "https://otakudesu.best/episode/10man-episode-5-sub-indo/",
    "episode_date": "9 Januari,2021",
    "server": "otakustream",
    "quality": "720p",
    "data_content": "eyJpZCI6MTAzMDU3LCJpIjowLCJxIjoiNzIwcCJ9",
    "decoded_data": {
      "id": 103057,
      "i": 0,
      "q": "720p"
    },
    "stream_url": "https://desustream.info/dstream/otakustream/v2/index.php?id=ZnFDd2RQemhWZThnanJuVzZkb0Z2R3ZoUVI3Yjg2anIzNEJIOEJnY3FBcz0=",
    "is_default": false,
    "timestamp": "2025-09-12T08:00:48.926Z"
  },
  {
    "anime_title": "100-man no Inochi no Ue ni Ore wa Tatteiru",
    "episode_title": "100-man no Inochi no Ue ni Ore wa Tatteiru Episode 5 Subtitle Indonesia",
    "episode_link": "https://otakudesu.best/episode/10man-episode-5-sub-indo/",
    "episode_date": "9 Januari,2021",
    "server": "yourupload",
    "quality": "720p",
    "data_content": "eyJpZCI6MTAzMDU3LCJpIjoxLCJxIjoiNzIwcCJ9",
    "decoded_data": {
      "id": 103057,
      "i": 1,
      "q": "720p"
    },
    "stream_url": "https://desudrive.com/stream/yuplod.php?id=EU7hpLGG3ve7",
    "is_default": false,
    "timestamp": "2025-09-12T08:00:48.921Z"
  },
  {
    "anime_title": "100-man no Inochi no Ue ni Ore wa Tatteiru",
    "episode_title": "100-man no Inochi no Ue ni Ore wa Tatteiru Episode 5 Subtitle Indonesia",
    "episode_link": "https://otakudesu.best/episode/10man-episode-5-sub-indo/",
    "episode_date": "9 Januari,2021",
    "server": "mega",
    "quality": "720p",
    "data_content": "eyJpZCI6MTAzMDU3LCJpIjoyLCJxIjoiNzIwcCJ9",
    "decoded_data": {
      "id": 103057,
      "i": 2,
      "q": "720p"
    },
    "stream_url": "https://mega.nz/embed/loUBBSiY#T2b8XgfLCEs31eLSkagW0ENdkHainkviGJk5Q0art90",
    "is_default": false,
    "timestamp": "2025-09-12T08:00:48.932Z"
  }
]