[
  {
    "anime_title": "Ao no Kanata no Four Rhythm",
    "episode_title": "Ao no Kanata no Four Rhythm Episode 6 Subtitle Indonesia",
    "episode_link": "https://otakudesu.best/episode/aokntfrytm-episode-6-sub-indo/",
    "episode_date": "3 Juni,2019",
    "server": "mega",
    "quality": "360p",
    "data_content": "eyJpZCI6NTA4MzYsImkiOjEsInEiOiIzNjBwIn0=",
    "decoded_data": {
      "id": 50836,
      "i": 1,
      "q": "360p"
    },
    "stream_url": "https://mega.nz/embed/#!eVdQnKRA!jnUVdF1zjt1ox7W7FXSsJ2C2_NYBXPfD5FIDZyMX5c0",
    "is_default": false,
    "timestamp": "2025-09-12T08:33:19.676Z"
  },
  {
    "anime_title": "Ao no Kanata no Four Rhythm",
    "episode_title": "Ao no Kanata no Four Rhythm Episode 6 Subtitle Indonesia",
    "episode_link": "https://otakudesu.best/episode/aokntfrytm-episode-6-sub-indo/",
    "episode_date": "3 Juni,2019",
    "server": "desudesu2",
    "quality": "480p",
    "data_content": "eyJpZCI6NTA4MzYsImkiOjAsInEiOiI0ODBwIn0=",
    "decoded_data": {
      "id": 50836,
      "i": 0,
      "q": "480p"
    },
    "stream_url": "https://desustream.info/dstream/desudesu2/v2/index.php?id=SVVyQlhmSmJnWEFBY25oMnZDMG84QT09",
    "is_default": true,
    "timestamp": "2025-09-12T08:33:19.718Z"
  },
  {
    "anime_title": "Ao no Kanata no Four Rhythm",
    "episode_title": "Ao no Kanata no Four Rhythm Episode 6 Subtitle Indonesia",
    "episode_link": "https://otakudesu.best/episode/aokntfrytm-episode-6-sub-indo/",
    "episode_date": "3 Juni,2019",
    "server": "mega",
    "quality": "480p",
    "data_content": "eyJpZCI6NTA4MzYsImkiOjIsInEiOiI0ODBwIn0=",
    "decoded_data": {
      "id": 50836,
      "i": 2,
      "q": "480p"
    },
    "stream_url": "https://mega.nz/embed/#!WRM0HQAI!cmi23H6gq7-048UgfzIxvz6JT2wWqDqyPjMZdWlE3gU",
    "is_default": false,
    "timestamp": "2025-09-12T08:33:19.815Z"
  },
  {
    "anime_title": "Ao no Kanata no Four Rhythm",
    "episode_title": "Ao no Kanata no Four Rhythm Episode 6 Subtitle Indonesia",
    "episode_link": "https://otakudesu.best/episode/aokntfrytm-episode-6-sub-indo/",
    "episode_date": "3 Juni,2019",
    "server": "mega",
    "quality": "720p",
    "data_content": "eyJpZCI6NTA4MzYsImkiOjEsInEiOiI3MjBwIn0=",
    "decoded_data": {
      "id": 50836,
      "i": 1,
      "q": "720p"
    },
    "stream_url": "https://mega.nz/embed/#!7dcgEaza!CAp0PwfB-Rh_x_3Pw5dqHIjZeMCIm4qANecwmL7zcBU",
    "is_default": false,
    "timestamp": "2025-09-12T08:33:19.898Z"
  },
  {
    "anime_title": "Ao no Kanata no Four Rhythm",
    "episode_title": "Ao no Kanata no Four Rhythm Episode 6 Subtitle Indonesia",
    "episode_link": "https://otakudesu.best/episode/aokntfrytm-episode-6-sub-indo/",
    "episode_date": "3 Juni,2019",
    "server": "mega",
    "quality": "360p",
    "data_content": "eyJpZCI6NTA4MzYsImkiOjEsInEiOiIzNjBwIn0=",
    "decoded_data": {
      "id": 50836,
      "i": 1,
      "q": "360p"
    },
    "stream_url": "https://mega.nz/embed/#!eVdQnKRA!jnUVdF1zjt1ox7W7FXSsJ2C2_NYBXPfD5FIDZyMX5c0",
    "is_default": false,
    "timestamp": "2025-09-12T08:33:19.676Z"
  },
  {
    "anime_title": "Ao no Kanata no Four Rhythm",
    "episode_title": "Ao no Kanata no Four Rhythm Episode 6 Subtitle Indonesia",
    "episode_link": "https://otakudesu.best/episode/aokntfrytm-episode-6-sub-indo/",
    "episode_date": "3 Juni,2019",
    "server": "desudesu2",
    "quality": "480p",
    "data_content": "eyJpZCI6NTA4MzYsImkiOjAsInEiOiI0ODBwIn0=",
    "decoded_data": {
      "id": 50836,
      "i": 0,
      "q": "480p"
    },
    "stream_url": "https://desustream.info/dstream/desudesu2/v2/index.php?id=SVVyQlhmSmJnWEFBY25oMnZDMG84QT09",
    "is_default": true,
    "timestamp": "2025-09-12T08:33:19.718Z"
  },
  {
    "anime_title": "Ao no Kanata no Four Rhythm",
    "episode_title": "Ao no Kanata no Four Rhythm Episode 6 Subtitle Indonesia",
    "episode_link": "https://otakudesu.best/episode/aokntfrytm-episode-6-sub-indo/",
    "episode_date": "3 Juni,2019",
    "server": "mega",
    "quality": "480p",
    "data_content": "eyJpZCI6NTA4MzYsImkiOjIsInEiOiI0ODBwIn0=",
    "decoded_data": {
      "id": 50836,
      "i": 2,
      "q": "480p"
    },
    "stream_url": "https://mega.nz/embed/#!WRM0HQAI!cmi23H6gq7-048UgfzIxvz6JT2wWqDqyPjMZdWlE3gU",
    "is_default": false,
    "timestamp": "2025-09-12T08:33:19.815Z"
  },
  {
    "anime_title": "Ao no Kanata no Four Rhythm",
    "episode_title": "Ao no Kanata no Four Rhythm Episode 6 Subtitle Indonesia",
    "episode_link": "https://otakudesu.best/episode/aokntfrytm-episode-6-sub-indo/",
    "episode_date": "3 Juni,2019",
    "server": "mega",
    "quality": "720p",
    "data_content": "eyJpZCI6NTA4MzYsImkiOjEsInEiOiI3MjBwIn0=",
    "decoded_data": {
      "id": 50836,
      "i": 1,
      "q": "720p"
    },
    "stream_url": "https://mega.nz/embed/#!7dcgEaza!CAp0PwfB-Rh_x_3Pw5dqHIjZeMCIm4qANecwmL7zcBU",
    "is_default": false,
    "timestamp": "2025-09-12T08:33:19.898Z"
  },
  {
    "anime_title": "Ao no Kanata no Four Rhythm",
    "episode_title": "Ao no Kanata no Four Rhythm Episode 7 Subtitle Indonesia",
    "episode_link": "https://otakudesu.best/episode/aokntfrytm-episode-7-sub-indo/",
    "episode_date": "3 Juni,2019",
    "server": "mega",
    "quality": "360p",
    "data_content": "eyJpZCI6NTA4MzcsImkiOjEsInEiOiIzNjBwIn0=",
    "decoded_data": {
      "id": 50837,
      "i": 1,
      "q": "360p"
    },
    "stream_url": "https://mega.nz/embed/#!OQVy0KzT!SI-ho8OnkzYjfSoa4VMIpEbAQ44spw86uMIp6P6jFaU",
    "is_default": false,
    "timestamp": "2025-09-12T08:33:20.669Z"
  },
  {
    "anime_title": "Ao no Kanata no Four Rhythm",
    "episode_title": "Ao no Kanata no Four Rhythm Episode 7 Subtitle Indonesia",
    "episode_link": "https://otakudesu.best/episode/aokntfrytm-episode-7-sub-indo/",
    "episode_date": "3 Juni,2019",
    "server": "desudesu2",
    "quality": "480p",
    "data_content": "eyJpZCI6NTA4MzcsImkiOjAsInEiOiI0ODBwIn0=",
    "decoded_data": {
      "id": 50837,
      "i": 0,
      "q": "480p"
    },
    "stream_url": "https://desustream.info/dstream/desudesu2/v2/index.php?id=TWQ3S1pmZGc3OWdzTzdkZWl0YWRaZz09",
    "is_default": true,
    "timestamp": "2025-09-12T08:33:20.690Z"
  },
  {
    "anime_title": "Ao no Kanata no Four Rhythm",
    "episode_title": "Ao no Kanata no Four Rhythm Episode 7 Subtitle Indonesia",
    "episode_link": "https://otakudesu.best/episode/aokntfrytm-episode-7-sub-indo/",
    "episode_date": "3 Juni,2019",
    "server": "mega",
    "quality": "720p",
    "data_content": "eyJpZCI6NTA4MzcsImkiOjEsInEiOiI3MjBwIn0=",
    "decoded_data": {
      "id": 50837,
      "i": 1,
      "q": "720p"
    },
    "stream_url": "https://mega.nz/embed/#!vBUCVapY!1Kmn7uZfJxe9u_6w7yGKrRVeCzJvMaE_V3tnQo3yik8",
    "is_default": false,
    "timestamp": "2025-09-12T08:33:20.875Z"
  },
  {
    "anime_title": "Ao no Kanata no Four Rhythm",
    "episode_title": "Ao no Kanata no Four Rhythm Episode 7 Subtitle Indonesia",
    "episode_link": "https://otakudesu.best/episode/aokntfrytm-episode-7-sub-indo/",
    "episode_date": "3 Juni,2019",
    "server": "mega",
    "quality": "480p",
    "data_content": "eyJpZCI6NTA4MzcsImkiOjIsInEiOiI0ODBwIn0=",
    "decoded_data": {
      "id": 50837,
      "i": 2,
      "q": "480p"
    },
    "stream_url": "https://mega.nz/embed/#!qBdQTIhS!SDTrJSiCU0AGOm7vLtimhy4S1yeaSXIkHmvkGVYf3pI",
    "is_default": false,
    "timestamp": "2025-09-12T08:33:20.900Z"
  },
  {
    "anime_title": "Ao no Kanata no Four Rhythm",
    "episode_title": "Ao no Kanata no Four Rhythm Episode 7 Subtitle Indonesia",
    "episode_link": "https://otakudesu.best/episode/aokntfrytm-episode-7-sub-indo/",
    "episode_date": "3 Juni,2019",
    "server": "mega",
    "quality": "360p",
    "data_content": "eyJpZCI6NTA4MzcsImkiOjEsInEiOiIzNjBwIn0=",
    "decoded_data": {
      "id": 50837,
      "i": 1,
      "q": "360p"
    },
    "stream_url": "https://mega.nz/embed/#!OQVy0KzT!SI-ho8OnkzYjfSoa4VMIpEbAQ44spw86uMIp6P6jFaU",
    "is_default": false,
    "timestamp": "2025-09-12T08:33:20.669Z"
  },
  {
    "anime_title": "Ao no Kanata no Four Rhythm",
    "episode_title": "Ao no Kanata no Four Rhythm Episode 7 Subtitle Indonesia",
    "episode_link": "https://otakudesu.best/episode/aokntfrytm-episode-7-sub-indo/",
    "episode_date": "3 Juni,2019",
    "server": "desudesu2",
    "quality": "480p",
    "data_content": "eyJpZCI6NTA4MzcsImkiOjAsInEiOiI0ODBwIn0=",
    "decoded_data": {
      "id": 50837,
      "i": 0,
      "q": "480p"
    },
    "stream_url": "https://desustream.info/dstream/desudesu2/v2/index.php?id=TWQ3S1pmZGc3OWdzTzdkZWl0YWRaZz09",
    "is_default": true,
    "timestamp": "2025-09-12T08:33:20.690Z"
  },
  {
    "anime_title": "Ao no Kanata no Four Rhythm",
    "episode_title": "Ao no Kanata no Four Rhythm Episode 7 Subtitle Indonesia",
    "episode_link": "https://otakudesu.best/episode/aokntfrytm-episode-7-sub-indo/",
    "episode_date": "3 Juni,2019",
    "server": "mega",
    "quality": "480p",
    "data_content": "eyJpZCI6NTA4MzcsImkiOjIsInEiOiI0ODBwIn0=",
    "decoded_data": {
      "id": 50837,
      "i": 2,
      "q": "480p"
    },
    "stream_url": "https://mega.nz/embed/#!qBdQTIhS!SDTrJSiCU0AGOm7vLtimhy4S1yeaSXIkHmvkGVYf3pI",
    "is_default": false,
    "timestamp": "2025-09-12T08:33:20.900Z"
  },
  {
    "anime_title": "Ao no Kanata no Four Rhythm",
    "episode_title": "Ao no Kanata no Four Rhythm Episode 7 Subtitle Indonesia",
    "episode_link": "https://otakudesu.best/episode/aokntfrytm-episode-7-sub-indo/",
    "episode_date": "3 Juni,2019",
    "server": "mega",
    "quality": "720p",
    "data_content": "eyJpZCI6NTA4MzcsImkiOjEsInEiOiI3MjBwIn0=",
    "decoded_data": {
      "id": 50837,
      "i": 1,
      "q": "720p"
    },
    "stream_url": "https://mega.nz/embed/#!vBUCVapY!1Kmn7uZfJxe9u_6w7yGKrRVeCzJvMaE_V3tnQo3yik8",
    "is_default": false,
    "timestamp": "2025-09-12T08:33:20.875Z"
  },
  {
    "anime_title": "Ao no Kanata no Four Rhythm",
    "episode_title": "Ao no Kanata no Four Rhythm Episode 8 Subtitle Indonesia",
    "episode_link": "https://otakudesu.best/episode/aokntfrytm-episode-8-sub-indo/",
    "episode_date": "3 Juni,2019",
    "server": "mega",
    "quality": "360p",
    "data_content": "eyJpZCI6NTA4MzgsImkiOjEsInEiOiIzNjBwIn0=",
    "decoded_data": {
      "id": 50838,
      "i": 1,
      "q": "360p"
    },
    "stream_url": "https://mega.nz/embed/#!DEdiDA7C!fAcKEuD_OZpnPCJbyu9NcRMVj_8F724kp7Q8JsMWCBc",
    "is_default": false,
    "timestamp": "2025-09-12T08:33:21.825Z"
  },
  {
    "anime_title": "Ao no Kanata no Four Rhythm",
    "episode_title": "Ao no Kanata no Four Rhythm Episode 8 Subtitle Indonesia",
    "episode_link": "https://otakudesu.best/episode/aokntfrytm-episode-8-sub-indo/",
    "episode_date": "3 Juni,2019",
    "server": "desudesu2",
    "quality": "480p",
    "data_content": "eyJpZCI6NTA4MzgsImkiOjAsInEiOiI0ODBwIn0=",
    "decoded_data": {
      "id": 50838,
      "i": 0,
      "q": "480p"
    },
    "stream_url": "https://desustream.info/dstream/desudesu2/v2/index.php?id=ck5xUjRQZXdkejV5SG0wdEwyMGpydz09",
    "is_default": true,
    "timestamp": "2025-09-12T08:33:21.868Z"
  },
  {
    "anime_title": "Ao no Kanata no Four Rhythm",
    "episode_title": "Ao no Kanata no Four Rhythm Episode 8 Subtitle Indonesia",
    "episode_link": "https://otakudesu.best/episode/aokntfrytm-episode-8-sub-indo/",
    "episode_date": "3 Juni,2019",
    "server": "mega",
    "quality": "480p",
    "data_content": "eyJpZCI6NTA4MzgsImkiOjIsInEiOiI0ODBwIn0=",
    "decoded_data": {
      "id": 50838,
      "i": 2,
      "q": "480p"
    },
    "stream_url": "https://mega.nz/embed/#!bcFADKpS!j9oREg6WcMruaLs2Vtn0YoV4xM0qA--PrF3TpzpC1GU",
    "is_default": false,
    "timestamp": "2025-09-12T08:33:21.902Z"
  },
  {
    "anime_title": "Ao no Kanata no Four Rhythm",
    "episode_title": "Ao no Kanata no Four Rhythm Episode 8 Subtitle Indonesia",
    "episode_link": "https://otakudesu.best/episode/aokntfrytm-episode-8-sub-indo/",
    "episode_date": "3 Juni,2019",
    "server": "mega",
    "quality": "720p",
    "data_content": "eyJpZCI6NTA4MzgsImkiOjEsInEiOiI3MjBwIn0=",
    "decoded_data": {
      "id": 50838,
      "i": 1,
      "q": "720p"
    },
    "stream_url": "https://mega.nz/embed/#!6FFSFACQ!T-dsIQze0-zRESSm7RgN2JLFgUqbf0ZcZ9bZ-vRu05A",
    "is_default": false,
    "timestamp": "2025-09-12T08:33:22.014Z"
  },
  {
    "anime_title": "Ao no Kanata no Four Rhythm",
    "episode_title": "Ao no Kanata no Four Rhythm Episode 8 Subtitle Indonesia",
    "episode_link": "https://otakudesu.best/episode/aokntfrytm-episode-8-sub-indo/",
    "episode_date": "3 Juni,2019",
    "server": "mega",
    "quality": "360p",
    "data_content": "eyJpZCI6NTA4MzgsImkiOjEsInEiOiIzNjBwIn0=",
    "decoded_data": {
      "id": 50838,
      "i": 1,
      "q": "360p"
    },
    "stream_url": "https://mega.nz/embed/#!DEdiDA7C!fAcKEuD_OZpnPCJbyu9NcRMVj_8F724kp7Q8JsMWCBc",
    "is_default": false,
    "timestamp": "2025-09-12T08:33:21.825Z"
  },
  {
    "anime_title": "Ao no Kanata no Four Rhythm",
    "episode_title": "Ao no Kanata no Four Rhythm Episode 8 Subtitle Indonesia",
    "episode_link": "https://otakudesu.best/episode/aokntfrytm-episode-8-sub-indo/",
    "episode_date": "3 Juni,2019",
    "server": "desudesu2",
    "quality": "480p",
    "data_content": "eyJpZCI6NTA4MzgsImkiOjAsInEiOiI0ODBwIn0=",
    "decoded_data": {
      "id": 50838,
      "i": 0,
      "q": "480p"
    },
    "stream_url": "https://desustream.info/dstream/desudesu2/v2/index.php?id=ck5xUjRQZXdkejV5SG0wdEwyMGpydz09",
    "is_default": true,
    "timestamp": "2025-09-12T08:33:21.868Z"
  },
  {
    "anime_title": "Ao no Kanata no Four Rhythm",
    "episode_title": "Ao no Kanata no Four Rhythm Episode 8 Subtitle Indonesia",
    "episode_link": "https://otakudesu.best/episode/aokntfrytm-episode-8-sub-indo/",
    "episode_date": "3 Juni,2019",
    "server": "mega",
    "quality": "480p",
    "data_content": "eyJpZCI6NTA4MzgsImkiOjIsInEiOiI0ODBwIn0=",
    "decoded_data": {
      "id": 50838,
      "i": 2,
      "q": "480p"
    },
    "stream_url": "https://mega.nz/embed/#!bcFADKpS!j9oREg6WcMruaLs2Vtn0YoV4xM0qA--PrF3TpzpC1GU",
    "is_default": false,
    "timestamp": "2025-09-12T08:33:21.902Z"
  },
  {
    "anime_title": "Ao no Kanata no Four Rhythm",
    "episode_title": "Ao no Kanata no Four Rhythm Episode 8 Subtitle Indonesia",
    "episode_link": "https://otakudesu.best/episode/aokntfrytm-episode-8-sub-indo/",
    "episode_date": "3 Juni,2019",
    "server": "mega",
    "quality": "720p",
    "data_content": "eyJpZCI6NTA4MzgsImkiOjEsInEiOiI3MjBwIn0=",
    "decoded_data": {
      "id": 50838,
      "i": 1,
      "q": "720p"
    },
    "stream_url": "https://mega.nz/embed/#!6FFSFACQ!T-dsIQze0-zRESSm7RgN2JLFgUqbf0ZcZ9bZ-vRu05A",
    "is_default": false,
    "timestamp": "2025-09-12T08:33:22.014Z"
  },
  {
    "anime_title": "Ao no Kanata no Four Rhythm",
    "episode_title": "Ao no Kanata no Four Rhythm Episode 9 Subtitle Indonesia",
    "episode_link": "https://otakudesu.best/episode/aokntfrytm-episode-9-sub-indo/",
    "episode_date": "3 Juni,2019",
    "server": "mega",
    "quality": "360p",
    "data_content": "eyJpZCI6NTA4MzksImkiOjEsInEiOiIzNjBwIn0=",
    "decoded_data": {
      "id": 50839,
      "i": 1,
      "q": "360p"
    },
    "stream_url": "https://mega.nz/embed/#!aYMEACRb!thibBXeNj_NfYUz03lkgGkZhz4jxA_7lc83c46eoNto",
    "is_default": false,
    "timestamp": "2025-09-12T08:33:22.795Z"
  },
  {
    "anime_title": "Ao no Kanata no Four Rhythm",
    "episode_title": "Ao no Kanata no Four Rhythm Episode 9 Subtitle Indonesia",
    "episode_link": "https://otakudesu.best/episode/aokntfrytm-episode-9-sub-indo/",
    "episode_date": "3 Juni,2019",
    "server": "desudesu2",
    "quality": "480p",
    "data_content": "eyJpZCI6NTA4MzksImkiOjAsInEiOiI0ODBwIn0=",
    "decoded_data": {
      "id": 50839,
      "i": 0,
      "q": "480p"
    },
    "stream_url": "https://desustream.info/dstream/desudesu2/v2/index.php?id=cTNQdU5kZW1odzRUQ002ZWY5aklUdz09",
    "is_default": true,
    "timestamp": "2025-09-12T08:33:22.847Z"
  },
  {
    "anime_title": "Ao no Kanata no Four Rhythm",
    "episode_title": "Ao no Kanata no Four Rhythm Episode 9 Subtitle Indonesia",
    "episode_link": "https://otakudesu.best/episode/aokntfrytm-episode-9-sub-indo/",
    "episode_date": "3 Juni,2019",
    "server": "mega",
    "quality": "480p",
    "data_content": "eyJpZCI6NTA4MzksImkiOjIsInEiOiI0ODBwIn0=",
    "decoded_data": {
      "id": 50839,
      "i": 2,
      "q": "480p"
    },
    "stream_url": "https://mega.nz/embed/#!yIF2GKSZ!BO6y931t4onRHdY6jes-huueyBLhdjA3W_cqVukhN6Q",
    "is_default": false,
    "timestamp": "2025-09-12T08:33:22.942Z"
  },
  {
    "anime_title": "Ao no Kanata no Four Rhythm",
    "episode_title": "Ao no Kanata no Four Rhythm Episode 9 Subtitle Indonesia",
    "episode_link": "https://otakudesu.best/episode/aokntfrytm-episode-9-sub-indo/",
    "episode_date": "3 Juni,2019",
    "server": "mega",
    "quality": "720p",
    "data_content": "eyJpZCI6NTA4MzksImkiOjEsInEiOiI3MjBwIn0=",
    "decoded_data": {
      "id": 50839,
      "i": 1,
      "q": "720p"
    },
    "stream_url": "https://mega.nz/embed/#!nVdGyYgS!1NKGNPvYdUjoByARrJMg1BRgJQhom1gplOqa-u213sE",
    "is_default": false,
    "timestamp": "2025-09-12T08:33:22.996Z"
  },
  {
    "anime_title": "Ao no Kanata no Four Rhythm",
    "episode_title": "Ao no Kanata no Four Rhythm Episode 9 Subtitle Indonesia",
    "episode_link": "https://otakudesu.best/episode/aokntfrytm-episode-9-sub-indo/",
    "episode_date": "3 Juni,2019",
    "server": "mega",
    "quality": "360p",
    "data_content": "eyJpZCI6NTA4MzksImkiOjEsInEiOiIzNjBwIn0=",
    "decoded_data": {
      "id": 50839,
      "i": 1,
      "q": "360p"
    },
    "stream_url": "https://mega.nz/embed/#!aYMEACRb!thibBXeNj_NfYUz03lkgGkZhz4jxA_7lc83c46eoNto",
    "is_default": false,
    "timestamp": "2025-09-12T08:33:22.795Z"
  },
  {
    "anime_title": "Ao no Kanata no Four Rhythm",
    "episode_title": "Ao no Kanata no Four Rhythm Episode 9 Subtitle Indonesia",
    "episode_link": "https://otakudesu.best/episode/aokntfrytm-episode-9-sub-indo/",
    "episode_date": "3 Juni,2019",
    "server": "desudesu2",
    "quality": "480p",
    "data_content": "eyJpZCI6NTA4MzksImkiOjAsInEiOiI0ODBwIn0=",
    "decoded_data": {
      "id": 50839,
      "i": 0,
      "q": "480p"
    },
    "stream_url": "https://desustream.info/dstream/desudesu2/v2/index.php?id=cTNQdU5kZW1odzRUQ002ZWY5aklUdz09",
    "is_default": true,
    "timestamp": "2025-09-12T08:33:22.847Z"
  },
  {
    "anime_title": "Ao no Kanata no Four Rhythm",
    "episode_title": "Ao no Kanata no Four Rhythm Episode 9 Subtitle Indonesia",
    "episode_link": "https://otakudesu.best/episode/aokntfrytm-episode-9-sub-indo/",
    "episode_date": "3 Juni,2019",
    "server": "mega",
    "quality": "480p",
    "data_content": "eyJpZCI6NTA4MzksImkiOjIsInEiOiI0ODBwIn0=",
    "decoded_data": {
      "id": 50839,
      "i": 2,
      "q": "480p"
    },
    "stream_url": "https://mega.nz/embed/#!yIF2GKSZ!BO6y931t4onRHdY6jes-huueyBLhdjA3W_cqVukhN6Q",
    "is_default": false,
    "timestamp": "2025-09-12T08:33:22.942Z"
  },
  {
    "anime_title": "Ao no Kanata no Four Rhythm",
    "episode_title": "Ao no Kanata no Four Rhythm Episode 9 Subtitle Indonesia",
    "episode_link": "https://otakudesu.best/episode/aokntfrytm-episode-9-sub-indo/",
    "episode_date": "3 Juni,2019",
    "server": "mega",
    "quality": "720p",
    "data_content": "eyJpZCI6NTA4MzksImkiOjEsInEiOiI3MjBwIn0=",
    "decoded_data": {
      "id": 50839,
      "i": 1,
      "q": "720p"
    },
    "stream_url": "https://mega.nz/embed/#!nVdGyYgS!1NKGNPvYdUjoByARrJMg1BRgJQhom1gplOqa-u213sE",
    "is_default": false,
    "timestamp": "2025-09-12T08:33:22.996Z"
  },
  {
    "anime_title": "Ao no Kanata no Four Rhythm",
    "episode_title": "Ao no Kanata no Four Rhythm Episode 10 Subtitle Indonesia",
    "episode_link": "https://otakudesu.best/episode/aokntfrytm-episode-10-sub-indo/",
    "episode_date": "3 Juni,2019",
    "server": "mega",
    "quality": "360p",
    "data_content": "eyJpZCI6NTA4NDAsImkiOjEsInEiOiIzNjBwIn0=",
    "decoded_data": {
      "id": 50840,
      "i": 1,
      "q": "360p"
    },
    "stream_url": "https://mega.nz/embed/#!GEdwGQ4T!AaY1tnE9zSo7YqtjuuTGUx9I5AggxOvjNZo8mQLOk1U",
    "is_default": false,
    "timestamp": "2025-09-12T08:33:23.666Z"
  },
  {
    "anime_title": "Ao no Kanata no Four Rhythm",
    "episode_title": "Ao no Kanata no Four Rhythm Episode 10 Subtitle Indonesia",
    "episode_link": "https://otakudesu.best/episode/aokntfrytm-episode-10-sub-indo/",
    "episode_date": "3 Juni,2019",
    "server": "mega",
    "quality": "720p",
    "data_content": "eyJpZCI6NTA4NDAsImkiOjEsInEiOiI3MjBwIn0=",
    "decoded_data": {
      "id": 50840,
      "i": 1,
      "q": "720p"
    },
    "stream_url": "https://mega.nz/embed/#!zFUkxS6Y!YcgrDZlKEzRrlfKuNPkHukoDwKStEmme4KW5mpb8_t8",
    "is_default": false,
    "timestamp": "2025-09-12T08:33:23.827Z"
  },
  {
    "anime_title": "Ao no Kanata no Four Rhythm",
    "episode_title": "Ao no Kanata no Four Rhythm Episode 10 Subtitle Indonesia",
    "episode_link": "https://otakudesu.best/episode/aokntfrytm-episode-10-sub-indo/",
    "episode_date": "3 Juni,2019",
    "server": "mega",
    "quality": "480p",
    "data_content": "eyJpZCI6NTA4NDAsImkiOjIsInEiOiI0ODBwIn0=",
    "decoded_data": {
      "id": 50840,
      "i": 2,
      "q": "480p"
    },
    "stream_url": "https://mega.nz/embed/#!WddymIDT!4lFw49yOAicEwx-H4FdQm6DwhhWe3HjoA7cTfYe6Qic",
    "is_default": false,
    "timestamp": "2025-09-12T08:33:23.855Z"
  },
  {
    "anime_title": "Ao no Kanata no Four Rhythm",
    "episode_title": "Ao no Kanata no Four Rhythm Episode 10 Subtitle Indonesia",
    "episode_link": "https://otakudesu.best/episode/aokntfrytm-episode-10-sub-indo/",
    "episode_date": "3 Juni,2019",
    "server": "desudesu2",
    "quality": "480p",
    "data_content": "eyJpZCI6NTA4NDAsImkiOjAsInEiOiI0ODBwIn0=",
    "decoded_data": {
      "id": 50840,
      "i": 0,
      "q": "480p"
    },
    "stream_url": "https://desustream.info/dstream/desudesu2/v2/index.php?id=VXNNSmNkK1lvNUZyaG9WVkxHdWx0TXhrNjlWQ24vMFQ2cnZyaEh6eWIwdz0=",
    "is_default": true,
    "timestamp": "2025-09-12T08:33:23.977Z"
  },
  {
    "anime_title": "Ao no Kanata no Four Rhythm",
    "episode_title": "Ao no Kanata no Four Rhythm Episode 10 Subtitle Indonesia",
    "episode_link": "https://otakudesu.best/episode/aokntfrytm-episode-10-sub-indo/",
    "episode_date": "3 Juni,2019",
    "server": "mega",
    "quality": "360p",
    "data_content": "eyJpZCI6NTA4NDAsImkiOjEsInEiOiIzNjBwIn0=",
    "decoded_data": {
      "id": 50840,
      "i": 1,
      "q": "360p"
    },
    "stream_url": "https://mega.nz/embed/#!GEdwGQ4T!AaY1tnE9zSo7YqtjuuTGUx9I5AggxOvjNZo8mQLOk1U",
    "is_default": false,
    "timestamp": "2025-09-12T08:33:23.666Z"
  },
  {
    "anime_title": "Ao no Kanata no Four Rhythm",
    "episode_title": "Ao no Kanata no Four Rhythm Episode 10 Subtitle Indonesia",
    "episode_link": "https://otakudesu.best/episode/aokntfrytm-episode-10-sub-indo/",
    "episode_date": "3 Juni,2019",
    "server": "desudesu2",
    "quality": "480p",
    "data_content": "eyJpZCI6NTA4NDAsImkiOjAsInEiOiI0ODBwIn0=",
    "decoded_data": {
      "id": 50840,
      "i": 0,
      "q": "480p"
    },
    "stream_url": "https://desustream.info/dstream/desudesu2/v2/index.php?id=VXNNSmNkK1lvNUZyaG9WVkxHdWx0TXhrNjlWQ24vMFQ2cnZyaEh6eWIwdz0=",
    "is_default": true,
    "timestamp": "2025-09-12T08:33:23.977Z"
  },
  {
    "anime_title": "Ao no Kanata no Four Rhythm",
    "episode_title": "Ao no Kanata no Four Rhythm Episode 10 Subtitle Indonesia",
    "episode_link": "https://otakudesu.best/episode/aokntfrytm-episode-10-sub-indo/",
    "episode_date": "3 Juni,2019",
    "server": "mega",
    "quality": "480p",
    "data_content": "eyJpZCI6NTA4NDAsImkiOjIsInEiOiI0ODBwIn0=",
    "decoded_data": {
      "id": 50840,
      "i": 2,
      "q": "480p"
    },
    "stream_url": "https://mega.nz/embed/#!WddymIDT!4lFw49yOAicEwx-H4FdQm6DwhhWe3HjoA7cTfYe6Qic",
    "is_default": false,
    "timestamp": "2025-09-12T08:33:23.855Z"
  },
  {
    "anime_title": "Ao no Kanata no Four Rhythm",
    "episode_title": "Ao no Kanata no Four Rhythm Episode 10 Subtitle Indonesia",
    "episode_link": "https://otakudesu.best/episode/aokntfrytm-episode-10-sub-indo/",
    "episode_date": "3 Juni,2019",
    "server": "mega",
    "quality": "720p",
    "data_content": "eyJpZCI6NTA4NDAsImkiOjEsInEiOiI3MjBwIn0=",
    "decoded_data": {
      "id": 50840,
      "i": 1,
      "q": "720p"
    },
    "stream_url": "https://mega.nz/embed/#!zFUkxS6Y!YcgrDZlKEzRrlfKuNPkHukoDwKStEmme4KW5mpb8_t8",
    "is_default": false,
    "timestamp": "2025-09-12T08:33:23.827Z"
  },
  {
    "anime_title": "Ao no Kanata no Four Rhythm",
    "episode_title": "Ao no Kanata no Four Rhythm Episode 11 Subtitle Indonesia",
    "episode_link": "https://otakudesu.best/episode/aokntfrytm-episode-11-sub-indo/",
    "episode_date": "3 Juni,2019",
    "server": "mega",
    "quality": "360p",
    "data_content": "eyJpZCI6NTA4NDEsImkiOjEsInEiOiIzNjBwIn0=",
    "decoded_data": {
      "id": 50841,
      "i": 1,
      "q": "360p"
    },
    "stream_url": "https://mega.nz/embed/#!rBMWgQzK!Y934JAGP8b0vv1R1RrV9ijSfF21znGleV5tIlyDtYCQ",
    "is_default": false,
    "timestamp": "2025-09-12T08:33:24.999Z"
  },
  {
    "anime_title": "Ao no Kanata no Four Rhythm",
    "episode_title": "Ao no Kanata no Four Rhythm Episode 11 Subtitle Indonesia",
    "episode_link": "https://otakudesu.best/episode/aokntfrytm-episode-11-sub-indo/",
    "episode_date": "3 Juni,2019",
    "server": "desudesu2",
    "quality": "480p",
    "data_content": "eyJpZCI6NTA4NDEsImkiOjAsInEiOiI0ODBwIn0=",
    "decoded_data": {
      "id": 50841,
      "i": 0,
      "q": "480p"
    },
    "stream_url": "https://desustream.info/dstream/desudesu2/v2/index.php?id=ZFlmUE9xbEZVUDF2STd1KzBEUUhFbEJRK3E2NU15bnZ6bWl4SFREMTdTdz0=",
    "is_default": true,
    "timestamp": "2025-09-12T08:33:25.039Z"
  },
  {
    "anime_title": "Ao no Kanata no Four Rhythm",
    "episode_title": "Ao no Kanata no Four Rhythm Episode 11 Subtitle Indonesia",
    "episode_link": "https://otakudesu.best/episode/aokntfrytm-episode-11-sub-indo/",
    "episode_date": "3 Juni,2019",
    "server": "mega",
    "quality": "480p",
    "data_content": "eyJpZCI6NTA4NDEsImkiOjIsInEiOiI0ODBwIn0=",
    "decoded_data": {
      "id": 50841,
      "i": 2,
      "q": "480p"
    },
    "stream_url": "https://mega.nz/embed/#!GRFwnC6S!0szxz8DzEWTsJQLNqeyPMaJ7__E1U-B86Uadm_aY0xc",
    "is_default": false,
    "timestamp": "2025-09-12T08:33:25.101Z"
  },
  {
    "anime_title": "Ao no Kanata no Four Rhythm",
    "episode_title": "Ao no Kanata no Four Rhythm Episode 11 Subtitle Indonesia",
    "episode_link": "https://otakudesu.best/episode/aokntfrytm-episode-11-sub-indo/",
    "episode_date": "3 Juni,2019",
    "server": "mega",
    "quality": "720p",
    "data_content": "eyJpZCI6NTA4NDEsImkiOjEsInEiOiI3MjBwIn0=",
    "decoded_data": {
      "id": 50841,
      "i": 1,
      "q": "720p"
    },
    "stream_url": "https://mega.nz/embed/#!iEcwwKjT!TQbCy3AatAevVWlrZ9NaJzwN5G8PtRMgD1hulvdCMFs",
    "is_default": false,
    "timestamp": "2025-09-12T08:33:25.162Z"
  },
  {
    "anime_title": "Ao no Kanata no Four Rhythm",
    "episode_title": "Ao no Kanata no Four Rhythm Episode 11 Subtitle Indonesia",
    "episode_link": "https://otakudesu.best/episode/aokntfrytm-episode-11-sub-indo/",
    "episode_date": "3 Juni,2019",
    "server": "mega",
    "quality": "360p",
    "data_content": "eyJpZCI6NTA4NDEsImkiOjEsInEiOiIzNjBwIn0=",
    "decoded_data": {
      "id": 50841,
      "i": 1,
      "q": "360p"
    },
    "stream_url": "https://mega.nz/embed/#!rBMWgQzK!Y934JAGP8b0vv1R1RrV9ijSfF21znGleV5tIlyDtYCQ",
    "is_default": false,
    "timestamp": "2025-09-12T08:33:24.999Z"
  },
  {
    "anime_title": "Ao no Kanata no Four Rhythm",
    "episode_title": "Ao no Kanata no Four Rhythm Episode 11 Subtitle Indonesia",
    "episode_link": "https://otakudesu.best/episode/aokntfrytm-episode-11-sub-indo/",
    "episode_date": "3 Juni,2019",
    "server": "desudesu2",
    "quality": "480p",
    "data_content": "eyJpZCI6NTA4NDEsImkiOjAsInEiOiI0ODBwIn0=",
    "decoded_data": {
      "id": 50841,
      "i": 0,
      "q": "480p"
    },
    "stream_url": "https://desustream.info/dstream/desudesu2/v2/index.php?id=ZFlmUE9xbEZVUDF2STd1KzBEUUhFbEJRK3E2NU15bnZ6bWl4SFREMTdTdz0=",
    "is_default": true,
    "timestamp": "2025-09-12T08:33:25.039Z"
  },
  {
    "anime_title": "Ao no Kanata no Four Rhythm",
    "episode_title": "Ao no Kanata no Four Rhythm Episode 11 Subtitle Indonesia",
    "episode_link": "https://otakudesu.best/episode/aokntfrytm-episode-11-sub-indo/",
    "episode_date": "3 Juni,2019",
    "server": "mega",
    "quality": "480p",
    "data_content": "eyJpZCI6NTA4NDEsImkiOjIsInEiOiI0ODBwIn0=",
    "decoded_data": {
      "id": 50841,
      "i": 2,
      "q": "480p"
    },
    "stream_url": "https://mega.nz/embed/#!GRFwnC6S!0szxz8DzEWTsJQLNqeyPMaJ7__E1U-B86Uadm_aY0xc",
    "is_default": false,
    "timestamp": "2025-09-12T08:33:25.101Z"
  },
  {
    "anime_title": "Ao no Kanata no Four Rhythm",
    "episode_title": "Ao no Kanata no Four Rhythm Episode 11 Subtitle Indonesia",
    "episode_link": "https://otakudesu.best/episode/aokntfrytm-episode-11-sub-indo/",
    "episode_date": "3 Juni,2019",
    "server": "mega",
    "quality": "720p",
    "data_content": "eyJpZCI6NTA4NDEsImkiOjEsInEiOiI3MjBwIn0=",
    "decoded_data": {
      "id": 50841,
      "i": 1,
      "q": "720p"
    },
    "stream_url": "https://mega.nz/embed/#!iEcwwKjT!TQbCy3AatAevVWlrZ9NaJzwN5G8PtRMgD1hulvdCMFs",
    "is_default": false,
    "timestamp": "2025-09-12T08:33:25.162Z"
  },
  {
    "anime_title": "Ao no Kanata no Four Rhythm",
    "episode_title": "Ao no Kanata no Four Rhythm Episode 12 (End) Subtitle Indonesia",
    "episode_link": "https://otakudesu.best/episode/aokntfrytm-episode-12-sub-indo/",
    "episode_date": "3 Juni,2019",
    "server": "mega",
    "quality": "360p",
    "data_content": "eyJpZCI6NTA4NDIsImkiOjEsInEiOiIzNjBwIn0=",
    "decoded_data": {
      "id": 50842,
      "i": 1,
      "q": "360p"
    },
    "stream_url": "https://mega.nz/embed/#!OFVgjAyD!OHbUK_ZXJt7ROJlvQCCO-5AXtk8AkHlB-BFia_dv5Xs",
    "is_default": false,
    "timestamp": "2025-09-12T08:33:25.840Z"
  },
  {
    "anime_title": "Ao no Kanata no Four Rhythm",
    "episode_title": "Ao no Kanata no Four Rhythm Episode 12 (End) Subtitle Indonesia",
    "episode_link": "https://otakudesu.best/episode/aokntfrytm-episode-12-sub-indo/",
    "episode_date": "3 Juni,2019",
    "server": "desudesu2",
    "quality": "480p",
    "data_content": "eyJpZCI6NTA4NDIsImkiOjAsInEiOiI0ODBwIn0=",
    "decoded_data": {
      "id": 50842,
      "i": 0,
      "q": "480p"
    },
    "stream_url": "https://desustream.info/dstream/desudesu2/v2/index.php?id=VCtMcHZMSzZPeEFycm5xZVBQSXRHRklaeUVlV1ArNVlGV1pweVZzaGJyND0=",
    "is_default": true,
    "timestamp": "2025-09-12T08:33:25.859Z"
  },
  {
    "anime_title": "Ao no Kanata no Four Rhythm",
    "episode_title": "Ao no Kanata no Four Rhythm Episode 12 (End) Subtitle Indonesia",
    "episode_link": "https://otakudesu.best/episode/aokntfrytm-episode-12-sub-indo/",
    "episode_date": "3 Juni,2019",
    "server": "mega",
    "quality": "480p",
    "data_content": "eyJpZCI6NTA4NDIsImkiOjIsInEiOiI0ODBwIn0=",
    "decoded_data": {
      "id": 50842,
      "i": 2,
      "q": "480p"
    },
    "stream_url": "https://mega.nz/embed/#!GZMwnYwZ!jn4As2p9xaOixh6rLA34vKg9zPsYZekkxpUuqc-Zo5M",
    "is_default": false,
    "timestamp": "2025-09-12T08:33:25.957Z"
  },
  {
    "anime_title": "Ao no Kanata no Four Rhythm",
    "episode_title": "Ao no Kanata no Four Rhythm Episode 12 (End) Subtitle Indonesia",
    "episode_link": "https://otakudesu.best/episode/aokntfrytm-episode-12-sub-indo/",
    "episode_date": "3 Juni,2019",
    "server": "mega",
    "quality": "720p",
    "data_content": "eyJpZCI6NTA4NDIsImkiOjEsInEiOiI3MjBwIn0=",
    "decoded_data": {
      "id": 50842,
      "i": 1,
      "q": "720p"
    },
    "stream_url": "https://mega.nz/embed/#!qNdWWaQS!sonJuhECDj64hffrM9aKhsCWnAcVw1e9Yn_Z-qQYtWc",
    "is_default": false,
    "timestamp": "2025-09-12T08:33:26.032Z"
  },
  {
    "anime_title": "Ao no Kanata no Four Rhythm",
    "episode_title": "Ao no Kanata no Four Rhythm Episode 12 (End) Subtitle Indonesia",
    "episode_link": "https://otakudesu.best/episode/aokntfrytm-episode-12-sub-indo/",
    "episode_date": "3 Juni,2019",
    "server": "mega",
    "quality": "360p",
    "data_content": "eyJpZCI6NTA4NDIsImkiOjEsInEiOiIzNjBwIn0=",
    "decoded_data": {
      "id": 50842,
      "i": 1,
      "q": "360p"
    },
    "stream_url": "https://mega.nz/embed/#!OFVgjAyD!OHbUK_ZXJt7ROJlvQCCO-5AXtk8AkHlB-BFia_dv5Xs",
    "is_default": false,
    "timestamp": "2025-09-12T08:33:25.840Z"
  },
  {
    "anime_title": "Ao no Kanata no Four Rhythm",
    "episode_title": "Ao no Kanata no Four Rhythm Episode 12 (End) Subtitle Indonesia",
    "episode_link": "https://otakudesu.best/episode/aokntfrytm-episode-12-sub-indo/",
    "episode_date": "3 Juni,2019",
    "server": "desudesu2",
    "quality": "480p",
    "data_content": "eyJpZCI6NTA4NDIsImkiOjAsInEiOiI0ODBwIn0=",
    "decoded_data": {
      "id": 50842,
      "i": 0,
      "q": "480p"
    },
    "stream_url": "https://desustream.info/dstream/desudesu2/v2/index.php?id=VCtMcHZMSzZPeEFycm5xZVBQSXRHRklaeUVlV1ArNVlGV1pweVZzaGJyND0=",
    "is_default": true,
    "timestamp": "2025-09-12T08:33:25.859Z"
  },
  {
    "anime_title": "Ao no Kanata no Four Rhythm",
    "episode_title": "Ao no Kanata no Four Rhythm Episode 12 (End) Subtitle Indonesia",
    "episode_link": "https://otakudesu.best/episode/aokntfrytm-episode-12-sub-indo/",
    "episode_date": "3 Juni,2019",
    "server": "mega",
    "quality": "480p",
    "data_content": "eyJpZCI6NTA4NDIsImkiOjIsInEiOiI0ODBwIn0=",
    "decoded_data": {
      "id": 50842,
      "i": 2,
      "q": "480p"
    },
    "stream_url": "https://mega.nz/embed/#!GZMwnYwZ!jn4As2p9xaOixh6rLA34vKg9zPsYZekkxpUuqc-Zo5M",
    "is_default": false,
    "timestamp": "2025-09-12T08:33:25.957Z"
  },
  {
    "anime_title": "Ao no Kanata no Four Rhythm",
    "episode_title": "Ao no Kanata no Four Rhythm Episode 12 (End) Subtitle Indonesia",
    "episode_link": "https://otakudesu.best/episode/aokntfrytm-episode-12-sub-indo/",
    "episode_date": "3 Juni,2019",
    "server": "mega",
    "quality": "720p",
    "data_content": "eyJpZCI6NTA4NDIsImkiOjEsInEiOiI3MjBwIn0=",
    "decoded_data": {
      "id": 50842,
      "i": 1,
      "q": "720p"
    },
    "stream_url": "https://mega.nz/embed/#!qNdWWaQS!sonJuhECDj64hffrM9aKhsCWnAcVw1e9Yn_Z-qQYtWc",
    "is_default": false,
    "timestamp": "2025-09-12T08:33:26.032Z"
  },
  {
    "anime_title": "Ao no Orchestra",
    "episode_title": "Ao no Orchestra Episode 1 Subtitle Indonesia",
    "episode_link": "https://otakudesu.best/episode/anorctsra-episode-1-sub-indo/",
    "episode_date": "28 Oktober,2023",
    "server": "desudesu2",
    "quality": "480p",
    "data_content": "eyJpZCI6MTUyMzYzLCJpIjowLCJxIjoiNDgwcCJ9",
    "decoded_data": {
      "id": 152363,
      "i": 0,
      "q": "480p"
    },
    "stream_url": "https://desustream.info/dstream/desudesu2/v2/index.php?id=VC9XQ3Jka3RsOXIyVjdwazV3WHNEZz09",
    "is_default": true,
    "timestamp": "2025-09-12T08:33:27.546Z"
  },
  {
    "anime_title": "Ao no Orchestra",
    "episode_title": "Ao no Orchestra Episode 1 Subtitle Indonesia",
    "episode_link": "https://otakudesu.best/episode/anorctsra-episode-1-sub-indo/",
    "episode_date": "28 Oktober,2023",
    "server": "filelions",
    "quality": "480p",
    "data_content": "eyJpZCI6MTUyMzYzLCJpIjoxLCJxIjoiNDgwcCJ9",
    "decoded_data": {
      "id": 152363,
      "i": 1,
      "q": "480p"
    },
    "stream_url": "https://odvidhide.com/embed/zmrd12ak1hbw",
    "is_default": false,
    "timestamp": "2025-09-12T08:33:27.619Z"
  },
  {
    "anime_title": "Ao no Orchestra",
    "episode_title": "Ao no Orchestra Episode 1 Subtitle Indonesia",
    "episode_link": "https://otakudesu.best/episode/anorctsra-episode-1-sub-indo/",
    "episode_date": "28 Oktober,2023",
    "server": "odstream",
    "quality": "480p",
    "data_content": "eyJpZCI6MTUyMzYzLCJpIjoyLCJxIjoiNDgwcCJ9",
    "decoded_data": {
      "id": 152363,
      "i": 2,
      "q": "480p"
    },
    "stream_url": "https://desustream.info/dstream/arcg/?id=WU1vcS92U2hVY0cwY3VMcEQxQVYrTFA2am5Oa2RnTVVPSFdmcDFYZ25NbU10VlllcXo4NU9DUG96Y0lNMkl4alpVUFNSQXNicmpyZTdtVHdDNzdUQ0E9PQ==",
    "is_default": false,
    "timestamp": "2025-09-12T08:33:27.635Z"
  },
  {
    "anime_title": "Ao no Orchestra",
    "episode_title": "Ao no Orchestra Episode 1 Subtitle Indonesia",
    "episode_link": "https://otakudesu.best/episode/anorctsra-episode-1-sub-indo/",
    "episode_date": "28 Oktober,2023",
    "server": "mega",
    "quality": "480p",
    "data_content": "eyJpZCI6MTUyMzYzLCJpIjozLCJxIjoiNDgwcCJ9",
    "decoded_data": {
      "id": 152363,
      "i": 3,
      "q": "480p"
    },
    "stream_url": "https://mega.nz/embed/Ri1FhDRY#tnSd_OXTiaCM3H3WDjsfl8tMc4PdQRDbb6TRVRtbnUo",
    "is_default": false,
    "timestamp": "2025-09-12T08:33:27.710Z"
  },
  {
    "anime_title": "Ao no Orchestra",
    "episode_title": "Ao no Orchestra Episode 1 Subtitle Indonesia",
    "episode_link": "https://otakudesu.best/episode/anorctsra-episode-1-sub-indo/",
    "episode_date": "28 Oktober,2023",
    "server": "filelions",
    "quality": "720p",
    "data_content": "eyJpZCI6MTUyMzYzLCJpIjowLCJxIjoiNzIwcCJ9",
    "decoded_data": {
      "id": 152363,
      "i": 0,
      "q": "720p"
    },
    "stream_url": "https://odvidhide.com/embed/6wkob0xm19rc",
    "is_default": false,
    "timestamp": "2025-09-12T08:33:27.740Z"
  },
  {
    "anime_title": "Ao no Orchestra",
    "episode_title": "Ao no Orchestra Episode 1 Subtitle Indonesia",
    "episode_link": "https://otakudesu.best/episode/anorctsra-episode-1-sub-indo/",
    "episode_date": "28 Oktober,2023",
    "server": "desudesuhd",
    "quality": "720p",
    "data_content": "eyJpZCI6MTUyMzYzLCJpIjoxLCJxIjoiNzIwcCJ9",
    "decoded_data": {
      "id": 152363,
      "i": 1,
      "q": "720p"
    },
    "stream_url": "https://desustream.info/dstream/desudesuhd/v2/index.php?id=VC9XQ3Jka3RsOXIyVjdwazV3WHNEZz09",
    "is_default": false,
    "timestamp": "2025-09-12T08:33:27.766Z"
  },
  {
    "anime_title": "Ao no Orchestra",
    "episode_title": "Ao no Orchestra Episode 1 Subtitle Indonesia",
    "episode_link": "https://otakudesu.best/episode/anorctsra-episode-1-sub-indo/",
    "episode_date": "28 Oktober,2023",
    "server": "odstreamhd",
    "quality": "720p",
    "data_content": "eyJpZCI6MTUyMzYzLCJpIjoyLCJxIjoiNzIwcCJ9",
    "decoded_data": {
      "id": 152363,
      "i": 2,
      "q": "720p"
    },
    "stream_url": "https://desustream.info/dstream/arcg/?id=WU1vcS92U2hVY0cwY3VMcEQxQVYrTFA2am5Oa2RnTVVPSFdmcDFYZ25NbU10VlllcXo4NU9DUG96Y0lNMkl4allEMEgvQk10ZUtzenMwMHlSYUl4blE9PQ==",
    "is_default": false,
    "timestamp": "2025-09-12T08:33:27.785Z"
  },
  {
    "anime_title": "Ao no Orchestra",
    "episode_title": "Ao no Orchestra Episode 1 Subtitle Indonesia",
    "episode_link": "https://otakudesu.best/episode/anorctsra-episode-1-sub-indo/",
    "episode_date": "28 Oktober,2023",
    "server": "mega",
    "quality": "720p",
    "data_content": "eyJpZCI6MTUyMzYzLCJpIjozLCJxIjoiNzIwcCJ9",
    "decoded_data": {
      "id": 152363,
      "i": 3,
      "q": "720p"
    },
    "stream_url": "https://mega.nz/embed/xyME1RhB#Gn1yK-wtoxrrBJcTtGMSb_vrqGh0Hot-u_GMYqym_cI",
    "is_default": false,
    "timestamp": "2025-09-12T08:33:27.918Z"
  },
  {
    "anime_title": "Ao no Orchestra",
    "episode_title": "Ao no Orchestra Episode 1 Subtitle Indonesia",
    "episode_link": "https://otakudesu.best/episode/anorctsra-episode-1-sub-indo/",
    "episode_date": "28 Oktober,2023",
    "server": "desudesu2",
    "quality": "480p",
    "data_content": "eyJpZCI6MTUyMzYzLCJpIjowLCJxIjoiNDgwcCJ9",
    "decoded_data": {
      "id": 152363,
      "i": 0,
      "q": "480p"
    },
    "stream_url": "https://desustream.info/dstream/desudesu2/v2/index.php?id=VC9XQ3Jka3RsOXIyVjdwazV3WHNEZz09",
    "is_default": true,
    "timestamp": "2025-09-12T08:33:27.546Z"
  },
  {
    "anime_title": "Ao no Orchestra",
    "episode_title": "Ao no Orchestra Episode 1 Subtitle Indonesia",
    "episode_link": "https://otakudesu.best/episode/anorctsra-episode-1-sub-indo/",
    "episode_date": "28 Oktober,2023",
    "server": "filelions",
    "quality": "480p",
    "data_content": "eyJpZCI6MTUyMzYzLCJpIjoxLCJxIjoiNDgwcCJ9",
    "decoded_data": {
      "id": 152363,
      "i": 1,
      "q": "480p"
    },
    "stream_url": "https://odvidhide.com/embed/zmrd12ak1hbw",
    "is_default": false,
    "timestamp": "2025-09-12T08:33:27.619Z"
  },
  {
    "anime_title": "Ao no Orchestra",
    "episode_title": "Ao no Orchestra Episode 1 Subtitle Indonesia",
    "episode_link": "https://otakudesu.best/episode/anorctsra-episode-1-sub-indo/",
    "episode_date": "28 Oktober,2023",
    "server": "odstream",
    "quality": "480p",
    "data_content": "eyJpZCI6MTUyMzYzLCJpIjoyLCJxIjoiNDgwcCJ9",
    "decoded_data": {
      "id": 152363,
      "i": 2,
      "q": "480p"
    },
    "stream_url": "https://desustream.info/dstream/arcg/?id=WU1vcS92U2hVY0cwY3VMcEQxQVYrTFA2am5Oa2RnTVVPSFdmcDFYZ25NbU10VlllcXo4NU9DUG96Y0lNMkl4alpVUFNSQXNicmpyZTdtVHdDNzdUQ0E9PQ==",
    "is_default": false,
    "timestamp": "2025-09-12T08:33:27.635Z"
  },
  {
    "anime_title": "Ao no Orchestra",
    "episode_title": "Ao no Orchestra Episode 1 Subtitle Indonesia",
    "episode_link": "https://otakudesu.best/episode/anorctsra-episode-1-sub-indo/",
    "episode_date": "28 Oktober,2023",
    "server": "mega",
    "quality": "480p",
    "data_content": "eyJpZCI6MTUyMzYzLCJpIjozLCJxIjoiNDgwcCJ9",
    "decoded_data": {
      "id": 152363,
      "i": 3,
      "q": "480p"
    },
    "stream_url": "https://mega.nz/embed/Ri1FhDRY#tnSd_OXTiaCM3H3WDjsfl8tMc4PdQRDbb6TRVRtbnUo",
    "is_default": false,
    "timestamp": "2025-09-12T08:33:27.710Z"
  },
  {
    "anime_title": "Ao no Orchestra",
    "episode_title": "Ao no Orchestra Episode 1 Subtitle Indonesia",
    "episode_link": "https://otakudesu.best/episode/anorctsra-episode-1-sub-indo/",
    "episode_date": "28 Oktober,2023",
    "server": "filelions",
    "quality": "720p",
    "data_content": "eyJpZCI6MTUyMzYzLCJpIjowLCJxIjoiNzIwcCJ9",
    "decoded_data": {
      "id": 152363,
      "i": 0,
      "q": "720p"
    },
    "stream_url": "https://odvidhide.com/embed/6wkob0xm19rc",
    "is_default": false,
    "timestamp": "2025-09-12T08:33:27.740Z"
  },
  {
    "anime_title": "Ao no Orchestra",
    "episode_title": "Ao no Orchestra Episode 1 Subtitle Indonesia",
    "episode_link": "https://otakudesu.best/episode/anorctsra-episode-1-sub-indo/",
    "episode_date": "28 Oktober,2023",
    "server": "desudesuhd",
    "quality": "720p",
    "data_content": "eyJpZCI6MTUyMzYzLCJpIjoxLCJxIjoiNzIwcCJ9",
    "decoded_data": {
      "id": 152363,
      "i": 1,
      "q": "720p"
    },
    "stream_url": "https://desustream.info/dstream/desudesuhd/v2/index.php?id=VC9XQ3Jka3RsOXIyVjdwazV3WHNEZz09",
    "is_default": false,
    "timestamp": "2025-09-12T08:33:27.766Z"
  },
  {
    "anime_title": "Ao no Orchestra",
    "episode_title": "Ao no Orchestra Episode 1 Subtitle Indonesia",
    "episode_link": "https://otakudesu.best/episode/anorctsra-episode-1-sub-indo/",
    "episode_date": "28 Oktober,2023",
    "server": "odstreamhd",
    "quality": "720p",
    "data_content": "eyJpZCI6MTUyMzYzLCJpIjoyLCJxIjoiNzIwcCJ9",
    "decoded_data": {
      "id": 152363,
      "i": 2,
      "q": "720p"
    },
    "stream_url": "https://desustream.info/dstream/arcg/?id=WU1vcS92U2hVY0cwY3VMcEQxQVYrTFA2am5Oa2RnTVVPSFdmcDFYZ25NbU10VlllcXo4NU9DUG96Y0lNMkl4allEMEgvQk10ZUtzenMwMHlSYUl4blE9PQ==",
    "is_default": false,
    "timestamp": "2025-09-12T08:33:27.785Z"
  },
  {
    "anime_title": "Ao no Orchestra",
    "episode_title": "Ao no Orchestra Episode 1 Subtitle Indonesia",
    "episode_link": "https://otakudesu.best/episode/anorctsra-episode-1-sub-indo/",
    "episode_date": "28 Oktober,2023",
    "server": "mega",
    "quality": "720p",
    "data_content": "eyJpZCI6MTUyMzYzLCJpIjozLCJxIjoiNzIwcCJ9",
    "decoded_data": {
      "id": 152363,
      "i": 3,
      "q": "720p"
    },
    "stream_url": "https://mega.nz/embed/xyME1RhB#Gn1yK-wtoxrrBJcTtGMSb_vrqGh0Hot-u_GMYqym_cI",
    "is_default": false,
    "timestamp": "2025-09-12T08:33:27.918Z"
  },
  {
    "anime_title": "Ao no Orchestra",
    "episode_title": "Ao no Orchestra Episode 2 Subtitle Indonesia",
    "episode_link": "https://otakudesu.best/episode/anorctsra-episode-2-sub-indo/",
    "episode_date": "28 Oktober,2023",
    "server": "desudesu2",
    "quality": "480p",
    "data_content": "eyJpZCI6MTUyMzY0LCJpIjowLCJxIjoiNDgwcCJ9",
    "decoded_data": {
      "id": 152364,
      "i": 0,
      "q": "480p"
    },
    "stream_url": "https://desustream.info/dstream/desudesu2/v2/index.php?id=UVU3a2lLSEM1N3FMY0pKY0pDc1BBQT09",
    "is_default": true,
    "timestamp": "2025-09-12T08:33:28.510Z"
  },
  {
    "anime_title": "Ao no Orchestra",
    "episode_title": "Ao no Orchestra Episode 2 Subtitle Indonesia",
    "episode_link": "https://otakudesu.best/episode/anorctsra-episode-2-sub-indo/",
    "episode_date": "28 Oktober,2023",
    "server": "filelions",
    "quality": "480p",
    "data_content": "eyJpZCI6MTUyMzY0LCJpIjoxLCJxIjoiNDgwcCJ9",
    "decoded_data": {
      "id": 152364,
      "i": 1,
      "q": "480p"
    },
    "stream_url": "https://odvidhide.com/embed/rsjk76iwpkc9",
    "is_default": false,
    "timestamp": "2025-09-12T08:33:28.561Z"
  },
  {
    "anime_title": "Ao no Orchestra",
    "episode_title": "Ao no Orchestra Episode 2 Subtitle Indonesia",
    "episode_link": "https://otakudesu.best/episode/anorctsra-episode-2-sub-indo/",
    "episode_date": "28 Oktober,2023",
    "server": "odstream",
    "quality": "480p",
    "data_content": "eyJpZCI6MTUyMzY0LCJpIjoyLCJxIjoiNDgwcCJ9",
    "decoded_data": {
      "id": 152364,
      "i": 2,
      "q": "480p"
    },
    "stream_url": "https://desustream.info/dstream/arcg/?id=WU1vcS92U2hVY0cwY3VMcEQxQVYrTFA2am5Oa2RnTVVPSFdmcDFYZ25NbU10VlllcXo4NU9DUG96Y0lNMkl4alVQMnNYVG5tUzhRR25SUis1aUcvNXc9PQ==",
    "is_default": false,
    "timestamp": "2025-09-12T08:33:28.627Z"
  },
  {
    "anime_title": "Ao no Orchestra",
    "episode_title": "Ao no Orchestra Episode 2 Subtitle Indonesia",
    "episode_link": "https://otakudesu.best/episode/anorctsra-episode-2-sub-indo/",
    "episode_date": "28 Oktober,2023",
    "server": "mega",
    "quality": "480p",
    "data_content": "eyJpZCI6MTUyMzY0LCJpIjozLCJxIjoiNDgwcCJ9",
    "decoded_data": {
      "id": 152364,
      "i": 3,
      "q": "480p"
    },
    "stream_url": "https://mega.nz/embed/p2lmGACR#QPtK3747Egn6fLJXeQ_YOixyhZgDa0KNDlZAeZtPdnM",
    "is_default": false,
    "timestamp": "2025-09-12T08:33:28.666Z"
  },
  {
    "anime_title": "Ao no Orchestra",
    "episode_title": "Ao no Orchestra Episode 2 Subtitle Indonesia",
    "episode_link": "https://otakudesu.best/episode/anorctsra-episode-2-sub-indo/",
    "episode_date": "28 Oktober,2023",
    "server": "filelions",
    "quality": "720p",
    "data_content": "eyJpZCI6MTUyMzY0LCJpIjowLCJxIjoiNzIwcCJ9",
    "decoded_data": {
      "id": 152364,
      "i": 0,
      "q": "720p"
    },
    "stream_url": "https://odvidhide.com/embed/5o6q63j8829c",
    "is_default": false,
    "timestamp": "2025-09-12T08:33:28.683Z"
  },
  {
    "anime_title": "Ao no Orchestra",
    "episode_title": "Ao no Orchestra Episode 2 Subtitle Indonesia",
    "episode_link": "https://otakudesu.best/episode/anorctsra-episode-2-sub-indo/",
    "episode_date": "28 Oktober,2023",
    "server": "desudesuhd",
    "quality": "720p",
    "data_content": "eyJpZCI6MTUyMzY0LCJpIjoxLCJxIjoiNzIwcCJ9",
    "decoded_data": {
      "id": 152364,
      "i": 1,
      "q": "720p"
    },
    "stream_url": "https://desustream.info/dstream/desudesuhd/v2/index.php?id=UVU3a2lLSEM1N3FMY0pKY0pDc1BBQT09",
    "is_default": false,
    "timestamp": "2025-09-12T08:33:28.752Z"
  },
  {
    "anime_title": "Ao no Orchestra",
    "episode_title": "Ao no Orchestra Episode 2 Subtitle Indonesia",
    "episode_link": "https://otakudesu.best/episode/anorctsra-episode-2-sub-indo/",
    "episode_date": "28 Oktober,2023",
    "server": "odstreamhd",
    "quality": "720p",
    "data_content": "eyJpZCI6MTUyMzY0LCJpIjoyLCJxIjoiNzIwcCJ9",
    "decoded_data": {
      "id": 152364,
      "i": 2,
      "q": "720p"
    },
    "stream_url": "https://desustream.info/dstream/arcg/?id=WU1vcS92U2hVY0cwY3VMcEQxQVYrTFA2am5Oa2RnTVVPSFdmcDFYZ25NbU10VlllcXo4NU9DUG96Y0lNMkl4akkwcEJsNXRBZVBweW9LRkR2cGZsYnc9PQ==",
    "is_default": false,
    "timestamp": "2025-09-12T08:33:28.798Z"
  },
  {
    "anime_title": "Ao no Orchestra",
    "episode_title": "Ao no Orchestra Episode 2 Subtitle Indonesia",
    "episode_link": "https://otakudesu.best/episode/anorctsra-episode-2-sub-indo/",
    "episode_date": "28 Oktober,2023",
    "server": "mega",
    "quality": "720p",
    "data_content": "eyJpZCI6MTUyMzY0LCJpIjozLCJxIjoiNzIwcCJ9",
    "decoded_data": {
      "id": 152364,
      "i": 3,
      "q": "720p"
    },
    "stream_url": "https://mega.nz/embed/t3sXFaqQ#iWBaX1kcw7EH4neDzu7Ox3TFMtC2etFYFn3q4k3z4b0",
    "is_default": false,
    "timestamp": "2025-09-12T08:33:28.845Z"
  },
  {
    "anime_title": "Ao no Orchestra",
    "episode_title": "Ao no Orchestra Episode 2 Subtitle Indonesia",
    "episode_link": "https://otakudesu.best/episode/anorctsra-episode-2-sub-indo/",
    "episode_date": "28 Oktober,2023",
    "server": "desudesu2",
    "quality": "480p",
    "data_content": "eyJpZCI6MTUyMzY0LCJpIjowLCJxIjoiNDgwcCJ9",
    "decoded_data": {
      "id": 152364,
      "i": 0,
      "q": "480p"
    },
    "stream_url": "https://desustream.info/dstream/desudesu2/v2/index.php?id=UVU3a2lLSEM1N3FMY0pKY0pDc1BBQT09",
    "is_default": true,
    "timestamp": "2025-09-12T08:33:28.510Z"
  },
  {
    "anime_title": "Ao no Orchestra",
    "episode_title": "Ao no Orchestra Episode 2 Subtitle Indonesia",
    "episode_link": "https://otakudesu.best/episode/anorctsra-episode-2-sub-indo/",
    "episode_date": "28 Oktober,2023",
    "server": "filelions",
    "quality": "480p",
    "data_content": "eyJpZCI6MTUyMzY0LCJpIjoxLCJxIjoiNDgwcCJ9",
    "decoded_data": {
      "id": 152364,
      "i": 1,
      "q": "480p"
    },
    "stream_url": "https://odvidhide.com/embed/rsjk76iwpkc9",
    "is_default": false,
    "timestamp": "2025-09-12T08:33:28.561Z"
  },
  {
    "anime_title": "Ao no Orchestra",
    "episode_title": "Ao no Orchestra Episode 2 Subtitle Indonesia",
    "episode_link": "https://otakudesu.best/episode/anorctsra-episode-2-sub-indo/",
    "episode_date": "28 Oktober,2023",
    "server": "odstream",
    "quality": "480p",
    "data_content": "eyJpZCI6MTUyMzY0LCJpIjoyLCJxIjoiNDgwcCJ9",
    "decoded_data": {
      "id": 152364,
      "i": 2,
      "q": "480p"
    },
    "stream_url": "https://desustream.info/dstream/arcg/?id=WU1vcS92U2hVY0cwY3VMcEQxQVYrTFA2am5Oa2RnTVVPSFdmcDFYZ25NbU10VlllcXo4NU9DUG96Y0lNMkl4alVQMnNYVG5tUzhRR25SUis1aUcvNXc9PQ==",
    "is_default": false,
    "timestamp": "2025-09-12T08:33:28.627Z"
  },
  {
    "anime_title": "Ao no Orchestra",
    "episode_title": "Ao no Orchestra Episode 2 Subtitle Indonesia",
    "episode_link": "https://otakudesu.best/episode/anorctsra-episode-2-sub-indo/",
    "episode_date": "28 Oktober,2023",
    "server": "mega",
    "quality": "480p",
    "data_content": "eyJpZCI6MTUyMzY0LCJpIjozLCJxIjoiNDgwcCJ9",
    "decoded_data": {
      "id": 152364,
      "i": 3,
      "q": "480p"
    },
    "stream_url": "https://mega.nz/embed/p2lmGACR#QPtK3747Egn6fLJXeQ_YOixyhZgDa0KNDlZAeZtPdnM",
    "is_default": false,
    "timestamp": "2025-09-12T08:33:28.666Z"
  },
  {
    "anime_title": "Ao no Orchestra",
    "episode_title": "Ao no Orchestra Episode 2 Subtitle Indonesia",
    "episode_link": "https://otakudesu.best/episode/anorctsra-episode-2-sub-indo/",
    "episode_date": "28 Oktober,2023",
    "server": "filelions",
    "quality": "720p",
    "data_content": "eyJpZCI6MTUyMzY0LCJpIjowLCJxIjoiNzIwcCJ9",
    "decoded_data": {
      "id": 152364,
      "i": 0,
      "q": "720p"
    },
    "stream_url": "https://odvidhide.com/embed/5o6q63j8829c",
    "is_default": false,
    "timestamp": "2025-09-12T08:33:28.683Z"
  },
  {
    "anime_title": "Ao no Orchestra",
    "episode_title": "Ao no Orchestra Episode 2 Subtitle Indonesia",
    "episode_link": "https://otakudesu.best/episode/anorctsra-episode-2-sub-indo/",
    "episode_date": "28 Oktober,2023",
    "server": "desudesuhd",
    "quality": "720p",
    "data_content": "eyJpZCI6MTUyMzY0LCJpIjoxLCJxIjoiNzIwcCJ9",
    "decoded_data": {
      "id": 152364,
      "i": 1,
      "q": "720p"
    },
    "stream_url": "https://desustream.info/dstream/desudesuhd/v2/index.php?id=UVU3a2lLSEM1N3FMY0pKY0pDc1BBQT09",
    "is_default": false,
    "timestamp": "2025-09-12T08:33:28.752Z"
  },
  {
    "anime_title": "Ao no Orchestra",
    "episode_title": "Ao no Orchestra Episode 2 Subtitle Indonesia",
    "episode_link": "https://otakudesu.best/episode/anorctsra-episode-2-sub-indo/",
    "episode_date": "28 Oktober,2023",
    "server": "odstreamhd",
    "quality": "720p",
    "data_content": "eyJpZCI6MTUyMzY0LCJpIjoyLCJxIjoiNzIwcCJ9",
    "decoded_data": {
      "id": 152364,
      "i": 2,
      "q": "720p"
    },
    "stream_url": "https://desustream.info/dstream/arcg/?id=WU1vcS92U2hVY0cwY3VMcEQxQVYrTFA2am5Oa2RnTVVPSFdmcDFYZ25NbU10VlllcXo4NU9DUG96Y0lNMkl4akkwcEJsNXRBZVBweW9LRkR2cGZsYnc9PQ==",
    "is_default": false,
    "timestamp": "2025-09-12T08:33:28.798Z"
  },
  {
    "anime_title": "Ao no Orchestra",
    "episode_title": "Ao no Orchestra Episode 2 Subtitle Indonesia",
    "episode_link": "https://otakudesu.best/episode/anorctsra-episode-2-sub-indo/",
    "episode_date": "28 Oktober,2023",
    "server": "mega",
    "quality": "720p",
    "data_content": "eyJpZCI6MTUyMzY0LCJpIjozLCJxIjoiNzIwcCJ9",
    "decoded_data": {
      "id": 152364,
      "i": 3,
      "q": "720p"
    },
    "stream_url": "https://mega.nz/embed/t3sXFaqQ#iWBaX1kcw7EH4neDzu7Ox3TFMtC2etFYFn3q4k3z4b0",
    "is_default": false,
    "timestamp": "2025-09-12T08:33:28.845Z"
  },
  {
    "anime_title": "Ao no Orchestra",
    "episode_title": "Ao no Orchestra Episode 3 Subtitle Indonesia",
    "episode_link": "https://otakudesu.best/episode/anorctsra-episode-3-sub-indo/",
    "episode_date": "28 Oktober,2023",
    "server": "desudesu2",
    "quality": "480p",
    "data_content": "eyJpZCI6MTUyMzY1LCJpIjowLCJxIjoiNDgwcCJ9",
    "decoded_data": {
      "id": 152365,
      "i": 0,
      "q": "480p"
    },
    "stream_url": "https://desustream.info/dstream/desudesu2/v2/index.php?id=bGZvSjhQd3Voc05jMVljMHV3TjY0QT09",
    "is_default": true,
    "timestamp": "2025-09-12T08:33:29.827Z"
  },
  {
    "anime_title": "Ao no Orchestra",
    "episode_title": "Ao no Orchestra Episode 3 Subtitle Indonesia",
    "episode_link": "https://otakudesu.best/episode/anorctsra-episode-3-sub-indo/",
    "episode_date": "28 Oktober,2023",
    "server": "filelions",
    "quality": "480p",
    "data_content": "eyJpZCI6MTUyMzY1LCJpIjoxLCJxIjoiNDgwcCJ9",
    "decoded_data": {
      "id": 152365,
      "i": 1,
      "q": "480p"
    },
    "stream_url": "https://odvidhide.com/embed/db1lnpdi9vt8",
    "is_default": false,
    "timestamp": "2025-09-12T08:33:29.862Z"
  },
  {
    "anime_title": "Ao no Orchestra",
    "episode_title": "Ao no Orchestra Episode 3 Subtitle Indonesia",
    "episode_link": "https://otakudesu.best/episode/anorctsra-episode-3-sub-indo/",
    "episode_date": "28 Oktober,2023",
    "server": "odstream",
    "quality": "480p",
    "data_content": "eyJpZCI6MTUyMzY1LCJpIjoyLCJxIjoiNDgwcCJ9",
    "decoded_data": {
      "id": 152365,
      "i": 2,
      "q": "480p"
    },
    "stream_url": "https://desustream.info/dstream/arcg/?id=WU1vcS92U2hVY0cwY3VMcEQxQVYrTFA2am5Oa2RnTVVPSFdmcDFYZ25NbU10VlllcXo4NU9DUG96Y0lNMkl4amo3TExRY281Q1FoY3gzWDRBcXdFUWc9PQ==",
    "is_default": false,
    "timestamp": "2025-09-12T08:33:29.899Z"
  },
  {
    "anime_title": "Ao no Orchestra",
    "episode_title": "Ao no Orchestra Episode 3 Subtitle Indonesia",
    "episode_link": "https://otakudesu.best/episode/anorctsra-episode-3-sub-indo/",
    "episode_date": "28 Oktober,2023",
    "server": "mega",
    "quality": "480p",
    "data_content": "eyJpZCI6MTUyMzY1LCJpIjozLCJxIjoiNDgwcCJ9",
    "decoded_data": {
      "id": 152365,
      "i": 3,
      "q": "480p"
    },
    "stream_url": "https://mega.nz/embed/s7MnSLrB#Z_TNpgsv-Lt3fQZBpMCBPzI1ZdhNWF7oR6S2Yo6P5J8",
    "is_default": false,
    "timestamp": "2025-09-12T08:33:29.936Z"
  },
  {
    "anime_title": "Ao no Orchestra",
    "episode_title": "Ao no Orchestra Episode 3 Subtitle Indonesia",
    "episode_link": "https://otakudesu.best/episode/anorctsra-episode-3-sub-indo/",
    "episode_date": "28 Oktober,2023",
    "server": "filelions",
    "quality": "720p",
    "data_content": "eyJpZCI6MTUyMzY1LCJpIjowLCJxIjoiNzIwcCJ9",
    "decoded_data": {
      "id": 152365,
      "i": 0,
      "q": "720p"
    },
    "stream_url": "https://odvidhide.com/embed/2jqyxsb5iemc",
    "is_default": false,
    "timestamp": "2025-09-12T08:33:29.954Z"
  },
  {
    "anime_title": "Ao no Orchestra",
    "episode_title": "Ao no Orchestra Episode 3 Subtitle Indonesia",
    "episode_link": "https://otakudesu.best/episode/anorctsra-episode-3-sub-indo/",
    "episode_date": "28 Oktober,2023",
    "server": "desudesuhd",
    "quality": "720p",
    "data_content": "eyJpZCI6MTUyMzY1LCJpIjoxLCJxIjoiNzIwcCJ9",
    "decoded_data": {
      "id": 152365,
      "i": 1,
      "q": "720p"
    },
    "stream_url": "https://desustream.info/dstream/desudesuhd/v2/index.php?id=bGZvSjhQd3Voc05jMVljMHV3TjY0QT09",
    "is_default": false,
    "timestamp": "2025-09-12T08:33:29.991Z"
  },
  {
    "anime_title": "Ao no Orchestra",
    "episode_title": "Ao no Orchestra Episode 3 Subtitle Indonesia",
    "episode_link": "https://otakudesu.best/episode/anorctsra-episode-3-sub-indo/",
    "episode_date": "28 Oktober,2023",
    "server": "odstreamhd",
    "quality": "720p",
    "data_content": "eyJpZCI6MTUyMzY1LCJpIjoyLCJxIjoiNzIwcCJ9",
    "decoded_data": {
      "id": 152365,
      "i": 2,
      "q": "720p"
    },
    "stream_url": "https://desustream.info/dstream/arcg/?id=WU1vcS92U2hVY0cwY3VMcEQxQVYrTFA2am5Oa2RnTVVPSFdmcDFYZ25NbU10VlllcXo4NU9DUG96Y0lNMkl4amxKeHA3ZDdJd2ZRdXdEWC9rTy8xd1E9PQ==",
    "is_default": false,
    "timestamp": "2025-09-12T08:33:30.052Z"
  },
  {
    "anime_title": "Ao no Orchestra",
    "episode_title": "Ao no Orchestra Episode 3 Subtitle Indonesia",
    "episode_link": "https://otakudesu.best/episode/anorctsra-episode-3-sub-indo/",
    "episode_date": "28 Oktober,2023",
    "server": "mega",
    "quality": "720p",
    "data_content": "eyJpZCI6MTUyMzY1LCJpIjozLCJxIjoiNzIwcCJ9",
    "decoded_data": {
      "id": 152365,
      "i": 3,
      "q": "720p"
    },
    "stream_url": "https://mega.nz/embed/wzNl2AbB#YuSDMIO8XTvFXPYOuqMq2h49xwv2t8In6ddD3c_13XE",
    "is_default": false,
    "timestamp": "2025-09-12T08:33:30.082Z"
  },
  {
    "anime_title": "Ao no Orchestra",
    "episode_title": "Ao no Orchestra Episode 3 Subtitle Indonesia",
    "episode_link": "https://otakudesu.best/episode/anorctsra-episode-3-sub-indo/",
    "episode_date": "28 Oktober,2023",
    "server": "desudesu2",
    "quality": "480p",
    "data_content": "eyJpZCI6MTUyMzY1LCJpIjowLCJxIjoiNDgwcCJ9",
    "decoded_data": {
      "id": 152365,
      "i": 0,
      "q": "480p"
    },
    "stream_url": "https://desustream.info/dstream/desudesu2/v2/index.php?id=bGZvSjhQd3Voc05jMVljMHV3TjY0QT09",
    "is_default": true,
    "timestamp": "2025-09-12T08:33:29.827Z"
  },
  {
    "anime_title": "Ao no Orchestra",
    "episode_title": "Ao no Orchestra Episode 3 Subtitle Indonesia",
    "episode_link": "https://otakudesu.best/episode/anorctsra-episode-3-sub-indo/",
    "episode_date": "28 Oktober,2023",
    "server": "filelions",
    "quality": "480p",
    "data_content": "eyJpZCI6MTUyMzY1LCJpIjoxLCJxIjoiNDgwcCJ9",
    "decoded_data": {
      "id": 152365,
      "i": 1,
      "q": "480p"
    },
    "stream_url": "https://odvidhide.com/embed/db1lnpdi9vt8",
    "is_default": false,
    "timestamp": "2025-09-12T08:33:29.862Z"
  },
  {
    "anime_title": "Ao no Orchestra",
    "episode_title": "Ao no Orchestra Episode 3 Subtitle Indonesia",
    "episode_link": "https://otakudesu.best/episode/anorctsra-episode-3-sub-indo/",
    "episode_date": "28 Oktober,2023",
    "server": "odstream",
    "quality": "480p",
    "data_content": "eyJpZCI6MTUyMzY1LCJpIjoyLCJxIjoiNDgwcCJ9",
    "decoded_data": {
      "id": 152365,
      "i": 2,
      "q": "480p"
    },
    "stream_url": "https://desustream.info/dstream/arcg/?id=WU1vcS92U2hVY0cwY3VMcEQxQVYrTFA2am5Oa2RnTVVPSFdmcDFYZ25NbU10VlllcXo4NU9DUG96Y0lNMkl4amo3TExRY281Q1FoY3gzWDRBcXdFUWc9PQ==",
    "is_default": false,
    "timestamp": "2025-09-12T08:33:29.899Z"
  },
  {
    "anime_title": "Ao no Orchestra",
    "episode_title": "Ao no Orchestra Episode 3 Subtitle Indonesia",
    "episode_link": "https://otakudesu.best/episode/anorctsra-episode-3-sub-indo/",
    "episode_date": "28 Oktober,2023",
    "server": "mega",
    "quality": "480p",
    "data_content": "eyJpZCI6MTUyMzY1LCJpIjozLCJxIjoiNDgwcCJ9",
    "decoded_data": {
      "id": 152365,
      "i": 3,
      "q": "480p"
    },
    "stream_url": "https://mega.nz/embed/s7MnSLrB#Z_TNpgsv-Lt3fQZBpMCBPzI1ZdhNWF7oR6S2Yo6P5J8",
    "is_default": false,
    "timestamp": "2025-09-12T08:33:29.936Z"
  },
  {
    "anime_title": "Ao no Orchestra",
    "episode_title": "Ao no Orchestra Episode 3 Subtitle Indonesia",
    "episode_link": "https://otakudesu.best/episode/anorctsra-episode-3-sub-indo/",
    "episode_date": "28 Oktober,2023",
    "server": "filelions",
    "quality": "720p",
    "data_content": "eyJpZCI6MTUyMzY1LCJpIjowLCJxIjoiNzIwcCJ9",
    "decoded_data": {
      "id": 152365,
      "i": 0,
      "q": "720p"
    },
    "stream_url": "https://odvidhide.com/embed/2jqyxsb5iemc",
    "is_default": false,
    "timestamp": "2025-09-12T08:33:29.954Z"
  },
  {
    "anime_title": "Ao no Orchestra",
    "episode_title": "Ao no Orchestra Episode 3 Subtitle Indonesia",
    "episode_link": "https://otakudesu.best/episode/anorctsra-episode-3-sub-indo/",
    "episode_date": "28 Oktober,2023",
    "server": "desudesuhd",
    "quality": "720p",
    "data_content": "eyJpZCI6MTUyMzY1LCJpIjoxLCJxIjoiNzIwcCJ9",
    "decoded_data": {
      "id": 152365,
      "i": 1,
      "q": "720p"
    },
    "stream_url": "https://desustream.info/dstream/desudesuhd/v2/index.php?id=bGZvSjhQd3Voc05jMVljMHV3TjY0QT09",
    "is_default": false,
    "timestamp": "2025-09-12T08:33:29.991Z"
  },
  {
    "anime_title": "Ao no Orchestra",
    "episode_title": "Ao no Orchestra Episode 3 Subtitle Indonesia",
    "episode_link": "https://otakudesu.best/episode/anorctsra-episode-3-sub-indo/",
    "episode_date": "28 Oktober,2023",
    "server": "odstreamhd",
    "quality": "720p",
    "data_content": "eyJpZCI6MTUyMzY1LCJpIjoyLCJxIjoiNzIwcCJ9",
    "decoded_data": {
      "id": 152365,
      "i": 2,
      "q": "720p"
    },
    "stream_url": "https://desustream.info/dstream/arcg/?id=WU1vcS92U2hVY0cwY3VMcEQxQVYrTFA2am5Oa2RnTVVPSFdmcDFYZ25NbU10VlllcXo4NU9DUG96Y0lNMkl4amxKeHA3ZDdJd2ZRdXdEWC9rTy8xd1E9PQ==",
    "is_default": false,
    "timestamp": "2025-09-12T08:33:30.052Z"
  },
  {
    "anime_title": "Ao no Orchestra",
    "episode_title": "Ao no Orchestra Episode 3 Subtitle Indonesia",
    "episode_link": "https://otakudesu.best/episode/anorctsra-episode-3-sub-indo/",
    "episode_date": "28 Oktober,2023",
    "server": "mega",
    "quality": "720p",
    "data_content": "eyJpZCI6MTUyMzY1LCJpIjozLCJxIjoiNzIwcCJ9",
    "decoded_data": {
      "id": 152365,
      "i": 3,
      "q": "720p"
    },
    "stream_url": "https://mega.nz/embed/wzNl2AbB#YuSDMIO8XTvFXPYOuqMq2h49xwv2t8In6ddD3c_13XE",
    "is_default": false,
    "timestamp": "2025-09-12T08:33:30.082Z"
  },
  {
    "anime_title": "Ao no Orchestra",
    "episode_title": "Ao no Orchestra Episode 4 Subtitle Indonesia",
    "episode_link": "https://otakudesu.best/episode/anorctsra-episode-4-sub-indo/",
    "episode_date": "28 Oktober,2023",
    "server": "desudesu2",
    "quality": "480p",
    "data_content": "eyJpZCI6MTUyMzY2LCJpIjowLCJxIjoiNDgwcCJ9",
    "decoded_data": {
      "id": 152366,
      "i": 0,
      "q": "480p"
    },
    "stream_url": "https://desustream.info/dstream/desudesu2/v2/index.php?id=aVpnR1JsV3kyZ3F5cVVSbldkc2o1QT09",
    "is_default": true,
    "timestamp": "2025-09-12T08:33:30.699Z"
  },
  {
    "anime_title": "Ao no Orchestra",
    "episode_title": "Ao no Orchestra Episode 4 Subtitle Indonesia",
    "episode_link": "https://otakudesu.best/episode/anorctsra-episode-4-sub-indo/",
    "episode_date": "28 Oktober,2023",
    "server": "filelions",
    "quality": "480p",
    "data_content": "eyJpZCI6MTUyMzY2LCJpIjoxLCJxIjoiNDgwcCJ9",
    "decoded_data": {
      "id": 152366,
      "i": 1,
      "q": "480p"
    },
    "stream_url": "https://odvidhide.com/embed/cwn3rqj2p3rq",
    "is_default": false,
    "timestamp": "2025-09-12T08:33:30.740Z"
  },
  {
    "anime_title": "Ao no Orchestra",
    "episode_title": "Ao no Orchestra Episode 4 Subtitle Indonesia",
    "episode_link": "https://otakudesu.best/episode/anorctsra-episode-4-sub-indo/",
    "episode_date": "28 Oktober,2023",
    "server": "odstream",
    "quality": "480p",
    "data_content": "eyJpZCI6MTUyMzY2LCJpIjoyLCJxIjoiNDgwcCJ9",
    "decoded_data": {
      "id": 152366,
      "i": 2,
      "q": "480p"
    },
    "stream_url": "https://desustream.info/dstream/arcg/?id=WU1vcS92U2hVY0cwY3VMcEQxQVYrTFA2am5Oa2RnTVVPSFdmcDFYZ25NbU10VlllcXo4NU9DUG96Y0lNMkl4amZFOXRtaE03UUNoQk4zeU8zWlN6Z1E9PQ==",
    "is_default": false,
    "timestamp": "2025-09-12T08:33:30.792Z"
  },
  {
    "anime_title": "Ao no Orchestra",
    "episode_title": "Ao no Orchestra Episode 4 Subtitle Indonesia",
    "episode_link": "https://otakudesu.best/episode/anorctsra-episode-4-sub-indo/",
    "episode_date": "28 Oktober,2023",
    "server": "desudesuhd",
    "quality": "720p",
    "data_content": "eyJpZCI6MTUyMzY2LCJpIjoxLCJxIjoiNzIwcCJ9",
    "decoded_data": {
      "id": 152366,
      "i": 1,
      "q": "720p"
    },
    "stream_url": "https://desustream.info/dstream/desudesuhd/v2/index.php?id=aVpnR1JsV3kyZ3F5cVVSbldkc2o1QT09",
    "is_default": false,
    "timestamp": "2025-09-12T08:33:30.895Z"
  },
  {
    "anime_title": "Ao no Orchestra",
    "episode_title": "Ao no Orchestra Episode 4 Subtitle Indonesia",
    "episode_link": "https://otakudesu.best/episode/anorctsra-episode-4-sub-indo/",
    "episode_date": "28 Oktober,2023",
    "server": "mega",
    "quality": "480p",
    "data_content": "eyJpZCI6MTUyMzY2LCJpIjozLCJxIjoiNDgwcCJ9",
    "decoded_data": {
      "id": 152366,
      "i": 3,
      "q": "480p"
    },
    "stream_url": "https://mega.nz/embed/IylyUTIJ#w8IN1JKcfyEZMyg4oVBWXyz216_WyBtzGx3nvmRXX8U",
    "is_default": false,
    "timestamp": "2025-09-12T08:33:30.924Z"
  },
  {
    "anime_title": "Ao no Orchestra",
    "episode_title": "Ao no Orchestra Episode 4 Subtitle Indonesia",
    "episode_link": "https://otakudesu.best/episode/anorctsra-episode-4-sub-indo/",
    "episode_date": "28 Oktober,2023",
    "server": "odstreamhd",
    "quality": "720p",
    "data_content": "eyJpZCI6MTUyMzY2LCJpIjoyLCJxIjoiNzIwcCJ9",
    "decoded_data": {
      "id": 152366,
      "i": 2,
      "q": "720p"
    },
    "stream_url": "https://desustream.info/dstream/arcg/?id=WU1vcS92U2hVY0cwY3VMcEQxQVYrTFA2am5Oa2RnTVVPSFdmcDFYZ25NbU10VlllcXo4NU9DUG96Y0lNMkl4am1yN1Z6S2JDQ1ZPY1YxdVRHQ09KcVE9PQ==",
    "is_default": false,
    "timestamp": "2025-09-12T08:33:30.938Z"
  },
  {
    "anime_title": "Ao no Orchestra",
    "episode_title": "Ao no Orchestra Episode 4 Subtitle Indonesia",
    "episode_link": "https://otakudesu.best/episode/anorctsra-episode-4-sub-indo/",
    "episode_date": "28 Oktober,2023",
    "server": "filelions",
    "quality": "720p",
    "data_content": "eyJpZCI6MTUyMzY2LCJpIjowLCJxIjoiNzIwcCJ9",
    "decoded_data": {
      "id": 152366,
      "i": 0,
      "q": "720p"
    },
    "stream_url": "https://odvidhide.com/embed/4sovi2ohwqlt",
    "is_default": false,
    "timestamp": "2025-09-12T08:33:30.953Z"
  },
  {
    "anime_title": "Ao no Orchestra",
    "episode_title": "Ao no Orchestra Episode 4 Subtitle Indonesia",
    "episode_link": "https://otakudesu.best/episode/anorctsra-episode-4-sub-indo/",
    "episode_date": "28 Oktober,2023",
    "server": "mega",
    "quality": "720p",
    "data_content": "eyJpZCI6MTUyMzY2LCJpIjozLCJxIjoiNzIwcCJ9",
    "decoded_data": {
      "id": 152366,
      "i": 3,
      "q": "720p"
    },
    "stream_url": "https://mega.nz/embed/Yn01jT4J#DFaiAsWrp7MnYqAt3nY-Kgrz9KrxVtbfFsx63y8CWfw",
    "is_default": false,
    "timestamp": "2025-09-12T08:33:30.968Z"
  },
  {
    "anime_title": "Ao no Orchestra",
    "episode_title": "Ao no Orchestra Episode 4 Subtitle Indonesia",
    "episode_link": "https://otakudesu.best/episode/anorctsra-episode-4-sub-indo/",
    "episode_date": "28 Oktober,2023",
    "server": "desudesu2",
    "quality": "480p",
    "data_content": "eyJpZCI6MTUyMzY2LCJpIjowLCJxIjoiNDgwcCJ9",
    "decoded_data": {
      "id": 152366,
      "i": 0,
      "q": "480p"
    },
    "stream_url": "https://desustream.info/dstream/desudesu2/v2/index.php?id=aVpnR1JsV3kyZ3F5cVVSbldkc2o1QT09",
    "is_default": true,
    "timestamp": "2025-09-12T08:33:30.699Z"
  },
  {
    "anime_title": "Ao no Orchestra",
    "episode_title": "Ao no Orchestra Episode 4 Subtitle Indonesia",
    "episode_link": "https://otakudesu.best/episode/anorctsra-episode-4-sub-indo/",
    "episode_date": "28 Oktober,2023",
    "server": "filelions",
    "quality": "480p",
    "data_content": "eyJpZCI6MTUyMzY2LCJpIjoxLCJxIjoiNDgwcCJ9",
    "decoded_data": {
      "id": 152366,
      "i": 1,
      "q": "480p"
    },
    "stream_url": "https://odvidhide.com/embed/cwn3rqj2p3rq",
    "is_default": false,
    "timestamp": "2025-09-12T08:33:30.740Z"
  },
  {
    "anime_title": "Ao no Orchestra",
    "episode_title": "Ao no Orchestra Episode 4 Subtitle Indonesia",
    "episode_link": "https://otakudesu.best/episode/anorctsra-episode-4-sub-indo/",
    "episode_date": "28 Oktober,2023",
    "server": "odstream",
    "quality": "480p",
    "data_content": "eyJpZCI6MTUyMzY2LCJpIjoyLCJxIjoiNDgwcCJ9",
    "decoded_data": {
      "id": 152366,
      "i": 2,
      "q": "480p"
    },
    "stream_url": "https://desustream.info/dstream/arcg/?id=WU1vcS92U2hVY0cwY3VMcEQxQVYrTFA2am5Oa2RnTVVPSFdmcDFYZ25NbU10VlllcXo4NU9DUG96Y0lNMkl4amZFOXRtaE03UUNoQk4zeU8zWlN6Z1E9PQ==",
    "is_default": false,
    "timestamp": "2025-09-12T08:33:30.792Z"
  },
  {
    "anime_title": "Ao no Orchestra",
    "episode_title": "Ao no Orchestra Episode 4 Subtitle Indonesia",
    "episode_link": "https://otakudesu.best/episode/anorctsra-episode-4-sub-indo/",
    "episode_date": "28 Oktober,2023",
    "server": "mega",
    "quality": "480p",
    "data_content": "eyJpZCI6MTUyMzY2LCJpIjozLCJxIjoiNDgwcCJ9",
    "decoded_data": {
      "id": 152366,
      "i": 3,
      "q": "480p"
    },
    "stream_url": "https://mega.nz/embed/IylyUTIJ#w8IN1JKcfyEZMyg4oVBWXyz216_WyBtzGx3nvmRXX8U",
    "is_default": false,
    "timestamp": "2025-09-12T08:33:30.924Z"
  },
  {
    "anime_title": "Ao no Orchestra",
    "episode_title": "Ao no Orchestra Episode 4 Subtitle Indonesia",
    "episode_link": "https://otakudesu.best/episode/anorctsra-episode-4-sub-indo/",
    "episode_date": "28 Oktober,2023",
    "server": "filelions",
    "quality": "720p",
    "data_content": "eyJpZCI6MTUyMzY2LCJpIjowLCJxIjoiNzIwcCJ9",
    "decoded_data": {
      "id": 152366,
      "i": 0,
      "q": "720p"
    },
    "stream_url": "https://odvidhide.com/embed/4sovi2ohwqlt",
    "is_default": false,
    "timestamp": "2025-09-12T08:33:30.953Z"
  },
  {
    "anime_title": "Ao no Orchestra",
    "episode_title": "Ao no Orchestra Episode 4 Subtitle Indonesia",
    "episode_link": "https://otakudesu.best/episode/anorctsra-episode-4-sub-indo/",
    "episode_date": "28 Oktober,2023",
    "server": "desudesuhd",
    "quality": "720p",
    "data_content": "eyJpZCI6MTUyMzY2LCJpIjoxLCJxIjoiNzIwcCJ9",
    "decoded_data": {
      "id": 152366,
      "i": 1,
      "q": "720p"
    },
    "stream_url": "https://desustream.info/dstream/desudesuhd/v2/index.php?id=aVpnR1JsV3kyZ3F5cVVSbldkc2o1QT09",
    "is_default": false,
    "timestamp": "2025-09-12T08:33:30.895Z"
  },
  {
    "anime_title": "Ao no Orchestra",
    "episode_title": "Ao no Orchestra Episode 4 Subtitle Indonesia",
    "episode_link": "https://otakudesu.best/episode/anorctsra-episode-4-sub-indo/",
    "episode_date": "28 Oktober,2023",
    "server": "odstreamhd",
    "quality": "720p",
    "data_content": "eyJpZCI6MTUyMzY2LCJpIjoyLCJxIjoiNzIwcCJ9",
    "decoded_data": {
      "id": 152366,
      "i": 2,
      "q": "720p"
    },
    "stream_url": "https://desustream.info/dstream/arcg/?id=WU1vcS92U2hVY0cwY3VMcEQxQVYrTFA2am5Oa2RnTVVPSFdmcDFYZ25NbU10VlllcXo4NU9DUG96Y0lNMkl4am1yN1Z6S2JDQ1ZPY1YxdVRHQ09KcVE9PQ==",
    "is_default": false,
    "timestamp": "2025-09-12T08:33:30.938Z"
  },
  {
    "anime_title": "Ao no Orchestra",
    "episode_title": "Ao no Orchestra Episode 4 Subtitle Indonesia",
    "episode_link": "https://otakudesu.best/episode/anorctsra-episode-4-sub-indo/",
    "episode_date": "28 Oktober,2023",
    "server": "mega",
    "quality": "720p",
    "data_content": "eyJpZCI6MTUyMzY2LCJpIjozLCJxIjoiNzIwcCJ9",
    "decoded_data": {
      "id": 152366,
      "i": 3,
      "q": "720p"
    },
    "stream_url": "https://mega.nz/embed/Yn01jT4J#DFaiAsWrp7MnYqAt3nY-Kgrz9KrxVtbfFsx63y8CWfw",
    "is_default": false,
    "timestamp": "2025-09-12T08:33:30.968Z"
  }
]