[
  {
    "anime_title": "Amagami-san Chi no Enmusubi",
    "episode_title": "Amagami-san Chi no Enmusubi Episode 7 Subtitle Indonesia",
    "episode_link": "https://otakudesu.best/episode/ascne-episode-7-sub-indo/",
    "episode_date": "25 April,2025",
    "server": "otakuwatch4",
    "quality": "480p",
    "data_content": "eyJpZCI6MTgwNDgyLCJpIjowLCJxIjoiNDgwcCJ9",
    "decoded_data": {
      "id": 180482,
      "i": 0,
      "q": "480p"
    },
    "stream_url": "https://desustream.info/dstream/otakuwatch4/v2/index.php?id=MWg1QW5JWnhuNzd1SG9EbmJ2UTBBdz09",
    "is_default": true,
    "timestamp": "2025-09-12T08:20:47.181Z"
  },
  {
    "anime_title": "Amagami-san Chi no Enmusubi",
    "episode_title": "Amagami-san Chi no Enmusubi Episode 7 Subtitle Indonesia",
    "episode_link": "https://otakudesu.best/episode/ascne-episode-7-sub-indo/",
    "episode_date": "25 April,2025",
    "server": "odstream",
    "quality": "480p",
    "data_content": "eyJpZCI6MTgwNDgyLCJpIjoxLCJxIjoiNDgwcCJ9",
    "decoded_data": {
      "id": 180482,
      "i": 1,
      "q": "480p"
    },
    "stream_url": "https://desustream.info/dstream/arcg/?id=R1k3K1BzRytFVEtYYTRoY3E2SHowdWszQ3dyTVFDR1p1VkFOb3hiY1RmenJzZmx5VUtZMjRKbmN6UUp5TjZvUU9mUCt6YWVPYjAvRnhSWUQrRmtLK2c9PQ==",
    "is_default": false,
    "timestamp": "2025-09-12T08:20:47.249Z"
  },
  {
    "anime_title": "Amagami-san Chi no Enmusubi",
    "episode_title": "Amagami-san Chi no Enmusubi Episode 7 Subtitle Indonesia",
    "episode_link": "https://otakudesu.best/episode/ascne-episode-7-sub-indo/",
    "episode_date": "25 April,2025",
    "server": "vidhide",
    "quality": "480p",
    "data_content": "eyJpZCI6MTgwNDgyLCJpIjoyLCJxIjoiNDgwcCJ9",
    "decoded_data": {
      "id": 180482,
      "i": 2,
      "q": "480p"
    },
    "stream_url": "https://odvidhide.com/embed/n1d3yyzxsayx",
    "is_default": false,
    "timestamp": "2025-09-12T08:20:47.295Z"
  },
  {
    "anime_title": "Amagami-san Chi no Enmusubi",
    "episode_title": "Amagami-san Chi no Enmusubi Episode 7 Subtitle Indonesia",
    "episode_link": "https://otakudesu.best/episode/ascne-episode-7-sub-indo/",
    "episode_date": "25 April,2025",
    "server": "otakuwatch4hd",
    "quality": "720p",
    "data_content": "eyJpZCI6MTgwNDgyLCJpIjowLCJxIjoiNzIwcCJ9",
    "decoded_data": {
      "id": 180482,
      "i": 0,
      "q": "720p"
    },
    "stream_url": "https://desustream.info/dstream/otakuwatch4/hd/v2/index.php?id=MWg1QW5JWnhuNzd1SG9EbmJ2UTBBdz09",
    "is_default": false,
    "timestamp": "2025-09-12T08:20:47.334Z"
  },
  {
    "anime_title": "Amagami-san Chi no Enmusubi",
    "episode_title": "Amagami-san Chi no Enmusubi Episode 7 Subtitle Indonesia",
    "episode_link": "https://otakudesu.best/episode/ascne-episode-7-sub-indo/",
    "episode_date": "25 April,2025",
    "server": "mega",
    "quality": "480p",
    "data_content": "eyJpZCI6MTgwNDgyLCJpIjozLCJxIjoiNDgwcCJ9",
    "decoded_data": {
      "id": 180482,
      "i": 3,
      "q": "480p"
    },
    "stream_url": "https://mega.nz/embed/HZ4mWAqS#pfRbkLDueOPW3KzcewqSvNle2ibm09uHo41yzUcCuxc",
    "is_default": false,
    "timestamp": "2025-09-12T08:20:47.345Z"
  },
  {
    "anime_title": "Amagami-san Chi no Enmusubi",
    "episode_title": "Amagami-san Chi no Enmusubi Episode 7 Subtitle Indonesia",
    "episode_link": "https://otakudesu.best/episode/ascne-episode-7-sub-indo/",
    "episode_date": "25 April,2025",
    "server": "odstreamhd",
    "quality": "720p",
    "data_content": "eyJpZCI6MTgwNDgyLCJpIjoxLCJxIjoiNzIwcCJ9",
    "decoded_data": {
      "id": 180482,
      "i": 1,
      "q": "720p"
    },
    "stream_url": "https://desustream.info/dstream/arcg/?id=R1k3K1BzRytFVEtYYTRoY3E2SHowdWszQ3dyTVFDR1p1VkFOb3hiY1RmenJzZmx5VUtZMjRKbmN6UUp5TjZvUWdORDJ4d281bEM4SGFzTERYcTlaSkE9PQ==",
    "is_default": false,
    "timestamp": "2025-09-12T08:20:47.391Z"
  },
  {
    "anime_title": "Amagami-san Chi no Enmusubi",
    "episode_title": "Amagami-san Chi no Enmusubi Episode 7 Subtitle Indonesia",
    "episode_link": "https://otakudesu.best/episode/ascne-episode-7-sub-indo/",
    "episode_date": "25 April,2025",
    "server": "vidhide",
    "quality": "720p",
    "data_content": "eyJpZCI6MTgwNDgyLCJpIjoyLCJxIjoiNzIwcCJ9",
    "decoded_data": {
      "id": 180482,
      "i": 2,
      "q": "720p"
    },
    "stream_url": "https://odvidhide.com/embed/ppoo3lx35w13",
    "is_default": false,
    "timestamp": "2025-09-12T08:20:47.412Z"
  },
  {
    "anime_title": "Amagami-san Chi no Enmusubi",
    "episode_title": "Amagami-san Chi no Enmusubi Episode 7 Subtitle Indonesia",
    "episode_link": "https://otakudesu.best/episode/ascne-episode-7-sub-indo/",
    "episode_date": "25 April,2025",
    "server": "mega",
    "quality": "720p",
    "data_content": "eyJpZCI6MTgwNDgyLCJpIjozLCJxIjoiNzIwcCJ9",
    "decoded_data": {
      "id": 180482,
      "i": 3,
      "q": "720p"
    },
    "stream_url": "https://mega.nz/embed/eVYREK7C#rzzN3on2eQ5jY7EIdArY1XpceFzXYbHrfQMYuugLzFE",
    "is_default": false,
    "timestamp": "2025-09-12T08:20:47.474Z"
  },
  {
    "anime_title": "Amagami-san Chi no Enmusubi",
    "episode_title": "Amagami-san Chi no Enmusubi Episode 7 Subtitle Indonesia",
    "episode_link": "https://otakudesu.best/episode/ascne-episode-7-sub-indo/",
    "episode_date": "25 April,2025",
    "server": "otakuwatch4",
    "quality": "480p",
    "data_content": "eyJpZCI6MTgwNDgyLCJpIjowLCJxIjoiNDgwcCJ9",
    "decoded_data": {
      "id": 180482,
      "i": 0,
      "q": "480p"
    },
    "stream_url": "https://desustream.info/dstream/otakuwatch4/v2/index.php?id=MWg1QW5JWnhuNzd1SG9EbmJ2UTBBdz09",
    "is_default": true,
    "timestamp": "2025-09-12T08:20:47.181Z"
  },
  {
    "anime_title": "Amagami-san Chi no Enmusubi",
    "episode_title": "Amagami-san Chi no Enmusubi Episode 7 Subtitle Indonesia",
    "episode_link": "https://otakudesu.best/episode/ascne-episode-7-sub-indo/",
    "episode_date": "25 April,2025",
    "server": "odstream",
    "quality": "480p",
    "data_content": "eyJpZCI6MTgwNDgyLCJpIjoxLCJxIjoiNDgwcCJ9",
    "decoded_data": {
      "id": 180482,
      "i": 1,
      "q": "480p"
    },
    "stream_url": "https://desustream.info/dstream/arcg/?id=R1k3K1BzRytFVEtYYTRoY3E2SHowdWszQ3dyTVFDR1p1VkFOb3hiY1RmenJzZmx5VUtZMjRKbmN6UUp5TjZvUU9mUCt6YWVPYjAvRnhSWUQrRmtLK2c9PQ==",
    "is_default": false,
    "timestamp": "2025-09-12T08:20:47.249Z"
  },
  {
    "anime_title": "Amagami-san Chi no Enmusubi",
    "episode_title": "Amagami-san Chi no Enmusubi Episode 7 Subtitle Indonesia",
    "episode_link": "https://otakudesu.best/episode/ascne-episode-7-sub-indo/",
    "episode_date": "25 April,2025",
    "server": "vidhide",
    "quality": "480p",
    "data_content": "eyJpZCI6MTgwNDgyLCJpIjoyLCJxIjoiNDgwcCJ9",
    "decoded_data": {
      "id": 180482,
      "i": 2,
      "q": "480p"
    },
    "stream_url": "https://odvidhide.com/embed/n1d3yyzxsayx",
    "is_default": false,
    "timestamp": "2025-09-12T08:20:47.295Z"
  },
  {
    "anime_title": "Amagami-san Chi no Enmusubi",
    "episode_title": "Amagami-san Chi no Enmusubi Episode 7 Subtitle Indonesia",
    "episode_link": "https://otakudesu.best/episode/ascne-episode-7-sub-indo/",
    "episode_date": "25 April,2025",
    "server": "mega",
    "quality": "480p",
    "data_content": "eyJpZCI6MTgwNDgyLCJpIjozLCJxIjoiNDgwcCJ9",
    "decoded_data": {
      "id": 180482,
      "i": 3,
      "q": "480p"
    },
    "stream_url": "https://mega.nz/embed/HZ4mWAqS#pfRbkLDueOPW3KzcewqSvNle2ibm09uHo41yzUcCuxc",
    "is_default": false,
    "timestamp": "2025-09-12T08:20:47.345Z"
  },
  {
    "anime_title": "Amagami-san Chi no Enmusubi",
    "episode_title": "Amagami-san Chi no Enmusubi Episode 7 Subtitle Indonesia",
    "episode_link": "https://otakudesu.best/episode/ascne-episode-7-sub-indo/",
    "episode_date": "25 April,2025",
    "server": "otakuwatch4hd",
    "quality": "720p",
    "data_content": "eyJpZCI6MTgwNDgyLCJpIjowLCJxIjoiNzIwcCJ9",
    "decoded_data": {
      "id": 180482,
      "i": 0,
      "q": "720p"
    },
    "stream_url": "https://desustream.info/dstream/otakuwatch4/hd/v2/index.php?id=MWg1QW5JWnhuNzd1SG9EbmJ2UTBBdz09",
    "is_default": false,
    "timestamp": "2025-09-12T08:20:47.334Z"
  },
  {
    "anime_title": "Amagami-san Chi no Enmusubi",
    "episode_title": "Amagami-san Chi no Enmusubi Episode 7 Subtitle Indonesia",
    "episode_link": "https://otakudesu.best/episode/ascne-episode-7-sub-indo/",
    "episode_date": "25 April,2025",
    "server": "odstreamhd",
    "quality": "720p",
    "data_content": "eyJpZCI6MTgwNDgyLCJpIjoxLCJxIjoiNzIwcCJ9",
    "decoded_data": {
      "id": 180482,
      "i": 1,
      "q": "720p"
    },
    "stream_url": "https://desustream.info/dstream/arcg/?id=R1k3K1BzRytFVEtYYTRoY3E2SHowdWszQ3dyTVFDR1p1VkFOb3hiY1RmenJzZmx5VUtZMjRKbmN6UUp5TjZvUWdORDJ4d281bEM4SGFzTERYcTlaSkE9PQ==",
    "is_default": false,
    "timestamp": "2025-09-12T08:20:47.391Z"
  },
  {
    "anime_title": "Amagami-san Chi no Enmusubi",
    "episode_title": "Amagami-san Chi no Enmusubi Episode 7 Subtitle Indonesia",
    "episode_link": "https://otakudesu.best/episode/ascne-episode-7-sub-indo/",
    "episode_date": "25 April,2025",
    "server": "vidhide",
    "quality": "720p",
    "data_content": "eyJpZCI6MTgwNDgyLCJpIjoyLCJxIjoiNzIwcCJ9",
    "decoded_data": {
      "id": 180482,
      "i": 2,
      "q": "720p"
    },
    "stream_url": "https://odvidhide.com/embed/ppoo3lx35w13",
    "is_default": false,
    "timestamp": "2025-09-12T08:20:47.412Z"
  },
  {
    "anime_title": "Amagami-san Chi no Enmusubi",
    "episode_title": "Amagami-san Chi no Enmusubi Episode 7 Subtitle Indonesia",
    "episode_link": "https://otakudesu.best/episode/ascne-episode-7-sub-indo/",
    "episode_date": "25 April,2025",
    "server": "mega",
    "quality": "720p",
    "data_content": "eyJpZCI6MTgwNDgyLCJpIjozLCJxIjoiNzIwcCJ9",
    "decoded_data": {
      "id": 180482,
      "i": 3,
      "q": "720p"
    },
    "stream_url": "https://mega.nz/embed/eVYREK7C#rzzN3on2eQ5jY7EIdArY1XpceFzXYbHrfQMYuugLzFE",
    "is_default": false,
    "timestamp": "2025-09-12T08:20:47.474Z"
  },
  {
    "anime_title": "Amagami-san Chi no Enmusubi",
    "episode_title": "Amagami-san Chi no Enmusubi Episode 8 Subtitle Indonesia",
    "episode_link": "https://otakudesu.best/episode/ascne-episode-8-sub-indo/",
    "episode_date": "25 April,2025",
    "server": "otakuwatch4",
    "quality": "480p",
    "data_content": "eyJpZCI6MTgwNDg1LCJpIjowLCJxIjoiNDgwcCJ9",
    "decoded_data": {
      "id": 180485,
      "i": 0,
      "q": "480p"
    },
    "stream_url": "https://desustream.info/dstream/otakuwatch4/v2/index.php?id=Q1JYZUJjTk1tcjJ1VTN0LzYvQjRNZz09",
    "is_default": true,
    "timestamp": "2025-09-12T08:20:48.097Z"
  },
  {
    "anime_title": "Amagami-san Chi no Enmusubi",
    "episode_title": "Amagami-san Chi no Enmusubi Episode 8 Subtitle Indonesia",
    "episode_link": "https://otakudesu.best/episode/ascne-episode-8-sub-indo/",
    "episode_date": "25 April,2025",
    "server": "odstream",
    "quality": "480p",
    "data_content": "eyJpZCI6MTgwNDg1LCJpIjoxLCJxIjoiNDgwcCJ9",
    "decoded_data": {
      "id": 180485,
      "i": 1,
      "q": "480p"
    },
    "stream_url": "https://desustream.info/dstream/arcg/?id=R1k3K1BzRytFVEtYYTRoY3E2SHowdWszQ3dyTVFDR1p1VkFOb3hiY1RmenJzZmx5VUtZMjRKbmN6UUp5TjZvUWlVNG43NmZmK3U0QWFWSW96YjJEL0E9PQ==",
    "is_default": false,
    "timestamp": "2025-09-12T08:20:48.136Z"
  },
  {
    "anime_title": "Amagami-san Chi no Enmusubi",
    "episode_title": "Amagami-san Chi no Enmusubi Episode 8 Subtitle Indonesia",
    "episode_link": "https://otakudesu.best/episode/ascne-episode-8-sub-indo/",
    "episode_date": "25 April,2025",
    "server": "vidhide",
    "quality": "480p",
    "data_content": "eyJpZCI6MTgwNDg1LCJpIjoyLCJxIjoiNDgwcCJ9",
    "decoded_data": {
      "id": 180485,
      "i": 2,
      "q": "480p"
    },
    "stream_url": "https://odvidhide.com/embed/udyimokspzrs",
    "is_default": false,
    "timestamp": "2025-09-12T08:20:48.196Z"
  },
  {
    "anime_title": "Amagami-san Chi no Enmusubi",
    "episode_title": "Amagami-san Chi no Enmusubi Episode 8 Subtitle Indonesia",
    "episode_link": "https://otakudesu.best/episode/ascne-episode-8-sub-indo/",
    "episode_date": "25 April,2025",
    "server": "mega",
    "quality": "480p",
    "data_content": "eyJpZCI6MTgwNDg1LCJpIjozLCJxIjoiNDgwcCJ9",
    "decoded_data": {
      "id": 180485,
      "i": 3,
      "q": "480p"
    },
    "stream_url": "https://mega.nz/embed/6MpQ3TbS#Rurj5h7Amhmu1AEM9u_x6cdgKNuk8xfQH-C0MunWWfE",
    "is_default": false,
    "timestamp": "2025-09-12T08:20:48.243Z"
  },
  {
    "anime_title": "Amagami-san Chi no Enmusubi",
    "episode_title": "Amagami-san Chi no Enmusubi Episode 8 Subtitle Indonesia",
    "episode_link": "https://otakudesu.best/episode/ascne-episode-8-sub-indo/",
    "episode_date": "25 April,2025",
    "server": "otakuwatch4hd",
    "quality": "720p",
    "data_content": "eyJpZCI6MTgwNDg1LCJpIjowLCJxIjoiNzIwcCJ9",
    "decoded_data": {
      "id": 180485,
      "i": 0,
      "q": "720p"
    },
    "stream_url": "https://desustream.info/dstream/otakuwatch4/hd/v2/index.php?id=Q1JYZUJjTk1tcjJ1VTN0LzYvQjRNZz09",
    "is_default": false,
    "timestamp": "2025-09-12T08:20:48.271Z"
  },
  {
    "anime_title": "Amagami-san Chi no Enmusubi",
    "episode_title": "Amagami-san Chi no Enmusubi Episode 8 Subtitle Indonesia",
    "episode_link": "https://otakudesu.best/episode/ascne-episode-8-sub-indo/",
    "episode_date": "25 April,2025",
    "server": "odstreamhd",
    "quality": "720p",
    "data_content": "eyJpZCI6MTgwNDg1LCJpIjoxLCJxIjoiNzIwcCJ9",
    "decoded_data": {
      "id": 180485,
      "i": 1,
      "q": "720p"
    },
    "stream_url": "https://desustream.info/dstream/arcg/?id=R1k3K1BzRytFVEtYYTRoY3E2SHowdWszQ3dyTVFDR1p1VkFOb3hiY1RmenJzZmx5VUtZMjRKbmN6UUp5TjZvUVEwQlo2WHhxVm5vMzBROEtsckpURWc9PQ==",
    "is_default": false,
    "timestamp": "2025-09-12T08:20:48.301Z"
  },
  {
    "anime_title": "Amagami-san Chi no Enmusubi",
    "episode_title": "Amagami-san Chi no Enmusubi Episode 8 Subtitle Indonesia",
    "episode_link": "https://otakudesu.best/episode/ascne-episode-8-sub-indo/",
    "episode_date": "25 April,2025",
    "server": "vidhide",
    "quality": "720p",
    "data_content": "eyJpZCI6MTgwNDg1LCJpIjoyLCJxIjoiNzIwcCJ9",
    "decoded_data": {
      "id": 180485,
      "i": 2,
      "q": "720p"
    },
    "stream_url": "https://odvidhide.com/embed/ox8vpi5ojx57",
    "is_default": false,
    "timestamp": "2025-09-12T08:20:48.356Z"
  },
  {
    "anime_title": "Amagami-san Chi no Enmusubi",
    "episode_title": "Amagami-san Chi no Enmusubi Episode 8 Subtitle Indonesia",
    "episode_link": "https://otakudesu.best/episode/ascne-episode-8-sub-indo/",
    "episode_date": "25 April,2025",
    "server": "mega",
    "quality": "720p",
    "data_content": "eyJpZCI6MTgwNDg1LCJpIjozLCJxIjoiNzIwcCJ9",
    "decoded_data": {
      "id": 180485,
      "i": 3,
      "q": "720p"
    },
    "stream_url": "https://mega.nz/embed/SAgBnDpL#_OZTAFfB03DSrZwH_qrkwMVsIXZ27WDCJ2YH-f1QC2k",
    "is_default": false,
    "timestamp": "2025-09-12T08:20:48.399Z"
  },
  {
    "anime_title": "Amagami-san Chi no Enmusubi",
    "episode_title": "Amagami-san Chi no Enmusubi Episode 8 Subtitle Indonesia",
    "episode_link": "https://otakudesu.best/episode/ascne-episode-8-sub-indo/",
    "episode_date": "25 April,2025",
    "server": "otakuwatch4",
    "quality": "480p",
    "data_content": "eyJpZCI6MTgwNDg1LCJpIjowLCJxIjoiNDgwcCJ9",
    "decoded_data": {
      "id": 180485,
      "i": 0,
      "q": "480p"
    },
    "stream_url": "https://desustream.info/dstream/otakuwatch4/v2/index.php?id=Q1JYZUJjTk1tcjJ1VTN0LzYvQjRNZz09",
    "is_default": true,
    "timestamp": "2025-09-12T08:20:48.097Z"
  },
  {
    "anime_title": "Amagami-san Chi no Enmusubi",
    "episode_title": "Amagami-san Chi no Enmusubi Episode 8 Subtitle Indonesia",
    "episode_link": "https://otakudesu.best/episode/ascne-episode-8-sub-indo/",
    "episode_date": "25 April,2025",
    "server": "odstream",
    "quality": "480p",
    "data_content": "eyJpZCI6MTgwNDg1LCJpIjoxLCJxIjoiNDgwcCJ9",
    "decoded_data": {
      "id": 180485,
      "i": 1,
      "q": "480p"
    },
    "stream_url": "https://desustream.info/dstream/arcg/?id=R1k3K1BzRytFVEtYYTRoY3E2SHowdWszQ3dyTVFDR1p1VkFOb3hiY1RmenJzZmx5VUtZMjRKbmN6UUp5TjZvUWlVNG43NmZmK3U0QWFWSW96YjJEL0E9PQ==",
    "is_default": false,
    "timestamp": "2025-09-12T08:20:48.136Z"
  },
  {
    "anime_title": "Amagami-san Chi no Enmusubi",
    "episode_title": "Amagami-san Chi no Enmusubi Episode 8 Subtitle Indonesia",
    "episode_link": "https://otakudesu.best/episode/ascne-episode-8-sub-indo/",
    "episode_date": "25 April,2025",
    "server": "vidhide",
    "quality": "480p",
    "data_content": "eyJpZCI6MTgwNDg1LCJpIjoyLCJxIjoiNDgwcCJ9",
    "decoded_data": {
      "id": 180485,
      "i": 2,
      "q": "480p"
    },
    "stream_url": "https://odvidhide.com/embed/udyimokspzrs",
    "is_default": false,
    "timestamp": "2025-09-12T08:20:48.196Z"
  },
  {
    "anime_title": "Amagami-san Chi no Enmusubi",
    "episode_title": "Amagami-san Chi no Enmusubi Episode 8 Subtitle Indonesia",
    "episode_link": "https://otakudesu.best/episode/ascne-episode-8-sub-indo/",
    "episode_date": "25 April,2025",
    "server": "mega",
    "quality": "480p",
    "data_content": "eyJpZCI6MTgwNDg1LCJpIjozLCJxIjoiNDgwcCJ9",
    "decoded_data": {
      "id": 180485,
      "i": 3,
      "q": "480p"
    },
    "stream_url": "https://mega.nz/embed/6MpQ3TbS#Rurj5h7Amhmu1AEM9u_x6cdgKNuk8xfQH-C0MunWWfE",
    "is_default": false,
    "timestamp": "2025-09-12T08:20:48.243Z"
  },
  {
    "anime_title": "Amagami-san Chi no Enmusubi",
    "episode_title": "Amagami-san Chi no Enmusubi Episode 8 Subtitle Indonesia",
    "episode_link": "https://otakudesu.best/episode/ascne-episode-8-sub-indo/",
    "episode_date": "25 April,2025",
    "server": "otakuwatch4hd",
    "quality": "720p",
    "data_content": "eyJpZCI6MTgwNDg1LCJpIjowLCJxIjoiNzIwcCJ9",
    "decoded_data": {
      "id": 180485,
      "i": 0,
      "q": "720p"
    },
    "stream_url": "https://desustream.info/dstream/otakuwatch4/hd/v2/index.php?id=Q1JYZUJjTk1tcjJ1VTN0LzYvQjRNZz09",
    "is_default": false,
    "timestamp": "2025-09-12T08:20:48.271Z"
  },
  {
    "anime_title": "Amagami-san Chi no Enmusubi",
    "episode_title": "Amagami-san Chi no Enmusubi Episode 8 Subtitle Indonesia",
    "episode_link": "https://otakudesu.best/episode/ascne-episode-8-sub-indo/",
    "episode_date": "25 April,2025",
    "server": "odstreamhd",
    "quality": "720p",
    "data_content": "eyJpZCI6MTgwNDg1LCJpIjoxLCJxIjoiNzIwcCJ9",
    "decoded_data": {
      "id": 180485,
      "i": 1,
      "q": "720p"
    },
    "stream_url": "https://desustream.info/dstream/arcg/?id=R1k3K1BzRytFVEtYYTRoY3E2SHowdWszQ3dyTVFDR1p1VkFOb3hiY1RmenJzZmx5VUtZMjRKbmN6UUp5TjZvUVEwQlo2WHhxVm5vMzBROEtsckpURWc9PQ==",
    "is_default": false,
    "timestamp": "2025-09-12T08:20:48.301Z"
  },
  {
    "anime_title": "Amagami-san Chi no Enmusubi",
    "episode_title": "Amagami-san Chi no Enmusubi Episode 8 Subtitle Indonesia",
    "episode_link": "https://otakudesu.best/episode/ascne-episode-8-sub-indo/",
    "episode_date": "25 April,2025",
    "server": "vidhide",
    "quality": "720p",
    "data_content": "eyJpZCI6MTgwNDg1LCJpIjoyLCJxIjoiNzIwcCJ9",
    "decoded_data": {
      "id": 180485,
      "i": 2,
      "q": "720p"
    },
    "stream_url": "https://odvidhide.com/embed/ox8vpi5ojx57",
    "is_default": false,
    "timestamp": "2025-09-12T08:20:48.356Z"
  },
  {
    "anime_title": "Amagami-san Chi no Enmusubi",
    "episode_title": "Amagami-san Chi no Enmusubi Episode 8 Subtitle Indonesia",
    "episode_link": "https://otakudesu.best/episode/ascne-episode-8-sub-indo/",
    "episode_date": "25 April,2025",
    "server": "mega",
    "quality": "720p",
    "data_content": "eyJpZCI6MTgwNDg1LCJpIjozLCJxIjoiNzIwcCJ9",
    "decoded_data": {
      "id": 180485,
      "i": 3,
      "q": "720p"
    },
    "stream_url": "https://mega.nz/embed/SAgBnDpL#_OZTAFfB03DSrZwH_qrkwMVsIXZ27WDCJ2YH-f1QC2k",
    "is_default": false,
    "timestamp": "2025-09-12T08:20:48.399Z"
  },
  {
    "anime_title": "Amagami-san Chi no Enmusubi",
    "episode_title": "Amagami-san Chi no Enmusubi Episode 9 Subtitle Indonesia",
    "episode_link": "https://otakudesu.best/episode/ascne-episode-9-sub-indo/",
    "episode_date": "25 April,2025",
    "server": "otakuwatch4",
    "quality": "480p",
    "data_content": "eyJpZCI6MTgwNDgxLCJpIjowLCJxIjoiNDgwcCJ9",
    "decoded_data": {
      "id": 180481,
      "i": 0,
      "q": "480p"
    },
    "stream_url": "https://desustream.info/dstream/otakuwatch4/v2/index.php?id=dkJnZmdtcmRTZXN6UUlFYWxyaEJ6Zz09",
    "is_default": true,
    "timestamp": "2025-09-12T08:20:49.027Z"
  },
  {
    "anime_title": "Amagami-san Chi no Enmusubi",
    "episode_title": "Amagami-san Chi no Enmusubi Episode 9 Subtitle Indonesia",
    "episode_link": "https://otakudesu.best/episode/ascne-episode-9-sub-indo/",
    "episode_date": "25 April,2025",
    "server": "odstream",
    "quality": "480p",
    "data_content": "eyJpZCI6MTgwNDgxLCJpIjoxLCJxIjoiNDgwcCJ9",
    "decoded_data": {
      "id": 180481,
      "i": 1,
      "q": "480p"
    },
    "stream_url": "https://desustream.info/dstream/arcg/?id=R1k3K1BzRytFVEtYYTRoY3E2SHowdWszQ3dyTVFDR1p1VkFOb3hiY1RmenJzZmx5VUtZMjRKbmN6UUp5TjZvUUFQL0ZPaEtqc3BVeGhORXR4TkVvN0E9PQ==",
    "is_default": false,
    "timestamp": "2025-09-12T08:20:49.060Z"
  },
  {
    "anime_title": "Amagami-san Chi no Enmusubi",
    "episode_title": "Amagami-san Chi no Enmusubi Episode 9 Subtitle Indonesia",
    "episode_link": "https://otakudesu.best/episode/ascne-episode-9-sub-indo/",
    "episode_date": "25 April,2025",
    "server": "vidhide",
    "quality": "480p",
    "data_content": "eyJpZCI6MTgwNDgxLCJpIjoyLCJxIjoiNDgwcCJ9",
    "decoded_data": {
      "id": 180481,
      "i": 2,
      "q": "480p"
    },
    "stream_url": "https://odvidhide.com/embed/6cey12vvygso",
    "is_default": false,
    "timestamp": "2025-09-12T08:20:49.104Z"
  },
  {
    "anime_title": "Amagami-san Chi no Enmusubi",
    "episode_title": "Amagami-san Chi no Enmusubi Episode 9 Subtitle Indonesia",
    "episode_link": "https://otakudesu.best/episode/ascne-episode-9-sub-indo/",
    "episode_date": "25 April,2025",
    "server": "mega",
    "quality": "480p",
    "data_content": "eyJpZCI6MTgwNDgxLCJpIjozLCJxIjoiNDgwcCJ9",
    "decoded_data": {
      "id": 180481,
      "i": 3,
      "q": "480p"
    },
    "stream_url": "https://mega.nz/embed/mF5iwQYQ#G2U3qXRekYzUyHQ9HdsglinAjGXzqRbYUdnpw1NqoU0",
    "is_default": false,
    "timestamp": "2025-09-12T08:20:49.155Z"
  },
  {
    "anime_title": "Amagami-san Chi no Enmusubi",
    "episode_title": "Amagami-san Chi no Enmusubi Episode 9 Subtitle Indonesia",
    "episode_link": "https://otakudesu.best/episode/ascne-episode-9-sub-indo/",
    "episode_date": "25 April,2025",
    "server": "otakuwatch4hd",
    "quality": "720p",
    "data_content": "eyJpZCI6MTgwNDgxLCJpIjowLCJxIjoiNzIwcCJ9",
    "decoded_data": {
      "id": 180481,
      "i": 0,
      "q": "720p"
    },
    "stream_url": "https://desustream.info/dstream/otakuwatch4/hd/v2/index.php?id=dkJnZmdtcmRTZXN6UUlFYWxyaEJ6Zz09",
    "is_default": false,
    "timestamp": "2025-09-12T08:20:49.195Z"
  },
  {
    "anime_title": "Amagami-san Chi no Enmusubi",
    "episode_title": "Amagami-san Chi no Enmusubi Episode 9 Subtitle Indonesia",
    "episode_link": "https://otakudesu.best/episode/ascne-episode-9-sub-indo/",
    "episode_date": "25 April,2025",
    "server": "odstreamhd",
    "quality": "720p",
    "data_content": "eyJpZCI6MTgwNDgxLCJpIjoxLCJxIjoiNzIwcCJ9",
    "decoded_data": {
      "id": 180481,
      "i": 1,
      "q": "720p"
    },
    "stream_url": "https://desustream.info/dstream/arcg/?id=R1k3K1BzRytFVEtYYTRoY3E2SHowdWszQ3dyTVFDR1p1VkFOb3hiY1RmenJzZmx5VUtZMjRKbmN6UUp5TjZvUUxPR3NOSjZ3OWdnUU5VaERtVDM2K0E9PQ==",
    "is_default": false,
    "timestamp": "2025-09-12T08:20:49.208Z"
  },
  {
    "anime_title": "Amagami-san Chi no Enmusubi",
    "episode_title": "Amagami-san Chi no Enmusubi Episode 9 Subtitle Indonesia",
    "episode_link": "https://otakudesu.best/episode/ascne-episode-9-sub-indo/",
    "episode_date": "25 April,2025",
    "server": "vidhide",
    "quality": "720p",
    "data_content": "eyJpZCI6MTgwNDgxLCJpIjoyLCJxIjoiNzIwcCJ9",
    "decoded_data": {
      "id": 180481,
      "i": 2,
      "q": "720p"
    },
    "stream_url": "https://odvidhide.com/embed/abp03ymceh3e",
    "is_default": false,
    "timestamp": "2025-09-12T08:20:49.237Z"
  },
  {
    "anime_title": "Amagami-san Chi no Enmusubi",
    "episode_title": "Amagami-san Chi no Enmusubi Episode 9 Subtitle Indonesia",
    "episode_link": "https://otakudesu.best/episode/ascne-episode-9-sub-indo/",
    "episode_date": "25 April,2025",
    "server": "mega",
    "quality": "720p",
    "data_content": "eyJpZCI6MTgwNDgxLCJpIjozLCJxIjoiNzIwcCJ9",
    "decoded_data": {
      "id": 180481,
      "i": 3,
      "q": "720p"
    },
    "stream_url": "https://mega.nz/embed/XIgmzBxL#l4T6kB9VTDtNsF__o0pYS4PmkgYywrknin9GG5hm56Q",
    "is_default": false,
    "timestamp": "2025-09-12T08:20:49.302Z"
  },
  {
    "anime_title": "Amagami-san Chi no Enmusubi",
    "episode_title": "Amagami-san Chi no Enmusubi Episode 9 Subtitle Indonesia",
    "episode_link": "https://otakudesu.best/episode/ascne-episode-9-sub-indo/",
    "episode_date": "25 April,2025",
    "server": "otakuwatch4",
    "quality": "480p",
    "data_content": "eyJpZCI6MTgwNDgxLCJpIjowLCJxIjoiNDgwcCJ9",
    "decoded_data": {
      "id": 180481,
      "i": 0,
      "q": "480p"
    },
    "stream_url": "https://desustream.info/dstream/otakuwatch4/v2/index.php?id=dkJnZmdtcmRTZXN6UUlFYWxyaEJ6Zz09",
    "is_default": true,
    "timestamp": "2025-09-12T08:20:49.027Z"
  },
  {
    "anime_title": "Amagami-san Chi no Enmusubi",
    "episode_title": "Amagami-san Chi no Enmusubi Episode 9 Subtitle Indonesia",
    "episode_link": "https://otakudesu.best/episode/ascne-episode-9-sub-indo/",
    "episode_date": "25 April,2025",
    "server": "odstream",
    "quality": "480p",
    "data_content": "eyJpZCI6MTgwNDgxLCJpIjoxLCJxIjoiNDgwcCJ9",
    "decoded_data": {
      "id": 180481,
      "i": 1,
      "q": "480p"
    },
    "stream_url": "https://desustream.info/dstream/arcg/?id=R1k3K1BzRytFVEtYYTRoY3E2SHowdWszQ3dyTVFDR1p1VkFOb3hiY1RmenJzZmx5VUtZMjRKbmN6UUp5TjZvUUFQL0ZPaEtqc3BVeGhORXR4TkVvN0E9PQ==",
    "is_default": false,
    "timestamp": "2025-09-12T08:20:49.060Z"
  },
  {
    "anime_title": "Amagami-san Chi no Enmusubi",
    "episode_title": "Amagami-san Chi no Enmusubi Episode 9 Subtitle Indonesia",
    "episode_link": "https://otakudesu.best/episode/ascne-episode-9-sub-indo/",
    "episode_date": "25 April,2025",
    "server": "vidhide",
    "quality": "480p",
    "data_content": "eyJpZCI6MTgwNDgxLCJpIjoyLCJxIjoiNDgwcCJ9",
    "decoded_data": {
      "id": 180481,
      "i": 2,
      "q": "480p"
    },
    "stream_url": "https://odvidhide.com/embed/6cey12vvygso",
    "is_default": false,
    "timestamp": "2025-09-12T08:20:49.104Z"
  },
  {
    "anime_title": "Amagami-san Chi no Enmusubi",
    "episode_title": "Amagami-san Chi no Enmusubi Episode 9 Subtitle Indonesia",
    "episode_link": "https://otakudesu.best/episode/ascne-episode-9-sub-indo/",
    "episode_date": "25 April,2025",
    "server": "mega",
    "quality": "480p",
    "data_content": "eyJpZCI6MTgwNDgxLCJpIjozLCJxIjoiNDgwcCJ9",
    "decoded_data": {
      "id": 180481,
      "i": 3,
      "q": "480p"
    },
    "stream_url": "https://mega.nz/embed/mF5iwQYQ#G2U3qXRekYzUyHQ9HdsglinAjGXzqRbYUdnpw1NqoU0",
    "is_default": false,
    "timestamp": "2025-09-12T08:20:49.155Z"
  },
  {
    "anime_title": "Amagami-san Chi no Enmusubi",
    "episode_title": "Amagami-san Chi no Enmusubi Episode 9 Subtitle Indonesia",
    "episode_link": "https://otakudesu.best/episode/ascne-episode-9-sub-indo/",
    "episode_date": "25 April,2025",
    "server": "otakuwatch4hd",
    "quality": "720p",
    "data_content": "eyJpZCI6MTgwNDgxLCJpIjowLCJxIjoiNzIwcCJ9",
    "decoded_data": {
      "id": 180481,
      "i": 0,
      "q": "720p"
    },
    "stream_url": "https://desustream.info/dstream/otakuwatch4/hd/v2/index.php?id=dkJnZmdtcmRTZXN6UUlFYWxyaEJ6Zz09",
    "is_default": false,
    "timestamp": "2025-09-12T08:20:49.195Z"
  },
  {
    "anime_title": "Amagami-san Chi no Enmusubi",
    "episode_title": "Amagami-san Chi no Enmusubi Episode 9 Subtitle Indonesia",
    "episode_link": "https://otakudesu.best/episode/ascne-episode-9-sub-indo/",
    "episode_date": "25 April,2025",
    "server": "odstreamhd",
    "quality": "720p",
    "data_content": "eyJpZCI6MTgwNDgxLCJpIjoxLCJxIjoiNzIwcCJ9",
    "decoded_data": {
      "id": 180481,
      "i": 1,
      "q": "720p"
    },
    "stream_url": "https://desustream.info/dstream/arcg/?id=R1k3K1BzRytFVEtYYTRoY3E2SHowdWszQ3dyTVFDR1p1VkFOb3hiY1RmenJzZmx5VUtZMjRKbmN6UUp5TjZvUUxPR3NOSjZ3OWdnUU5VaERtVDM2K0E9PQ==",
    "is_default": false,
    "timestamp": "2025-09-12T08:20:49.208Z"
  },
  {
    "anime_title": "Amagami-san Chi no Enmusubi",
    "episode_title": "Amagami-san Chi no Enmusubi Episode 9 Subtitle Indonesia",
    "episode_link": "https://otakudesu.best/episode/ascne-episode-9-sub-indo/",
    "episode_date": "25 April,2025",
    "server": "vidhide",
    "quality": "720p",
    "data_content": "eyJpZCI6MTgwNDgxLCJpIjoyLCJxIjoiNzIwcCJ9",
    "decoded_data": {
      "id": 180481,
      "i": 2,
      "q": "720p"
    },
    "stream_url": "https://odvidhide.com/embed/abp03ymceh3e",
    "is_default": false,
    "timestamp": "2025-09-12T08:20:49.237Z"
  },
  {
    "anime_title": "Amagami-san Chi no Enmusubi",
    "episode_title": "Amagami-san Chi no Enmusubi Episode 9 Subtitle Indonesia",
    "episode_link": "https://otakudesu.best/episode/ascne-episode-9-sub-indo/",
    "episode_date": "25 April,2025",
    "server": "mega",
    "quality": "720p",
    "data_content": "eyJpZCI6MTgwNDgxLCJpIjozLCJxIjoiNzIwcCJ9",
    "decoded_data": {
      "id": 180481,
      "i": 3,
      "q": "720p"
    },
    "stream_url": "https://mega.nz/embed/XIgmzBxL#l4T6kB9VTDtNsF__o0pYS4PmkgYywrknin9GG5hm56Q",
    "is_default": false,
    "timestamp": "2025-09-12T08:20:49.302Z"
  },
  {
    "anime_title": "Amagami-san Chi no Enmusubi",
    "episode_title": "Amagami-san Chi no Enmusubi Episode 10 Subtitle Indonesia",
    "episode_link": "https://otakudesu.best/episode/ascne-episode-10-sub-indo/",
    "episode_date": "25 April,2025",
    "server": "otakuwatch4",
    "quality": "480p",
    "data_content": "eyJpZCI6MTgwNDg3LCJpIjowLCJxIjoiNDgwcCJ9",
    "decoded_data": {
      "id": 180487,
      "i": 0,
      "q": "480p"
    },
    "stream_url": "https://desustream.info/dstream/otakuwatch4/v2/index.php?id=c2wyMlJIdmNDZU9HQWFYczJHb0hrUT09",
    "is_default": true,
    "timestamp": "2025-09-12T08:20:49.952Z"
  },
  {
    "anime_title": "Amagami-san Chi no Enmusubi",
    "episode_title": "Amagami-san Chi no Enmusubi Episode 10 Subtitle Indonesia",
    "episode_link": "https://otakudesu.best/episode/ascne-episode-10-sub-indo/",
    "episode_date": "25 April,2025",
    "server": "odstream",
    "quality": "480p",
    "data_content": "eyJpZCI6MTgwNDg3LCJpIjoxLCJxIjoiNDgwcCJ9",
    "decoded_data": {
      "id": 180487,
      "i": 1,
      "q": "480p"
    },
    "stream_url": "https://desustream.info/dstream/arcg/?id=R1k3K1BzRytFVEtYYTRoY3E2SHowdWszQ3dyTVFDR1p1VkFOb3hiY1RmenJzZmx5VUtZMjRKbmN6UUp5TjZvUTlHYjE2UWVOb2c1VkRMd2NvdTAxZ0E9PQ==",
    "is_default": false,
    "timestamp": "2025-09-12T08:20:49.985Z"
  },
  {
    "anime_title": "Amagami-san Chi no Enmusubi",
    "episode_title": "Amagami-san Chi no Enmusubi Episode 10 Subtitle Indonesia",
    "episode_link": "https://otakudesu.best/episode/ascne-episode-10-sub-indo/",
    "episode_date": "25 April,2025",
    "server": "vidhide",
    "quality": "480p",
    "data_content": "eyJpZCI6MTgwNDg3LCJpIjoyLCJxIjoiNDgwcCJ9",
    "decoded_data": {
      "id": 180487,
      "i": 2,
      "q": "480p"
    },
    "stream_url": "https://odvidhide.com/embed/gbx1h10amjnx",
    "is_default": false,
    "timestamp": "2025-09-12T08:20:50.025Z"
  },
  {
    "anime_title": "Amagami-san Chi no Enmusubi",
    "episode_title": "Amagami-san Chi no Enmusubi Episode 10 Subtitle Indonesia",
    "episode_link": "https://otakudesu.best/episode/ascne-episode-10-sub-indo/",
    "episode_date": "25 April,2025",
    "server": "mega",
    "quality": "480p",
    "data_content": "eyJpZCI6MTgwNDg3LCJpIjozLCJxIjoiNDgwcCJ9",
    "decoded_data": {
      "id": 180487,
      "i": 3,
      "q": "480p"
    },
    "stream_url": "https://mega.nz/embed/6ZwHnaCY#uvEY8hLORaUu3UQe36lqk3qYnTGEAsY7Uzsbt75gLsM",
    "is_default": false,
    "timestamp": "2025-09-12T08:20:50.042Z"
  },
  {
    "anime_title": "Amagami-san Chi no Enmusubi",
    "episode_title": "Amagami-san Chi no Enmusubi Episode 10 Subtitle Indonesia",
    "episode_link": "https://otakudesu.best/episode/ascne-episode-10-sub-indo/",
    "episode_date": "25 April,2025",
    "server": "otakuwatch4hd",
    "quality": "720p",
    "data_content": "eyJpZCI6MTgwNDg3LCJpIjowLCJxIjoiNzIwcCJ9",
    "decoded_data": {
      "id": 180487,
      "i": 0,
      "q": "720p"
    },
    "stream_url": "https://desustream.info/dstream/otakuwatch4/hd/v2/index.php?id=c2wyMlJIdmNDZU9HQWFYczJHb0hrUT09",
    "is_default": false,
    "timestamp": "2025-09-12T08:20:50.085Z"
  },
  {
    "anime_title": "Amagami-san Chi no Enmusubi",
    "episode_title": "Amagami-san Chi no Enmusubi Episode 10 Subtitle Indonesia",
    "episode_link": "https://otakudesu.best/episode/ascne-episode-10-sub-indo/",
    "episode_date": "25 April,2025",
    "server": "odstreamhd",
    "quality": "720p",
    "data_content": "eyJpZCI6MTgwNDg3LCJpIjoxLCJxIjoiNzIwcCJ9",
    "decoded_data": {
      "id": 180487,
      "i": 1,
      "q": "720p"
    },
    "stream_url": "https://desustream.info/dstream/arcg/?id=R1k3K1BzRytFVEtYYTRoY3E2SHowdWszQ3dyTVFDR1p1VkFOb3hiY1RmenJzZmx5VUtZMjRKbmN6UUp5TjZvUS9qSjZ5T3d6SElFN3NwNGdMNXJJWFE9PQ==",
    "is_default": false,
    "timestamp": "2025-09-12T08:20:50.135Z"
  },
  {
    "anime_title": "Amagami-san Chi no Enmusubi",
    "episode_title": "Amagami-san Chi no Enmusubi Episode 10 Subtitle Indonesia",
    "episode_link": "https://otakudesu.best/episode/ascne-episode-10-sub-indo/",
    "episode_date": "25 April,2025",
    "server": "vidhide",
    "quality": "720p",
    "data_content": "eyJpZCI6MTgwNDg3LCJpIjoyLCJxIjoiNzIwcCJ9",
    "decoded_data": {
      "id": 180487,
      "i": 2,
      "q": "720p"
    },
    "stream_url": "https://odvidhide.com/embed/6rz4s9cde8zj",
    "is_default": false,
    "timestamp": "2025-09-12T08:20:50.149Z"
  },
  {
    "anime_title": "Amagami-san Chi no Enmusubi",
    "episode_title": "Amagami-san Chi no Enmusubi Episode 10 Subtitle Indonesia",
    "episode_link": "https://otakudesu.best/episode/ascne-episode-10-sub-indo/",
    "episode_date": "25 April,2025",
    "server": "mega",
    "quality": "720p",
    "data_content": "eyJpZCI6MTgwNDg3LCJpIjozLCJxIjoiNzIwcCJ9",
    "decoded_data": {
      "id": 180487,
      "i": 3,
      "q": "720p"
    },
    "stream_url": "https://mega.nz/embed/iFZ3HSib#sdNHR1DIyBKmBkpsmjzWTLElOdABZoEc3v3ax4M6Esk",
    "is_default": false,
    "timestamp": "2025-09-12T08:20:50.181Z"
  },
  {
    "anime_title": "Amagami-san Chi no Enmusubi",
    "episode_title": "Amagami-san Chi no Enmusubi Episode 10 Subtitle Indonesia",
    "episode_link": "https://otakudesu.best/episode/ascne-episode-10-sub-indo/",
    "episode_date": "25 April,2025",
    "server": "otakuwatch4",
    "quality": "480p",
    "data_content": "eyJpZCI6MTgwNDg3LCJpIjowLCJxIjoiNDgwcCJ9",
    "decoded_data": {
      "id": 180487,
      "i": 0,
      "q": "480p"
    },
    "stream_url": "https://desustream.info/dstream/otakuwatch4/v2/index.php?id=c2wyMlJIdmNDZU9HQWFYczJHb0hrUT09",
    "is_default": true,
    "timestamp": "2025-09-12T08:20:49.952Z"
  },
  {
    "anime_title": "Amagami-san Chi no Enmusubi",
    "episode_title": "Amagami-san Chi no Enmusubi Episode 10 Subtitle Indonesia",
    "episode_link": "https://otakudesu.best/episode/ascne-episode-10-sub-indo/",
    "episode_date": "25 April,2025",
    "server": "odstream",
    "quality": "480p",
    "data_content": "eyJpZCI6MTgwNDg3LCJpIjoxLCJxIjoiNDgwcCJ9",
    "decoded_data": {
      "id": 180487,
      "i": 1,
      "q": "480p"
    },
    "stream_url": "https://desustream.info/dstream/arcg/?id=R1k3K1BzRytFVEtYYTRoY3E2SHowdWszQ3dyTVFDR1p1VkFOb3hiY1RmenJzZmx5VUtZMjRKbmN6UUp5TjZvUTlHYjE2UWVOb2c1VkRMd2NvdTAxZ0E9PQ==",
    "is_default": false,
    "timestamp": "2025-09-12T08:20:49.985Z"
  },
  {
    "anime_title": "Amagami-san Chi no Enmusubi",
    "episode_title": "Amagami-san Chi no Enmusubi Episode 10 Subtitle Indonesia",
    "episode_link": "https://otakudesu.best/episode/ascne-episode-10-sub-indo/",
    "episode_date": "25 April,2025",
    "server": "vidhide",
    "quality": "480p",
    "data_content": "eyJpZCI6MTgwNDg3LCJpIjoyLCJxIjoiNDgwcCJ9",
    "decoded_data": {
      "id": 180487,
      "i": 2,
      "q": "480p"
    },
    "stream_url": "https://odvidhide.com/embed/gbx1h10amjnx",
    "is_default": false,
    "timestamp": "2025-09-12T08:20:50.025Z"
  },
  {
    "anime_title": "Amagami-san Chi no Enmusubi",
    "episode_title": "Amagami-san Chi no Enmusubi Episode 10 Subtitle Indonesia",
    "episode_link": "https://otakudesu.best/episode/ascne-episode-10-sub-indo/",
    "episode_date": "25 April,2025",
    "server": "mega",
    "quality": "480p",
    "data_content": "eyJpZCI6MTgwNDg3LCJpIjozLCJxIjoiNDgwcCJ9",
    "decoded_data": {
      "id": 180487,
      "i": 3,
      "q": "480p"
    },
    "stream_url": "https://mega.nz/embed/6ZwHnaCY#uvEY8hLORaUu3UQe36lqk3qYnTGEAsY7Uzsbt75gLsM",
    "is_default": false,
    "timestamp": "2025-09-12T08:20:50.042Z"
  },
  {
    "anime_title": "Amagami-san Chi no Enmusubi",
    "episode_title": "Amagami-san Chi no Enmusubi Episode 10 Subtitle Indonesia",
    "episode_link": "https://otakudesu.best/episode/ascne-episode-10-sub-indo/",
    "episode_date": "25 April,2025",
    "server": "otakuwatch4hd",
    "quality": "720p",
    "data_content": "eyJpZCI6MTgwNDg3LCJpIjowLCJxIjoiNzIwcCJ9",
    "decoded_data": {
      "id": 180487,
      "i": 0,
      "q": "720p"
    },
    "stream_url": "https://desustream.info/dstream/otakuwatch4/hd/v2/index.php?id=c2wyMlJIdmNDZU9HQWFYczJHb0hrUT09",
    "is_default": false,
    "timestamp": "2025-09-12T08:20:50.085Z"
  },
  {
    "anime_title": "Amagami-san Chi no Enmusubi",
    "episode_title": "Amagami-san Chi no Enmusubi Episode 10 Subtitle Indonesia",
    "episode_link": "https://otakudesu.best/episode/ascne-episode-10-sub-indo/",
    "episode_date": "25 April,2025",
    "server": "odstreamhd",
    "quality": "720p",
    "data_content": "eyJpZCI6MTgwNDg3LCJpIjoxLCJxIjoiNzIwcCJ9",
    "decoded_data": {
      "id": 180487,
      "i": 1,
      "q": "720p"
    },
    "stream_url": "https://desustream.info/dstream/arcg/?id=R1k3K1BzRytFVEtYYTRoY3E2SHowdWszQ3dyTVFDR1p1VkFOb3hiY1RmenJzZmx5VUtZMjRKbmN6UUp5TjZvUS9qSjZ5T3d6SElFN3NwNGdMNXJJWFE9PQ==",
    "is_default": false,
    "timestamp": "2025-09-12T08:20:50.135Z"
  },
  {
    "anime_title": "Amagami-san Chi no Enmusubi",
    "episode_title": "Amagami-san Chi no Enmusubi Episode 10 Subtitle Indonesia",
    "episode_link": "https://otakudesu.best/episode/ascne-episode-10-sub-indo/",
    "episode_date": "25 April,2025",
    "server": "vidhide",
    "quality": "720p",
    "data_content": "eyJpZCI6MTgwNDg3LCJpIjoyLCJxIjoiNzIwcCJ9",
    "decoded_data": {
      "id": 180487,
      "i": 2,
      "q": "720p"
    },
    "stream_url": "https://odvidhide.com/embed/6rz4s9cde8zj",
    "is_default": false,
    "timestamp": "2025-09-12T08:20:50.149Z"
  },
  {
    "anime_title": "Amagami-san Chi no Enmusubi",
    "episode_title": "Amagami-san Chi no Enmusubi Episode 10 Subtitle Indonesia",
    "episode_link": "https://otakudesu.best/episode/ascne-episode-10-sub-indo/",
    "episode_date": "25 April,2025",
    "server": "mega",
    "quality": "720p",
    "data_content": "eyJpZCI6MTgwNDg3LCJpIjozLCJxIjoiNzIwcCJ9",
    "decoded_data": {
      "id": 180487,
      "i": 3,
      "q": "720p"
    },
    "stream_url": "https://mega.nz/embed/iFZ3HSib#sdNHR1DIyBKmBkpsmjzWTLElOdABZoEc3v3ax4M6Esk",
    "is_default": false,
    "timestamp": "2025-09-12T08:20:50.181Z"
  },
  {
    "anime_title": "Amagami-san Chi no Enmusubi",
    "episode_title": "Amagami-san Chi no Enmusubi Episode 11 Subtitle Indonesia",
    "episode_link": "https://otakudesu.best/episode/ascne-episode-11-sub-indo/",
    "episode_date": "25 April,2025",
    "server": "otakuwatch4",
    "quality": "480p",
    "data_content": "eyJpZCI6MTgwNDg5LCJpIjowLCJxIjoiNDgwcCJ9",
    "decoded_data": {
      "id": 180489,
      "i": 0,
      "q": "480p"
    },
    "stream_url": "https://desustream.info/dstream/otakuwatch4/v2/index.php?id=V25TMWI0Zmk5TGtWcVFtaHd6OG1Pdz09",
    "is_default": true,
    "timestamp": "2025-09-12T08:20:50.821Z"
  },
  {
    "anime_title": "Amagami-san Chi no Enmusubi",
    "episode_title": "Amagami-san Chi no Enmusubi Episode 11 Subtitle Indonesia",
    "episode_link": "https://otakudesu.best/episode/ascne-episode-11-sub-indo/",
    "episode_date": "25 April,2025",
    "server": "odstream",
    "quality": "480p",
    "data_content": "eyJpZCI6MTgwNDg5LCJpIjoxLCJxIjoiNDgwcCJ9",
    "decoded_data": {
      "id": 180489,
      "i": 1,
      "q": "480p"
    },
    "stream_url": "https://desustream.info/dstream/arcg/?id=R1k3K1BzRytFVEtYYTRoY3E2SHowdWszQ3dyTVFDR1p1VkFOb3hiY1RmenJzZmx5VUtZMjRKbmN6UUp5TjZvUThlZ1dYTVdMR3ozTDVxeExVSm40TlE9PQ==",
    "is_default": false,
    "timestamp": "2025-09-12T08:20:50.848Z"
  },
  {
    "anime_title": "Amagami-san Chi no Enmusubi",
    "episode_title": "Amagami-san Chi no Enmusubi Episode 11 Subtitle Indonesia",
    "episode_link": "https://otakudesu.best/episode/ascne-episode-11-sub-indo/",
    "episode_date": "25 April,2025",
    "server": "vidhide",
    "quality": "480p",
    "data_content": "eyJpZCI6MTgwNDg5LCJpIjoyLCJxIjoiNDgwcCJ9",
    "decoded_data": {
      "id": 180489,
      "i": 2,
      "q": "480p"
    },
    "stream_url": "https://odvidhide.com/embed/9ykv6rl4kz5h",
    "is_default": false,
    "timestamp": "2025-09-12T08:20:50.896Z"
  },
  {
    "anime_title": "Amagami-san Chi no Enmusubi",
    "episode_title": "Amagami-san Chi no Enmusubi Episode 11 Subtitle Indonesia",
    "episode_link": "https://otakudesu.best/episode/ascne-episode-11-sub-indo/",
    "episode_date": "25 April,2025",
    "server": "mega",
    "quality": "480p",
    "data_content": "eyJpZCI6MTgwNDg5LCJpIjozLCJxIjoiNDgwcCJ9",
    "decoded_data": {
      "id": 180489,
      "i": 3,
      "q": "480p"
    },
    "stream_url": "https://mega.nz/embed/qUhkRLxT#EJX5Stu5BWOePyj5q332kYnFL0xANtvSSN7L5-wiTM0",
    "is_default": false,
    "timestamp": "2025-09-12T08:20:50.918Z"
  },
  {
    "anime_title": "Amagami-san Chi no Enmusubi",
    "episode_title": "Amagami-san Chi no Enmusubi Episode 11 Subtitle Indonesia",
    "episode_link": "https://otakudesu.best/episode/ascne-episode-11-sub-indo/",
    "episode_date": "25 April,2025",
    "server": "otakuwatch4hd",
    "quality": "720p",
    "data_content": "eyJpZCI6MTgwNDg5LCJpIjowLCJxIjoiNzIwcCJ9",
    "decoded_data": {
      "id": 180489,
      "i": 0,
      "q": "720p"
    },
    "stream_url": "https://desustream.info/dstream/otakuwatch4/hd/v2/index.php?id=V25TMWI0Zmk5TGtWcVFtaHd6OG1Pdz09",
    "is_default": false,
    "timestamp": "2025-09-12T08:20:51.074Z"
  },
  {
    "anime_title": "Amagami-san Chi no Enmusubi",
    "episode_title": "Amagami-san Chi no Enmusubi Episode 11 Subtitle Indonesia",
    "episode_link": "https://otakudesu.best/episode/ascne-episode-11-sub-indo/",
    "episode_date": "25 April,2025",
    "server": "odstreamhd",
    "quality": "720p",
    "data_content": "eyJpZCI6MTgwNDg5LCJpIjoxLCJxIjoiNzIwcCJ9",
    "decoded_data": {
      "id": 180489,
      "i": 1,
      "q": "720p"
    },
    "stream_url": "https://desustream.info/dstream/arcg/?id=R1k3K1BzRytFVEtYYTRoY3E2SHowdWszQ3dyTVFDR1p1VkFOb3hiY1RmenJzZmx5VUtZMjRKbmN6UUp5TjZvUTZXYVVJS2NZQTAyODFoR2FabENDN1E9PQ==",
    "is_default": false,
    "timestamp": "2025-09-12T08:20:51.084Z"
  },
  {
    "anime_title": "Amagami-san Chi no Enmusubi",
    "episode_title": "Amagami-san Chi no Enmusubi Episode 11 Subtitle Indonesia",
    "episode_link": "https://otakudesu.best/episode/ascne-episode-11-sub-indo/",
    "episode_date": "25 April,2025",
    "server": "vidhide",
    "quality": "720p",
    "data_content": "eyJpZCI6MTgwNDg5LCJpIjoyLCJxIjoiNzIwcCJ9",
    "decoded_data": {
      "id": 180489,
      "i": 2,
      "q": "720p"
    },
    "stream_url": "https://odvidhide.com/embed/761mx41p8i3d",
    "is_default": false,
    "timestamp": "2025-09-12T08:20:51.105Z"
  },
  {
    "anime_title": "Amagami-san Chi no Enmusubi",
    "episode_title": "Amagami-san Chi no Enmusubi Episode 11 Subtitle Indonesia",
    "episode_link": "https://otakudesu.best/episode/ascne-episode-11-sub-indo/",
    "episode_date": "25 April,2025",
    "server": "mega",
    "quality": "720p",
    "data_content": "eyJpZCI6MTgwNDg5LCJpIjozLCJxIjoiNzIwcCJ9",
    "decoded_data": {
      "id": 180489,
      "i": 3,
      "q": "720p"
    },
    "stream_url": "https://mega.nz/embed/eUxgFSKR#6YJvLr4ISDjZcJ-ZkBJp8GC2Y5ZkzVtOyxMiZYJ7KF8",
    "is_default": false,
    "timestamp": "2025-09-12T08:20:51.119Z"
  },
  {
    "anime_title": "Amagami-san Chi no Enmusubi",
    "episode_title": "Amagami-san Chi no Enmusubi Episode 11 Subtitle Indonesia",
    "episode_link": "https://otakudesu.best/episode/ascne-episode-11-sub-indo/",
    "episode_date": "25 April,2025",
    "server": "otakuwatch4",
    "quality": "480p",
    "data_content": "eyJpZCI6MTgwNDg5LCJpIjowLCJxIjoiNDgwcCJ9",
    "decoded_data": {
      "id": 180489,
      "i": 0,
      "q": "480p"
    },
    "stream_url": "https://desustream.info/dstream/otakuwatch4/v2/index.php?id=V25TMWI0Zmk5TGtWcVFtaHd6OG1Pdz09",
    "is_default": true,
    "timestamp": "2025-09-12T08:20:50.821Z"
  },
  {
    "anime_title": "Amagami-san Chi no Enmusubi",
    "episode_title": "Amagami-san Chi no Enmusubi Episode 11 Subtitle Indonesia",
    "episode_link": "https://otakudesu.best/episode/ascne-episode-11-sub-indo/",
    "episode_date": "25 April,2025",
    "server": "odstream",
    "quality": "480p",
    "data_content": "eyJpZCI6MTgwNDg5LCJpIjoxLCJxIjoiNDgwcCJ9",
    "decoded_data": {
      "id": 180489,
      "i": 1,
      "q": "480p"
    },
    "stream_url": "https://desustream.info/dstream/arcg/?id=R1k3K1BzRytFVEtYYTRoY3E2SHowdWszQ3dyTVFDR1p1VkFOb3hiY1RmenJzZmx5VUtZMjRKbmN6UUp5TjZvUThlZ1dYTVdMR3ozTDVxeExVSm40TlE9PQ==",
    "is_default": false,
    "timestamp": "2025-09-12T08:20:50.848Z"
  },
  {
    "anime_title": "Amagami-san Chi no Enmusubi",
    "episode_title": "Amagami-san Chi no Enmusubi Episode 11 Subtitle Indonesia",
    "episode_link": "https://otakudesu.best/episode/ascne-episode-11-sub-indo/",
    "episode_date": "25 April,2025",
    "server": "vidhide",
    "quality": "480p",
    "data_content": "eyJpZCI6MTgwNDg5LCJpIjoyLCJxIjoiNDgwcCJ9",
    "decoded_data": {
      "id": 180489,
      "i": 2,
      "q": "480p"
    },
    "stream_url": "https://odvidhide.com/embed/9ykv6rl4kz5h",
    "is_default": false,
    "timestamp": "2025-09-12T08:20:50.896Z"
  },
  {
    "anime_title": "Amagami-san Chi no Enmusubi",
    "episode_title": "Amagami-san Chi no Enmusubi Episode 11 Subtitle Indonesia",
    "episode_link": "https://otakudesu.best/episode/ascne-episode-11-sub-indo/",
    "episode_date": "25 April,2025",
    "server": "mega",
    "quality": "480p",
    "data_content": "eyJpZCI6MTgwNDg5LCJpIjozLCJxIjoiNDgwcCJ9",
    "decoded_data": {
      "id": 180489,
      "i": 3,
      "q": "480p"
    },
    "stream_url": "https://mega.nz/embed/qUhkRLxT#EJX5Stu5BWOePyj5q332kYnFL0xANtvSSN7L5-wiTM0",
    "is_default": false,
    "timestamp": "2025-09-12T08:20:50.918Z"
  },
  {
    "anime_title": "Amagami-san Chi no Enmusubi",
    "episode_title": "Amagami-san Chi no Enmusubi Episode 11 Subtitle Indonesia",
    "episode_link": "https://otakudesu.best/episode/ascne-episode-11-sub-indo/",
    "episode_date": "25 April,2025",
    "server": "otakuwatch4hd",
    "quality": "720p",
    "data_content": "eyJpZCI6MTgwNDg5LCJpIjowLCJxIjoiNzIwcCJ9",
    "decoded_data": {
      "id": 180489,
      "i": 0,
      "q": "720p"
    },
    "stream_url": "https://desustream.info/dstream/otakuwatch4/hd/v2/index.php?id=V25TMWI0Zmk5TGtWcVFtaHd6OG1Pdz09",
    "is_default": false,
    "timestamp": "2025-09-12T08:20:51.074Z"
  },
  {
    "anime_title": "Amagami-san Chi no Enmusubi",
    "episode_title": "Amagami-san Chi no Enmusubi Episode 11 Subtitle Indonesia",
    "episode_link": "https://otakudesu.best/episode/ascne-episode-11-sub-indo/",
    "episode_date": "25 April,2025",
    "server": "odstreamhd",
    "quality": "720p",
    "data_content": "eyJpZCI6MTgwNDg5LCJpIjoxLCJxIjoiNzIwcCJ9",
    "decoded_data": {
      "id": 180489,
      "i": 1,
      "q": "720p"
    },
    "stream_url": "https://desustream.info/dstream/arcg/?id=R1k3K1BzRytFVEtYYTRoY3E2SHowdWszQ3dyTVFDR1p1VkFOb3hiY1RmenJzZmx5VUtZMjRKbmN6UUp5TjZvUTZXYVVJS2NZQTAyODFoR2FabENDN1E9PQ==",
    "is_default": false,
    "timestamp": "2025-09-12T08:20:51.084Z"
  },
  {
    "anime_title": "Amagami-san Chi no Enmusubi",
    "episode_title": "Amagami-san Chi no Enmusubi Episode 11 Subtitle Indonesia",
    "episode_link": "https://otakudesu.best/episode/ascne-episode-11-sub-indo/",
    "episode_date": "25 April,2025",
    "server": "vidhide",
    "quality": "720p",
    "data_content": "eyJpZCI6MTgwNDg5LCJpIjoyLCJxIjoiNzIwcCJ9",
    "decoded_data": {
      "id": 180489,
      "i": 2,
      "q": "720p"
    },
    "stream_url": "https://odvidhide.com/embed/761mx41p8i3d",
    "is_default": false,
    "timestamp": "2025-09-12T08:20:51.105Z"
  },
  {
    "anime_title": "Amagami-san Chi no Enmusubi",
    "episode_title": "Amagami-san Chi no Enmusubi Episode 11 Subtitle Indonesia",
    "episode_link": "https://otakudesu.best/episode/ascne-episode-11-sub-indo/",
    "episode_date": "25 April,2025",
    "server": "mega",
    "quality": "720p",
    "data_content": "eyJpZCI6MTgwNDg5LCJpIjozLCJxIjoiNzIwcCJ9",
    "decoded_data": {
      "id": 180489,
      "i": 3,
      "q": "720p"
    },
    "stream_url": "https://mega.nz/embed/eUxgFSKR#6YJvLr4ISDjZcJ-ZkBJp8GC2Y5ZkzVtOyxMiZYJ7KF8",
    "is_default": false,
    "timestamp": "2025-09-12T08:20:51.119Z"
  },
  {
    "anime_title": "Amagami-san Chi no Enmusubi",
    "episode_title": "Amagami-san Chi no Enmusubi Episode 12 Subtitle Indonesia",
    "episode_link": "https://otakudesu.best/episode/ascne-episode-12-sub-indo/",
    "episode_date": "25 April,2025",
    "server": "odstream",
    "quality": "480p",
    "data_content": "eyJpZCI6MTgwNDkwLCJpIjoxLCJxIjoiNDgwcCJ9",
    "decoded_data": {
      "id": 180490,
      "i": 1,
      "q": "480p"
    },
    "stream_url": "https://desustream.info/dstream/arcg/?id=R1k3K1BzRytFVEtYYTRoY3E2SHowdWszQ3dyTVFDR1p1VkFOb3hiY1RmenJzZmx5VUtZMjRKbmN6UUp5TjZvUWROL0poZDlIVk5pRWw3RElodGxTcUE9PQ==",
    "is_default": false,
    "timestamp": "2025-09-12T08:20:51.765Z"
  },
  {
    "anime_title": "Amagami-san Chi no Enmusubi",
    "episode_title": "Amagami-san Chi no Enmusubi Episode 12 Subtitle Indonesia",
    "episode_link": "https://otakudesu.best/episode/ascne-episode-12-sub-indo/",
    "episode_date": "25 April,2025",
    "server": "otakuwatch4",
    "quality": "480p",
    "data_content": "eyJpZCI6MTgwNDkwLCJpIjowLCJxIjoiNDgwcCJ9",
    "decoded_data": {
      "id": 180490,
      "i": 0,
      "q": "480p"
    },
    "stream_url": "https://desustream.info/dstream/otakuwatch4/v2/index.php?id=dGNhaTVTa2xNNVZhK3hxKzc0ZEIrUT09",
    "is_default": true,
    "timestamp": "2025-09-12T08:20:51.777Z"
  },
  {
    "anime_title": "Amagami-san Chi no Enmusubi",
    "episode_title": "Amagami-san Chi no Enmusubi Episode 12 Subtitle Indonesia",
    "episode_link": "https://otakudesu.best/episode/ascne-episode-12-sub-indo/",
    "episode_date": "25 April,2025",
    "server": "vidhide",
    "quality": "480p",
    "data_content": "eyJpZCI6MTgwNDkwLCJpIjoyLCJxIjoiNDgwcCJ9",
    "decoded_data": {
      "id": 180490,
      "i": 2,
      "q": "480p"
    },
    "stream_url": "https://odvidhide.com/embed/lxxr4rvyyrbk",
    "is_default": false,
    "timestamp": "2025-09-12T08:20:51.843Z"
  },
  {
    "anime_title": "Amagami-san Chi no Enmusubi",
    "episode_title": "Amagami-san Chi no Enmusubi Episode 12 Subtitle Indonesia",
    "episode_link": "https://otakudesu.best/episode/ascne-episode-12-sub-indo/",
    "episode_date": "25 April,2025",
    "server": "mega",
    "quality": "480p",
    "data_content": "eyJpZCI6MTgwNDkwLCJpIjozLCJxIjoiNDgwcCJ9",
    "decoded_data": {
      "id": 180490,
      "i": 3,
      "q": "480p"
    },
    "stream_url": "https://mega.nz/embed/vAJBDRLY#cVrlW2sLSzU9lHPQhjJ6vWNk2CFBLHWzMYY0gu0lPu4",
    "is_default": false,
    "timestamp": "2025-09-12T08:20:51.857Z"
  },
  {
    "anime_title": "Amagami-san Chi no Enmusubi",
    "episode_title": "Amagami-san Chi no Enmusubi Episode 12 Subtitle Indonesia",
    "episode_link": "https://otakudesu.best/episode/ascne-episode-12-sub-indo/",
    "episode_date": "25 April,2025",
    "server": "otakuwatch4hd",
    "quality": "720p",
    "data_content": "eyJpZCI6MTgwNDkwLCJpIjowLCJxIjoiNzIwcCJ9",
    "decoded_data": {
      "id": 180490,
      "i": 0,
      "q": "720p"
    },
    "stream_url": "https://desustream.info/dstream/otakuwatch4/hd/v2/index.php?id=dGNhaTVTa2xNNVZhK3hxKzc0ZEIrUT09",
    "is_default": false,
    "timestamp": "2025-09-12T08:20:51.900Z"
  },
  {
    "anime_title": "Amagami-san Chi no Enmusubi",
    "episode_title": "Amagami-san Chi no Enmusubi Episode 12 Subtitle Indonesia",
    "episode_link": "https://otakudesu.best/episode/ascne-episode-12-sub-indo/",
    "episode_date": "25 April,2025",
    "server": "odstreamhd",
    "quality": "720p",
    "data_content": "eyJpZCI6MTgwNDkwLCJpIjoxLCJxIjoiNzIwcCJ9",
    "decoded_data": {
      "id": 180490,
      "i": 1,
      "q": "720p"
    },
    "stream_url": "https://desustream.info/dstream/arcg/?id=R1k3K1BzRytFVEtYYTRoY3E2SHowdWszQ3dyTVFDR1p1VkFOb3hiY1RmenJzZmx5VUtZMjRKbmN6UUp5TjZvUWdCRlNWYUtHdXJSRHVqWkxYMHZBTkE9PQ==",
    "is_default": false,
    "timestamp": "2025-09-12T08:20:51.946Z"
  },
  {
    "anime_title": "Amagami-san Chi no Enmusubi",
    "episode_title": "Amagami-san Chi no Enmusubi Episode 12 Subtitle Indonesia",
    "episode_link": "https://otakudesu.best/episode/ascne-episode-12-sub-indo/",
    "episode_date": "25 April,2025",
    "server": "vidhide",
    "quality": "720p",
    "data_content": "eyJpZCI6MTgwNDkwLCJpIjoyLCJxIjoiNzIwcCJ9",
    "decoded_data": {
      "id": 180490,
      "i": 2,
      "q": "720p"
    },
    "stream_url": "https://odvidhide.com/embed/qlbbh95tf7u5",
    "is_default": false,
    "timestamp": "2025-09-12T08:20:51.961Z"
  },
  {
    "anime_title": "Amagami-san Chi no Enmusubi",
    "episode_title": "Amagami-san Chi no Enmusubi Episode 12 Subtitle Indonesia",
    "episode_link": "https://otakudesu.best/episode/ascne-episode-12-sub-indo/",
    "episode_date": "25 April,2025",
    "server": "mega",
    "quality": "720p",
    "data_content": "eyJpZCI6MTgwNDkwLCJpIjozLCJxIjoiNzIwcCJ9",
    "decoded_data": {
      "id": 180490,
      "i": 3,
      "q": "720p"
    },
    "stream_url": "https://mega.nz/embed/7BhDHLbC#6Od7l6souupfvNa0zp1zGd8WC_8rbg3O8QNtkp2mcDI",
    "is_default": false,
    "timestamp": "2025-09-12T08:20:52.043Z"
  },
  {
    "anime_title": "Amagami-san Chi no Enmusubi",
    "episode_title": "Amagami-san Chi no Enmusubi Episode 12 Subtitle Indonesia",
    "episode_link": "https://otakudesu.best/episode/ascne-episode-12-sub-indo/",
    "episode_date": "25 April,2025",
    "server": "otakuwatch4",
    "quality": "480p",
    "data_content": "eyJpZCI6MTgwNDkwLCJpIjowLCJxIjoiNDgwcCJ9",
    "decoded_data": {
      "id": 180490,
      "i": 0,
      "q": "480p"
    },
    "stream_url": "https://desustream.info/dstream/otakuwatch4/v2/index.php?id=dGNhaTVTa2xNNVZhK3hxKzc0ZEIrUT09",
    "is_default": true,
    "timestamp": "2025-09-12T08:20:51.777Z"
  },
  {
    "anime_title": "Amagami-san Chi no Enmusubi",
    "episode_title": "Amagami-san Chi no Enmusubi Episode 12 Subtitle Indonesia",
    "episode_link": "https://otakudesu.best/episode/ascne-episode-12-sub-indo/",
    "episode_date": "25 April,2025",
    "server": "odstream",
    "quality": "480p",
    "data_content": "eyJpZCI6MTgwNDkwLCJpIjoxLCJxIjoiNDgwcCJ9",
    "decoded_data": {
      "id": 180490,
      "i": 1,
      "q": "480p"
    },
    "stream_url": "https://desustream.info/dstream/arcg/?id=R1k3K1BzRytFVEtYYTRoY3E2SHowdWszQ3dyTVFDR1p1VkFOb3hiY1RmenJzZmx5VUtZMjRKbmN6UUp5TjZvUWROL0poZDlIVk5pRWw3RElodGxTcUE9PQ==",
    "is_default": false,
    "timestamp": "2025-09-12T08:20:51.765Z"
  },
  {
    "anime_title": "Amagami-san Chi no Enmusubi",
    "episode_title": "Amagami-san Chi no Enmusubi Episode 12 Subtitle Indonesia",
    "episode_link": "https://otakudesu.best/episode/ascne-episode-12-sub-indo/",
    "episode_date": "25 April,2025",
    "server": "vidhide",
    "quality": "480p",
    "data_content": "eyJpZCI6MTgwNDkwLCJpIjoyLCJxIjoiNDgwcCJ9",
    "decoded_data": {
      "id": 180490,
      "i": 2,
      "q": "480p"
    },
    "stream_url": "https://odvidhide.com/embed/lxxr4rvyyrbk",
    "is_default": false,
    "timestamp": "2025-09-12T08:20:51.843Z"
  },
  {
    "anime_title": "Amagami-san Chi no Enmusubi",
    "episode_title": "Amagami-san Chi no Enmusubi Episode 12 Subtitle Indonesia",
    "episode_link": "https://otakudesu.best/episode/ascne-episode-12-sub-indo/",
    "episode_date": "25 April,2025",
    "server": "mega",
    "quality": "480p",
    "data_content": "eyJpZCI6MTgwNDkwLCJpIjozLCJxIjoiNDgwcCJ9",
    "decoded_data": {
      "id": 180490,
      "i": 3,
      "q": "480p"
    },
    "stream_url": "https://mega.nz/embed/vAJBDRLY#cVrlW2sLSzU9lHPQhjJ6vWNk2CFBLHWzMYY0gu0lPu4",
    "is_default": false,
    "timestamp": "2025-09-12T08:20:51.857Z"
  },
  {
    "anime_title": "Amagami-san Chi no Enmusubi",
    "episode_title": "Amagami-san Chi no Enmusubi Episode 12 Subtitle Indonesia",
    "episode_link": "https://otakudesu.best/episode/ascne-episode-12-sub-indo/",
    "episode_date": "25 April,2025",
    "server": "otakuwatch4hd",
    "quality": "720p",
    "data_content": "eyJpZCI6MTgwNDkwLCJpIjowLCJxIjoiNzIwcCJ9",
    "decoded_data": {
      "id": 180490,
      "i": 0,
      "q": "720p"
    },
    "stream_url": "https://desustream.info/dstream/otakuwatch4/hd/v2/index.php?id=dGNhaTVTa2xNNVZhK3hxKzc0ZEIrUT09",
    "is_default": false,
    "timestamp": "2025-09-12T08:20:51.900Z"
  },
  {
    "anime_title": "Amagami-san Chi no Enmusubi",
    "episode_title": "Amagami-san Chi no Enmusubi Episode 12 Subtitle Indonesia",
    "episode_link": "https://otakudesu.best/episode/ascne-episode-12-sub-indo/",
    "episode_date": "25 April,2025",
    "server": "odstreamhd",
    "quality": "720p",
    "data_content": "eyJpZCI6MTgwNDkwLCJpIjoxLCJxIjoiNzIwcCJ9",
    "decoded_data": {
      "id": 180490,
      "i": 1,
      "q": "720p"
    },
    "stream_url": "https://desustream.info/dstream/arcg/?id=R1k3K1BzRytFVEtYYTRoY3E2SHowdWszQ3dyTVFDR1p1VkFOb3hiY1RmenJzZmx5VUtZMjRKbmN6UUp5TjZvUWdCRlNWYUtHdXJSRHVqWkxYMHZBTkE9PQ==",
    "is_default": false,
    "timestamp": "2025-09-12T08:20:51.946Z"
  },
  {
    "anime_title": "Amagami-san Chi no Enmusubi",
    "episode_title": "Amagami-san Chi no Enmusubi Episode 12 Subtitle Indonesia",
    "episode_link": "https://otakudesu.best/episode/ascne-episode-12-sub-indo/",
    "episode_date": "25 April,2025",
    "server": "vidhide",
    "quality": "720p",
    "data_content": "eyJpZCI6MTgwNDkwLCJpIjoyLCJxIjoiNzIwcCJ9",
    "decoded_data": {
      "id": 180490,
      "i": 2,
      "q": "720p"
    },
    "stream_url": "https://odvidhide.com/embed/qlbbh95tf7u5",
    "is_default": false,
    "timestamp": "2025-09-12T08:20:51.961Z"
  },
  {
    "anime_title": "Amagami-san Chi no Enmusubi",
    "episode_title": "Amagami-san Chi no Enmusubi Episode 12 Subtitle Indonesia",
    "episode_link": "https://otakudesu.best/episode/ascne-episode-12-sub-indo/",
    "episode_date": "25 April,2025",
    "server": "mega",
    "quality": "720p",
    "data_content": "eyJpZCI6MTgwNDkwLCJpIjozLCJxIjoiNzIwcCJ9",
    "decoded_data": {
      "id": 180490,
      "i": 3,
      "q": "720p"
    },
    "stream_url": "https://mega.nz/embed/7BhDHLbC#6Od7l6souupfvNa0zp1zGd8WC_8rbg3O8QNtkp2mcDI",
    "is_default": false,
    "timestamp": "2025-09-12T08:20:52.043Z"
  },
  {
    "anime_title": "Amagami-san Chi no Enmusubi",
    "episode_title": "Amagami-san Chi no Enmusubi Episode 13 Subtitle Indonesia",
    "episode_link": "https://otakudesu.best/episode/ascne-episode-13-sub-indo/",
    "episode_date": "25 April,2025",
    "server": "otakuwatch4",
    "quality": "480p",
    "data_content": "eyJpZCI6MTgwNDkxLCJpIjowLCJxIjoiNDgwcCJ9",
    "decoded_data": {
      "id": 180491,
      "i": 0,
      "q": "480p"
    },
    "stream_url": "https://desustream.info/dstream/otakuwatch4/v2/index.php?id=VUJCYnliM2xJY3kzV3RVRERrWkNZQT09",
    "is_default": true,
    "timestamp": "2025-09-12T08:20:52.658Z"
  },
  {
    "anime_title": "Amagami-san Chi no Enmusubi",
    "episode_title": "Amagami-san Chi no Enmusubi Episode 13 Subtitle Indonesia",
    "episode_link": "https://otakudesu.best/episode/ascne-episode-13-sub-indo/",
    "episode_date": "25 April,2025",
    "server": "odstream",
    "quality": "480p",
    "data_content": "eyJpZCI6MTgwNDkxLCJpIjoxLCJxIjoiNDgwcCJ9",
    "decoded_data": {
      "id": 180491,
      "i": 1,
      "q": "480p"
    },
    "stream_url": "https://desustream.info/dstream/arcg/?id=R1k3K1BzRytFVEtYYTRoY3E2SHowdWszQ3dyTVFDR1p1VkFOb3hiY1RmenJzZmx5VUtZMjRKbmN6UUp5TjZvUVJtQit6QXJGelFlYnc1Mk1aSUNJS0E9PQ==",
    "is_default": false,
    "timestamp": "2025-09-12T08:20:52.702Z"
  },
  {
    "anime_title": "Amagami-san Chi no Enmusubi",
    "episode_title": "Amagami-san Chi no Enmusubi Episode 13 Subtitle Indonesia",
    "episode_link": "https://otakudesu.best/episode/ascne-episode-13-sub-indo/",
    "episode_date": "25 April,2025",
    "server": "vidhide",
    "quality": "480p",
    "data_content": "eyJpZCI6MTgwNDkxLCJpIjoyLCJxIjoiNDgwcCJ9",
    "decoded_data": {
      "id": 180491,
      "i": 2,
      "q": "480p"
    },
    "stream_url": "https://odvidhide.com/embed/vs45h2mncger",
    "is_default": false,
    "timestamp": "2025-09-12T08:20:52.769Z"
  },
  {
    "anime_title": "Amagami-san Chi no Enmusubi",
    "episode_title": "Amagami-san Chi no Enmusubi Episode 13 Subtitle Indonesia",
    "episode_link": "https://otakudesu.best/episode/ascne-episode-13-sub-indo/",
    "episode_date": "25 April,2025",
    "server": "mega",
    "quality": "480p",
    "data_content": "eyJpZCI6MTgwNDkxLCJpIjozLCJxIjoiNDgwcCJ9",
    "decoded_data": {
      "id": 180491,
      "i": 3,
      "q": "480p"
    },
    "stream_url": "https://mega.nz/embed/TYZWAASZ#Olk4TBU80Ed1doi5B89RaK80lSLcCJxbQ5vtW0_4eIk",
    "is_default": false,
    "timestamp": "2025-09-12T08:20:52.783Z"
  },
  {
    "anime_title": "Amagami-san Chi no Enmusubi",
    "episode_title": "Amagami-san Chi no Enmusubi Episode 13 Subtitle Indonesia",
    "episode_link": "https://otakudesu.best/episode/ascne-episode-13-sub-indo/",
    "episode_date": "25 April,2025",
    "server": "otakuwatch4hd",
    "quality": "720p",
    "data_content": "eyJpZCI6MTgwNDkxLCJpIjowLCJxIjoiNzIwcCJ9",
    "decoded_data": {
      "id": 180491,
      "i": 0,
      "q": "720p"
    },
    "stream_url": "https://desustream.info/dstream/otakuwatch4/hd/v2/index.php?id=VUJCYnliM2xJY3kzV3RVRERrWkNZQT09",
    "is_default": false,
    "timestamp": "2025-09-12T08:20:52.853Z"
  },
  {
    "anime_title": "Amagami-san Chi no Enmusubi",
    "episode_title": "Amagami-san Chi no Enmusubi Episode 13 Subtitle Indonesia",
    "episode_link": "https://otakudesu.best/episode/ascne-episode-13-sub-indo/",
    "episode_date": "25 April,2025",
    "server": "odstreamhd",
    "quality": "720p",
    "data_content": "eyJpZCI6MTgwNDkxLCJpIjoxLCJxIjoiNzIwcCJ9",
    "decoded_data": {
      "id": 180491,
      "i": 1,
      "q": "720p"
    },
    "stream_url": "https://desustream.info/dstream/arcg/?id=R1k3K1BzRytFVEtYYTRoY3E2SHowdWszQ3dyTVFDR1p1VkFOb3hiY1RmenJzZmx5VUtZMjRKbmN6UUp5TjZvUUFQc2w2ZnovNGVZVnhFa2p2YU8za3c9PQ==",
    "is_default": false,
    "timestamp": "2025-09-12T08:20:52.867Z"
  },
  {
    "anime_title": "Amagami-san Chi no Enmusubi",
    "episode_title": "Amagami-san Chi no Enmusubi Episode 13 Subtitle Indonesia",
    "episode_link": "https://otakudesu.best/episode/ascne-episode-13-sub-indo/",
    "episode_date": "25 April,2025",
    "server": "vidhide",
    "quality": "720p",
    "data_content": "eyJpZCI6MTgwNDkxLCJpIjoyLCJxIjoiNzIwcCJ9",
    "decoded_data": {
      "id": 180491,
      "i": 2,
      "q": "720p"
    },
    "stream_url": "https://odvidhide.com/embed/9ildex5t5lq1",
    "is_default": false,
    "timestamp": "2025-09-12T08:20:52.925Z"
  },
  {
    "anime_title": "Amagami-san Chi no Enmusubi",
    "episode_title": "Amagami-san Chi no Enmusubi Episode 13 Subtitle Indonesia",
    "episode_link": "https://otakudesu.best/episode/ascne-episode-13-sub-indo/",
    "episode_date": "25 April,2025",
    "server": "mega",
    "quality": "720p",
    "data_content": "eyJpZCI6MTgwNDkxLCJpIjozLCJxIjoiNzIwcCJ9",
    "decoded_data": {
      "id": 180491,
      "i": 3,
      "q": "720p"
    },
    "stream_url": "https://mega.nz/embed/nQZ0XQiQ#snvhDO0EL9rT-Mqsz4I7YvMhCgEJ0DwpNIzicqSGqCY",
    "is_default": false,
    "timestamp": "2025-09-12T08:20:52.940Z"
  },
  {
    "anime_title": "Amagami-san Chi no Enmusubi",
    "episode_title": "Amagami-san Chi no Enmusubi Episode 13 Subtitle Indonesia",
    "episode_link": "https://otakudesu.best/episode/ascne-episode-13-sub-indo/",
    "episode_date": "25 April,2025",
    "server": "otakuwatch4",
    "quality": "480p",
    "data_content": "eyJpZCI6MTgwNDkxLCJpIjowLCJxIjoiNDgwcCJ9",
    "decoded_data": {
      "id": 180491,
      "i": 0,
      "q": "480p"
    },
    "stream_url": "https://desustream.info/dstream/otakuwatch4/v2/index.php?id=VUJCYnliM2xJY3kzV3RVRERrWkNZQT09",
    "is_default": true,
    "timestamp": "2025-09-12T08:20:52.658Z"
  },
  {
    "anime_title": "Amagami-san Chi no Enmusubi",
    "episode_title": "Amagami-san Chi no Enmusubi Episode 13 Subtitle Indonesia",
    "episode_link": "https://otakudesu.best/episode/ascne-episode-13-sub-indo/",
    "episode_date": "25 April,2025",
    "server": "odstream",
    "quality": "480p",
    "data_content": "eyJpZCI6MTgwNDkxLCJpIjoxLCJxIjoiNDgwcCJ9",
    "decoded_data": {
      "id": 180491,
      "i": 1,
      "q": "480p"
    },
    "stream_url": "https://desustream.info/dstream/arcg/?id=R1k3K1BzRytFVEtYYTRoY3E2SHowdWszQ3dyTVFDR1p1VkFOb3hiY1RmenJzZmx5VUtZMjRKbmN6UUp5TjZvUVJtQit6QXJGelFlYnc1Mk1aSUNJS0E9PQ==",
    "is_default": false,
    "timestamp": "2025-09-12T08:20:52.702Z"
  },
  {
    "anime_title": "Amagami-san Chi no Enmusubi",
    "episode_title": "Amagami-san Chi no Enmusubi Episode 13 Subtitle Indonesia",
    "episode_link": "https://otakudesu.best/episode/ascne-episode-13-sub-indo/",
    "episode_date": "25 April,2025",
    "server": "vidhide",
    "quality": "480p",
    "data_content": "eyJpZCI6MTgwNDkxLCJpIjoyLCJxIjoiNDgwcCJ9",
    "decoded_data": {
      "id": 180491,
      "i": 2,
      "q": "480p"
    },
    "stream_url": "https://odvidhide.com/embed/vs45h2mncger",
    "is_default": false,
    "timestamp": "2025-09-12T08:20:52.769Z"
  },
  {
    "anime_title": "Amagami-san Chi no Enmusubi",
    "episode_title": "Amagami-san Chi no Enmusubi Episode 13 Subtitle Indonesia",
    "episode_link": "https://otakudesu.best/episode/ascne-episode-13-sub-indo/",
    "episode_date": "25 April,2025",
    "server": "mega",
    "quality": "480p",
    "data_content": "eyJpZCI6MTgwNDkxLCJpIjozLCJxIjoiNDgwcCJ9",
    "decoded_data": {
      "id": 180491,
      "i": 3,
      "q": "480p"
    },
    "stream_url": "https://mega.nz/embed/TYZWAASZ#Olk4TBU80Ed1doi5B89RaK80lSLcCJxbQ5vtW0_4eIk",
    "is_default": false,
    "timestamp": "2025-09-12T08:20:52.783Z"
  },
  {
    "anime_title": "Amagami-san Chi no Enmusubi",
    "episode_title": "Amagami-san Chi no Enmusubi Episode 13 Subtitle Indonesia",
    "episode_link": "https://otakudesu.best/episode/ascne-episode-13-sub-indo/",
    "episode_date": "25 April,2025",
    "server": "otakuwatch4hd",
    "quality": "720p",
    "data_content": "eyJpZCI6MTgwNDkxLCJpIjowLCJxIjoiNzIwcCJ9",
    "decoded_data": {
      "id": 180491,
      "i": 0,
      "q": "720p"
    },
    "stream_url": "https://desustream.info/dstream/otakuwatch4/hd/v2/index.php?id=VUJCYnliM2xJY3kzV3RVRERrWkNZQT09",
    "is_default": false,
    "timestamp": "2025-09-12T08:20:52.853Z"
  },
  {
    "anime_title": "Amagami-san Chi no Enmusubi",
    "episode_title": "Amagami-san Chi no Enmusubi Episode 13 Subtitle Indonesia",
    "episode_link": "https://otakudesu.best/episode/ascne-episode-13-sub-indo/",
    "episode_date": "25 April,2025",
    "server": "odstreamhd",
    "quality": "720p",
    "data_content": "eyJpZCI6MTgwNDkxLCJpIjoxLCJxIjoiNzIwcCJ9",
    "decoded_data": {
      "id": 180491,
      "i": 1,
      "q": "720p"
    },
    "stream_url": "https://desustream.info/dstream/arcg/?id=R1k3K1BzRytFVEtYYTRoY3E2SHowdWszQ3dyTVFDR1p1VkFOb3hiY1RmenJzZmx5VUtZMjRKbmN6UUp5TjZvUUFQc2w2ZnovNGVZVnhFa2p2YU8za3c9PQ==",
    "is_default": false,
    "timestamp": "2025-09-12T08:20:52.867Z"
  },
  {
    "anime_title": "Amagami-san Chi no Enmusubi",
    "episode_title": "Amagami-san Chi no Enmusubi Episode 13 Subtitle Indonesia",
    "episode_link": "https://otakudesu.best/episode/ascne-episode-13-sub-indo/",
    "episode_date": "25 April,2025",
    "server": "vidhide",
    "quality": "720p",
    "data_content": "eyJpZCI6MTgwNDkxLCJpIjoyLCJxIjoiNzIwcCJ9",
    "decoded_data": {
      "id": 180491,
      "i": 2,
      "q": "720p"
    },
    "stream_url": "https://odvidhide.com/embed/9ildex5t5lq1",
    "is_default": false,
    "timestamp": "2025-09-12T08:20:52.925Z"
  },
  {
    "anime_title": "Amagami-san Chi no Enmusubi",
    "episode_title": "Amagami-san Chi no Enmusubi Episode 13 Subtitle Indonesia",
    "episode_link": "https://otakudesu.best/episode/ascne-episode-13-sub-indo/",
    "episode_date": "25 April,2025",
    "server": "mega",
    "quality": "720p",
    "data_content": "eyJpZCI6MTgwNDkxLCJpIjozLCJxIjoiNzIwcCJ9",
    "decoded_data": {
      "id": 180491,
      "i": 3,
      "q": "720p"
    },
    "stream_url": "https://mega.nz/embed/nQZ0XQiQ#snvhDO0EL9rT-Mqsz4I7YvMhCgEJ0DwpNIzicqSGqCY",
    "is_default": false,
    "timestamp": "2025-09-12T08:20:52.940Z"
  },
  {
    "anime_title": "Amagami-san Chi no Enmusubi",
    "episode_title": "Amagami-san Chi no Enmusubi Episode 14 Subtitle Indonesia",
    "episode_link": "https://otakudesu.best/episode/ascne-episode-14-sub-indo/",
    "episode_date": "25 April,2025",
    "server": "otakuwatch4",
    "quality": "480p",
    "data_content": "eyJpZCI6MTgwNDkzLCJpIjowLCJxIjoiNDgwcCJ9",
    "decoded_data": {
      "id": 180493,
      "i": 0,
      "q": "480p"
    },
    "stream_url": "https://desustream.info/dstream/otakuwatch4/v2/index.php?id=c3JXN0w4aDFZYmVmdHFnZXk0SzhNZz09",
    "is_default": true,
    "timestamp": "2025-09-12T08:20:53.579Z"
  },
  {
    "anime_title": "Amagami-san Chi no Enmusubi",
    "episode_title": "Amagami-san Chi no Enmusubi Episode 14 Subtitle Indonesia",
    "episode_link": "https://otakudesu.best/episode/ascne-episode-14-sub-indo/",
    "episode_date": "25 April,2025",
    "server": "odstream",
    "quality": "480p",
    "data_content": "eyJpZCI6MTgwNDkzLCJpIjoxLCJxIjoiNDgwcCJ9",
    "decoded_data": {
      "id": 180493,
      "i": 1,
      "q": "480p"
    },
    "stream_url": "https://desustream.info/dstream/arcg/?id=R1k3K1BzRytFVEtYYTRoY3E2SHowdWszQ3dyTVFDR1p1VkFOb3hiY1RmenJzZmx5VUtZMjRKbmN6UUp5TjZvUWxrNGFVRWtWS0xHS0czTlRsbitwSWc9PQ==",
    "is_default": false,
    "timestamp": "2025-09-12T08:20:53.605Z"
  },
  {
    "anime_title": "Amagami-san Chi no Enmusubi",
    "episode_title": "Amagami-san Chi no Enmusubi Episode 14 Subtitle Indonesia",
    "episode_link": "https://otakudesu.best/episode/ascne-episode-14-sub-indo/",
    "episode_date": "25 April,2025",
    "server": "vidhide",
    "quality": "480p",
    "data_content": "eyJpZCI6MTgwNDkzLCJpIjoyLCJxIjoiNDgwcCJ9",
    "decoded_data": {
      "id": 180493,
      "i": 2,
      "q": "480p"
    },
    "stream_url": "https://odvidhide.com/embed/w4ru9pc7ec45",
    "is_default": false,
    "timestamp": "2025-09-12T08:20:53.645Z"
  },
  {
    "anime_title": "Amagami-san Chi no Enmusubi",
    "episode_title": "Amagami-san Chi no Enmusubi Episode 14 Subtitle Indonesia",
    "episode_link": "https://otakudesu.best/episode/ascne-episode-14-sub-indo/",
    "episode_date": "25 April,2025",
    "server": "mega",
    "quality": "480p",
    "data_content": "eyJpZCI6MTgwNDkzLCJpIjozLCJxIjoiNDgwcCJ9",
    "decoded_data": {
      "id": 180493,
      "i": 3,
      "q": "480p"
    },
    "stream_url": "https://mega.nz/embed/vdREmALa#8gbZfgqxCQxKGiWxtQJVDwlR0xvMiMvZaCVDldjz2OY",
    "is_default": false,
    "timestamp": "2025-09-12T08:20:53.674Z"
  },
  {
    "anime_title": "Amagami-san Chi no Enmusubi",
    "episode_title": "Amagami-san Chi no Enmusubi Episode 14 Subtitle Indonesia",
    "episode_link": "https://otakudesu.best/episode/ascne-episode-14-sub-indo/",
    "episode_date": "25 April,2025",
    "server": "otakuwatch4hd",
    "quality": "720p",
    "data_content": "eyJpZCI6MTgwNDkzLCJpIjowLCJxIjoiNzIwcCJ9",
    "decoded_data": {
      "id": 180493,
      "i": 0,
      "q": "720p"
    },
    "stream_url": "https://desustream.info/dstream/otakuwatch4/hd/v2/index.php?id=c3JXN0w4aDFZYmVmdHFnZXk0SzhNZz09",
    "is_default": false,
    "timestamp": "2025-09-12T08:20:53.699Z"
  },
  {
    "anime_title": "Amagami-san Chi no Enmusubi",
    "episode_title": "Amagami-san Chi no Enmusubi Episode 14 Subtitle Indonesia",
    "episode_link": "https://otakudesu.best/episode/ascne-episode-14-sub-indo/",
    "episode_date": "25 April,2025",
    "server": "odstreamhd",
    "quality": "720p",
    "data_content": "eyJpZCI6MTgwNDkzLCJpIjoxLCJxIjoiNzIwcCJ9",
    "decoded_data": {
      "id": 180493,
      "i": 1,
      "q": "720p"
    },
    "stream_url": "https://desustream.info/dstream/arcg/?id=R1k3K1BzRytFVEtYYTRoY3E2SHowdWszQ3dyTVFDR1p1VkFOb3hiY1RmenJzZmx5VUtZMjRKbmN6UUp5TjZvUUNReXl2L29YdkFZY2xDT2xQaHVFOVE9PQ==",
    "is_default": false,
    "timestamp": "2025-09-12T08:20:53.755Z"
  },
  {
    "anime_title": "Amagami-san Chi no Enmusubi",
    "episode_title": "Amagami-san Chi no Enmusubi Episode 14 Subtitle Indonesia",
    "episode_link": "https://otakudesu.best/episode/ascne-episode-14-sub-indo/",
    "episode_date": "25 April,2025",
    "server": "vidhide",
    "quality": "720p",
    "data_content": "eyJpZCI6MTgwNDkzLCJpIjoyLCJxIjoiNzIwcCJ9",
    "decoded_data": {
      "id": 180493,
      "i": 2,
      "q": "720p"
    },
    "stream_url": "https://odvidhide.com/embed/d1wwynwirckj",
    "is_default": false,
    "timestamp": "2025-09-12T08:20:53.790Z"
  },
  {
    "anime_title": "Amagami-san Chi no Enmusubi",
    "episode_title": "Amagami-san Chi no Enmusubi Episode 14 Subtitle Indonesia",
    "episode_link": "https://otakudesu.best/episode/ascne-episode-14-sub-indo/",
    "episode_date": "25 April,2025",
    "server": "mega",
    "quality": "720p",
    "data_content": "eyJpZCI6MTgwNDkzLCJpIjozLCJxIjoiNzIwcCJ9",
    "decoded_data": {
      "id": 180493,
      "i": 3,
      "q": "720p"
    },
    "stream_url": "https://mega.nz/embed/TAxUibJQ#HYkIz3tJ0nfEgL8LjGoIso8p9-KLEYlNilIJlOQNEec",
    "is_default": false,
    "timestamp": "2025-09-12T08:20:53.808Z"
  },
  {
    "anime_title": "Amagami-san Chi no Enmusubi",
    "episode_title": "Amagami-san Chi no Enmusubi Episode 14 Subtitle Indonesia",
    "episode_link": "https://otakudesu.best/episode/ascne-episode-14-sub-indo/",
    "episode_date": "25 April,2025",
    "server": "otakuwatch4",
    "quality": "480p",
    "data_content": "eyJpZCI6MTgwNDkzLCJpIjowLCJxIjoiNDgwcCJ9",
    "decoded_data": {
      "id": 180493,
      "i": 0,
      "q": "480p"
    },
    "stream_url": "https://desustream.info/dstream/otakuwatch4/v2/index.php?id=c3JXN0w4aDFZYmVmdHFnZXk0SzhNZz09",
    "is_default": true,
    "timestamp": "2025-09-12T08:20:53.579Z"
  },
  {
    "anime_title": "Amagami-san Chi no Enmusubi",
    "episode_title": "Amagami-san Chi no Enmusubi Episode 14 Subtitle Indonesia",
    "episode_link": "https://otakudesu.best/episode/ascne-episode-14-sub-indo/",
    "episode_date": "25 April,2025",
    "server": "odstream",
    "quality": "480p",
    "data_content": "eyJpZCI6MTgwNDkzLCJpIjoxLCJxIjoiNDgwcCJ9",
    "decoded_data": {
      "id": 180493,
      "i": 1,
      "q": "480p"
    },
    "stream_url": "https://desustream.info/dstream/arcg/?id=R1k3K1BzRytFVEtYYTRoY3E2SHowdWszQ3dyTVFDR1p1VkFOb3hiY1RmenJzZmx5VUtZMjRKbmN6UUp5TjZvUWxrNGFVRWtWS0xHS0czTlRsbitwSWc9PQ==",
    "is_default": false,
    "timestamp": "2025-09-12T08:20:53.605Z"
  },
  {
    "anime_title": "Amagami-san Chi no Enmusubi",
    "episode_title": "Amagami-san Chi no Enmusubi Episode 14 Subtitle Indonesia",
    "episode_link": "https://otakudesu.best/episode/ascne-episode-14-sub-indo/",
    "episode_date": "25 April,2025",
    "server": "vidhide",
    "quality": "480p",
    "data_content": "eyJpZCI6MTgwNDkzLCJpIjoyLCJxIjoiNDgwcCJ9",
    "decoded_data": {
      "id": 180493,
      "i": 2,
      "q": "480p"
    },
    "stream_url": "https://odvidhide.com/embed/w4ru9pc7ec45",
    "is_default": false,
    "timestamp": "2025-09-12T08:20:53.645Z"
  },
  {
    "anime_title": "Amagami-san Chi no Enmusubi",
    "episode_title": "Amagami-san Chi no Enmusubi Episode 14 Subtitle Indonesia",
    "episode_link": "https://otakudesu.best/episode/ascne-episode-14-sub-indo/",
    "episode_date": "25 April,2025",
    "server": "mega",
    "quality": "480p",
    "data_content": "eyJpZCI6MTgwNDkzLCJpIjozLCJxIjoiNDgwcCJ9",
    "decoded_data": {
      "id": 180493,
      "i": 3,
      "q": "480p"
    },
    "stream_url": "https://mega.nz/embed/vdREmALa#8gbZfgqxCQxKGiWxtQJVDwlR0xvMiMvZaCVDldjz2OY",
    "is_default": false,
    "timestamp": "2025-09-12T08:20:53.674Z"
  },
  {
    "anime_title": "Amagami-san Chi no Enmusubi",
    "episode_title": "Amagami-san Chi no Enmusubi Episode 14 Subtitle Indonesia",
    "episode_link": "https://otakudesu.best/episode/ascne-episode-14-sub-indo/",
    "episode_date": "25 April,2025",
    "server": "otakuwatch4hd",
    "quality": "720p",
    "data_content": "eyJpZCI6MTgwNDkzLCJpIjowLCJxIjoiNzIwcCJ9",
    "decoded_data": {
      "id": 180493,
      "i": 0,
      "q": "720p"
    },
    "stream_url": "https://desustream.info/dstream/otakuwatch4/hd/v2/index.php?id=c3JXN0w4aDFZYmVmdHFnZXk0SzhNZz09",
    "is_default": false,
    "timestamp": "2025-09-12T08:20:53.699Z"
  },
  {
    "anime_title": "Amagami-san Chi no Enmusubi",
    "episode_title": "Amagami-san Chi no Enmusubi Episode 14 Subtitle Indonesia",
    "episode_link": "https://otakudesu.best/episode/ascne-episode-14-sub-indo/",
    "episode_date": "25 April,2025",
    "server": "odstreamhd",
    "quality": "720p",
    "data_content": "eyJpZCI6MTgwNDkzLCJpIjoxLCJxIjoiNzIwcCJ9",
    "decoded_data": {
      "id": 180493,
      "i": 1,
      "q": "720p"
    },
    "stream_url": "https://desustream.info/dstream/arcg/?id=R1k3K1BzRytFVEtYYTRoY3E2SHowdWszQ3dyTVFDR1p1VkFOb3hiY1RmenJzZmx5VUtZMjRKbmN6UUp5TjZvUUNReXl2L29YdkFZY2xDT2xQaHVFOVE9PQ==",
    "is_default": false,
    "timestamp": "2025-09-12T08:20:53.755Z"
  },
  {
    "anime_title": "Amagami-san Chi no Enmusubi",
    "episode_title": "Amagami-san Chi no Enmusubi Episode 14 Subtitle Indonesia",
    "episode_link": "https://otakudesu.best/episode/ascne-episode-14-sub-indo/",
    "episode_date": "25 April,2025",
    "server": "vidhide",
    "quality": "720p",
    "data_content": "eyJpZCI6MTgwNDkzLCJpIjoyLCJxIjoiNzIwcCJ9",
    "decoded_data": {
      "id": 180493,
      "i": 2,
      "q": "720p"
    },
    "stream_url": "https://odvidhide.com/embed/d1wwynwirckj",
    "is_default": false,
    "timestamp": "2025-09-12T08:20:53.790Z"
  },
  {
    "anime_title": "Amagami-san Chi no Enmusubi",
    "episode_title": "Amagami-san Chi no Enmusubi Episode 14 Subtitle Indonesia",
    "episode_link": "https://otakudesu.best/episode/ascne-episode-14-sub-indo/",
    "episode_date": "25 April,2025",
    "server": "mega",
    "quality": "720p",
    "data_content": "eyJpZCI6MTgwNDkzLCJpIjozLCJxIjoiNzIwcCJ9",
    "decoded_data": {
      "id": 180493,
      "i": 3,
      "q": "720p"
    },
    "stream_url": "https://mega.nz/embed/TAxUibJQ#HYkIz3tJ0nfEgL8LjGoIso8p9-KLEYlNilIJlOQNEec",
    "is_default": false,
    "timestamp": "2025-09-12T08:20:53.808Z"
  }
]