[
  {
    "anime_title": "Anne Shirley On-Going",
    "episode_title": "Anne Shirley Episode 9 Subtitle Indonesia",
    "episode_link": "https://otakudesu.best/episode/anshy-episode-9-sub-indo/",
    "episode_date": "1 Juni,2025",
    "server": "vidhide",
    "quality": "360p",
    "data_content": "eyJpZCI6MTgxODcyLCJpIjowLCJxIjoiMzYwcCJ9",
    "decoded_data": {
      "id": 181872,
      "i": 0,
      "q": "360p"
    },
    "stream_url": "https://odvidhide.com/embed/hitos7a8i434",
    "is_default": false,
    "timestamp": "2025-09-12T08:23:17.710Z"
  },
  {
    "anime_title": "Anne Shirley On-Going",
    "episode_title": "Anne Shirley Episode 9 Subtitle Indonesia",
    "episode_link": "https://otakudesu.best/episode/anshy-episode-9-sub-indo/",
    "episode_date": "1 Juni,2025",
    "server": "pdrain",
    "quality": "360p",
    "data_content": "eyJpZCI6MTgxODcyLCJpIjoxLCJxIjoiMzYwcCJ9",
    "decoded_data": {
      "id": 181872,
      "i": 1,
      "q": "360p"
    },
    "stream_url": "https://www.pixeldrain.com/u/dF4r6xpy?embed",
    "is_default": false,
    "timestamp": "2025-09-12T08:23:17.770Z"
  },
  {
    "anime_title": "Anne Shirley On-Going",
    "episode_title": "Anne Shirley Episode 9 Subtitle Indonesia",
    "episode_link": "https://otakudesu.best/episode/anshy-episode-9-sub-indo/",
    "episode_date": "1 Juni,2025",
    "server": "odstream",
    "quality": "360p",
    "data_content": "eyJpZCI6MTgxODcyLCJpIjoyLCJxIjoiMzYwcCJ9",
    "decoded_data": {
      "id": 181872,
      "i": 2,
      "q": "360p"
    },
    "stream_url": "https://desustream.info/dstream/arcg/?id=YjNrS3AxRHlRNktTc3BFdWRpazgxRGF1NFl2TGVjMzFZYjlsWXV0SFFJbUdpdWMvb1l1c3RwMExEelNoaUhEWmVEL2ZSMEpWY2JROHZ0djZTM2RoRHc9PQ==",
    "is_default": false,
    "timestamp": "2025-09-12T08:23:17.782Z"
  },
  {
    "anime_title": "Anne Shirley On-Going",
    "episode_title": "Anne Shirley Episode 9 Subtitle Indonesia",
    "episode_link": "https://otakudesu.best/episode/anshy-episode-9-sub-indo/",
    "episode_date": "1 Juni,2025",
    "server": "mega",
    "quality": "360p",
    "data_content": "eyJpZCI6MTgxODcyLCJpIjozLCJxIjoiMzYwcCJ9",
    "decoded_data": {
      "id": 181872,
      "i": 3,
      "q": "360p"
    },
    "stream_url": "https://mega.nz/embed/ZIJU3L6a#3AF_v6cJ5yo2DYGIuXNR8E368otzbNAokpovGKXZJVg",
    "is_default": false,
    "timestamp": "2025-09-12T08:23:17.841Z"
  },
  {
    "anime_title": "Anne Shirley On-Going",
    "episode_title": "Anne Shirley Episode 9 Subtitle Indonesia",
    "episode_link": "https://otakudesu.best/episode/anshy-episode-9-sub-indo/",
    "episode_date": "1 Juni,2025",
    "server": "updesu",
    "quality": "480p",
    "data_content": "eyJpZCI6MTgxODcyLCJpIjowLCJxIjoiNDgwcCJ9",
    "decoded_data": {
      "id": 181872,
      "i": 0,
      "q": "480p"
    },
    "stream_url": "https://desustream.info/dstream/updesu/v5/index.php?id=OEpLSlo4NG9HV0VBdHBtbkx1MjY1QT09",
    "is_default": true,
    "timestamp": "2025-09-12T08:23:17.878Z"
  },
  {
    "anime_title": "Anne Shirley On-Going",
    "episode_title": "Anne Shirley Episode 9 Subtitle Indonesia",
    "episode_link": "https://otakudesu.best/episode/anshy-episode-9-sub-indo/",
    "episode_date": "1 Juni,2025",
    "server": "vidhide",
    "quality": "480p",
    "data_content": "eyJpZCI6MTgxODcyLCJpIjoxLCJxIjoiNDgwcCJ9",
    "decoded_data": {
      "id": 181872,
      "i": 1,
      "q": "480p"
    },
    "stream_url": "https://odvidhide.com/embed/hitos7a8i434",
    "is_default": false,
    "timestamp": "2025-09-12T08:23:17.914Z"
  },
  {
    "anime_title": "Anne Shirley On-Going",
    "episode_title": "Anne Shirley Episode 9 Subtitle Indonesia",
    "episode_link": "https://otakudesu.best/episode/anshy-episode-9-sub-indo/",
    "episode_date": "1 Juni,2025",
    "server": "pdrain",
    "quality": "480p",
    "data_content": "eyJpZCI6MTgxODcyLCJpIjoyLCJxIjoiNDgwcCJ9",
    "decoded_data": {
      "id": 181872,
      "i": 2,
      "q": "480p"
    },
    "stream_url": "https://www.pixeldrain.com/u/qT4TG9g4?embed",
    "is_default": false,
    "timestamp": "2025-09-12T08:23:17.935Z"
  },
  {
    "anime_title": "Anne Shirley On-Going",
    "episode_title": "Anne Shirley Episode 9 Subtitle Indonesia",
    "episode_link": "https://otakudesu.best/episode/anshy-episode-9-sub-indo/",
    "episode_date": "1 Juni,2025",
    "server": "odstream",
    "quality": "480p",
    "data_content": "eyJpZCI6MTgxODcyLCJpIjozLCJxIjoiNDgwcCJ9",
    "decoded_data": {
      "id": 181872,
      "i": 3,
      "q": "480p"
    },
    "stream_url": "https://desustream.info/dstream/arcg/?id=YjNrS3AxRHlRNktTc3BFdWRpazgxRGF1NFl2TGVjMzFZYjlsWXV0SFFJbm02emlxQTZUcktNeFUyWFlXQ1BKTmo1UEZ2MHRvcTJRYnduVDFyVGkvSkE9PQ==",
    "is_default": false,
    "timestamp": "2025-09-12T08:23:17.978Z"
  },
  {
    "anime_title": "Anne Shirley On-Going",
    "episode_title": "Anne Shirley Episode 9 Subtitle Indonesia",
    "episode_link": "https://otakudesu.best/episode/anshy-episode-9-sub-indo/",
    "episode_date": "1 Juni,2025",
    "server": "mega",
    "quality": "480p",
    "data_content": "eyJpZCI6MTgxODcyLCJpIjo0LCJxIjoiNDgwcCJ9",
    "decoded_data": {
      "id": 181872,
      "i": 4,
      "q": "480p"
    },
    "stream_url": "https://mega.nz/embed/QEYiQIbT#CIkzSBxmShPUosqTwhiLa4Ws9Wi4P-jS0_MLdIjs41s",
    "is_default": false,
    "timestamp": "2025-09-12T08:23:18.032Z"
  },
  {
    "anime_title": "Anne Shirley On-Going",
    "episode_title": "Anne Shirley Episode 9 Subtitle Indonesia",
    "episode_link": "https://otakudesu.best/episode/anshy-episode-9-sub-indo/",
    "episode_date": "1 Juni,2025",
    "server": "vidhide",
    "quality": "720p",
    "data_content": "eyJpZCI6MTgxODcyLCJpIjowLCJxIjoiNzIwcCJ9",
    "decoded_data": {
      "id": 181872,
      "i": 0,
      "q": "720p"
    },
    "stream_url": "https://odvidhide.com/embed/9jhpi14tccu6",
    "is_default": false,
    "timestamp": "2025-09-12T08:23:18.084Z"
  },
  {
    "anime_title": "Anne Shirley On-Going",
    "episode_title": "Anne Shirley Episode 9 Subtitle Indonesia",
    "episode_link": "https://otakudesu.best/episode/anshy-episode-9-sub-indo/",
    "episode_date": "1 Juni,2025",
    "server": "ondesuhd",
    "quality": "720p",
    "data_content": "eyJpZCI6MTgxODcyLCJpIjoxLCJxIjoiNzIwcCJ9",
    "decoded_data": {
      "id": 181872,
      "i": 1,
      "q": "720p"
    },
    "stream_url": "https://desustream.info/dstream/ondesu/hd/v2/index.php?id=OEpLSlo4NG9HV0VBdHBtbkx1MjY1QT09",
    "is_default": false,
    "timestamp": "2025-09-12T08:23:18.113Z"
  },
  {
    "anime_title": "Anne Shirley On-Going",
    "episode_title": "Anne Shirley Episode 9 Subtitle Indonesia",
    "episode_link": "https://otakudesu.best/episode/anshy-episode-9-sub-indo/",
    "episode_date": "1 Juni,2025",
    "server": "pdrain",
    "quality": "720p",
    "data_content": "eyJpZCI6MTgxODcyLCJpIjoyLCJxIjoiNzIwcCJ9",
    "decoded_data": {
      "id": 181872,
      "i": 2,
      "q": "720p"
    },
    "stream_url": "https://www.pixeldrain.com/u/MdCmfXZV?embed",
    "is_default": false,
    "timestamp": "2025-09-12T08:23:18.141Z"
  },
  {
    "anime_title": "Anne Shirley On-Going",
    "episode_title": "Anne Shirley Episode 9 Subtitle Indonesia",
    "episode_link": "https://otakudesu.best/episode/anshy-episode-9-sub-indo/",
    "episode_date": "1 Juni,2025",
    "server": "odstream",
    "quality": "720p",
    "data_content": "eyJpZCI6MTgxODcyLCJpIjozLCJxIjoiNzIwcCJ9",
    "decoded_data": {
      "id": 181872,
      "i": 3,
      "q": "720p"
    },
    "stream_url": "https://desustream.info/dstream/arcg/?id=YjNrS3AxRHlRNktTc3BFdWRpazgxRGF1NFl2TGVjMzFZYjlsWXV0SFFJa0Z5RVVXVjZvQUttMytUcVNCQWZycnRNckJsSUZmZGkweGNQZ2IrbUdlanc9PQ==",
    "is_default": false,
    "timestamp": "2025-09-12T08:23:18.179Z"
  },
  {
    "anime_title": "Anne Shirley On-Going",
    "episode_title": "Anne Shirley Episode 9 Subtitle Indonesia",
    "episode_link": "https://otakudesu.best/episode/anshy-episode-9-sub-indo/",
    "episode_date": "1 Juni,2025",
    "server": "mega",
    "quality": "720p",
    "data_content": "eyJpZCI6MTgxODcyLCJpIjo0LCJxIjoiNzIwcCJ9",
    "decoded_data": {
      "id": 181872,
      "i": 4,
      "q": "720p"
    },
    "stream_url": "https://mega.nz/embed/4NhBBYYb#9obMFcr5Smkjhn4L83PYz-MYOQojvJWKtdA6Ct1YY6w",
    "is_default": false,
    "timestamp": "2025-09-12T08:23:18.214Z"
  },
  {
    "anime_title": "Anne Shirley On-Going",
    "episode_title": "Anne Shirley Episode 9 Subtitle Indonesia",
    "episode_link": "https://otakudesu.best/episode/anshy-episode-9-sub-indo/",
    "episode_date": "1 Juni,2025",
    "server": "vidhide",
    "quality": "360p",
    "data_content": "eyJpZCI6MTgxODcyLCJpIjowLCJxIjoiMzYwcCJ9",
    "decoded_data": {
      "id": 181872,
      "i": 0,
      "q": "360p"
    },
    "stream_url": "https://odvidhide.com/embed/hitos7a8i434",
    "is_default": false,
    "timestamp": "2025-09-12T08:23:17.710Z"
  },
  {
    "anime_title": "Anne Shirley On-Going",
    "episode_title": "Anne Shirley Episode 9 Subtitle Indonesia",
    "episode_link": "https://otakudesu.best/episode/anshy-episode-9-sub-indo/",
    "episode_date": "1 Juni,2025",
    "server": "pdrain",
    "quality": "360p",
    "data_content": "eyJpZCI6MTgxODcyLCJpIjoxLCJxIjoiMzYwcCJ9",
    "decoded_data": {
      "id": 181872,
      "i": 1,
      "q": "360p"
    },
    "stream_url": "https://www.pixeldrain.com/u/dF4r6xpy?embed",
    "is_default": false,
    "timestamp": "2025-09-12T08:23:17.770Z"
  },
  {
    "anime_title": "Anne Shirley On-Going",
    "episode_title": "Anne Shirley Episode 9 Subtitle Indonesia",
    "episode_link": "https://otakudesu.best/episode/anshy-episode-9-sub-indo/",
    "episode_date": "1 Juni,2025",
    "server": "odstream",
    "quality": "360p",
    "data_content": "eyJpZCI6MTgxODcyLCJpIjoyLCJxIjoiMzYwcCJ9",
    "decoded_data": {
      "id": 181872,
      "i": 2,
      "q": "360p"
    },
    "stream_url": "https://desustream.info/dstream/arcg/?id=YjNrS3AxRHlRNktTc3BFdWRpazgxRGF1NFl2TGVjMzFZYjlsWXV0SFFJbUdpdWMvb1l1c3RwMExEelNoaUhEWmVEL2ZSMEpWY2JROHZ0djZTM2RoRHc9PQ==",
    "is_default": false,
    "timestamp": "2025-09-12T08:23:17.782Z"
  },
  {
    "anime_title": "Anne Shirley On-Going",
    "episode_title": "Anne Shirley Episode 9 Subtitle Indonesia",
    "episode_link": "https://otakudesu.best/episode/anshy-episode-9-sub-indo/",
    "episode_date": "1 Juni,2025",
    "server": "mega",
    "quality": "360p",
    "data_content": "eyJpZCI6MTgxODcyLCJpIjozLCJxIjoiMzYwcCJ9",
    "decoded_data": {
      "id": 181872,
      "i": 3,
      "q": "360p"
    },
    "stream_url": "https://mega.nz/embed/ZIJU3L6a#3AF_v6cJ5yo2DYGIuXNR8E368otzbNAokpovGKXZJVg",
    "is_default": false,
    "timestamp": "2025-09-12T08:23:17.841Z"
  },
  {
    "anime_title": "Anne Shirley On-Going",
    "episode_title": "Anne Shirley Episode 9 Subtitle Indonesia",
    "episode_link": "https://otakudesu.best/episode/anshy-episode-9-sub-indo/",
    "episode_date": "1 Juni,2025",
    "server": "updesu",
    "quality": "480p",
    "data_content": "eyJpZCI6MTgxODcyLCJpIjowLCJxIjoiNDgwcCJ9",
    "decoded_data": {
      "id": 181872,
      "i": 0,
      "q": "480p"
    },
    "stream_url": "https://desustream.info/dstream/updesu/v5/index.php?id=OEpLSlo4NG9HV0VBdHBtbkx1MjY1QT09",
    "is_default": true,
    "timestamp": "2025-09-12T08:23:17.878Z"
  },
  {
    "anime_title": "Anne Shirley On-Going",
    "episode_title": "Anne Shirley Episode 9 Subtitle Indonesia",
    "episode_link": "https://otakudesu.best/episode/anshy-episode-9-sub-indo/",
    "episode_date": "1 Juni,2025",
    "server": "vidhide",
    "quality": "480p",
    "data_content": "eyJpZCI6MTgxODcyLCJpIjoxLCJxIjoiNDgwcCJ9",
    "decoded_data": {
      "id": 181872,
      "i": 1,
      "q": "480p"
    },
    "stream_url": "https://odvidhide.com/embed/hitos7a8i434",
    "is_default": false,
    "timestamp": "2025-09-12T08:23:17.914Z"
  },
  {
    "anime_title": "Anne Shirley On-Going",
    "episode_title": "Anne Shirley Episode 9 Subtitle Indonesia",
    "episode_link": "https://otakudesu.best/episode/anshy-episode-9-sub-indo/",
    "episode_date": "1 Juni,2025",
    "server": "pdrain",
    "quality": "480p",
    "data_content": "eyJpZCI6MTgxODcyLCJpIjoyLCJxIjoiNDgwcCJ9",
    "decoded_data": {
      "id": 181872,
      "i": 2,
      "q": "480p"
    },
    "stream_url": "https://www.pixeldrain.com/u/qT4TG9g4?embed",
    "is_default": false,
    "timestamp": "2025-09-12T08:23:17.935Z"
  },
  {
    "anime_title": "Anne Shirley On-Going",
    "episode_title": "Anne Shirley Episode 9 Subtitle Indonesia",
    "episode_link": "https://otakudesu.best/episode/anshy-episode-9-sub-indo/",
    "episode_date": "1 Juni,2025",
    "server": "odstream",
    "quality": "480p",
    "data_content": "eyJpZCI6MTgxODcyLCJpIjozLCJxIjoiNDgwcCJ9",
    "decoded_data": {
      "id": 181872,
      "i": 3,
      "q": "480p"
    },
    "stream_url": "https://desustream.info/dstream/arcg/?id=YjNrS3AxRHlRNktTc3BFdWRpazgxRGF1NFl2TGVjMzFZYjlsWXV0SFFJbm02emlxQTZUcktNeFUyWFlXQ1BKTmo1UEZ2MHRvcTJRYnduVDFyVGkvSkE9PQ==",
    "is_default": false,
    "timestamp": "2025-09-12T08:23:17.978Z"
  },
  {
    "anime_title": "Anne Shirley On-Going",
    "episode_title": "Anne Shirley Episode 9 Subtitle Indonesia",
    "episode_link": "https://otakudesu.best/episode/anshy-episode-9-sub-indo/",
    "episode_date": "1 Juni,2025",
    "server": "mega",
    "quality": "480p",
    "data_content": "eyJpZCI6MTgxODcyLCJpIjo0LCJxIjoiNDgwcCJ9",
    "decoded_data": {
      "id": 181872,
      "i": 4,
      "q": "480p"
    },
    "stream_url": "https://mega.nz/embed/QEYiQIbT#CIkzSBxmShPUosqTwhiLa4Ws9Wi4P-jS0_MLdIjs41s",
    "is_default": false,
    "timestamp": "2025-09-12T08:23:18.032Z"
  },
  {
    "anime_title": "Anne Shirley On-Going",
    "episode_title": "Anne Shirley Episode 9 Subtitle Indonesia",
    "episode_link": "https://otakudesu.best/episode/anshy-episode-9-sub-indo/",
    "episode_date": "1 Juni,2025",
    "server": "vidhide",
    "quality": "720p",
    "data_content": "eyJpZCI6MTgxODcyLCJpIjowLCJxIjoiNzIwcCJ9",
    "decoded_data": {
      "id": 181872,
      "i": 0,
      "q": "720p"
    },
    "stream_url": "https://odvidhide.com/embed/9jhpi14tccu6",
    "is_default": false,
    "timestamp": "2025-09-12T08:23:18.084Z"
  },
  {
    "anime_title": "Anne Shirley On-Going",
    "episode_title": "Anne Shirley Episode 9 Subtitle Indonesia",
    "episode_link": "https://otakudesu.best/episode/anshy-episode-9-sub-indo/",
    "episode_date": "1 Juni,2025",
    "server": "ondesuhd",
    "quality": "720p",
    "data_content": "eyJpZCI6MTgxODcyLCJpIjoxLCJxIjoiNzIwcCJ9",
    "decoded_data": {
      "id": 181872,
      "i": 1,
      "q": "720p"
    },
    "stream_url": "https://desustream.info/dstream/ondesu/hd/v2/index.php?id=OEpLSlo4NG9HV0VBdHBtbkx1MjY1QT09",
    "is_default": false,
    "timestamp": "2025-09-12T08:23:18.113Z"
  },
  {
    "anime_title": "Anne Shirley On-Going",
    "episode_title": "Anne Shirley Episode 9 Subtitle Indonesia",
    "episode_link": "https://otakudesu.best/episode/anshy-episode-9-sub-indo/",
    "episode_date": "1 Juni,2025",
    "server": "pdrain",
    "quality": "720p",
    "data_content": "eyJpZCI6MTgxODcyLCJpIjoyLCJxIjoiNzIwcCJ9",
    "decoded_data": {
      "id": 181872,
      "i": 2,
      "q": "720p"
    },
    "stream_url": "https://www.pixeldrain.com/u/MdCmfXZV?embed",
    "is_default": false,
    "timestamp": "2025-09-12T08:23:18.141Z"
  },
  {
    "anime_title": "Anne Shirley On-Going",
    "episode_title": "Anne Shirley Episode 9 Subtitle Indonesia",
    "episode_link": "https://otakudesu.best/episode/anshy-episode-9-sub-indo/",
    "episode_date": "1 Juni,2025",
    "server": "odstream",
    "quality": "720p",
    "data_content": "eyJpZCI6MTgxODcyLCJpIjozLCJxIjoiNzIwcCJ9",
    "decoded_data": {
      "id": 181872,
      "i": 3,
      "q": "720p"
    },
    "stream_url": "https://desustream.info/dstream/arcg/?id=YjNrS3AxRHlRNktTc3BFdWRpazgxRGF1NFl2TGVjMzFZYjlsWXV0SFFJa0Z5RVVXVjZvQUttMytUcVNCQWZycnRNckJsSUZmZGkweGNQZ2IrbUdlanc9PQ==",
    "is_default": false,
    "timestamp": "2025-09-12T08:23:18.179Z"
  },
  {
    "anime_title": "Anne Shirley On-Going",
    "episode_title": "Anne Shirley Episode 9 Subtitle Indonesia",
    "episode_link": "https://otakudesu.best/episode/anshy-episode-9-sub-indo/",
    "episode_date": "1 Juni,2025",
    "server": "mega",
    "quality": "720p",
    "data_content": "eyJpZCI6MTgxODcyLCJpIjo0LCJxIjoiNzIwcCJ9",
    "decoded_data": {
      "id": 181872,
      "i": 4,
      "q": "720p"
    },
    "stream_url": "https://mega.nz/embed/4NhBBYYb#9obMFcr5Smkjhn4L83PYz-MYOQojvJWKtdA6Ct1YY6w",
    "is_default": false,
    "timestamp": "2025-09-12T08:23:18.214Z"
  },
  {
    "anime_title": "Anne Shirley On-Going",
    "episode_title": "Anne Shirley Episode 10 Subtitle Indonesia",
    "episode_link": "https://otakudesu.best/episode/anshy-episode-10-sub-indo/",
    "episode_date": "8 Juni,2025",
    "server": "odstream",
    "quality": "360p",
    "data_content": "eyJpZCI6MTgyMTIxLCJpIjoyLCJxIjoiMzYwcCJ9",
    "decoded_data": {
      "id": 182121,
      "i": 2,
      "q": "360p"
    },
    "stream_url": "https://desustream.info/dstream/arcg/?id=RStUSVlvM0wwVHVacVJVS01MdmdXOEdpa3k0cXhrcmV4eFhONnRieXBtcWVTZS9iWDZKUjhoenpaVE1qUjVZQVlsaTA4a1MvcWZxcUp5VVgvYTlFdEE9PQ==",
    "is_default": false,
    "timestamp": "2025-09-12T08:23:18.922Z"
  },
  {
    "anime_title": "Anne Shirley On-Going",
    "episode_title": "Anne Shirley Episode 10 Subtitle Indonesia",
    "episode_link": "https://otakudesu.best/episode/anshy-episode-10-sub-indo/",
    "episode_date": "8 Juni,2025",
    "server": "mega",
    "quality": "360p",
    "data_content": "eyJpZCI6MTgyMTIxLCJpIjozLCJxIjoiMzYwcCJ9",
    "decoded_data": {
      "id": 182121,
      "i": 3,
      "q": "360p"
    },
    "stream_url": "https://mega.nz/embed/5Qx11SbB#sd3_61_LsH3Bp8MMbLlHWrO34lqppUlDZ6IoQMfnFRA",
    "is_default": false,
    "timestamp": "2025-09-12T08:23:18.964Z"
  },
  {
    "anime_title": "Anne Shirley On-Going",
    "episode_title": "Anne Shirley Episode 10 Subtitle Indonesia",
    "episode_link": "https://otakudesu.best/episode/anshy-episode-10-sub-indo/",
    "episode_date": "8 Juni,2025",
    "server": "updesu",
    "quality": "480p",
    "data_content": "eyJpZCI6MTgyMTIxLCJpIjowLCJxIjoiNDgwcCJ9",
    "decoded_data": {
      "id": 182121,
      "i": 0,
      "q": "480p"
    },
    "stream_url": "https://desustream.info/dstream/updesu/v5/index.php?id=aGJKSEkrZjVFeEoySWxKa0E0U1NxTW1ZMFpGN0E1Ly82Z3BkZ2hQRXl2RT0=",
    "is_default": true,
    "timestamp": "2025-09-12T08:23:18.982Z"
  },
  {
    "anime_title": "Anne Shirley On-Going",
    "episode_title": "Anne Shirley Episode 10 Subtitle Indonesia",
    "episode_link": "https://otakudesu.best/episode/anshy-episode-10-sub-indo/",
    "episode_date": "8 Juni,2025",
    "server": "vidhide",
    "quality": "360p",
    "data_content": "eyJpZCI6MTgyMTIxLCJpIjowLCJxIjoiMzYwcCJ9",
    "decoded_data": {
      "id": 182121,
      "i": 0,
      "q": "360p"
    },
    "stream_url": "https://odvidhide.com/embed/6ycey1t7o2js",
    "is_default": false,
    "timestamp": "2025-09-12T08:23:18.992Z"
  },
  {
    "anime_title": "Anne Shirley On-Going",
    "episode_title": "Anne Shirley Episode 10 Subtitle Indonesia",
    "episode_link": "https://otakudesu.best/episode/anshy-episode-10-sub-indo/",
    "episode_date": "8 Juni,2025",
    "server": "vidhide",
    "quality": "480p",
    "data_content": "eyJpZCI6MTgyMTIxLCJpIjoxLCJxIjoiNDgwcCJ9",
    "decoded_data": {
      "id": 182121,
      "i": 1,
      "q": "480p"
    },
    "stream_url": "https://odvidhide.com/embed/ignd5j5lj1gc",
    "is_default": false,
    "timestamp": "2025-09-12T08:23:19.037Z"
  },
  {
    "anime_title": "Anne Shirley On-Going",
    "episode_title": "Anne Shirley Episode 10 Subtitle Indonesia",
    "episode_link": "https://otakudesu.best/episode/anshy-episode-10-sub-indo/",
    "episode_date": "8 Juni,2025",
    "server": "pdrain",
    "quality": "480p",
    "data_content": "eyJpZCI6MTgyMTIxLCJpIjoyLCJxIjoiNDgwcCJ9",
    "decoded_data": {
      "id": 182121,
      "i": 2,
      "q": "480p"
    },
    "stream_url": "https://www.pixeldrain.com/u/aL5PyKtg?embed",
    "is_default": false,
    "timestamp": "2025-09-12T08:23:19.074Z"
  },
  {
    "anime_title": "Anne Shirley On-Going",
    "episode_title": "Anne Shirley Episode 10 Subtitle Indonesia",
    "episode_link": "https://otakudesu.best/episode/anshy-episode-10-sub-indo/",
    "episode_date": "8 Juni,2025",
    "server": "odstream",
    "quality": "480p",
    "data_content": "eyJpZCI6MTgyMTIxLCJpIjozLCJxIjoiNDgwcCJ9",
    "decoded_data": {
      "id": 182121,
      "i": 3,
      "q": "480p"
    },
    "stream_url": "https://desustream.info/dstream/arcg/?id=RStUSVlvM0wwVHVacVJVS01MdmdXOEdpa3k0cXhrcmV4eFhONnRieXBtckNsRENOT1BuSWJURmRWelhMalZXMjAyckM0SmRUa0crT041eDF6YUtHVlE9PQ==",
    "is_default": false,
    "timestamp": "2025-09-12T08:23:19.115Z"
  },
  {
    "anime_title": "Anne Shirley On-Going",
    "episode_title": "Anne Shirley Episode 10 Subtitle Indonesia",
    "episode_link": "https://otakudesu.best/episode/anshy-episode-10-sub-indo/",
    "episode_date": "8 Juni,2025",
    "server": "mega",
    "quality": "480p",
    "data_content": "eyJpZCI6MTgyMTIxLCJpIjo0LCJxIjoiNDgwcCJ9",
    "decoded_data": {
      "id": 182121,
      "i": 4,
      "q": "480p"
    },
    "stream_url": "https://mega.nz/embed/VFxg1CiR#ExGyaS-ezBgwPeVxQAGvkB4CIW-_Utlk8qK3T3xl46I",
    "is_default": false,
    "timestamp": "2025-09-12T08:23:19.147Z"
  },
  {
    "anime_title": "Anne Shirley On-Going",
    "episode_title": "Anne Shirley Episode 10 Subtitle Indonesia",
    "episode_link": "https://otakudesu.best/episode/anshy-episode-10-sub-indo/",
    "episode_date": "8 Juni,2025",
    "server": "vidhide",
    "quality": "720p",
    "data_content": "eyJpZCI6MTgyMTIxLCJpIjowLCJxIjoiNzIwcCJ9",
    "decoded_data": {
      "id": 182121,
      "i": 0,
      "q": "720p"
    },
    "stream_url": "https://odvidhide.com/embed/ht112vzfaxyz",
    "is_default": false,
    "timestamp": "2025-09-12T08:23:19.164Z"
  },
  {
    "anime_title": "Anne Shirley On-Going",
    "episode_title": "Anne Shirley Episode 10 Subtitle Indonesia",
    "episode_link": "https://otakudesu.best/episode/anshy-episode-10-sub-indo/",
    "episode_date": "8 Juni,2025",
    "server": "pdrain",
    "quality": "720p",
    "data_content": "eyJpZCI6MTgyMTIxLCJpIjoyLCJxIjoiNzIwcCJ9",
    "decoded_data": {
      "id": 182121,
      "i": 2,
      "q": "720p"
    },
    "stream_url": "https://www.pixeldrain.com/u/ppwLZLca?embed",
    "is_default": false,
    "timestamp": "2025-09-12T08:23:19.244Z"
  },
  {
    "anime_title": "Anne Shirley On-Going",
    "episode_title": "Anne Shirley Episode 10 Subtitle Indonesia",
    "episode_link": "https://otakudesu.best/episode/anshy-episode-10-sub-indo/",
    "episode_date": "8 Juni,2025",
    "server": "ondesuhd",
    "quality": "720p",
    "data_content": "eyJpZCI6MTgyMTIxLCJpIjoxLCJxIjoiNzIwcCJ9",
    "decoded_data": {
      "id": 182121,
      "i": 1,
      "q": "720p"
    },
    "stream_url": "https://desustream.info/dstream/ondesu/hd/v2/index.php?id=aGJKSEkrZjVFeEoySWxKa0E0U1NxTW1ZMFpGN0E1Ly82Z3BkZ2hQRXl2RT0=",
    "is_default": false,
    "timestamp": "2025-09-12T08:23:19.302Z"
  },
  {
    "anime_title": "Anne Shirley On-Going",
    "episode_title": "Anne Shirley Episode 10 Subtitle Indonesia",
    "episode_link": "https://otakudesu.best/episode/anshy-episode-10-sub-indo/",
    "episode_date": "8 Juni,2025",
    "server": "pdrain",
    "quality": "360p",
    "data_content": "eyJpZCI6MTgyMTIxLCJpIjoxLCJxIjoiMzYwcCJ9",
    "decoded_data": {
      "id": 182121,
      "i": 1,
      "q": "360p"
    },
    "stream_url": "https://www.pixeldrain.com/u/i8XqqPiE?embed",
    "is_default": false,
    "timestamp": "2025-09-12T08:23:19.324Z"
  },
  {
    "anime_title": "Anne Shirley On-Going",
    "episode_title": "Anne Shirley Episode 10 Subtitle Indonesia",
    "episode_link": "https://otakudesu.best/episode/anshy-episode-10-sub-indo/",
    "episode_date": "8 Juni,2025",
    "server": "mega",
    "quality": "720p",
    "data_content": "eyJpZCI6MTgyMTIxLCJpIjo0LCJxIjoiNzIwcCJ9",
    "decoded_data": {
      "id": 182121,
      "i": 4,
      "q": "720p"
    },
    "stream_url": "https://mega.nz/embed/RB51AaSR#t7s4eTOwc6BZRsvDQJg7e0-lJQ39OXak63pepSPMNDY",
    "is_default": false,
    "timestamp": "2025-09-12T08:23:19.339Z"
  },
  {
    "anime_title": "Anne Shirley On-Going",
    "episode_title": "Anne Shirley Episode 10 Subtitle Indonesia",
    "episode_link": "https://otakudesu.best/episode/anshy-episode-10-sub-indo/",
    "episode_date": "8 Juni,2025",
    "server": "odstream",
    "quality": "720p",
    "data_content": "eyJpZCI6MTgyMTIxLCJpIjozLCJxIjoiNzIwcCJ9",
    "decoded_data": {
      "id": 182121,
      "i": 3,
      "q": "720p"
    },
    "stream_url": "https://desustream.info/dstream/arcg/?id=RStUSVlvM0wwVHVacVJVS01MdmdXOEdpa3k0cXhrcmV4eFhONnRieXBtcTBpMTZZVnpsTFE2ZHZUaGlHZGRsS253R1drOE5FZWNyaEZFSnMzeHVnRlE9PQ==",
    "is_default": false,
    "timestamp": "2025-09-12T08:23:21.393Z"
  },
  {
    "anime_title": "Anne Shirley On-Going",
    "episode_title": "Anne Shirley Episode 10 Subtitle Indonesia",
    "episode_link": "https://otakudesu.best/episode/anshy-episode-10-sub-indo/",
    "episode_date": "8 Juni,2025",
    "server": "vidhide",
    "quality": "360p",
    "data_content": "eyJpZCI6MTgyMTIxLCJpIjowLCJxIjoiMzYwcCJ9",
    "decoded_data": {
      "id": 182121,
      "i": 0,
      "q": "360p"
    },
    "stream_url": "https://odvidhide.com/embed/6ycey1t7o2js",
    "is_default": false,
    "timestamp": "2025-09-12T08:23:18.992Z"
  },
  {
    "anime_title": "Anne Shirley On-Going",
    "episode_title": "Anne Shirley Episode 10 Subtitle Indonesia",
    "episode_link": "https://otakudesu.best/episode/anshy-episode-10-sub-indo/",
    "episode_date": "8 Juni,2025",
    "server": "pdrain",
    "quality": "360p",
    "data_content": "eyJpZCI6MTgyMTIxLCJpIjoxLCJxIjoiMzYwcCJ9",
    "decoded_data": {
      "id": 182121,
      "i": 1,
      "q": "360p"
    },
    "stream_url": "https://www.pixeldrain.com/u/i8XqqPiE?embed",
    "is_default": false,
    "timestamp": "2025-09-12T08:23:19.324Z"
  },
  {
    "anime_title": "Anne Shirley On-Going",
    "episode_title": "Anne Shirley Episode 10 Subtitle Indonesia",
    "episode_link": "https://otakudesu.best/episode/anshy-episode-10-sub-indo/",
    "episode_date": "8 Juni,2025",
    "server": "odstream",
    "quality": "360p",
    "data_content": "eyJpZCI6MTgyMTIxLCJpIjoyLCJxIjoiMzYwcCJ9",
    "decoded_data": {
      "id": 182121,
      "i": 2,
      "q": "360p"
    },
    "stream_url": "https://desustream.info/dstream/arcg/?id=RStUSVlvM0wwVHVacVJVS01MdmdXOEdpa3k0cXhrcmV4eFhONnRieXBtcWVTZS9iWDZKUjhoenpaVE1qUjVZQVlsaTA4a1MvcWZxcUp5VVgvYTlFdEE9PQ==",
    "is_default": false,
    "timestamp": "2025-09-12T08:23:18.922Z"
  },
  {
    "anime_title": "Anne Shirley On-Going",
    "episode_title": "Anne Shirley Episode 10 Subtitle Indonesia",
    "episode_link": "https://otakudesu.best/episode/anshy-episode-10-sub-indo/",
    "episode_date": "8 Juni,2025",
    "server": "mega",
    "quality": "360p",
    "data_content": "eyJpZCI6MTgyMTIxLCJpIjozLCJxIjoiMzYwcCJ9",
    "decoded_data": {
      "id": 182121,
      "i": 3,
      "q": "360p"
    },
    "stream_url": "https://mega.nz/embed/5Qx11SbB#sd3_61_LsH3Bp8MMbLlHWrO34lqppUlDZ6IoQMfnFRA",
    "is_default": false,
    "timestamp": "2025-09-12T08:23:18.964Z"
  },
  {
    "anime_title": "Anne Shirley On-Going",
    "episode_title": "Anne Shirley Episode 10 Subtitle Indonesia",
    "episode_link": "https://otakudesu.best/episode/anshy-episode-10-sub-indo/",
    "episode_date": "8 Juni,2025",
    "server": "updesu",
    "quality": "480p",
    "data_content": "eyJpZCI6MTgyMTIxLCJpIjowLCJxIjoiNDgwcCJ9",
    "decoded_data": {
      "id": 182121,
      "i": 0,
      "q": "480p"
    },
    "stream_url": "https://desustream.info/dstream/updesu/v5/index.php?id=aGJKSEkrZjVFeEoySWxKa0E0U1NxTW1ZMFpGN0E1Ly82Z3BkZ2hQRXl2RT0=",
    "is_default": true,
    "timestamp": "2025-09-12T08:23:18.982Z"
  },
  {
    "anime_title": "Anne Shirley On-Going",
    "episode_title": "Anne Shirley Episode 10 Subtitle Indonesia",
    "episode_link": "https://otakudesu.best/episode/anshy-episode-10-sub-indo/",
    "episode_date": "8 Juni,2025",
    "server": "vidhide",
    "quality": "480p",
    "data_content": "eyJpZCI6MTgyMTIxLCJpIjoxLCJxIjoiNDgwcCJ9",
    "decoded_data": {
      "id": 182121,
      "i": 1,
      "q": "480p"
    },
    "stream_url": "https://odvidhide.com/embed/ignd5j5lj1gc",
    "is_default": false,
    "timestamp": "2025-09-12T08:23:19.037Z"
  },
  {
    "anime_title": "Anne Shirley On-Going",
    "episode_title": "Anne Shirley Episode 10 Subtitle Indonesia",
    "episode_link": "https://otakudesu.best/episode/anshy-episode-10-sub-indo/",
    "episode_date": "8 Juni,2025",
    "server": "pdrain",
    "quality": "480p",
    "data_content": "eyJpZCI6MTgyMTIxLCJpIjoyLCJxIjoiNDgwcCJ9",
    "decoded_data": {
      "id": 182121,
      "i": 2,
      "q": "480p"
    },
    "stream_url": "https://www.pixeldrain.com/u/aL5PyKtg?embed",
    "is_default": false,
    "timestamp": "2025-09-12T08:23:19.074Z"
  },
  {
    "anime_title": "Anne Shirley On-Going",
    "episode_title": "Anne Shirley Episode 10 Subtitle Indonesia",
    "episode_link": "https://otakudesu.best/episode/anshy-episode-10-sub-indo/",
    "episode_date": "8 Juni,2025",
    "server": "odstream",
    "quality": "480p",
    "data_content": "eyJpZCI6MTgyMTIxLCJpIjozLCJxIjoiNDgwcCJ9",
    "decoded_data": {
      "id": 182121,
      "i": 3,
      "q": "480p"
    },
    "stream_url": "https://desustream.info/dstream/arcg/?id=RStUSVlvM0wwVHVacVJVS01MdmdXOEdpa3k0cXhrcmV4eFhONnRieXBtckNsRENOT1BuSWJURmRWelhMalZXMjAyckM0SmRUa0crT041eDF6YUtHVlE9PQ==",
    "is_default": false,
    "timestamp": "2025-09-12T08:23:19.115Z"
  },
  {
    "anime_title": "Anne Shirley On-Going",
    "episode_title": "Anne Shirley Episode 10 Subtitle Indonesia",
    "episode_link": "https://otakudesu.best/episode/anshy-episode-10-sub-indo/",
    "episode_date": "8 Juni,2025",
    "server": "mega",
    "quality": "480p",
    "data_content": "eyJpZCI6MTgyMTIxLCJpIjo0LCJxIjoiNDgwcCJ9",
    "decoded_data": {
      "id": 182121,
      "i": 4,
      "q": "480p"
    },
    "stream_url": "https://mega.nz/embed/VFxg1CiR#ExGyaS-ezBgwPeVxQAGvkB4CIW-_Utlk8qK3T3xl46I",
    "is_default": false,
    "timestamp": "2025-09-12T08:23:19.147Z"
  },
  {
    "anime_title": "Anne Shirley On-Going",
    "episode_title": "Anne Shirley Episode 10 Subtitle Indonesia",
    "episode_link": "https://otakudesu.best/episode/anshy-episode-10-sub-indo/",
    "episode_date": "8 Juni,2025",
    "server": "vidhide",
    "quality": "720p",
    "data_content": "eyJpZCI6MTgyMTIxLCJpIjowLCJxIjoiNzIwcCJ9",
    "decoded_data": {
      "id": 182121,
      "i": 0,
      "q": "720p"
    },
    "stream_url": "https://odvidhide.com/embed/ht112vzfaxyz",
    "is_default": false,
    "timestamp": "2025-09-12T08:23:19.164Z"
  },
  {
    "anime_title": "Anne Shirley On-Going",
    "episode_title": "Anne Shirley Episode 10 Subtitle Indonesia",
    "episode_link": "https://otakudesu.best/episode/anshy-episode-10-sub-indo/",
    "episode_date": "8 Juni,2025",
    "server": "ondesuhd",
    "quality": "720p",
    "data_content": "eyJpZCI6MTgyMTIxLCJpIjoxLCJxIjoiNzIwcCJ9",
    "decoded_data": {
      "id": 182121,
      "i": 1,
      "q": "720p"
    },
    "stream_url": "https://desustream.info/dstream/ondesu/hd/v2/index.php?id=aGJKSEkrZjVFeEoySWxKa0E0U1NxTW1ZMFpGN0E1Ly82Z3BkZ2hQRXl2RT0=",
    "is_default": false,
    "timestamp": "2025-09-12T08:23:19.302Z"
  },
  {
    "anime_title": "Anne Shirley On-Going",
    "episode_title": "Anne Shirley Episode 10 Subtitle Indonesia",
    "episode_link": "https://otakudesu.best/episode/anshy-episode-10-sub-indo/",
    "episode_date": "8 Juni,2025",
    "server": "pdrain",
    "quality": "720p",
    "data_content": "eyJpZCI6MTgyMTIxLCJpIjoyLCJxIjoiNzIwcCJ9",
    "decoded_data": {
      "id": 182121,
      "i": 2,
      "q": "720p"
    },
    "stream_url": "https://www.pixeldrain.com/u/ppwLZLca?embed",
    "is_default": false,
    "timestamp": "2025-09-12T08:23:19.244Z"
  },
  {
    "anime_title": "Anne Shirley On-Going",
    "episode_title": "Anne Shirley Episode 10 Subtitle Indonesia",
    "episode_link": "https://otakudesu.best/episode/anshy-episode-10-sub-indo/",
    "episode_date": "8 Juni,2025",
    "server": "odstream",
    "quality": "720p",
    "data_content": "eyJpZCI6MTgyMTIxLCJpIjozLCJxIjoiNzIwcCJ9",
    "decoded_data": {
      "id": 182121,
      "i": 3,
      "q": "720p"
    },
    "stream_url": "https://desustream.info/dstream/arcg/?id=RStUSVlvM0wwVHVacVJVS01MdmdXOEdpa3k0cXhrcmV4eFhONnRieXBtcTBpMTZZVnpsTFE2ZHZUaGlHZGRsS253R1drOE5FZWNyaEZFSnMzeHVnRlE9PQ==",
    "is_default": false,
    "timestamp": "2025-09-12T08:23:21.393Z"
  },
  {
    "anime_title": "Anne Shirley On-Going",
    "episode_title": "Anne Shirley Episode 10 Subtitle Indonesia",
    "episode_link": "https://otakudesu.best/episode/anshy-episode-10-sub-indo/",
    "episode_date": "8 Juni,2025",
    "server": "mega",
    "quality": "720p",
    "data_content": "eyJpZCI6MTgyMTIxLCJpIjo0LCJxIjoiNzIwcCJ9",
    "decoded_data": {
      "id": 182121,
      "i": 4,
      "q": "720p"
    },
    "stream_url": "https://mega.nz/embed/RB51AaSR#t7s4eTOwc6BZRsvDQJg7e0-lJQ39OXak63pepSPMNDY",
    "is_default": false,
    "timestamp": "2025-09-12T08:23:19.339Z"
  },
  {
    "anime_title": "Anne Shirley On-Going",
    "episode_title": "Anne Shirley Episode 11 Subtitle Indonesia",
    "episode_link": "https://otakudesu.best/episode/anshy-episode-11-sub-indo/",
    "episode_date": "15 Juni,2025",
    "server": "vidhide",
    "quality": "360p",
    "data_content": "eyJpZCI6MTgyMjc1LCJpIjowLCJxIjoiMzYwcCJ9",
    "decoded_data": {
      "id": 182275,
      "i": 0,
      "q": "360p"
    },
    "stream_url": "https://odvidhide.com/embed/g01rbo831m06",
    "is_default": false,
    "timestamp": "2025-09-12T08:23:24.569Z"
  },
  {
    "anime_title": "Anne Shirley On-Going",
    "episode_title": "Anne Shirley Episode 11 Subtitle Indonesia",
    "episode_link": "https://otakudesu.best/episode/anshy-episode-11-sub-indo/",
    "episode_date": "15 Juni,2025",
    "server": "odstream",
    "quality": "360p",
    "data_content": "eyJpZCI6MTgyMjc1LCJpIjoxLCJxIjoiMzYwcCJ9",
    "decoded_data": {
      "id": 182275,
      "i": 1,
      "q": "360p"
    },
    "stream_url": "https://desustream.info/dstream/arcg/?id=MmFmWi9BY2lhZXk4bGlwYXZQVVNUOHdhSTUyUE1xeURuMjNsRUR4MTdQR3lWM0g4NEJJellBcnZLeEVXNDRDWHJGMDVGWnl5Y25WaFQ3aVQ2YS9RNnc9PQ==",
    "is_default": false,
    "timestamp": "2025-09-12T08:23:24.582Z"
  },
  {
    "anime_title": "Anne Shirley On-Going",
    "episode_title": "Anne Shirley Episode 11 Subtitle Indonesia",
    "episode_link": "https://otakudesu.best/episode/anshy-episode-11-sub-indo/",
    "episode_date": "15 Juni,2025",
    "server": "mega",
    "quality": "360p",
    "data_content": "eyJpZCI6MTgyMjc1LCJpIjoyLCJxIjoiMzYwcCJ9",
    "decoded_data": {
      "id": 182275,
      "i": 2,
      "q": "360p"
    },
    "stream_url": "https://mega.nz/embed/rk4zFArK#M-TRd6UIHbCFhCn0Ds8VnHK37x8gVY8I6GUkbEZejl8",
    "is_default": false,
    "timestamp": "2025-09-12T08:23:25.162Z"
  },
  {
    "anime_title": "Anne Shirley On-Going",
    "episode_title": "Anne Shirley Episode 11 Subtitle Indonesia",
    "episode_link": "https://otakudesu.best/episode/anshy-episode-11-sub-indo/",
    "episode_date": "15 Juni,2025",
    "server": "pdrain",
    "quality": "720p",
    "data_content": "eyJpZCI6MTgyMjc1LCJpIjoxLCJxIjoiNzIwcCJ9",
    "decoded_data": {
      "id": 182275,
      "i": 1,
      "q": "720p"
    },
    "stream_url": "https://www.pixeldrain.com/u/iVX6YBpv?embed",
    "is_default": false,
    "timestamp": "2025-09-12T08:23:25.183Z"
  },
  {
    "anime_title": "Anne Shirley On-Going",
    "episode_title": "Anne Shirley Episode 11 Subtitle Indonesia",
    "episode_link": "https://otakudesu.best/episode/anshy-episode-11-sub-indo/",
    "episode_date": "15 Juni,2025",
    "server": "ondesuhd",
    "quality": "720p",
    "data_content": "eyJpZCI6MTgyMjc1LCJpIjoyLCJxIjoiNzIwcCJ9",
    "decoded_data": {
      "id": 182275,
      "i": 2,
      "q": "720p"
    },
    "stream_url": "https://desustream.info/dstream/ondesu/hd/v2/index.php?id=ZmF1eGRlZDREeEVVSkxRTEFZQ0lCcURIWWQxNThDNHZVRk1rUUxHMGJPND0=",
    "is_default": false,
    "timestamp": "2025-09-12T08:23:25.446Z"
  },
  {
    "anime_title": "Anne Shirley On-Going",
    "episode_title": "Anne Shirley Episode 11 Subtitle Indonesia",
    "episode_link": "https://otakudesu.best/episode/anshy-episode-11-sub-indo/",
    "episode_date": "15 Juni,2025",
    "server": "pdrain",
    "quality": "480p",
    "data_content": "eyJpZCI6MTgyMjc1LCJpIjo0LCJxIjoiNDgwcCJ9",
    "decoded_data": {
      "id": 182275,
      "i": 4,
      "q": "480p"
    },
    "stream_url": "https://www.pixeldrain.com/u/jSiRoaVG?embed",
    "is_default": false,
    "timestamp": "2025-09-12T08:23:25.528Z"
  },
  {
    "anime_title": "Anne Shirley On-Going",
    "episode_title": "Anne Shirley Episode 11 Subtitle Indonesia",
    "episode_link": "https://otakudesu.best/episode/anshy-episode-11-sub-indo/",
    "episode_date": "15 Juni,2025",
    "server": "pdrain",
    "quality": "360p",
    "data_content": "eyJpZCI6MTgyMjc1LCJpIjozLCJxIjoiMzYwcCJ9",
    "decoded_data": {
      "id": 182275,
      "i": 3,
      "q": "360p"
    },
    "stream_url": "https://www.pixeldrain.com/u/jSiRoaVG?embed",
    "is_default": false,
    "timestamp": "2025-09-12T08:23:25.549Z"
  },
  {
    "anime_title": "Anne Shirley On-Going",
    "episode_title": "Anne Shirley Episode 11 Subtitle Indonesia",
    "episode_link": "https://otakudesu.best/episode/anshy-episode-11-sub-indo/",
    "episode_date": "15 Juni,2025",
    "server": "vidhide",
    "quality": "480p",
    "data_content": "eyJpZCI6MTgyMjc1LCJpIjoxLCJxIjoiNDgwcCJ9",
    "decoded_data": {
      "id": 182275,
      "i": 1,
      "q": "480p"
    },
    "stream_url": "https://odvidhide.com/embed/uqvytufjdyhl",
    "is_default": false,
    "timestamp": "2025-09-12T08:23:25.564Z"
  },
  {
    "anime_title": "Anne Shirley On-Going",
    "episode_title": "Anne Shirley Episode 11 Subtitle Indonesia",
    "episode_link": "https://otakudesu.best/episode/anshy-episode-11-sub-indo/",
    "episode_date": "15 Juni,2025",
    "server": "ondesu3",
    "quality": "480p",
    "data_content": "eyJpZCI6MTgyMjc1LCJpIjowLCJxIjoiNDgwcCJ9",
    "decoded_data": {
      "id": 182275,
      "i": 0,
      "q": "480p"
    },
    "stream_url": "https://desustream.info/dstream/ondesu3/v5/index.php?id=ZmF1eGRlZDREeEVVSkxRTEFZQ0lCcURIWWQxNThDNHZVRk1rUUxHMGJPND0=",
    "is_default": true,
    "timestamp": "2025-09-12T08:23:25.608Z"
  },
  {
    "anime_title": "Anne Shirley On-Going",
    "episode_title": "Anne Shirley Episode 11 Subtitle Indonesia",
    "episode_link": "https://otakudesu.best/episode/anshy-episode-11-sub-indo/",
    "episode_date": "15 Juni,2025",
    "server": "odstream",
    "quality": "720p",
    "data_content": "eyJpZCI6MTgyMjc1LCJpIjozLCJxIjoiNzIwcCJ9",
    "decoded_data": {
      "id": 182275,
      "i": 3,
      "q": "720p"
    },
    "stream_url": "https://desustream.info/dstream/arcg/?id=MmFmWi9BY2lhZXk4bGlwYXZQVVNUOHdhSTUyUE1xeURuMjNsRUR4MTdQSExTVTYxbTBWRW5SdWJqOTVnNWxVamVSZ3A4L09vQnJXZGhYaHFvL3VYRFE9PQ==",
    "is_default": false,
    "timestamp": "2025-09-12T08:23:25.635Z"
  },
  {
    "anime_title": "Anne Shirley On-Going",
    "episode_title": "Anne Shirley Episode 11 Subtitle Indonesia",
    "episode_link": "https://otakudesu.best/episode/anshy-episode-11-sub-indo/",
    "episode_date": "15 Juni,2025",
    "server": "vidhide",
    "quality": "720p",
    "data_content": "eyJpZCI6MTgyMjc1LCJpIjowLCJxIjoiNzIwcCJ9",
    "decoded_data": {
      "id": 182275,
      "i": 0,
      "q": "720p"
    },
    "stream_url": "https://odvidhide.com/embed/12ngwu9grlr1",
    "is_default": false,
    "timestamp": "2025-09-12T08:23:25.645Z"
  },
  {
    "anime_title": "Anne Shirley On-Going",
    "episode_title": "Anne Shirley Episode 11 Subtitle Indonesia",
    "episode_link": "https://otakudesu.best/episode/anshy-episode-11-sub-indo/",
    "episode_date": "15 Juni,2025",
    "server": "mega",
    "quality": "480p",
    "data_content": "eyJpZCI6MTgyMjc1LCJpIjozLCJxIjoiNDgwcCJ9",
    "decoded_data": {
      "id": 182275,
      "i": 3,
      "q": "480p"
    },
    "stream_url": "https://mega.nz/embed/6pYl1AJK#SxDTL5BTNhDFiCOQbSrNXN21j4fzEsxalczVVpSMb-w",
    "is_default": false,
    "timestamp": "2025-09-12T08:23:25.656Z"
  },
  {
    "anime_title": "Anne Shirley On-Going",
    "episode_title": "Anne Shirley Episode 11 Subtitle Indonesia",
    "episode_link": "https://otakudesu.best/episode/anshy-episode-11-sub-indo/",
    "episode_date": "15 Juni,2025",
    "server": "odstream",
    "quality": "480p",
    "data_content": "eyJpZCI6MTgyMjc1LCJpIjoyLCJxIjoiNDgwcCJ9",
    "decoded_data": {
      "id": 182275,
      "i": 2,
      "q": "480p"
    },
    "stream_url": "https://desustream.info/dstream/arcg/?id=MmFmWi9BY2lhZXk4bGlwYXZQVVNUOHdhSTUyUE1xeURuMjNsRUR4MTdQRTdsck1QeHZKL2FvWWZTQ3phSVVDaEFjeGFycC9HeEdFMkNPSDlpTG9iR3c9PQ==",
    "is_default": false,
    "timestamp": "2025-09-12T08:23:25.665Z"
  },
  {
    "anime_title": "Anne Shirley On-Going",
    "episode_title": "Anne Shirley Episode 11 Subtitle Indonesia",
    "episode_link": "https://otakudesu.best/episode/anshy-episode-11-sub-indo/",
    "episode_date": "15 Juni,2025",
    "server": "mega",
    "quality": "720p",
    "data_content": "eyJpZCI6MTgyMjc1LCJpIjo0LCJxIjoiNzIwcCJ9",
    "decoded_data": {
      "id": 182275,
      "i": 4,
      "q": "720p"
    },
    "stream_url": "https://mega.nz/embed/apYVFKiJ#qhxCd1RgQDOG1lzlqjgqpiFDTCB2gPfz8hqYnzu5M_w",
    "is_default": false,
    "timestamp": "2025-09-12T08:23:25.981Z"
  },
  {
    "anime_title": "Anne Shirley On-Going",
    "episode_title": "Anne Shirley Episode 11 Subtitle Indonesia",
    "episode_link": "https://otakudesu.best/episode/anshy-episode-11-sub-indo/",
    "episode_date": "15 Juni,2025",
    "server": "vidhide",
    "quality": "360p",
    "data_content": "eyJpZCI6MTgyMjc1LCJpIjowLCJxIjoiMzYwcCJ9",
    "decoded_data": {
      "id": 182275,
      "i": 0,
      "q": "360p"
    },
    "stream_url": "https://odvidhide.com/embed/g01rbo831m06",
    "is_default": false,
    "timestamp": "2025-09-12T08:23:24.569Z"
  },
  {
    "anime_title": "Anne Shirley On-Going",
    "episode_title": "Anne Shirley Episode 11 Subtitle Indonesia",
    "episode_link": "https://otakudesu.best/episode/anshy-episode-11-sub-indo/",
    "episode_date": "15 Juni,2025",
    "server": "odstream",
    "quality": "360p",
    "data_content": "eyJpZCI6MTgyMjc1LCJpIjoxLCJxIjoiMzYwcCJ9",
    "decoded_data": {
      "id": 182275,
      "i": 1,
      "q": "360p"
    },
    "stream_url": "https://desustream.info/dstream/arcg/?id=MmFmWi9BY2lhZXk4bGlwYXZQVVNUOHdhSTUyUE1xeURuMjNsRUR4MTdQR3lWM0g4NEJJellBcnZLeEVXNDRDWHJGMDVGWnl5Y25WaFQ3aVQ2YS9RNnc9PQ==",
    "is_default": false,
    "timestamp": "2025-09-12T08:23:24.582Z"
  },
  {
    "anime_title": "Anne Shirley On-Going",
    "episode_title": "Anne Shirley Episode 11 Subtitle Indonesia",
    "episode_link": "https://otakudesu.best/episode/anshy-episode-11-sub-indo/",
    "episode_date": "15 Juni,2025",
    "server": "mega",
    "quality": "360p",
    "data_content": "eyJpZCI6MTgyMjc1LCJpIjoyLCJxIjoiMzYwcCJ9",
    "decoded_data": {
      "id": 182275,
      "i": 2,
      "q": "360p"
    },
    "stream_url": "https://mega.nz/embed/rk4zFArK#M-TRd6UIHbCFhCn0Ds8VnHK37x8gVY8I6GUkbEZejl8",
    "is_default": false,
    "timestamp": "2025-09-12T08:23:25.162Z"
  },
  {
    "anime_title": "Anne Shirley On-Going",
    "episode_title": "Anne Shirley Episode 11 Subtitle Indonesia",
    "episode_link": "https://otakudesu.best/episode/anshy-episode-11-sub-indo/",
    "episode_date": "15 Juni,2025",
    "server": "pdrain",
    "quality": "360p",
    "data_content": "eyJpZCI6MTgyMjc1LCJpIjozLCJxIjoiMzYwcCJ9",
    "decoded_data": {
      "id": 182275,
      "i": 3,
      "q": "360p"
    },
    "stream_url": "https://www.pixeldrain.com/u/jSiRoaVG?embed",
    "is_default": false,
    "timestamp": "2025-09-12T08:23:25.549Z"
  },
  {
    "anime_title": "Anne Shirley On-Going",
    "episode_title": "Anne Shirley Episode 11 Subtitle Indonesia",
    "episode_link": "https://otakudesu.best/episode/anshy-episode-11-sub-indo/",
    "episode_date": "15 Juni,2025",
    "server": "ondesu3",
    "quality": "480p",
    "data_content": "eyJpZCI6MTgyMjc1LCJpIjowLCJxIjoiNDgwcCJ9",
    "decoded_data": {
      "id": 182275,
      "i": 0,
      "q": "480p"
    },
    "stream_url": "https://desustream.info/dstream/ondesu3/v5/index.php?id=ZmF1eGRlZDREeEVVSkxRTEFZQ0lCcURIWWQxNThDNHZVRk1rUUxHMGJPND0=",
    "is_default": true,
    "timestamp": "2025-09-12T08:23:25.608Z"
  },
  {
    "anime_title": "Anne Shirley On-Going",
    "episode_title": "Anne Shirley Episode 11 Subtitle Indonesia",
    "episode_link": "https://otakudesu.best/episode/anshy-episode-11-sub-indo/",
    "episode_date": "15 Juni,2025",
    "server": "vidhide",
    "quality": "480p",
    "data_content": "eyJpZCI6MTgyMjc1LCJpIjoxLCJxIjoiNDgwcCJ9",
    "decoded_data": {
      "id": 182275,
      "i": 1,
      "q": "480p"
    },
    "stream_url": "https://odvidhide.com/embed/uqvytufjdyhl",
    "is_default": false,
    "timestamp": "2025-09-12T08:23:25.564Z"
  },
  {
    "anime_title": "Anne Shirley On-Going",
    "episode_title": "Anne Shirley Episode 11 Subtitle Indonesia",
    "episode_link": "https://otakudesu.best/episode/anshy-episode-11-sub-indo/",
    "episode_date": "15 Juni,2025",
    "server": "odstream",
    "quality": "480p",
    "data_content": "eyJpZCI6MTgyMjc1LCJpIjoyLCJxIjoiNDgwcCJ9",
    "decoded_data": {
      "id": 182275,
      "i": 2,
      "q": "480p"
    },
    "stream_url": "https://desustream.info/dstream/arcg/?id=MmFmWi9BY2lhZXk4bGlwYXZQVVNUOHdhSTUyUE1xeURuMjNsRUR4MTdQRTdsck1QeHZKL2FvWWZTQ3phSVVDaEFjeGFycC9HeEdFMkNPSDlpTG9iR3c9PQ==",
    "is_default": false,
    "timestamp": "2025-09-12T08:23:25.665Z"
  },
  {
    "anime_title": "Anne Shirley On-Going",
    "episode_title": "Anne Shirley Episode 11 Subtitle Indonesia",
    "episode_link": "https://otakudesu.best/episode/anshy-episode-11-sub-indo/",
    "episode_date": "15 Juni,2025",
    "server": "mega",
    "quality": "480p",
    "data_content": "eyJpZCI6MTgyMjc1LCJpIjozLCJxIjoiNDgwcCJ9",
    "decoded_data": {
      "id": 182275,
      "i": 3,
      "q": "480p"
    },
    "stream_url": "https://mega.nz/embed/6pYl1AJK#SxDTL5BTNhDFiCOQbSrNXN21j4fzEsxalczVVpSMb-w",
    "is_default": false,
    "timestamp": "2025-09-12T08:23:25.656Z"
  },
  {
    "anime_title": "Anne Shirley On-Going",
    "episode_title": "Anne Shirley Episode 11 Subtitle Indonesia",
    "episode_link": "https://otakudesu.best/episode/anshy-episode-11-sub-indo/",
    "episode_date": "15 Juni,2025",
    "server": "pdrain",
    "quality": "480p",
    "data_content": "eyJpZCI6MTgyMjc1LCJpIjo0LCJxIjoiNDgwcCJ9",
    "decoded_data": {
      "id": 182275,
      "i": 4,
      "q": "480p"
    },
    "stream_url": "https://www.pixeldrain.com/u/jSiRoaVG?embed",
    "is_default": false,
    "timestamp": "2025-09-12T08:23:25.528Z"
  },
  {
    "anime_title": "Anne Shirley On-Going",
    "episode_title": "Anne Shirley Episode 11 Subtitle Indonesia",
    "episode_link": "https://otakudesu.best/episode/anshy-episode-11-sub-indo/",
    "episode_date": "15 Juni,2025",
    "server": "vidhide",
    "quality": "720p",
    "data_content": "eyJpZCI6MTgyMjc1LCJpIjowLCJxIjoiNzIwcCJ9",
    "decoded_data": {
      "id": 182275,
      "i": 0,
      "q": "720p"
    },
    "stream_url": "https://odvidhide.com/embed/12ngwu9grlr1",
    "is_default": false,
    "timestamp": "2025-09-12T08:23:25.645Z"
  },
  {
    "anime_title": "Anne Shirley On-Going",
    "episode_title": "Anne Shirley Episode 11 Subtitle Indonesia",
    "episode_link": "https://otakudesu.best/episode/anshy-episode-11-sub-indo/",
    "episode_date": "15 Juni,2025",
    "server": "pdrain",
    "quality": "720p",
    "data_content": "eyJpZCI6MTgyMjc1LCJpIjoxLCJxIjoiNzIwcCJ9",
    "decoded_data": {
      "id": 182275,
      "i": 1,
      "q": "720p"
    },
    "stream_url": "https://www.pixeldrain.com/u/iVX6YBpv?embed",
    "is_default": false,
    "timestamp": "2025-09-12T08:23:25.183Z"
  },
  {
    "anime_title": "Anne Shirley On-Going",
    "episode_title": "Anne Shirley Episode 11 Subtitle Indonesia",
    "episode_link": "https://otakudesu.best/episode/anshy-episode-11-sub-indo/",
    "episode_date": "15 Juni,2025",
    "server": "ondesuhd",
    "quality": "720p",
    "data_content": "eyJpZCI6MTgyMjc1LCJpIjoyLCJxIjoiNzIwcCJ9",
    "decoded_data": {
      "id": 182275,
      "i": 2,
      "q": "720p"
    },
    "stream_url": "https://desustream.info/dstream/ondesu/hd/v2/index.php?id=ZmF1eGRlZDREeEVVSkxRTEFZQ0lCcURIWWQxNThDNHZVRk1rUUxHMGJPND0=",
    "is_default": false,
    "timestamp": "2025-09-12T08:23:25.446Z"
  },
  {
    "anime_title": "Anne Shirley On-Going",
    "episode_title": "Anne Shirley Episode 11 Subtitle Indonesia",
    "episode_link": "https://otakudesu.best/episode/anshy-episode-11-sub-indo/",
    "episode_date": "15 Juni,2025",
    "server": "odstream",
    "quality": "720p",
    "data_content": "eyJpZCI6MTgyMjc1LCJpIjozLCJxIjoiNzIwcCJ9",
    "decoded_data": {
      "id": 182275,
      "i": 3,
      "q": "720p"
    },
    "stream_url": "https://desustream.info/dstream/arcg/?id=MmFmWi9BY2lhZXk4bGlwYXZQVVNUOHdhSTUyUE1xeURuMjNsRUR4MTdQSExTVTYxbTBWRW5SdWJqOTVnNWxVamVSZ3A4L09vQnJXZGhYaHFvL3VYRFE9PQ==",
    "is_default": false,
    "timestamp": "2025-09-12T08:23:25.635Z"
  },
  {
    "anime_title": "Anne Shirley On-Going",
    "episode_title": "Anne Shirley Episode 11 Subtitle Indonesia",
    "episode_link": "https://otakudesu.best/episode/anshy-episode-11-sub-indo/",
    "episode_date": "15 Juni,2025",
    "server": "mega",
    "quality": "720p",
    "data_content": "eyJpZCI6MTgyMjc1LCJpIjo0LCJxIjoiNzIwcCJ9",
    "decoded_data": {
      "id": 182275,
      "i": 4,
      "q": "720p"
    },
    "stream_url": "https://mega.nz/embed/apYVFKiJ#qhxCd1RgQDOG1lzlqjgqpiFDTCB2gPfz8hqYnzu5M_w",
    "is_default": false,
    "timestamp": "2025-09-12T08:23:25.981Z"
  },
  {
    "anime_title": "Anne Shirley On-Going",
    "episode_title": "Anne Shirley Episode 12 Subtitle Indonesia",
    "episode_link": "https://otakudesu.best/episode/anshy-episode-12-sub-indo/",
    "episode_date": "22 Juni,2025",
    "server": "vidhide",
    "quality": "360p",
    "data_content": "eyJpZCI6MTgyNTgyLCJpIjowLCJxIjoiMzYwcCJ9",
    "decoded_data": {
      "id": 182582,
      "i": 0,
      "q": "360p"
    },
    "stream_url": "https://odvidhide.com/embed/civwv5i7s0o9",
    "is_default": false,
    "timestamp": "2025-09-12T08:23:26.599Z"
  },
  {
    "anime_title": "Anne Shirley On-Going",
    "episode_title": "Anne Shirley Episode 12 Subtitle Indonesia",
    "episode_link": "https://otakudesu.best/episode/anshy-episode-12-sub-indo/",
    "episode_date": "22 Juni,2025",
    "server": "pdrain",
    "quality": "360p",
    "data_content": "eyJpZCI6MTgyNTgyLCJpIjoxLCJxIjoiMzYwcCJ9",
    "decoded_data": {
      "id": 182582,
      "i": 1,
      "q": "360p"
    },
    "stream_url": "https://www.pixeldrain.com/u/31gVkEwH?embed",
    "is_default": false,
    "timestamp": "2025-09-12T08:23:26.616Z"
  },
  {
    "anime_title": "Anne Shirley On-Going",
    "episode_title": "Anne Shirley Episode 12 Subtitle Indonesia",
    "episode_link": "https://otakudesu.best/episode/anshy-episode-12-sub-indo/",
    "episode_date": "22 Juni,2025",
    "server": "odstream",
    "quality": "360p",
    "data_content": "eyJpZCI6MTgyNTgyLCJpIjoyLCJxIjoiMzYwcCJ9",
    "decoded_data": {
      "id": 182582,
      "i": 2,
      "q": "360p"
    },
    "stream_url": "https://desustream.info/dstream/arcg/?id=VkU5T28zU1E4Z0djbkx2MWVMd1hiTzFoVUxsZEQ3MXEyV01JeUw5SFBRUGszYUM3U25JaW9hcXpxMnMyd3Q2SFZlSFdhb01PbnJoMjZLUi9xaFRneWc9PQ==",
    "is_default": false,
    "timestamp": "2025-09-12T08:23:26.638Z"
  },
  {
    "anime_title": "Anne Shirley On-Going",
    "episode_title": "Anne Shirley Episode 12 Subtitle Indonesia",
    "episode_link": "https://otakudesu.best/episode/anshy-episode-12-sub-indo/",
    "episode_date": "22 Juni,2025",
    "server": "mega",
    "quality": "360p",
    "data_content": "eyJpZCI6MTgyNTgyLCJpIjozLCJxIjoiMzYwcCJ9",
    "decoded_data": {
      "id": 182582,
      "i": 3,
      "q": "360p"
    },
    "stream_url": "https://mega.nz/embed/7RESHAja#bwr3i5Y2E9oeItKd2CEkBnnBSrM-zeZqWZfjpvjdLEs",
    "is_default": false,
    "timestamp": "2025-09-12T08:23:26.691Z"
  },
  {
    "anime_title": "Anne Shirley On-Going",
    "episode_title": "Anne Shirley Episode 12 Subtitle Indonesia",
    "episode_link": "https://otakudesu.best/episode/anshy-episode-12-sub-indo/",
    "episode_date": "22 Juni,2025",
    "server": "updesu",
    "quality": "480p",
    "data_content": "eyJpZCI6MTgyNTgyLCJpIjowLCJxIjoiNDgwcCJ9",
    "decoded_data": {
      "id": 182582,
      "i": 0,
      "q": "480p"
    },
    "stream_url": "https://desustream.info/dstream/updesu/v5/index.php?id=VjEyNW9PWUY5K214MGlHTGo2SWQ4aXBPVTY1eG5WUUExbU5MOVVxM1pTND0=",
    "is_default": true,
    "timestamp": "2025-09-12T08:23:26.717Z"
  },
  {
    "anime_title": "Anne Shirley On-Going",
    "episode_title": "Anne Shirley Episode 12 Subtitle Indonesia",
    "episode_link": "https://otakudesu.best/episode/anshy-episode-12-sub-indo/",
    "episode_date": "22 Juni,2025",
    "server": "vidhide",
    "quality": "480p",
    "data_content": "eyJpZCI6MTgyNTgyLCJpIjoxLCJxIjoiNDgwcCJ9",
    "decoded_data": {
      "id": 182582,
      "i": 1,
      "q": "480p"
    },
    "stream_url": "https://odvidhide.com/embed/8cf1rdvwxm19",
    "is_default": false,
    "timestamp": "2025-09-12T08:23:26.779Z"
  },
  {
    "anime_title": "Anne Shirley On-Going",
    "episode_title": "Anne Shirley Episode 12 Subtitle Indonesia",
    "episode_link": "https://otakudesu.best/episode/anshy-episode-12-sub-indo/",
    "episode_date": "22 Juni,2025",
    "server": "pdrain",
    "quality": "480p",
    "data_content": "eyJpZCI6MTgyNTgyLCJpIjoyLCJxIjoiNDgwcCJ9",
    "decoded_data": {
      "id": 182582,
      "i": 2,
      "q": "480p"
    },
    "stream_url": "https://www.pixeldrain.com/u/iYagRWDL?embed",
    "is_default": false,
    "timestamp": "2025-09-12T08:23:26.809Z"
  },
  {
    "anime_title": "Anne Shirley On-Going",
    "episode_title": "Anne Shirley Episode 12 Subtitle Indonesia",
    "episode_link": "https://otakudesu.best/episode/anshy-episode-12-sub-indo/",
    "episode_date": "22 Juni,2025",
    "server": "odstream",
    "quality": "480p",
    "data_content": "eyJpZCI6MTgyNTgyLCJpIjozLCJxIjoiNDgwcCJ9",
    "decoded_data": {
      "id": 182582,
      "i": 3,
      "q": "480p"
    },
    "stream_url": "https://desustream.info/dstream/arcg/?id=VkU5T28zU1E4Z0djbkx2MWVMd1hiTzFoVUxsZEQ3MXEyV01JeUw5SFBRTy9SaXpWMTFlWjh5QWpBd2t5MWxNVEJlSUZUTEtyTk1UZzdQY1AzR2RjR3c9PQ==",
    "is_default": false,
    "timestamp": "2025-09-12T08:23:26.851Z"
  },
  {
    "anime_title": "Anne Shirley On-Going",
    "episode_title": "Anne Shirley Episode 12 Subtitle Indonesia",
    "episode_link": "https://otakudesu.best/episode/anshy-episode-12-sub-indo/",
    "episode_date": "22 Juni,2025",
    "server": "mega",
    "quality": "480p",
    "data_content": "eyJpZCI6MTgyNTgyLCJpIjo0LCJxIjoiNDgwcCJ9",
    "decoded_data": {
      "id": 182582,
      "i": 4,
      "q": "480p"
    },
    "stream_url": "https://mega.nz/embed/WN8hyJ7D#LUYqCTku_y_p-VtJZWPStF6nRigBCSOwsXv_yykaffE",
    "is_default": false,
    "timestamp": "2025-09-12T08:23:26.893Z"
  },
  {
    "anime_title": "Anne Shirley On-Going",
    "episode_title": "Anne Shirley Episode 12 Subtitle Indonesia",
    "episode_link": "https://otakudesu.best/episode/anshy-episode-12-sub-indo/",
    "episode_date": "22 Juni,2025",
    "server": "vidhide",
    "quality": "720p",
    "data_content": "eyJpZCI6MTgyNTgyLCJpIjowLCJxIjoiNzIwcCJ9",
    "decoded_data": {
      "id": 182582,
      "i": 0,
      "q": "720p"
    },
    "stream_url": "https://odvidhide.com/embed/qoudut4i7xvb",
    "is_default": false,
    "timestamp": "2025-09-12T08:23:26.912Z"
  },
  {
    "anime_title": "Anne Shirley On-Going",
    "episode_title": "Anne Shirley Episode 12 Subtitle Indonesia",
    "episode_link": "https://otakudesu.best/episode/anshy-episode-12-sub-indo/",
    "episode_date": "22 Juni,2025",
    "server": "ondesuhd",
    "quality": "720p",
    "data_content": "eyJpZCI6MTgyNTgyLCJpIjoxLCJxIjoiNzIwcCJ9",
    "decoded_data": {
      "id": 182582,
      "i": 1,
      "q": "720p"
    },
    "stream_url": "https://desustream.info/dstream/ondesu/hd/v2/index.php?id=VjEyNW9PWUY5K214MGlHTGo2SWQ4aXBPVTY1eG5WUUExbU5MOVVxM1pTND0=",
    "is_default": false,
    "timestamp": "2025-09-12T08:23:26.987Z"
  },
  {
    "anime_title": "Anne Shirley On-Going",
    "episode_title": "Anne Shirley Episode 12 Subtitle Indonesia",
    "episode_link": "https://otakudesu.best/episode/anshy-episode-12-sub-indo/",
    "episode_date": "22 Juni,2025",
    "server": "mega",
    "quality": "720p",
    "data_content": "eyJpZCI6MTgyNTgyLCJpIjo0LCJxIjoiNzIwcCJ9",
    "decoded_data": {
      "id": 182582,
      "i": 4,
      "q": "720p"
    },
    "stream_url": "https://mega.nz/embed/6d0UTChT#l_AgDwyv0Dg1niII0yp6xbHbENBIgHphaucOFDOMVjc",
    "is_default": false,
    "timestamp": "2025-09-12T08:23:27.100Z"
  },
  {
    "anime_title": "Anne Shirley On-Going",
    "episode_title": "Anne Shirley Episode 12 Subtitle Indonesia",
    "episode_link": "https://otakudesu.best/episode/anshy-episode-12-sub-indo/",
    "episode_date": "22 Juni,2025",
    "server": "pdrain",
    "quality": "720p",
    "data_content": "eyJpZCI6MTgyNTgyLCJpIjoyLCJxIjoiNzIwcCJ9",
    "decoded_data": {
      "id": 182582,
      "i": 2,
      "q": "720p"
    },
    "stream_url": "https://www.pixeldrain.com/u/8DD1Vxsx?embed",
    "is_default": false,
    "timestamp": "2025-09-12T08:23:27.112Z"
  },
  {
    "anime_title": "Anne Shirley On-Going",
    "episode_title": "Anne Shirley Episode 12 Subtitle Indonesia",
    "episode_link": "https://otakudesu.best/episode/anshy-episode-12-sub-indo/",
    "episode_date": "22 Juni,2025",
    "server": "odstream",
    "quality": "720p",
    "data_content": "eyJpZCI6MTgyNTgyLCJpIjozLCJxIjoiNzIwcCJ9",
    "decoded_data": {
      "id": 182582,
      "i": 3,
      "q": "720p"
    },
    "stream_url": "https://desustream.info/dstream/arcg/?id=VkU5T28zU1E4Z0djbkx2MWVMd1hiTzFoVUxsZEQ3MXEyV01JeUw5SFBRUENLQWcxTkIxOFY5RlIwYVVWU2Z5dHd2ZGJDem9qZ3BDcEhmUEtUNklxWnc9PQ==",
    "is_default": false,
    "timestamp": "2025-09-12T08:23:27.801Z"
  },
  {
    "anime_title": "Anne Shirley On-Going",
    "episode_title": "Anne Shirley Episode 12 Subtitle Indonesia",
    "episode_link": "https://otakudesu.best/episode/anshy-episode-12-sub-indo/",
    "episode_date": "22 Juni,2025",
    "server": "vidhide",
    "quality": "360p",
    "data_content": "eyJpZCI6MTgyNTgyLCJpIjowLCJxIjoiMzYwcCJ9",
    "decoded_data": {
      "id": 182582,
      "i": 0,
      "q": "360p"
    },
    "stream_url": "https://odvidhide.com/embed/civwv5i7s0o9",
    "is_default": false,
    "timestamp": "2025-09-12T08:23:26.599Z"
  },
  {
    "anime_title": "Anne Shirley On-Going",
    "episode_title": "Anne Shirley Episode 12 Subtitle Indonesia",
    "episode_link": "https://otakudesu.best/episode/anshy-episode-12-sub-indo/",
    "episode_date": "22 Juni,2025",
    "server": "pdrain",
    "quality": "360p",
    "data_content": "eyJpZCI6MTgyNTgyLCJpIjoxLCJxIjoiMzYwcCJ9",
    "decoded_data": {
      "id": 182582,
      "i": 1,
      "q": "360p"
    },
    "stream_url": "https://www.pixeldrain.com/u/31gVkEwH?embed",
    "is_default": false,
    "timestamp": "2025-09-12T08:23:26.616Z"
  },
  {
    "anime_title": "Anne Shirley On-Going",
    "episode_title": "Anne Shirley Episode 12 Subtitle Indonesia",
    "episode_link": "https://otakudesu.best/episode/anshy-episode-12-sub-indo/",
    "episode_date": "22 Juni,2025",
    "server": "odstream",
    "quality": "360p",
    "data_content": "eyJpZCI6MTgyNTgyLCJpIjoyLCJxIjoiMzYwcCJ9",
    "decoded_data": {
      "id": 182582,
      "i": 2,
      "q": "360p"
    },
    "stream_url": "https://desustream.info/dstream/arcg/?id=VkU5T28zU1E4Z0djbkx2MWVMd1hiTzFoVUxsZEQ3MXEyV01JeUw5SFBRUGszYUM3U25JaW9hcXpxMnMyd3Q2SFZlSFdhb01PbnJoMjZLUi9xaFRneWc9PQ==",
    "is_default": false,
    "timestamp": "2025-09-12T08:23:26.638Z"
  },
  {
    "anime_title": "Anne Shirley On-Going",
    "episode_title": "Anne Shirley Episode 12 Subtitle Indonesia",
    "episode_link": "https://otakudesu.best/episode/anshy-episode-12-sub-indo/",
    "episode_date": "22 Juni,2025",
    "server": "mega",
    "quality": "360p",
    "data_content": "eyJpZCI6MTgyNTgyLCJpIjozLCJxIjoiMzYwcCJ9",
    "decoded_data": {
      "id": 182582,
      "i": 3,
      "q": "360p"
    },
    "stream_url": "https://mega.nz/embed/7RESHAja#bwr3i5Y2E9oeItKd2CEkBnnBSrM-zeZqWZfjpvjdLEs",
    "is_default": false,
    "timestamp": "2025-09-12T08:23:26.691Z"
  },
  {
    "anime_title": "Anne Shirley On-Going",
    "episode_title": "Anne Shirley Episode 12 Subtitle Indonesia",
    "episode_link": "https://otakudesu.best/episode/anshy-episode-12-sub-indo/",
    "episode_date": "22 Juni,2025",
    "server": "updesu",
    "quality": "480p",
    "data_content": "eyJpZCI6MTgyNTgyLCJpIjowLCJxIjoiNDgwcCJ9",
    "decoded_data": {
      "id": 182582,
      "i": 0,
      "q": "480p"
    },
    "stream_url": "https://desustream.info/dstream/updesu/v5/index.php?id=VjEyNW9PWUY5K214MGlHTGo2SWQ4aXBPVTY1eG5WUUExbU5MOVVxM1pTND0=",
    "is_default": true,
    "timestamp": "2025-09-12T08:23:26.717Z"
  },
  {
    "anime_title": "Anne Shirley On-Going",
    "episode_title": "Anne Shirley Episode 12 Subtitle Indonesia",
    "episode_link": "https://otakudesu.best/episode/anshy-episode-12-sub-indo/",
    "episode_date": "22 Juni,2025",
    "server": "vidhide",
    "quality": "480p",
    "data_content": "eyJpZCI6MTgyNTgyLCJpIjoxLCJxIjoiNDgwcCJ9",
    "decoded_data": {
      "id": 182582,
      "i": 1,
      "q": "480p"
    },
    "stream_url": "https://odvidhide.com/embed/8cf1rdvwxm19",
    "is_default": false,
    "timestamp": "2025-09-12T08:23:26.779Z"
  },
  {
    "anime_title": "Anne Shirley On-Going",
    "episode_title": "Anne Shirley Episode 12 Subtitle Indonesia",
    "episode_link": "https://otakudesu.best/episode/anshy-episode-12-sub-indo/",
    "episode_date": "22 Juni,2025",
    "server": "pdrain",
    "quality": "480p",
    "data_content": "eyJpZCI6MTgyNTgyLCJpIjoyLCJxIjoiNDgwcCJ9",
    "decoded_data": {
      "id": 182582,
      "i": 2,
      "q": "480p"
    },
    "stream_url": "https://www.pixeldrain.com/u/iYagRWDL?embed",
    "is_default": false,
    "timestamp": "2025-09-12T08:23:26.809Z"
  },
  {
    "anime_title": "Anne Shirley On-Going",
    "episode_title": "Anne Shirley Episode 12 Subtitle Indonesia",
    "episode_link": "https://otakudesu.best/episode/anshy-episode-12-sub-indo/",
    "episode_date": "22 Juni,2025",
    "server": "odstream",
    "quality": "480p",
    "data_content": "eyJpZCI6MTgyNTgyLCJpIjozLCJxIjoiNDgwcCJ9",
    "decoded_data": {
      "id": 182582,
      "i": 3,
      "q": "480p"
    },
    "stream_url": "https://desustream.info/dstream/arcg/?id=VkU5T28zU1E4Z0djbkx2MWVMd1hiTzFoVUxsZEQ3MXEyV01JeUw5SFBRTy9SaXpWMTFlWjh5QWpBd2t5MWxNVEJlSUZUTEtyTk1UZzdQY1AzR2RjR3c9PQ==",
    "is_default": false,
    "timestamp": "2025-09-12T08:23:26.851Z"
  },
  {
    "anime_title": "Anne Shirley On-Going",
    "episode_title": "Anne Shirley Episode 12 Subtitle Indonesia",
    "episode_link": "https://otakudesu.best/episode/anshy-episode-12-sub-indo/",
    "episode_date": "22 Juni,2025",
    "server": "mega",
    "quality": "480p",
    "data_content": "eyJpZCI6MTgyNTgyLCJpIjo0LCJxIjoiNDgwcCJ9",
    "decoded_data": {
      "id": 182582,
      "i": 4,
      "q": "480p"
    },
    "stream_url": "https://mega.nz/embed/WN8hyJ7D#LUYqCTku_y_p-VtJZWPStF6nRigBCSOwsXv_yykaffE",
    "is_default": false,
    "timestamp": "2025-09-12T08:23:26.893Z"
  },
  {
    "anime_title": "Anne Shirley On-Going",
    "episode_title": "Anne Shirley Episode 12 Subtitle Indonesia",
    "episode_link": "https://otakudesu.best/episode/anshy-episode-12-sub-indo/",
    "episode_date": "22 Juni,2025",
    "server": "vidhide",
    "quality": "720p",
    "data_content": "eyJpZCI6MTgyNTgyLCJpIjowLCJxIjoiNzIwcCJ9",
    "decoded_data": {
      "id": 182582,
      "i": 0,
      "q": "720p"
    },
    "stream_url": "https://odvidhide.com/embed/qoudut4i7xvb",
    "is_default": false,
    "timestamp": "2025-09-12T08:23:26.912Z"
  },
  {
    "anime_title": "Anne Shirley On-Going",
    "episode_title": "Anne Shirley Episode 12 Subtitle Indonesia",
    "episode_link": "https://otakudesu.best/episode/anshy-episode-12-sub-indo/",
    "episode_date": "22 Juni,2025",
    "server": "ondesuhd",
    "quality": "720p",
    "data_content": "eyJpZCI6MTgyNTgyLCJpIjoxLCJxIjoiNzIwcCJ9",
    "decoded_data": {
      "id": 182582,
      "i": 1,
      "q": "720p"
    },
    "stream_url": "https://desustream.info/dstream/ondesu/hd/v2/index.php?id=VjEyNW9PWUY5K214MGlHTGo2SWQ4aXBPVTY1eG5WUUExbU5MOVVxM1pTND0=",
    "is_default": false,
    "timestamp": "2025-09-12T08:23:26.987Z"
  },
  {
    "anime_title": "Anne Shirley On-Going",
    "episode_title": "Anne Shirley Episode 12 Subtitle Indonesia",
    "episode_link": "https://otakudesu.best/episode/anshy-episode-12-sub-indo/",
    "episode_date": "22 Juni,2025",
    "server": "pdrain",
    "quality": "720p",
    "data_content": "eyJpZCI6MTgyNTgyLCJpIjoyLCJxIjoiNzIwcCJ9",
    "decoded_data": {
      "id": 182582,
      "i": 2,
      "q": "720p"
    },
    "stream_url": "https://www.pixeldrain.com/u/8DD1Vxsx?embed",
    "is_default": false,
    "timestamp": "2025-09-12T08:23:27.112Z"
  },
  {
    "anime_title": "Anne Shirley On-Going",
    "episode_title": "Anne Shirley Episode 12 Subtitle Indonesia",
    "episode_link": "https://otakudesu.best/episode/anshy-episode-12-sub-indo/",
    "episode_date": "22 Juni,2025",
    "server": "odstream",
    "quality": "720p",
    "data_content": "eyJpZCI6MTgyNTgyLCJpIjozLCJxIjoiNzIwcCJ9",
    "decoded_data": {
      "id": 182582,
      "i": 3,
      "q": "720p"
    },
    "stream_url": "https://desustream.info/dstream/arcg/?id=VkU5T28zU1E4Z0djbkx2MWVMd1hiTzFoVUxsZEQ3MXEyV01JeUw5SFBRUENLQWcxTkIxOFY5RlIwYVVWU2Z5dHd2ZGJDem9qZ3BDcEhmUEtUNklxWnc9PQ==",
    "is_default": false,
    "timestamp": "2025-09-12T08:23:27.801Z"
  },
  {
    "anime_title": "Anne Shirley On-Going",
    "episode_title": "Anne Shirley Episode 12 Subtitle Indonesia",
    "episode_link": "https://otakudesu.best/episode/anshy-episode-12-sub-indo/",
    "episode_date": "22 Juni,2025",
    "server": "mega",
    "quality": "720p",
    "data_content": "eyJpZCI6MTgyNTgyLCJpIjo0LCJxIjoiNzIwcCJ9",
    "decoded_data": {
      "id": 182582,
      "i": 4,
      "q": "720p"
    },
    "stream_url": "https://mega.nz/embed/6d0UTChT#l_AgDwyv0Dg1niII0yp6xbHbENBIgHphaucOFDOMVjc",
    "is_default": false,
    "timestamp": "2025-09-12T08:23:27.100Z"
  },
  {
    "anime_title": "Anne Shirley On-Going",
    "episode_title": "Anne Shirley Episode 13 Subtitle Indonesia",
    "episode_link": "https://otakudesu.best/episode/anshy-episode-13-sub-indo/",
    "episode_date": "29 Juni,2025",
    "server": "vidhide",
    "quality": "360p",
    "data_content": "eyJpZCI6MTgyODg5LCJpIjowLCJxIjoiMzYwcCJ9",
    "decoded_data": {
      "id": 182889,
      "i": 0,
      "q": "360p"
    },
    "stream_url": "https://odvidhide.com/embed/7nntczv38zc9",
    "is_default": false,
    "timestamp": "2025-09-12T08:23:28.442Z"
  },
  {
    "anime_title": "Anne Shirley On-Going",
    "episode_title": "Anne Shirley Episode 13 Subtitle Indonesia",
    "episode_link": "https://otakudesu.best/episode/anshy-episode-13-sub-indo/",
    "episode_date": "29 Juni,2025",
    "server": "pdrain",
    "quality": "360p",
    "data_content": "eyJpZCI6MTgyODg5LCJpIjoxLCJxIjoiMzYwcCJ9",
    "decoded_data": {
      "id": 182889,
      "i": 1,
      "q": "360p"
    },
    "stream_url": "https://www.pixeldrain.com/u/oyAuhenG?embed",
    "is_default": false,
    "timestamp": "2025-09-12T08:23:28.484Z"
  },
  {
    "anime_title": "Anne Shirley On-Going",
    "episode_title": "Anne Shirley Episode 13 Subtitle Indonesia",
    "episode_link": "https://otakudesu.best/episode/anshy-episode-13-sub-indo/",
    "episode_date": "29 Juni,2025",
    "server": "odstream",
    "quality": "360p",
    "data_content": "eyJpZCI6MTgyODg5LCJpIjoyLCJxIjoiMzYwcCJ9",
    "decoded_data": {
      "id": 182889,
      "i": 2,
      "q": "360p"
    },
    "stream_url": "https://desustream.info/dstream/arcg/?id=SUZBcUJ0UWdsNkc1VDJHMlhsNzNteVkyVEN0b1lCazRqQm1tTWl1Y0ZMbXN1RXB6dWJDTXNpazk2T0lhUDVVVmNpSG1RM0VOZUJlN05RcVZlMElyNlE9PQ==",
    "is_default": false,
    "timestamp": "2025-09-12T08:23:28.529Z"
  },
  {
    "anime_title": "Anne Shirley On-Going",
    "episode_title": "Anne Shirley Episode 13 Subtitle Indonesia",
    "episode_link": "https://otakudesu.best/episode/anshy-episode-13-sub-indo/",
    "episode_date": "29 Juni,2025",
    "server": "mega",
    "quality": "360p",
    "data_content": "eyJpZCI6MTgyODg5LCJpIjozLCJxIjoiMzYwcCJ9",
    "decoded_data": {
      "id": 182889,
      "i": 3,
      "q": "360p"
    },
    "stream_url": "https://mega.nz/embed/z0AFzR5L#EP0gqmCF7TEHwk875nctM3YHfmEWfvaWoYjaWn3DrVU",
    "is_default": false,
    "timestamp": "2025-09-12T08:23:28.546Z"
  },
  {
    "anime_title": "Anne Shirley On-Going",
    "episode_title": "Anne Shirley Episode 13 Subtitle Indonesia",
    "episode_link": "https://otakudesu.best/episode/anshy-episode-13-sub-indo/",
    "episode_date": "29 Juni,2025",
    "server": "ondesu3",
    "quality": "480p",
    "data_content": "eyJpZCI6MTgyODg5LCJpIjowLCJxIjoiNDgwcCJ9",
    "decoded_data": {
      "id": 182889,
      "i": 0,
      "q": "480p"
    },
    "stream_url": "https://desustream.info/dstream/ondesu3/v5/index.php?id=cWRqS2lGQW5LMnZQK3pNMmlMZ2RTcDQzTlVIaHdGb1hkdHltejlXb3FtMD0=",
    "is_default": true,
    "timestamp": "2025-09-12T08:23:28.614Z"
  },
  {
    "anime_title": "Anne Shirley On-Going",
    "episode_title": "Anne Shirley Episode 13 Subtitle Indonesia",
    "episode_link": "https://otakudesu.best/episode/anshy-episode-13-sub-indo/",
    "episode_date": "29 Juni,2025",
    "server": "vidhide",
    "quality": "480p",
    "data_content": "eyJpZCI6MTgyODg5LCJpIjoxLCJxIjoiNDgwcCJ9",
    "decoded_data": {
      "id": 182889,
      "i": 1,
      "q": "480p"
    },
    "stream_url": "https://odvidhide.com/embed/adyvmddc41v5",
    "is_default": false,
    "timestamp": "2025-09-12T08:23:28.627Z"
  },
  {
    "anime_title": "Anne Shirley On-Going",
    "episode_title": "Anne Shirley Episode 13 Subtitle Indonesia",
    "episode_link": "https://otakudesu.best/episode/anshy-episode-13-sub-indo/",
    "episode_date": "29 Juni,2025",
    "server": "pdrain",
    "quality": "480p",
    "data_content": "eyJpZCI6MTgyODg5LCJpIjoyLCJxIjoiNDgwcCJ9",
    "decoded_data": {
      "id": 182889,
      "i": 2,
      "q": "480p"
    },
    "stream_url": "https://www.pixeldrain.com/u/9BEPC6SK?embed",
    "is_default": false,
    "timestamp": "2025-09-12T08:23:28.678Z"
  },
  {
    "anime_title": "Anne Shirley On-Going",
    "episode_title": "Anne Shirley Episode 13 Subtitle Indonesia",
    "episode_link": "https://otakudesu.best/episode/anshy-episode-13-sub-indo/",
    "episode_date": "29 Juni,2025",
    "server": "odstream",
    "quality": "480p",
    "data_content": "eyJpZCI6MTgyODg5LCJpIjozLCJxIjoiNDgwcCJ9",
    "decoded_data": {
      "id": 182889,
      "i": 3,
      "q": "480p"
    },
    "stream_url": "https://desustream.info/dstream/arcg/?id=SUZBcUJ0UWdsNkc1VDJHMlhsNzNteVkyVEN0b1lCazRqQm1tTWl1Y0ZMbXc5dGNuS1RxMlRqOXRmVE1wdW5uZmhtNko1SmM4a2FDR3BEVlFQRkQ5U3c9PQ==",
    "is_default": false,
    "timestamp": "2025-09-12T08:23:28.714Z"
  },
  {
    "anime_title": "Anne Shirley On-Going",
    "episode_title": "Anne Shirley Episode 13 Subtitle Indonesia",
    "episode_link": "https://otakudesu.best/episode/anshy-episode-13-sub-indo/",
    "episode_date": "29 Juni,2025",
    "server": "mega",
    "quality": "480p",
    "data_content": "eyJpZCI6MTgyODg5LCJpIjo0LCJxIjoiNDgwcCJ9",
    "decoded_data": {
      "id": 182889,
      "i": 4,
      "q": "480p"
    },
    "stream_url": "https://mega.nz/embed/3hglSZAa#Czvvw-cgTyc2MaKaqhZYzrRtY_yDwtz2TggRz6NuV7A",
    "is_default": false,
    "timestamp": "2025-09-12T08:23:28.767Z"
  },
  {
    "anime_title": "Anne Shirley On-Going",
    "episode_title": "Anne Shirley Episode 13 Subtitle Indonesia",
    "episode_link": "https://otakudesu.best/episode/anshy-episode-13-sub-indo/",
    "episode_date": "29 Juni,2025",
    "server": "vidhide",
    "quality": "720p",
    "data_content": "eyJpZCI6MTgyODg5LCJpIjowLCJxIjoiNzIwcCJ9",
    "decoded_data": {
      "id": 182889,
      "i": 0,
      "q": "720p"
    },
    "stream_url": "https://odvidhide.com/embed/jee1zcm0rpja",
    "is_default": false,
    "timestamp": "2025-09-12T08:23:28.779Z"
  },
  {
    "anime_title": "Anne Shirley On-Going",
    "episode_title": "Anne Shirley Episode 13 Subtitle Indonesia",
    "episode_link": "https://otakudesu.best/episode/anshy-episode-13-sub-indo/",
    "episode_date": "29 Juni,2025",
    "server": "ondesuhd",
    "quality": "720p",
    "data_content": "eyJpZCI6MTgyODg5LCJpIjoxLCJxIjoiNzIwcCJ9",
    "decoded_data": {
      "id": 182889,
      "i": 1,
      "q": "720p"
    },
    "stream_url": "https://desustream.info/dstream/ondesu/hd/v2/index.php?id=cWRqS2lGQW5LMnZQK3pNMmlMZ2RTcDQzTlVIaHdGb1hkdHltejlXb3FtMD0=",
    "is_default": false,
    "timestamp": "2025-09-12T08:23:28.812Z"
  },
  {
    "anime_title": "Anne Shirley On-Going",
    "episode_title": "Anne Shirley Episode 13 Subtitle Indonesia",
    "episode_link": "https://otakudesu.best/episode/anshy-episode-13-sub-indo/",
    "episode_date": "29 Juni,2025",
    "server": "pdrain",
    "quality": "720p",
    "data_content": "eyJpZCI6MTgyODg5LCJpIjoyLCJxIjoiNzIwcCJ9",
    "decoded_data": {
      "id": 182889,
      "i": 2,
      "q": "720p"
    },
    "stream_url": "https://www.pixeldrain.com/u/8y7dogvR?embed",
    "is_default": false,
    "timestamp": "2025-09-12T08:23:28.850Z"
  },
  {
    "anime_title": "Anne Shirley On-Going",
    "episode_title": "Anne Shirley Episode 13 Subtitle Indonesia",
    "episode_link": "https://otakudesu.best/episode/anshy-episode-13-sub-indo/",
    "episode_date": "29 Juni,2025",
    "server": "odstream",
    "quality": "720p",
    "data_content": "eyJpZCI6MTgyODg5LCJpIjozLCJxIjoiNzIwcCJ9",
    "decoded_data": {
      "id": 182889,
      "i": 3,
      "q": "720p"
    },
    "stream_url": "https://desustream.info/dstream/arcg/?id=SUZBcUJ0UWdsNkc1VDJHMlhsNzNteVkyVEN0b1lCazRqQm1tTWl1Y0ZMbmxVYWxWQnVFVHNOTVBnRWt0NnkvWDJLaHZYOTJTaFdHVm9Ud0FSQzJZMmc9PQ==",
    "is_default": false,
    "timestamp": "2025-09-12T08:23:28.895Z"
  },
  {
    "anime_title": "Anne Shirley On-Going",
    "episode_title": "Anne Shirley Episode 13 Subtitle Indonesia",
    "episode_link": "https://otakudesu.best/episode/anshy-episode-13-sub-indo/",
    "episode_date": "29 Juni,2025",
    "server": "mega",
    "quality": "720p",
    "data_content": "eyJpZCI6MTgyODg5LCJpIjo0LCJxIjoiNzIwcCJ9",
    "decoded_data": {
      "id": 182889,
      "i": 4,
      "q": "720p"
    },
    "stream_url": "https://mega.nz/embed/KxZlUBgK#_Qpyf69l7WD_go4sQSixjexTi97RowSQIq8z2P0LNj4",
    "is_default": false,
    "timestamp": "2025-09-12T08:23:28.961Z"
  },
  {
    "anime_title": "Anne Shirley On-Going",
    "episode_title": "Anne Shirley Episode 13 Subtitle Indonesia",
    "episode_link": "https://otakudesu.best/episode/anshy-episode-13-sub-indo/",
    "episode_date": "29 Juni,2025",
    "server": "vidhide",
    "quality": "360p",
    "data_content": "eyJpZCI6MTgyODg5LCJpIjowLCJxIjoiMzYwcCJ9",
    "decoded_data": {
      "id": 182889,
      "i": 0,
      "q": "360p"
    },
    "stream_url": "https://odvidhide.com/embed/7nntczv38zc9",
    "is_default": false,
    "timestamp": "2025-09-12T08:23:28.442Z"
  },
  {
    "anime_title": "Anne Shirley On-Going",
    "episode_title": "Anne Shirley Episode 13 Subtitle Indonesia",
    "episode_link": "https://otakudesu.best/episode/anshy-episode-13-sub-indo/",
    "episode_date": "29 Juni,2025",
    "server": "pdrain",
    "quality": "360p",
    "data_content": "eyJpZCI6MTgyODg5LCJpIjoxLCJxIjoiMzYwcCJ9",
    "decoded_data": {
      "id": 182889,
      "i": 1,
      "q": "360p"
    },
    "stream_url": "https://www.pixeldrain.com/u/oyAuhenG?embed",
    "is_default": false,
    "timestamp": "2025-09-12T08:23:28.484Z"
  },
  {
    "anime_title": "Anne Shirley On-Going",
    "episode_title": "Anne Shirley Episode 13 Subtitle Indonesia",
    "episode_link": "https://otakudesu.best/episode/anshy-episode-13-sub-indo/",
    "episode_date": "29 Juni,2025",
    "server": "odstream",
    "quality": "360p",
    "data_content": "eyJpZCI6MTgyODg5LCJpIjoyLCJxIjoiMzYwcCJ9",
    "decoded_data": {
      "id": 182889,
      "i": 2,
      "q": "360p"
    },
    "stream_url": "https://desustream.info/dstream/arcg/?id=SUZBcUJ0UWdsNkc1VDJHMlhsNzNteVkyVEN0b1lCazRqQm1tTWl1Y0ZMbXN1RXB6dWJDTXNpazk2T0lhUDVVVmNpSG1RM0VOZUJlN05RcVZlMElyNlE9PQ==",
    "is_default": false,
    "timestamp": "2025-09-12T08:23:28.529Z"
  },
  {
    "anime_title": "Anne Shirley On-Going",
    "episode_title": "Anne Shirley Episode 13 Subtitle Indonesia",
    "episode_link": "https://otakudesu.best/episode/anshy-episode-13-sub-indo/",
    "episode_date": "29 Juni,2025",
    "server": "mega",
    "quality": "360p",
    "data_content": "eyJpZCI6MTgyODg5LCJpIjozLCJxIjoiMzYwcCJ9",
    "decoded_data": {
      "id": 182889,
      "i": 3,
      "q": "360p"
    },
    "stream_url": "https://mega.nz/embed/z0AFzR5L#EP0gqmCF7TEHwk875nctM3YHfmEWfvaWoYjaWn3DrVU",
    "is_default": false,
    "timestamp": "2025-09-12T08:23:28.546Z"
  },
  {
    "anime_title": "Anne Shirley On-Going",
    "episode_title": "Anne Shirley Episode 13 Subtitle Indonesia",
    "episode_link": "https://otakudesu.best/episode/anshy-episode-13-sub-indo/",
    "episode_date": "29 Juni,2025",
    "server": "ondesu3",
    "quality": "480p",
    "data_content": "eyJpZCI6MTgyODg5LCJpIjowLCJxIjoiNDgwcCJ9",
    "decoded_data": {
      "id": 182889,
      "i": 0,
      "q": "480p"
    },
    "stream_url": "https://desustream.info/dstream/ondesu3/v5/index.php?id=cWRqS2lGQW5LMnZQK3pNMmlMZ2RTcDQzTlVIaHdGb1hkdHltejlXb3FtMD0=",
    "is_default": true,
    "timestamp": "2025-09-12T08:23:28.614Z"
  },
  {
    "anime_title": "Anne Shirley On-Going",
    "episode_title": "Anne Shirley Episode 13 Subtitle Indonesia",
    "episode_link": "https://otakudesu.best/episode/anshy-episode-13-sub-indo/",
    "episode_date": "29 Juni,2025",
    "server": "vidhide",
    "quality": "480p",
    "data_content": "eyJpZCI6MTgyODg5LCJpIjoxLCJxIjoiNDgwcCJ9",
    "decoded_data": {
      "id": 182889,
      "i": 1,
      "q": "480p"
    },
    "stream_url": "https://odvidhide.com/embed/adyvmddc41v5",
    "is_default": false,
    "timestamp": "2025-09-12T08:23:28.627Z"
  },
  {
    "anime_title": "Anne Shirley On-Going",
    "episode_title": "Anne Shirley Episode 13 Subtitle Indonesia",
    "episode_link": "https://otakudesu.best/episode/anshy-episode-13-sub-indo/",
    "episode_date": "29 Juni,2025",
    "server": "pdrain",
    "quality": "480p",
    "data_content": "eyJpZCI6MTgyODg5LCJpIjoyLCJxIjoiNDgwcCJ9",
    "decoded_data": {
      "id": 182889,
      "i": 2,
      "q": "480p"
    },
    "stream_url": "https://www.pixeldrain.com/u/9BEPC6SK?embed",
    "is_default": false,
    "timestamp": "2025-09-12T08:23:28.678Z"
  },
  {
    "anime_title": "Anne Shirley On-Going",
    "episode_title": "Anne Shirley Episode 13 Subtitle Indonesia",
    "episode_link": "https://otakudesu.best/episode/anshy-episode-13-sub-indo/",
    "episode_date": "29 Juni,2025",
    "server": "odstream",
    "quality": "480p",
    "data_content": "eyJpZCI6MTgyODg5LCJpIjozLCJxIjoiNDgwcCJ9",
    "decoded_data": {
      "id": 182889,
      "i": 3,
      "q": "480p"
    },
    "stream_url": "https://desustream.info/dstream/arcg/?id=SUZBcUJ0UWdsNkc1VDJHMlhsNzNteVkyVEN0b1lCazRqQm1tTWl1Y0ZMbXc5dGNuS1RxMlRqOXRmVE1wdW5uZmhtNko1SmM4a2FDR3BEVlFQRkQ5U3c9PQ==",
    "is_default": false,
    "timestamp": "2025-09-12T08:23:28.714Z"
  },
  {
    "anime_title": "Anne Shirley On-Going",
    "episode_title": "Anne Shirley Episode 13 Subtitle Indonesia",
    "episode_link": "https://otakudesu.best/episode/anshy-episode-13-sub-indo/",
    "episode_date": "29 Juni,2025",
    "server": "mega",
    "quality": "480p",
    "data_content": "eyJpZCI6MTgyODg5LCJpIjo0LCJxIjoiNDgwcCJ9",
    "decoded_data": {
      "id": 182889,
      "i": 4,
      "q": "480p"
    },
    "stream_url": "https://mega.nz/embed/3hglSZAa#Czvvw-cgTyc2MaKaqhZYzrRtY_yDwtz2TggRz6NuV7A",
    "is_default": false,
    "timestamp": "2025-09-12T08:23:28.767Z"
  },
  {
    "anime_title": "Anne Shirley On-Going",
    "episode_title": "Anne Shirley Episode 13 Subtitle Indonesia",
    "episode_link": "https://otakudesu.best/episode/anshy-episode-13-sub-indo/",
    "episode_date": "29 Juni,2025",
    "server": "vidhide",
    "quality": "720p",
    "data_content": "eyJpZCI6MTgyODg5LCJpIjowLCJxIjoiNzIwcCJ9",
    "decoded_data": {
      "id": 182889,
      "i": 0,
      "q": "720p"
    },
    "stream_url": "https://odvidhide.com/embed/jee1zcm0rpja",
    "is_default": false,
    "timestamp": "2025-09-12T08:23:28.779Z"
  },
  {
    "anime_title": "Anne Shirley On-Going",
    "episode_title": "Anne Shirley Episode 13 Subtitle Indonesia",
    "episode_link": "https://otakudesu.best/episode/anshy-episode-13-sub-indo/",
    "episode_date": "29 Juni,2025",
    "server": "ondesuhd",
    "quality": "720p",
    "data_content": "eyJpZCI6MTgyODg5LCJpIjoxLCJxIjoiNzIwcCJ9",
    "decoded_data": {
      "id": 182889,
      "i": 1,
      "q": "720p"
    },
    "stream_url": "https://desustream.info/dstream/ondesu/hd/v2/index.php?id=cWRqS2lGQW5LMnZQK3pNMmlMZ2RTcDQzTlVIaHdGb1hkdHltejlXb3FtMD0=",
    "is_default": false,
    "timestamp": "2025-09-12T08:23:28.812Z"
  },
  {
    "anime_title": "Anne Shirley On-Going",
    "episode_title": "Anne Shirley Episode 13 Subtitle Indonesia",
    "episode_link": "https://otakudesu.best/episode/anshy-episode-13-sub-indo/",
    "episode_date": "29 Juni,2025",
    "server": "pdrain",
    "quality": "720p",
    "data_content": "eyJpZCI6MTgyODg5LCJpIjoyLCJxIjoiNzIwcCJ9",
    "decoded_data": {
      "id": 182889,
      "i": 2,
      "q": "720p"
    },
    "stream_url": "https://www.pixeldrain.com/u/8y7dogvR?embed",
    "is_default": false,
    "timestamp": "2025-09-12T08:23:28.850Z"
  },
  {
    "anime_title": "Anne Shirley On-Going",
    "episode_title": "Anne Shirley Episode 13 Subtitle Indonesia",
    "episode_link": "https://otakudesu.best/episode/anshy-episode-13-sub-indo/",
    "episode_date": "29 Juni,2025",
    "server": "odstream",
    "quality": "720p",
    "data_content": "eyJpZCI6MTgyODg5LCJpIjozLCJxIjoiNzIwcCJ9",
    "decoded_data": {
      "id": 182889,
      "i": 3,
      "q": "720p"
    },
    "stream_url": "https://desustream.info/dstream/arcg/?id=SUZBcUJ0UWdsNkc1VDJHMlhsNzNteVkyVEN0b1lCazRqQm1tTWl1Y0ZMbmxVYWxWQnVFVHNOTVBnRWt0NnkvWDJLaHZYOTJTaFdHVm9Ud0FSQzJZMmc9PQ==",
    "is_default": false,
    "timestamp": "2025-09-12T08:23:28.895Z"
  },
  {
    "anime_title": "Anne Shirley On-Going",
    "episode_title": "Anne Shirley Episode 13 Subtitle Indonesia",
    "episode_link": "https://otakudesu.best/episode/anshy-episode-13-sub-indo/",
    "episode_date": "29 Juni,2025",
    "server": "mega",
    "quality": "720p",
    "data_content": "eyJpZCI6MTgyODg5LCJpIjo0LCJxIjoiNzIwcCJ9",
    "decoded_data": {
      "id": 182889,
      "i": 4,
      "q": "720p"
    },
    "stream_url": "https://mega.nz/embed/KxZlUBgK#_Qpyf69l7WD_go4sQSixjexTi97RowSQIq8z2P0LNj4",
    "is_default": false,
    "timestamp": "2025-09-12T08:23:28.961Z"
  }
]