[
  {
    "anime_title": "AnoHana",
    "episode_title": "AnoHana Episode 4 Subtitle Indonesia",
    "episode_link": "https://otakudesu.best/episode/anha-episode-4-sub-indo/",
    "episode_date": "14 Januari,2019",
    "server": "solidfiles",
    "quality": "360p",
    "data_content": "eyJpZCI6MzUwODQsImkiOjAsInEiOiIzNjBwIn0=",
    "decoded_data": {
      "id": 35084,
      "i": 0,
      "q": "360p"
    },
    "stream_url": "https://www.solidfiles.com/e/wRpV82Za6YkNL",
    "is_default": false,
    "timestamp": "2025-09-12T08:23:52.220Z"
  },
  {
    "anime_title": "AnoHana",
    "episode_title": "AnoHana Episode 4 Subtitle Indonesia",
    "episode_link": "https://otakudesu.best/episode/anha-episode-4-sub-indo/",
    "episode_date": "14 Januari,2019",
    "server": "mp4load",
    "quality": "360p",
    "data_content": "eyJpZCI6MzUwODQsImkiOjEsInEiOiIzNjBwIn0=",
    "decoded_data": {
      "id": 35084,
      "i": 1,
      "q": "360p"
    },
    "stream_url": "https://www.mp4upload.com/embed-2vv38ov9e41q.html",
    "is_default": false,
    "timestamp": "2025-09-12T08:23:52.246Z"
  },
  {
    "anime_title": "AnoHana",
    "episode_title": "AnoHana Episode 4 Subtitle Indonesia",
    "episode_link": "https://otakudesu.best/episode/anha-episode-4-sub-indo/",
    "episode_date": "14 Januari,2019",
    "server": "playdesu",
    "quality": "480p",
    "data_content": "eyJpZCI6MzUwODQsImkiOjAsInEiOiI0ODBwIn0=",
    "decoded_data": {
      "id": 35084,
      "i": 0,
      "q": "480p"
    },
    "stream_url": "https://desustream.info/dstream/playdesu/v2/index.php?id=bUM5MTlqcGh1cGM0RmFoQ3Y0NW1YaGtZWlJ6cFV3Nk0rVnRSbXZ5WE5maz0=",
    "is_default": true,
    "timestamp": "2025-09-12T08:23:52.302Z"
  },
  {
    "anime_title": "AnoHana",
    "episode_title": "AnoHana Episode 4 Subtitle Indonesia",
    "episode_link": "https://otakudesu.best/episode/anha-episode-4-sub-indo/",
    "episode_date": "14 Januari,2019",
    "server": "solidfiles",
    "quality": "480p",
    "data_content": "eyJpZCI6MzUwODQsImkiOjEsInEiOiI0ODBwIn0=",
    "decoded_data": {
      "id": 35084,
      "i": 1,
      "q": "480p"
    },
    "stream_url": "https://www.solidfiles.com/e/M2Marnq6Wxjy5",
    "is_default": false,
    "timestamp": "2025-09-12T08:23:52.328Z"
  },
  {
    "anime_title": "AnoHana",
    "episode_title": "AnoHana Episode 4 Subtitle Indonesia",
    "episode_link": "https://otakudesu.best/episode/anha-episode-4-sub-indo/",
    "episode_date": "14 Januari,2019",
    "server": "solidfiles",
    "quality": "720p",
    "data_content": "eyJpZCI6MzUwODQsImkiOjAsInEiOiI3MjBwIn0=",
    "decoded_data": {
      "id": 35084,
      "i": 0,
      "q": "720p"
    },
    "stream_url": "https://www.solidfiles.com/e/NagvYe658Awm8",
    "is_default": false,
    "timestamp": "2025-09-12T08:23:52.379Z"
  },
  {
    "anime_title": "AnoHana",
    "episode_title": "AnoHana Episode 4 Subtitle Indonesia",
    "episode_link": "https://otakudesu.best/episode/anha-episode-4-sub-indo/",
    "episode_date": "14 Januari,2019",
    "server": "yourupload",
    "quality": "720p",
    "data_content": "eyJpZCI6MzUwODQsImkiOjEsInEiOiI3MjBwIn0=",
    "decoded_data": {
      "id": 35084,
      "i": 1,
      "q": "720p"
    },
    "stream_url": "https://desudrive.com/stream/yuplod.php?id=RE7wqYWElCDj",
    "is_default": false,
    "timestamp": "2025-09-12T08:23:52.412Z"
  },
  {
    "anime_title": "AnoHana",
    "episode_title": "AnoHana Episode 4 Subtitle Indonesia",
    "episode_link": "https://otakudesu.best/episode/anha-episode-4-sub-indo/",
    "episode_date": "14 Januari,2019",
    "server": "solidfiles",
    "quality": "360p",
    "data_content": "eyJpZCI6MzUwODQsImkiOjAsInEiOiIzNjBwIn0=",
    "decoded_data": {
      "id": 35084,
      "i": 0,
      "q": "360p"
    },
    "stream_url": "https://www.solidfiles.com/e/wRpV82Za6YkNL",
    "is_default": false,
    "timestamp": "2025-09-12T08:23:52.220Z"
  },
  {
    "anime_title": "AnoHana",
    "episode_title": "AnoHana Episode 4 Subtitle Indonesia",
    "episode_link": "https://otakudesu.best/episode/anha-episode-4-sub-indo/",
    "episode_date": "14 Januari,2019",
    "server": "mp4load",
    "quality": "360p",
    "data_content": "eyJpZCI6MzUwODQsImkiOjEsInEiOiIzNjBwIn0=",
    "decoded_data": {
      "id": 35084,
      "i": 1,
      "q": "360p"
    },
    "stream_url": "https://www.mp4upload.com/embed-2vv38ov9e41q.html",
    "is_default": false,
    "timestamp": "2025-09-12T08:23:52.246Z"
  },
  {
    "anime_title": "AnoHana",
    "episode_title": "AnoHana Episode 4 Subtitle Indonesia",
    "episode_link": "https://otakudesu.best/episode/anha-episode-4-sub-indo/",
    "episode_date": "14 Januari,2019",
    "server": "playdesu",
    "quality": "480p",
    "data_content": "eyJpZCI6MzUwODQsImkiOjAsInEiOiI0ODBwIn0=",
    "decoded_data": {
      "id": 35084,
      "i": 0,
      "q": "480p"
    },
    "stream_url": "https://desustream.info/dstream/playdesu/v2/index.php?id=bUM5MTlqcGh1cGM0RmFoQ3Y0NW1YaGtZWlJ6cFV3Nk0rVnRSbXZ5WE5maz0=",
    "is_default": true,
    "timestamp": "2025-09-12T08:23:52.302Z"
  },
  {
    "anime_title": "AnoHana",
    "episode_title": "AnoHana Episode 4 Subtitle Indonesia",
    "episode_link": "https://otakudesu.best/episode/anha-episode-4-sub-indo/",
    "episode_date": "14 Januari,2019",
    "server": "solidfiles",
    "quality": "480p",
    "data_content": "eyJpZCI6MzUwODQsImkiOjEsInEiOiI0ODBwIn0=",
    "decoded_data": {
      "id": 35084,
      "i": 1,
      "q": "480p"
    },
    "stream_url": "https://www.solidfiles.com/e/M2Marnq6Wxjy5",
    "is_default": false,
    "timestamp": "2025-09-12T08:23:52.328Z"
  },
  {
    "anime_title": "AnoHana",
    "episode_title": "AnoHana Episode 4 Subtitle Indonesia",
    "episode_link": "https://otakudesu.best/episode/anha-episode-4-sub-indo/",
    "episode_date": "14 Januari,2019",
    "server": "solidfiles",
    "quality": "720p",
    "data_content": "eyJpZCI6MzUwODQsImkiOjAsInEiOiI3MjBwIn0=",
    "decoded_data": {
      "id": 35084,
      "i": 0,
      "q": "720p"
    },
    "stream_url": "https://www.solidfiles.com/e/NagvYe658Awm8",
    "is_default": false,
    "timestamp": "2025-09-12T08:23:52.379Z"
  },
  {
    "anime_title": "AnoHana",
    "episode_title": "AnoHana Episode 4 Subtitle Indonesia",
    "episode_link": "https://otakudesu.best/episode/anha-episode-4-sub-indo/",
    "episode_date": "14 Januari,2019",
    "server": "yourupload",
    "quality": "720p",
    "data_content": "eyJpZCI6MzUwODQsImkiOjEsInEiOiI3MjBwIn0=",
    "decoded_data": {
      "id": 35084,
      "i": 1,
      "q": "720p"
    },
    "stream_url": "https://desudrive.com/stream/yuplod.php?id=RE7wqYWElCDj",
    "is_default": false,
    "timestamp": "2025-09-12T08:23:52.412Z"
  },
  {
    "anime_title": "AnoHana",
    "episode_title": "AnoHana Episode 5 Subtitle Indonesia",
    "episode_link": "https://otakudesu.best/episode/anha-episode-5-sub-indo/",
    "episode_date": "14 Januari,2019",
    "server": "solidfiles",
    "quality": "360p",
    "data_content": "eyJpZCI6MzUwODUsImkiOjAsInEiOiIzNjBwIn0=",
    "decoded_data": {
      "id": 35085,
      "i": 0,
      "q": "360p"
    },
    "stream_url": "https://www.solidfiles.com/e/kG783Q8NzRNDz",
    "is_default": false,
    "timestamp": "2025-09-12T08:23:53.057Z"
  },
  {
    "anime_title": "AnoHana",
    "episode_title": "AnoHana Episode 5 Subtitle Indonesia",
    "episode_link": "https://otakudesu.best/episode/anha-episode-5-sub-indo/",
    "episode_date": "14 Januari,2019",
    "server": "solidfiles",
    "quality": "480p",
    "data_content": "eyJpZCI6MzUwODUsImkiOjEsInEiOiI0ODBwIn0=",
    "decoded_data": {
      "id": 35085,
      "i": 1,
      "q": "480p"
    },
    "stream_url": "https://www.solidfiles.com/e/vD5W8L4vkKZAa",
    "is_default": false,
    "timestamp": "2025-09-12T08:23:53.159Z"
  },
  {
    "anime_title": "AnoHana",
    "episode_title": "AnoHana Episode 5 Subtitle Indonesia",
    "episode_link": "https://otakudesu.best/episode/anha-episode-5-sub-indo/",
    "episode_date": "14 Januari,2019",
    "server": "mp4load",
    "quality": "360p",
    "data_content": "eyJpZCI6MzUwODUsImkiOjEsInEiOiIzNjBwIn0=",
    "decoded_data": {
      "id": 35085,
      "i": 1,
      "q": "360p"
    },
    "stream_url": "https://www.mp4upload.com/embed-590mw79f2gjr.html",
    "is_default": false,
    "timestamp": "2025-09-12T08:23:53.178Z"
  },
  {
    "anime_title": "AnoHana",
    "episode_title": "AnoHana Episode 5 Subtitle Indonesia",
    "episode_link": "https://otakudesu.best/episode/anha-episode-5-sub-indo/",
    "episode_date": "14 Januari,2019",
    "server": "solidfiles",
    "quality": "720p",
    "data_content": "eyJpZCI6MzUwODUsImkiOjAsInEiOiI3MjBwIn0=",
    "decoded_data": {
      "id": 35085,
      "i": 0,
      "q": "720p"
    },
    "stream_url": "https://www.solidfiles.com/e/d8MKQQN4N82jr",
    "is_default": false,
    "timestamp": "2025-09-12T08:23:53.197Z"
  },
  {
    "anime_title": "AnoHana",
    "episode_title": "AnoHana Episode 5 Subtitle Indonesia",
    "episode_link": "https://otakudesu.best/episode/anha-episode-5-sub-indo/",
    "episode_date": "14 Januari,2019",
    "server": "playdesu",
    "quality": "480p",
    "data_content": "eyJpZCI6MzUwODUsImkiOjAsInEiOiI0ODBwIn0=",
    "decoded_data": {
      "id": 35085,
      "i": 0,
      "q": "480p"
    },
    "stream_url": "https://desustream.info/dstream/playdesu/v2/index.php?id=bUM5MTlqcGh1cGM0RmFoQ3Y0NW1YcGVZYUljQTl6U1ZXSk11MWtuYVpqRT0=",
    "is_default": true,
    "timestamp": "2025-09-12T08:23:53.232Z"
  },
  {
    "anime_title": "AnoHana",
    "episode_title": "AnoHana Episode 5 Subtitle Indonesia",
    "episode_link": "https://otakudesu.best/episode/anha-episode-5-sub-indo/",
    "episode_date": "14 Januari,2019",
    "server": "yourupload",
    "quality": "720p",
    "data_content": "eyJpZCI6MzUwODUsImkiOjEsInEiOiI3MjBwIn0=",
    "decoded_data": {
      "id": 35085,
      "i": 1,
      "q": "720p"
    },
    "stream_url": "https://desudrive.com/stream/yuplod.php?id=TtbY7vG76yPU",
    "is_default": false,
    "timestamp": "2025-09-12T08:23:53.248Z"
  },
  {
    "anime_title": "AnoHana",
    "episode_title": "AnoHana Episode 5 Subtitle Indonesia",
    "episode_link": "https://otakudesu.best/episode/anha-episode-5-sub-indo/",
    "episode_date": "14 Januari,2019",
    "server": "solidfiles",
    "quality": "360p",
    "data_content": "eyJpZCI6MzUwODUsImkiOjAsInEiOiIzNjBwIn0=",
    "decoded_data": {
      "id": 35085,
      "i": 0,
      "q": "360p"
    },
    "stream_url": "https://www.solidfiles.com/e/kG783Q8NzRNDz",
    "is_default": false,
    "timestamp": "2025-09-12T08:23:53.057Z"
  },
  {
    "anime_title": "AnoHana",
    "episode_title": "AnoHana Episode 5 Subtitle Indonesia",
    "episode_link": "https://otakudesu.best/episode/anha-episode-5-sub-indo/",
    "episode_date": "14 Januari,2019",
    "server": "mp4load",
    "quality": "360p",
    "data_content": "eyJpZCI6MzUwODUsImkiOjEsInEiOiIzNjBwIn0=",
    "decoded_data": {
      "id": 35085,
      "i": 1,
      "q": "360p"
    },
    "stream_url": "https://www.mp4upload.com/embed-590mw79f2gjr.html",
    "is_default": false,
    "timestamp": "2025-09-12T08:23:53.178Z"
  },
  {
    "anime_title": "AnoHana",
    "episode_title": "AnoHana Episode 5 Subtitle Indonesia",
    "episode_link": "https://otakudesu.best/episode/anha-episode-5-sub-indo/",
    "episode_date": "14 Januari,2019",
    "server": "playdesu",
    "quality": "480p",
    "data_content": "eyJpZCI6MzUwODUsImkiOjAsInEiOiI0ODBwIn0=",
    "decoded_data": {
      "id": 35085,
      "i": 0,
      "q": "480p"
    },
    "stream_url": "https://desustream.info/dstream/playdesu/v2/index.php?id=bUM5MTlqcGh1cGM0RmFoQ3Y0NW1YcGVZYUljQTl6U1ZXSk11MWtuYVpqRT0=",
    "is_default": true,
    "timestamp": "2025-09-12T08:23:53.232Z"
  },
  {
    "anime_title": "AnoHana",
    "episode_title": "AnoHana Episode 5 Subtitle Indonesia",
    "episode_link": "https://otakudesu.best/episode/anha-episode-5-sub-indo/",
    "episode_date": "14 Januari,2019",
    "server": "solidfiles",
    "quality": "480p",
    "data_content": "eyJpZCI6MzUwODUsImkiOjEsInEiOiI0ODBwIn0=",
    "decoded_data": {
      "id": 35085,
      "i": 1,
      "q": "480p"
    },
    "stream_url": "https://www.solidfiles.com/e/vD5W8L4vkKZAa",
    "is_default": false,
    "timestamp": "2025-09-12T08:23:53.159Z"
  },
  {
    "anime_title": "AnoHana",
    "episode_title": "AnoHana Episode 5 Subtitle Indonesia",
    "episode_link": "https://otakudesu.best/episode/anha-episode-5-sub-indo/",
    "episode_date": "14 Januari,2019",
    "server": "solidfiles",
    "quality": "720p",
    "data_content": "eyJpZCI6MzUwODUsImkiOjAsInEiOiI3MjBwIn0=",
    "decoded_data": {
      "id": 35085,
      "i": 0,
      "q": "720p"
    },
    "stream_url": "https://www.solidfiles.com/e/d8MKQQN4N82jr",
    "is_default": false,
    "timestamp": "2025-09-12T08:23:53.197Z"
  },
  {
    "anime_title": "AnoHana",
    "episode_title": "AnoHana Episode 5 Subtitle Indonesia",
    "episode_link": "https://otakudesu.best/episode/anha-episode-5-sub-indo/",
    "episode_date": "14 Januari,2019",
    "server": "yourupload",
    "quality": "720p",
    "data_content": "eyJpZCI6MzUwODUsImkiOjEsInEiOiI3MjBwIn0=",
    "decoded_data": {
      "id": 35085,
      "i": 1,
      "q": "720p"
    },
    "stream_url": "https://desudrive.com/stream/yuplod.php?id=TtbY7vG76yPU",
    "is_default": false,
    "timestamp": "2025-09-12T08:23:53.248Z"
  },
  {
    "anime_title": "AnoHana",
    "episode_title": "AnoHana Episode 6 Subtitle Indonesia",
    "episode_link": "https://otakudesu.best/episode/anha-episode-6-sub-indo/",
    "episode_date": "14 Januari,2019",
    "server": "solidfiles",
    "quality": "360p",
    "data_content": "eyJpZCI6MzUwODYsImkiOjAsInEiOiIzNjBwIn0=",
    "decoded_data": {
      "id": 35086,
      "i": 0,
      "q": "360p"
    },
    "stream_url": "https://www.solidfiles.com/e/3PYv35L4eYNmv",
    "is_default": false,
    "timestamp": "2025-09-12T08:23:53.897Z"
  },
  {
    "anime_title": "AnoHana",
    "episode_title": "AnoHana Episode 6 Subtitle Indonesia",
    "episode_link": "https://otakudesu.best/episode/anha-episode-6-sub-indo/",
    "episode_date": "14 Januari,2019",
    "server": "mp4load",
    "quality": "360p",
    "data_content": "eyJpZCI6MzUwODYsImkiOjEsInEiOiIzNjBwIn0=",
    "decoded_data": {
      "id": 35086,
      "i": 1,
      "q": "360p"
    },
    "stream_url": "https://www.mp4upload.com/embed-07bwidxkzupx.html",
    "is_default": false,
    "timestamp": "2025-09-12T08:23:53.912Z"
  },
  {
    "anime_title": "AnoHana",
    "episode_title": "AnoHana Episode 6 Subtitle Indonesia",
    "episode_link": "https://otakudesu.best/episode/anha-episode-6-sub-indo/",
    "episode_date": "14 Januari,2019",
    "server": "playdesu",
    "quality": "480p",
    "data_content": "eyJpZCI6MzUwODYsImkiOjAsInEiOiI0ODBwIn0=",
    "decoded_data": {
      "id": 35086,
      "i": 0,
      "q": "480p"
    },
    "stream_url": "https://desustream.info/dstream/playdesu/v2/index.php?id=bUM5MTlqcGh1cGM0RmFoQ3Y0NW1YbEkrcTRVelZkeGYzWHdpZTArcXVaYz0=",
    "is_default": true,
    "timestamp": "2025-09-12T08:23:53.968Z"
  },
  {
    "anime_title": "AnoHana",
    "episode_title": "AnoHana Episode 6 Subtitle Indonesia",
    "episode_link": "https://otakudesu.best/episode/anha-episode-6-sub-indo/",
    "episode_date": "14 Januari,2019",
    "server": "solidfiles",
    "quality": "720p",
    "data_content": "eyJpZCI6MzUwODYsImkiOjAsInEiOiI3MjBwIn0=",
    "decoded_data": {
      "id": 35086,
      "i": 0,
      "q": "720p"
    },
    "stream_url": "https://www.solidfiles.com/e/r6jreQzzyKWgQ",
    "is_default": false,
    "timestamp": "2025-09-12T08:23:54.056Z"
  },
  {
    "anime_title": "AnoHana",
    "episode_title": "AnoHana Episode 6 Subtitle Indonesia",
    "episode_link": "https://otakudesu.best/episode/anha-episode-6-sub-indo/",
    "episode_date": "14 Januari,2019",
    "server": "yourupload",
    "quality": "720p",
    "data_content": "eyJpZCI6MzUwODYsImkiOjEsInEiOiI3MjBwIn0=",
    "decoded_data": {
      "id": 35086,
      "i": 1,
      "q": "720p"
    },
    "stream_url": "https://desudrive.com/stream/yuplod.php?id=7iQ45LS54NMS",
    "is_default": false,
    "timestamp": "2025-09-12T08:23:54.098Z"
  },
  {
    "anime_title": "AnoHana",
    "episode_title": "AnoHana Episode 6 Subtitle Indonesia",
    "episode_link": "https://otakudesu.best/episode/anha-episode-6-sub-indo/",
    "episode_date": "14 Januari,2019",
    "server": "solidfiles",
    "quality": "480p",
    "data_content": "eyJpZCI6MzUwODYsImkiOjEsInEiOiI0ODBwIn0=",
    "decoded_data": {
      "id": 35086,
      "i": 1,
      "q": "480p"
    },
    "stream_url": "https://www.solidfiles.com/e/ByN6z2v562n26",
    "is_default": false,
    "timestamp": "2025-09-12T08:23:54.332Z"
  },
  {
    "anime_title": "AnoHana",
    "episode_title": "AnoHana Episode 6 Subtitle Indonesia",
    "episode_link": "https://otakudesu.best/episode/anha-episode-6-sub-indo/",
    "episode_date": "14 Januari,2019",
    "server": "solidfiles",
    "quality": "360p",
    "data_content": "eyJpZCI6MzUwODYsImkiOjAsInEiOiIzNjBwIn0=",
    "decoded_data": {
      "id": 35086,
      "i": 0,
      "q": "360p"
    },
    "stream_url": "https://www.solidfiles.com/e/3PYv35L4eYNmv",
    "is_default": false,
    "timestamp": "2025-09-12T08:23:53.897Z"
  },
  {
    "anime_title": "AnoHana",
    "episode_title": "AnoHana Episode 6 Subtitle Indonesia",
    "episode_link": "https://otakudesu.best/episode/anha-episode-6-sub-indo/",
    "episode_date": "14 Januari,2019",
    "server": "mp4load",
    "quality": "360p",
    "data_content": "eyJpZCI6MzUwODYsImkiOjEsInEiOiIzNjBwIn0=",
    "decoded_data": {
      "id": 35086,
      "i": 1,
      "q": "360p"
    },
    "stream_url": "https://www.mp4upload.com/embed-07bwidxkzupx.html",
    "is_default": false,
    "timestamp": "2025-09-12T08:23:53.912Z"
  },
  {
    "anime_title": "AnoHana",
    "episode_title": "AnoHana Episode 6 Subtitle Indonesia",
    "episode_link": "https://otakudesu.best/episode/anha-episode-6-sub-indo/",
    "episode_date": "14 Januari,2019",
    "server": "playdesu",
    "quality": "480p",
    "data_content": "eyJpZCI6MzUwODYsImkiOjAsInEiOiI0ODBwIn0=",
    "decoded_data": {
      "id": 35086,
      "i": 0,
      "q": "480p"
    },
    "stream_url": "https://desustream.info/dstream/playdesu/v2/index.php?id=bUM5MTlqcGh1cGM0RmFoQ3Y0NW1YbEkrcTRVelZkeGYzWHdpZTArcXVaYz0=",
    "is_default": true,
    "timestamp": "2025-09-12T08:23:53.968Z"
  },
  {
    "anime_title": "AnoHana",
    "episode_title": "AnoHana Episode 6 Subtitle Indonesia",
    "episode_link": "https://otakudesu.best/episode/anha-episode-6-sub-indo/",
    "episode_date": "14 Januari,2019",
    "server": "solidfiles",
    "quality": "480p",
    "data_content": "eyJpZCI6MzUwODYsImkiOjEsInEiOiI0ODBwIn0=",
    "decoded_data": {
      "id": 35086,
      "i": 1,
      "q": "480p"
    },
    "stream_url": "https://www.solidfiles.com/e/ByN6z2v562n26",
    "is_default": false,
    "timestamp": "2025-09-12T08:23:54.332Z"
  },
  {
    "anime_title": "AnoHana",
    "episode_title": "AnoHana Episode 6 Subtitle Indonesia",
    "episode_link": "https://otakudesu.best/episode/anha-episode-6-sub-indo/",
    "episode_date": "14 Januari,2019",
    "server": "solidfiles",
    "quality": "720p",
    "data_content": "eyJpZCI6MzUwODYsImkiOjAsInEiOiI3MjBwIn0=",
    "decoded_data": {
      "id": 35086,
      "i": 0,
      "q": "720p"
    },
    "stream_url": "https://www.solidfiles.com/e/r6jreQzzyKWgQ",
    "is_default": false,
    "timestamp": "2025-09-12T08:23:54.056Z"
  },
  {
    "anime_title": "AnoHana",
    "episode_title": "AnoHana Episode 6 Subtitle Indonesia",
    "episode_link": "https://otakudesu.best/episode/anha-episode-6-sub-indo/",
    "episode_date": "14 Januari,2019",
    "server": "yourupload",
    "quality": "720p",
    "data_content": "eyJpZCI6MzUwODYsImkiOjEsInEiOiI3MjBwIn0=",
    "decoded_data": {
      "id": 35086,
      "i": 1,
      "q": "720p"
    },
    "stream_url": "https://desudrive.com/stream/yuplod.php?id=7iQ45LS54NMS",
    "is_default": false,
    "timestamp": "2025-09-12T08:23:54.098Z"
  },
  {
    "anime_title": "AnoHana",
    "episode_title": "AnoHana Episode 7 Subtitle Indonesia",
    "episode_link": "https://otakudesu.best/episode/anha-episode-7-sub-indo/",
    "episode_date": "14 Januari,2019",
    "server": "solidfiles",
    "quality": "360p",
    "data_content": "eyJpZCI6MzUwODcsImkiOjAsInEiOiIzNjBwIn0=",
    "decoded_data": {
      "id": 35087,
      "i": 0,
      "q": "360p"
    },
    "stream_url": "https://www.solidfiles.com/e/aZMDWakWLALP7",
    "is_default": false,
    "timestamp": "2025-09-12T08:23:54.982Z"
  },
  {
    "anime_title": "AnoHana",
    "episode_title": "AnoHana Episode 7 Subtitle Indonesia",
    "episode_link": "https://otakudesu.best/episode/anha-episode-7-sub-indo/",
    "episode_date": "14 Januari,2019",
    "server": "mp4load",
    "quality": "360p",
    "data_content": "eyJpZCI6MzUwODcsImkiOjEsInEiOiIzNjBwIn0=",
    "decoded_data": {
      "id": 35087,
      "i": 1,
      "q": "360p"
    },
    "stream_url": "https://www.mp4upload.com/embed-24axiarj9f3l.html",
    "is_default": false,
    "timestamp": "2025-09-12T08:23:55.028Z"
  },
  {
    "anime_title": "AnoHana",
    "episode_title": "AnoHana Episode 7 Subtitle Indonesia",
    "episode_link": "https://otakudesu.best/episode/anha-episode-7-sub-indo/",
    "episode_date": "14 Januari,2019",
    "server": "playdesu",
    "quality": "480p",
    "data_content": "eyJpZCI6MzUwODcsImkiOjAsInEiOiI0ODBwIn0=",
    "decoded_data": {
      "id": 35087,
      "i": 0,
      "q": "480p"
    },
    "stream_url": "https://desustream.info/dstream/playdesu/v2/index.php?id=bUM5MTlqcGh1cGM0RmFoQ3Y0NW1YdnpvWFNLNks1RjVtRGVCOTZLdGZuUT0=",
    "is_default": true,
    "timestamp": "2025-09-12T08:23:55.068Z"
  },
  {
    "anime_title": "AnoHana",
    "episode_title": "AnoHana Episode 7 Subtitle Indonesia",
    "episode_link": "https://otakudesu.best/episode/anha-episode-7-sub-indo/",
    "episode_date": "14 Januari,2019",
    "server": "solidfiles",
    "quality": "480p",
    "data_content": "eyJpZCI6MzUwODcsImkiOjEsInEiOiI0ODBwIn0=",
    "decoded_data": {
      "id": 35087,
      "i": 1,
      "q": "480p"
    },
    "stream_url": "https://www.solidfiles.com/e/Y8PK2ad78M72Y",
    "is_default": false,
    "timestamp": "2025-09-12T08:23:55.087Z"
  },
  {
    "anime_title": "AnoHana",
    "episode_title": "AnoHana Episode 7 Subtitle Indonesia",
    "episode_link": "https://otakudesu.best/episode/anha-episode-7-sub-indo/",
    "episode_date": "14 Januari,2019",
    "server": "solidfiles",
    "quality": "720p",
    "data_content": "eyJpZCI6MzUwODcsImkiOjAsInEiOiI3MjBwIn0=",
    "decoded_data": {
      "id": 35087,
      "i": 0,
      "q": "720p"
    },
    "stream_url": "https://www.solidfiles.com/e/e8ZdMvyNpx7Bz",
    "is_default": false,
    "timestamp": "2025-09-12T08:23:55.123Z"
  },
  {
    "anime_title": "AnoHana",
    "episode_title": "AnoHana Episode 7 Subtitle Indonesia",
    "episode_link": "https://otakudesu.best/episode/anha-episode-7-sub-indo/",
    "episode_date": "14 Januari,2019",
    "server": "yourupload",
    "quality": "720p",
    "data_content": "eyJpZCI6MzUwODcsImkiOjEsInEiOiI3MjBwIn0=",
    "decoded_data": {
      "id": 35087,
      "i": 1,
      "q": "720p"
    },
    "stream_url": "https://desudrive.com/stream/yuplod.php?id=PjEi7C5G56PA",
    "is_default": false,
    "timestamp": "2025-09-12T08:23:55.163Z"
  },
  {
    "anime_title": "AnoHana",
    "episode_title": "AnoHana Episode 7 Subtitle Indonesia",
    "episode_link": "https://otakudesu.best/episode/anha-episode-7-sub-indo/",
    "episode_date": "14 Januari,2019",
    "server": "solidfiles",
    "quality": "360p",
    "data_content": "eyJpZCI6MzUwODcsImkiOjAsInEiOiIzNjBwIn0=",
    "decoded_data": {
      "id": 35087,
      "i": 0,
      "q": "360p"
    },
    "stream_url": "https://www.solidfiles.com/e/aZMDWakWLALP7",
    "is_default": false,
    "timestamp": "2025-09-12T08:23:54.982Z"
  },
  {
    "anime_title": "AnoHana",
    "episode_title": "AnoHana Episode 7 Subtitle Indonesia",
    "episode_link": "https://otakudesu.best/episode/anha-episode-7-sub-indo/",
    "episode_date": "14 Januari,2019",
    "server": "mp4load",
    "quality": "360p",
    "data_content": "eyJpZCI6MzUwODcsImkiOjEsInEiOiIzNjBwIn0=",
    "decoded_data": {
      "id": 35087,
      "i": 1,
      "q": "360p"
    },
    "stream_url": "https://www.mp4upload.com/embed-24axiarj9f3l.html",
    "is_default": false,
    "timestamp": "2025-09-12T08:23:55.028Z"
  },
  {
    "anime_title": "AnoHana",
    "episode_title": "AnoHana Episode 7 Subtitle Indonesia",
    "episode_link": "https://otakudesu.best/episode/anha-episode-7-sub-indo/",
    "episode_date": "14 Januari,2019",
    "server": "playdesu",
    "quality": "480p",
    "data_content": "eyJpZCI6MzUwODcsImkiOjAsInEiOiI0ODBwIn0=",
    "decoded_data": {
      "id": 35087,
      "i": 0,
      "q": "480p"
    },
    "stream_url": "https://desustream.info/dstream/playdesu/v2/index.php?id=bUM5MTlqcGh1cGM0RmFoQ3Y0NW1YdnpvWFNLNks1RjVtRGVCOTZLdGZuUT0=",
    "is_default": true,
    "timestamp": "2025-09-12T08:23:55.068Z"
  },
  {
    "anime_title": "AnoHana",
    "episode_title": "AnoHana Episode 7 Subtitle Indonesia",
    "episode_link": "https://otakudesu.best/episode/anha-episode-7-sub-indo/",
    "episode_date": "14 Januari,2019",
    "server": "solidfiles",
    "quality": "480p",
    "data_content": "eyJpZCI6MzUwODcsImkiOjEsInEiOiI0ODBwIn0=",
    "decoded_data": {
      "id": 35087,
      "i": 1,
      "q": "480p"
    },
    "stream_url": "https://www.solidfiles.com/e/Y8PK2ad78M72Y",
    "is_default": false,
    "timestamp": "2025-09-12T08:23:55.087Z"
  },
  {
    "anime_title": "AnoHana",
    "episode_title": "AnoHana Episode 7 Subtitle Indonesia",
    "episode_link": "https://otakudesu.best/episode/anha-episode-7-sub-indo/",
    "episode_date": "14 Januari,2019",
    "server": "solidfiles",
    "quality": "720p",
    "data_content": "eyJpZCI6MzUwODcsImkiOjAsInEiOiI3MjBwIn0=",
    "decoded_data": {
      "id": 35087,
      "i": 0,
      "q": "720p"
    },
    "stream_url": "https://www.solidfiles.com/e/e8ZdMvyNpx7Bz",
    "is_default": false,
    "timestamp": "2025-09-12T08:23:55.123Z"
  },
  {
    "anime_title": "AnoHana",
    "episode_title": "AnoHana Episode 7 Subtitle Indonesia",
    "episode_link": "https://otakudesu.best/episode/anha-episode-7-sub-indo/",
    "episode_date": "14 Januari,2019",
    "server": "yourupload",
    "quality": "720p",
    "data_content": "eyJpZCI6MzUwODcsImkiOjEsInEiOiI3MjBwIn0=",
    "decoded_data": {
      "id": 35087,
      "i": 1,
      "q": "720p"
    },
    "stream_url": "https://desudrive.com/stream/yuplod.php?id=PjEi7C5G56PA",
    "is_default": false,
    "timestamp": "2025-09-12T08:23:55.163Z"
  },
  {
    "anime_title": "AnoHana",
    "episode_title": "AnoHana Episode 8 Subtitle Indonesia",
    "episode_link": "https://otakudesu.best/episode/anha-episode-8-sub-indo/",
    "episode_date": "14 Januari,2019",
    "server": "solidfiles",
    "quality": "360p",
    "data_content": "eyJpZCI6MzUwODgsImkiOjAsInEiOiIzNjBwIn0=",
    "decoded_data": {
      "id": 35088,
      "i": 0,
      "q": "360p"
    },
    "stream_url": "https://www.solidfiles.com/e/yR5eqnyzepyXL",
    "is_default": false,
    "timestamp": "2025-09-12T08:23:55.780Z"
  },
  {
    "anime_title": "AnoHana",
    "episode_title": "AnoHana Episode 8 Subtitle Indonesia",
    "episode_link": "https://otakudesu.best/episode/anha-episode-8-sub-indo/",
    "episode_date": "14 Januari,2019",
    "server": "mp4load",
    "quality": "360p",
    "data_content": "eyJpZCI6MzUwODgsImkiOjEsInEiOiIzNjBwIn0=",
    "decoded_data": {
      "id": 35088,
      "i": 1,
      "q": "360p"
    },
    "stream_url": "https://www.mp4upload.com/embed-4siy1ai97y13.html",
    "is_default": false,
    "timestamp": "2025-09-12T08:23:55.830Z"
  },
  {
    "anime_title": "AnoHana",
    "episode_title": "AnoHana Episode 8 Subtitle Indonesia",
    "episode_link": "https://otakudesu.best/episode/anha-episode-8-sub-indo/",
    "episode_date": "14 Januari,2019",
    "server": "playdesu",
    "quality": "480p",
    "data_content": "eyJpZCI6MzUwODgsImkiOjAsInEiOiI0ODBwIn0=",
    "decoded_data": {
      "id": 35088,
      "i": 0,
      "q": "480p"
    },
    "stream_url": "https://desustream.info/dstream/playdesu/v2/index.php?id=bUM5MTlqcGh1cGM0RmFoQ3Y0NW1Yazh3VUp4YU1CR0xUWk5kalBuZnlkND0=",
    "is_default": true,
    "timestamp": "2025-09-12T08:23:55.857Z"
  },
  {
    "anime_title": "AnoHana",
    "episode_title": "AnoHana Episode 8 Subtitle Indonesia",
    "episode_link": "https://otakudesu.best/episode/anha-episode-8-sub-indo/",
    "episode_date": "14 Januari,2019",
    "server": "solidfiles",
    "quality": "480p",
    "data_content": "eyJpZCI6MzUwODgsImkiOjEsInEiOiI0ODBwIn0=",
    "decoded_data": {
      "id": 35088,
      "i": 1,
      "q": "480p"
    },
    "stream_url": "https://www.solidfiles.com/e/RKPRqdY5xyy6k",
    "is_default": false,
    "timestamp": "2025-09-12T08:23:55.918Z"
  },
  {
    "anime_title": "AnoHana",
    "episode_title": "AnoHana Episode 8 Subtitle Indonesia",
    "episode_link": "https://otakudesu.best/episode/anha-episode-8-sub-indo/",
    "episode_date": "14 Januari,2019",
    "server": "solidfiles",
    "quality": "720p",
    "data_content": "eyJpZCI6MzUwODgsImkiOjAsInEiOiI3MjBwIn0=",
    "decoded_data": {
      "id": 35088,
      "i": 0,
      "q": "720p"
    },
    "stream_url": "https://www.solidfiles.com/e/ByN6zkvryrX8P",
    "is_default": false,
    "timestamp": "2025-09-12T08:23:55.939Z"
  },
  {
    "anime_title": "AnoHana",
    "episode_title": "AnoHana Episode 8 Subtitle Indonesia",
    "episode_link": "https://otakudesu.best/episode/anha-episode-8-sub-indo/",
    "episode_date": "14 Januari,2019",
    "server": "yourupload",
    "quality": "720p",
    "data_content": "eyJpZCI6MzUwODgsImkiOjEsInEiOiI3MjBwIn0=",
    "decoded_data": {
      "id": 35088,
      "i": 1,
      "q": "720p"
    },
    "stream_url": "https://desudrive.com/stream/yuplod.php?id=BLBv8LXCssOK",
    "is_default": false,
    "timestamp": "2025-09-12T08:23:55.989Z"
  },
  {
    "anime_title": "AnoHana",
    "episode_title": "AnoHana Episode 8 Subtitle Indonesia",
    "episode_link": "https://otakudesu.best/episode/anha-episode-8-sub-indo/",
    "episode_date": "14 Januari,2019",
    "server": "solidfiles",
    "quality": "360p",
    "data_content": "eyJpZCI6MzUwODgsImkiOjAsInEiOiIzNjBwIn0=",
    "decoded_data": {
      "id": 35088,
      "i": 0,
      "q": "360p"
    },
    "stream_url": "https://www.solidfiles.com/e/yR5eqnyzepyXL",
    "is_default": false,
    "timestamp": "2025-09-12T08:23:55.780Z"
  },
  {
    "anime_title": "AnoHana",
    "episode_title": "AnoHana Episode 8 Subtitle Indonesia",
    "episode_link": "https://otakudesu.best/episode/anha-episode-8-sub-indo/",
    "episode_date": "14 Januari,2019",
    "server": "mp4load",
    "quality": "360p",
    "data_content": "eyJpZCI6MzUwODgsImkiOjEsInEiOiIzNjBwIn0=",
    "decoded_data": {
      "id": 35088,
      "i": 1,
      "q": "360p"
    },
    "stream_url": "https://www.mp4upload.com/embed-4siy1ai97y13.html",
    "is_default": false,
    "timestamp": "2025-09-12T08:23:55.830Z"
  },
  {
    "anime_title": "AnoHana",
    "episode_title": "AnoHana Episode 8 Subtitle Indonesia",
    "episode_link": "https://otakudesu.best/episode/anha-episode-8-sub-indo/",
    "episode_date": "14 Januari,2019",
    "server": "playdesu",
    "quality": "480p",
    "data_content": "eyJpZCI6MzUwODgsImkiOjAsInEiOiI0ODBwIn0=",
    "decoded_data": {
      "id": 35088,
      "i": 0,
      "q": "480p"
    },
    "stream_url": "https://desustream.info/dstream/playdesu/v2/index.php?id=bUM5MTlqcGh1cGM0RmFoQ3Y0NW1Yazh3VUp4YU1CR0xUWk5kalBuZnlkND0=",
    "is_default": true,
    "timestamp": "2025-09-12T08:23:55.857Z"
  },
  {
    "anime_title": "AnoHana",
    "episode_title": "AnoHana Episode 8 Subtitle Indonesia",
    "episode_link": "https://otakudesu.best/episode/anha-episode-8-sub-indo/",
    "episode_date": "14 Januari,2019",
    "server": "solidfiles",
    "quality": "480p",
    "data_content": "eyJpZCI6MzUwODgsImkiOjEsInEiOiI0ODBwIn0=",
    "decoded_data": {
      "id": 35088,
      "i": 1,
      "q": "480p"
    },
    "stream_url": "https://www.solidfiles.com/e/RKPRqdY5xyy6k",
    "is_default": false,
    "timestamp": "2025-09-12T08:23:55.918Z"
  },
  {
    "anime_title": "AnoHana",
    "episode_title": "AnoHana Episode 8 Subtitle Indonesia",
    "episode_link": "https://otakudesu.best/episode/anha-episode-8-sub-indo/",
    "episode_date": "14 Januari,2019",
    "server": "solidfiles",
    "quality": "720p",
    "data_content": "eyJpZCI6MzUwODgsImkiOjAsInEiOiI3MjBwIn0=",
    "decoded_data": {
      "id": 35088,
      "i": 0,
      "q": "720p"
    },
    "stream_url": "https://www.solidfiles.com/e/ByN6zkvryrX8P",
    "is_default": false,
    "timestamp": "2025-09-12T08:23:55.939Z"
  },
  {
    "anime_title": "AnoHana",
    "episode_title": "AnoHana Episode 8 Subtitle Indonesia",
    "episode_link": "https://otakudesu.best/episode/anha-episode-8-sub-indo/",
    "episode_date": "14 Januari,2019",
    "server": "yourupload",
    "quality": "720p",
    "data_content": "eyJpZCI6MzUwODgsImkiOjEsInEiOiI3MjBwIn0=",
    "decoded_data": {
      "id": 35088,
      "i": 1,
      "q": "720p"
    },
    "stream_url": "https://desudrive.com/stream/yuplod.php?id=BLBv8LXCssOK",
    "is_default": false,
    "timestamp": "2025-09-12T08:23:55.989Z"
  },
  {
    "anime_title": "AnoHana",
    "episode_title": "AnoHana Episode 9 Subtitle Indonesia",
    "episode_link": "https://otakudesu.best/episode/anha-episode-9-sub-indo/",
    "episode_date": "14 Januari,2019",
    "server": "solidfiles",
    "quality": "360p",
    "data_content": "eyJpZCI6MzUwODksImkiOjAsInEiOiIzNjBwIn0=",
    "decoded_data": {
      "id": 35089,
      "i": 0,
      "q": "360p"
    },
    "stream_url": "https://www.solidfiles.com/e/GGnYDa5r6nMLa",
    "is_default": false,
    "timestamp": "2025-09-12T08:23:56.638Z"
  },
  {
    "anime_title": "AnoHana",
    "episode_title": "AnoHana Episode 9 Subtitle Indonesia",
    "episode_link": "https://otakudesu.best/episode/anha-episode-9-sub-indo/",
    "episode_date": "14 Januari,2019",
    "server": "mp4load",
    "quality": "360p",
    "data_content": "eyJpZCI6MzUwODksImkiOjEsInEiOiIzNjBwIn0=",
    "decoded_data": {
      "id": 35089,
      "i": 1,
      "q": "360p"
    },
    "stream_url": "https://www.mp4upload.com/embed-jxf3tevtlyhe.html",
    "is_default": false,
    "timestamp": "2025-09-12T08:23:56.676Z"
  },
  {
    "anime_title": "AnoHana",
    "episode_title": "AnoHana Episode 9 Subtitle Indonesia",
    "episode_link": "https://otakudesu.best/episode/anha-episode-9-sub-indo/",
    "episode_date": "14 Januari,2019",
    "server": "playdesu",
    "quality": "480p",
    "data_content": "eyJpZCI6MzUwODksImkiOjAsInEiOiI0ODBwIn0=",
    "decoded_data": {
      "id": 35089,
      "i": 0,
      "q": "480p"
    },
    "stream_url": "https://desustream.info/dstream/playdesu/v2/index.php?id=bUM5MTlqcGh1cGM0RmFoQ3Y0NW1YclNJOHRPUUYxT2tiK1NWanFaUk43QT0=",
    "is_default": true,
    "timestamp": "2025-09-12T08:23:56.713Z"
  },
  {
    "anime_title": "AnoHana",
    "episode_title": "AnoHana Episode 9 Subtitle Indonesia",
    "episode_link": "https://otakudesu.best/episode/anha-episode-9-sub-indo/",
    "episode_date": "14 Januari,2019",
    "server": "solidfiles",
    "quality": "480p",
    "data_content": "eyJpZCI6MzUwODksImkiOjEsInEiOiI0ODBwIn0=",
    "decoded_data": {
      "id": 35089,
      "i": 1,
      "q": "480p"
    },
    "stream_url": "https://www.solidfiles.com/e/2GYaZ3MLQvzyA",
    "is_default": false,
    "timestamp": "2025-09-12T08:23:56.771Z"
  },
  {
    "anime_title": "AnoHana",
    "episode_title": "AnoHana Episode 9 Subtitle Indonesia",
    "episode_link": "https://otakudesu.best/episode/anha-episode-9-sub-indo/",
    "episode_date": "14 Januari,2019",
    "server": "solidfiles",
    "quality": "720p",
    "data_content": "eyJpZCI6MzUwODksImkiOjAsInEiOiI3MjBwIn0=",
    "decoded_data": {
      "id": 35089,
      "i": 0,
      "q": "720p"
    },
    "stream_url": "https://www.solidfiles.com/e/GGnYDNnyxZGzz",
    "is_default": false,
    "timestamp": "2025-09-12T08:23:56.795Z"
  },
  {
    "anime_title": "AnoHana",
    "episode_title": "AnoHana Episode 9 Subtitle Indonesia",
    "episode_link": "https://otakudesu.best/episode/anha-episode-9-sub-indo/",
    "episode_date": "14 Januari,2019",
    "server": "yourupload",
    "quality": "720p",
    "data_content": "eyJpZCI6MzUwODksImkiOjEsInEiOiI3MjBwIn0=",
    "decoded_data": {
      "id": 35089,
      "i": 1,
      "q": "720p"
    },
    "stream_url": "https://desudrive.com/stream/yuplod.php?id=K8R2kMgY31lK",
    "is_default": false,
    "timestamp": "2025-09-12T08:23:56.836Z"
  },
  {
    "anime_title": "AnoHana",
    "episode_title": "AnoHana Episode 9 Subtitle Indonesia",
    "episode_link": "https://otakudesu.best/episode/anha-episode-9-sub-indo/",
    "episode_date": "14 Januari,2019",
    "server": "solidfiles",
    "quality": "360p",
    "data_content": "eyJpZCI6MzUwODksImkiOjAsInEiOiIzNjBwIn0=",
    "decoded_data": {
      "id": 35089,
      "i": 0,
      "q": "360p"
    },
    "stream_url": "https://www.solidfiles.com/e/GGnYDa5r6nMLa",
    "is_default": false,
    "timestamp": "2025-09-12T08:23:56.638Z"
  },
  {
    "anime_title": "AnoHana",
    "episode_title": "AnoHana Episode 9 Subtitle Indonesia",
    "episode_link": "https://otakudesu.best/episode/anha-episode-9-sub-indo/",
    "episode_date": "14 Januari,2019",
    "server": "mp4load",
    "quality": "360p",
    "data_content": "eyJpZCI6MzUwODksImkiOjEsInEiOiIzNjBwIn0=",
    "decoded_data": {
      "id": 35089,
      "i": 1,
      "q": "360p"
    },
    "stream_url": "https://www.mp4upload.com/embed-jxf3tevtlyhe.html",
    "is_default": false,
    "timestamp": "2025-09-12T08:23:56.676Z"
  },
  {
    "anime_title": "AnoHana",
    "episode_title": "AnoHana Episode 9 Subtitle Indonesia",
    "episode_link": "https://otakudesu.best/episode/anha-episode-9-sub-indo/",
    "episode_date": "14 Januari,2019",
    "server": "playdesu",
    "quality": "480p",
    "data_content": "eyJpZCI6MzUwODksImkiOjAsInEiOiI0ODBwIn0=",
    "decoded_data": {
      "id": 35089,
      "i": 0,
      "q": "480p"
    },
    "stream_url": "https://desustream.info/dstream/playdesu/v2/index.php?id=bUM5MTlqcGh1cGM0RmFoQ3Y0NW1YclNJOHRPUUYxT2tiK1NWanFaUk43QT0=",
    "is_default": true,
    "timestamp": "2025-09-12T08:23:56.713Z"
  },
  {
    "anime_title": "AnoHana",
    "episode_title": "AnoHana Episode 9 Subtitle Indonesia",
    "episode_link": "https://otakudesu.best/episode/anha-episode-9-sub-indo/",
    "episode_date": "14 Januari,2019",
    "server": "solidfiles",
    "quality": "480p",
    "data_content": "eyJpZCI6MzUwODksImkiOjEsInEiOiI0ODBwIn0=",
    "decoded_data": {
      "id": 35089,
      "i": 1,
      "q": "480p"
    },
    "stream_url": "https://www.solidfiles.com/e/2GYaZ3MLQvzyA",
    "is_default": false,
    "timestamp": "2025-09-12T08:23:56.771Z"
  },
  {
    "anime_title": "AnoHana",
    "episode_title": "AnoHana Episode 9 Subtitle Indonesia",
    "episode_link": "https://otakudesu.best/episode/anha-episode-9-sub-indo/",
    "episode_date": "14 Januari,2019",
    "server": "solidfiles",
    "quality": "720p",
    "data_content": "eyJpZCI6MzUwODksImkiOjAsInEiOiI3MjBwIn0=",
    "decoded_data": {
      "id": 35089,
      "i": 0,
      "q": "720p"
    },
    "stream_url": "https://www.solidfiles.com/e/GGnYDNnyxZGzz",
    "is_default": false,
    "timestamp": "2025-09-12T08:23:56.795Z"
  },
  {
    "anime_title": "AnoHana",
    "episode_title": "AnoHana Episode 9 Subtitle Indonesia",
    "episode_link": "https://otakudesu.best/episode/anha-episode-9-sub-indo/",
    "episode_date": "14 Januari,2019",
    "server": "yourupload",
    "quality": "720p",
    "data_content": "eyJpZCI6MzUwODksImkiOjEsInEiOiI3MjBwIn0=",
    "decoded_data": {
      "id": 35089,
      "i": 1,
      "q": "720p"
    },
    "stream_url": "https://desudrive.com/stream/yuplod.php?id=K8R2kMgY31lK",
    "is_default": false,
    "timestamp": "2025-09-12T08:23:56.836Z"
  },
  {
    "anime_title": "AnoHana",
    "episode_title": "AnoHana Episode 10 Subtitle Indonesia",
    "episode_link": "https://otakudesu.best/episode/anha-episode-10-sub-indo/",
    "episode_date": "14 Januari,2019",
    "server": "solidfiles",
    "quality": "360p",
    "data_content": "eyJpZCI6MzUwOTAsImkiOjAsInEiOiIzNjBwIn0=",
    "decoded_data": {
      "id": 35090,
      "i": 0,
      "q": "360p"
    },
    "stream_url": "https://www.solidfiles.com/e/qVnq6X7j2yg8B",
    "is_default": false,
    "timestamp": "2025-09-12T08:23:57.985Z"
  },
  {
    "anime_title": "AnoHana",
    "episode_title": "AnoHana Episode 10 Subtitle Indonesia",
    "episode_link": "https://otakudesu.best/episode/anha-episode-10-sub-indo/",
    "episode_date": "14 Januari,2019",
    "server": "mp4load",
    "quality": "360p",
    "data_content": "eyJpZCI6MzUwOTAsImkiOjEsInEiOiIzNjBwIn0=",
    "decoded_data": {
      "id": 35090,
      "i": 1,
      "q": "360p"
    },
    "stream_url": "https://www.mp4upload.com/embed-p0xokm8njvvj.html",
    "is_default": false,
    "timestamp": "2025-09-12T08:23:58.039Z"
  },
  {
    "anime_title": "AnoHana",
    "episode_title": "AnoHana Episode 10 Subtitle Indonesia",
    "episode_link": "https://otakudesu.best/episode/anha-episode-10-sub-indo/",
    "episode_date": "14 Januari,2019",
    "server": "playdesu",
    "quality": "480p",
    "data_content": "eyJpZCI6MzUwOTAsImkiOjAsInEiOiI0ODBwIn0=",
    "decoded_data": {
      "id": 35090,
      "i": 0,
      "q": "480p"
    },
    "stream_url": "https://desustream.info/dstream/playdesu/v2/index.php?id=bUM5MTlqcGh1cGM0RmFoQ3Y0NW1Ya05LVjRzeHYxTXpGWjlnWnhVbm1YWT0=",
    "is_default": true,
    "timestamp": "2025-09-12T08:23:58.067Z"
  },
  {
    "anime_title": "AnoHana",
    "episode_title": "AnoHana Episode 10 Subtitle Indonesia",
    "episode_link": "https://otakudesu.best/episode/anha-episode-10-sub-indo/",
    "episode_date": "14 Januari,2019",
    "server": "solidfiles",
    "quality": "480p",
    "data_content": "eyJpZCI6MzUwOTAsImkiOjEsInEiOiI0ODBwIn0=",
    "decoded_data": {
      "id": 35090,
      "i": 1,
      "q": "480p"
    },
    "stream_url": "https://www.solidfiles.com/e/wRpV8v8Wqz5wZ",
    "is_default": false,
    "timestamp": "2025-09-12T08:23:58.124Z"
  },
  {
    "anime_title": "AnoHana",
    "episode_title": "AnoHana Episode 10 Subtitle Indonesia",
    "episode_link": "https://otakudesu.best/episode/anha-episode-10-sub-indo/",
    "episode_date": "14 Januari,2019",
    "server": "solidfiles",
    "quality": "720p",
    "data_content": "eyJpZCI6MzUwOTAsImkiOjAsInEiOiI3MjBwIn0=",
    "decoded_data": {
      "id": 35090,
      "i": 0,
      "q": "720p"
    },
    "stream_url": "https://www.solidfiles.com/e/Y8PK2577Y5Njr",
    "is_default": false,
    "timestamp": "2025-09-12T08:23:58.152Z"
  },
  {
    "anime_title": "AnoHana",
    "episode_title": "AnoHana Episode 10 Subtitle Indonesia",
    "episode_link": "https://otakudesu.best/episode/anha-episode-10-sub-indo/",
    "episode_date": "14 Januari,2019",
    "server": "yourupload",
    "quality": "720p",
    "data_content": "eyJpZCI6MzUwOTAsImkiOjEsInEiOiI3MjBwIn0=",
    "decoded_data": {
      "id": 35090,
      "i": 1,
      "q": "720p"
    },
    "stream_url": "https://desudrive.com/stream/yuplod.php?id=F5vc2Fip83nR",
    "is_default": false,
    "timestamp": "2025-09-12T08:23:58.193Z"
  },
  {
    "anime_title": "AnoHana",
    "episode_title": "AnoHana Episode 10 Subtitle Indonesia",
    "episode_link": "https://otakudesu.best/episode/anha-episode-10-sub-indo/",
    "episode_date": "14 Januari,2019",
    "server": "solidfiles",
    "quality": "360p",
    "data_content": "eyJpZCI6MzUwOTAsImkiOjAsInEiOiIzNjBwIn0=",
    "decoded_data": {
      "id": 35090,
      "i": 0,
      "q": "360p"
    },
    "stream_url": "https://www.solidfiles.com/e/qVnq6X7j2yg8B",
    "is_default": false,
    "timestamp": "2025-09-12T08:23:57.985Z"
  },
  {
    "anime_title": "AnoHana",
    "episode_title": "AnoHana Episode 10 Subtitle Indonesia",
    "episode_link": "https://otakudesu.best/episode/anha-episode-10-sub-indo/",
    "episode_date": "14 Januari,2019",
    "server": "mp4load",
    "quality": "360p",
    "data_content": "eyJpZCI6MzUwOTAsImkiOjEsInEiOiIzNjBwIn0=",
    "decoded_data": {
      "id": 35090,
      "i": 1,
      "q": "360p"
    },
    "stream_url": "https://www.mp4upload.com/embed-p0xokm8njvvj.html",
    "is_default": false,
    "timestamp": "2025-09-12T08:23:58.039Z"
  },
  {
    "anime_title": "AnoHana",
    "episode_title": "AnoHana Episode 10 Subtitle Indonesia",
    "episode_link": "https://otakudesu.best/episode/anha-episode-10-sub-indo/",
    "episode_date": "14 Januari,2019",
    "server": "playdesu",
    "quality": "480p",
    "data_content": "eyJpZCI6MzUwOTAsImkiOjAsInEiOiI0ODBwIn0=",
    "decoded_data": {
      "id": 35090,
      "i": 0,
      "q": "480p"
    },
    "stream_url": "https://desustream.info/dstream/playdesu/v2/index.php?id=bUM5MTlqcGh1cGM0RmFoQ3Y0NW1Ya05LVjRzeHYxTXpGWjlnWnhVbm1YWT0=",
    "is_default": true,
    "timestamp": "2025-09-12T08:23:58.067Z"
  },
  {
    "anime_title": "AnoHana",
    "episode_title": "AnoHana Episode 10 Subtitle Indonesia",
    "episode_link": "https://otakudesu.best/episode/anha-episode-10-sub-indo/",
    "episode_date": "14 Januari,2019",
    "server": "solidfiles",
    "quality": "480p",
    "data_content": "eyJpZCI6MzUwOTAsImkiOjEsInEiOiI0ODBwIn0=",
    "decoded_data": {
      "id": 35090,
      "i": 1,
      "q": "480p"
    },
    "stream_url": "https://www.solidfiles.com/e/wRpV8v8Wqz5wZ",
    "is_default": false,
    "timestamp": "2025-09-12T08:23:58.124Z"
  },
  {
    "anime_title": "AnoHana",
    "episode_title": "AnoHana Episode 10 Subtitle Indonesia",
    "episode_link": "https://otakudesu.best/episode/anha-episode-10-sub-indo/",
    "episode_date": "14 Januari,2019",
    "server": "solidfiles",
    "quality": "720p",
    "data_content": "eyJpZCI6MzUwOTAsImkiOjAsInEiOiI3MjBwIn0=",
    "decoded_data": {
      "id": 35090,
      "i": 0,
      "q": "720p"
    },
    "stream_url": "https://www.solidfiles.com/e/Y8PK2577Y5Njr",
    "is_default": false,
    "timestamp": "2025-09-12T08:23:58.152Z"
  },
  {
    "anime_title": "AnoHana",
    "episode_title": "AnoHana Episode 10 Subtitle Indonesia",
    "episode_link": "https://otakudesu.best/episode/anha-episode-10-sub-indo/",
    "episode_date": "14 Januari,2019",
    "server": "yourupload",
    "quality": "720p",
    "data_content": "eyJpZCI6MzUwOTAsImkiOjEsInEiOiI3MjBwIn0=",
    "decoded_data": {
      "id": 35090,
      "i": 1,
      "q": "720p"
    },
    "stream_url": "https://desudrive.com/stream/yuplod.php?id=F5vc2Fip83nR",
    "is_default": false,
    "timestamp": "2025-09-12T08:23:58.193Z"
  },
  {
    "anime_title": "AnoHana",
    "episode_title": "AnoHana Episode 11 (End) Subtitle Indonesia",
    "episode_link": "https://otakudesu.best/episode/anha-episode-11-sub-indo/",
    "episode_date": "14 Januari,2019",
    "server": "solidfiles",
    "quality": "360p",
    "data_content": "eyJpZCI6MzUwOTEsImkiOjAsInEiOiIzNjBwIn0=",
    "decoded_data": {
      "id": 35091,
      "i": 0,
      "q": "360p"
    },
    "stream_url": "https://www.solidfiles.com/e/Y8PKnR4AnnP5y",
    "is_default": false,
    "timestamp": "2025-09-12T08:23:58.846Z"
  },
  {
    "anime_title": "AnoHana",
    "episode_title": "AnoHana Episode 11 (End) Subtitle Indonesia",
    "episode_link": "https://otakudesu.best/episode/anha-episode-11-sub-indo/",
    "episode_date": "14 Januari,2019",
    "server": "mp4load",
    "quality": "360p",
    "data_content": "eyJpZCI6MzUwOTEsImkiOjEsInEiOiIzNjBwIn0=",
    "decoded_data": {
      "id": 35091,
      "i": 1,
      "q": "360p"
    },
    "stream_url": "https://www.mp4upload.com/embed-5ioqbpsfeqnd.html",
    "is_default": false,
    "timestamp": "2025-09-12T08:23:58.865Z"
  },
  {
    "anime_title": "AnoHana",
    "episode_title": "AnoHana Episode 11 (End) Subtitle Indonesia",
    "episode_link": "https://otakudesu.best/episode/anha-episode-11-sub-indo/",
    "episode_date": "14 Januari,2019",
    "server": "playdesu",
    "quality": "480p",
    "data_content": "eyJpZCI6MzUwOTEsImkiOjAsInEiOiI0ODBwIn0=",
    "decoded_data": {
      "id": 35091,
      "i": 0,
      "q": "480p"
    },
    "stream_url": "https://desustream.info/dstream/playdesu/v2/index.php?id=bUM5MTlqcGh1cGM0RmFoQ3Y0NW1YcVFCT3dkalBCM1JtazRmM2tyazE2cz0=",
    "is_default": true,
    "timestamp": "2025-09-12T08:23:58.962Z"
  },
  {
    "anime_title": "AnoHana",
    "episode_title": "AnoHana Episode 11 (End) Subtitle Indonesia",
    "episode_link": "https://otakudesu.best/episode/anha-episode-11-sub-indo/",
    "episode_date": "14 Januari,2019",
    "server": "solidfiles",
    "quality": "480p",
    "data_content": "eyJpZCI6MzUwOTEsImkiOjEsInEiOiI0ODBwIn0=",
    "decoded_data": {
      "id": 35091,
      "i": 1,
      "q": "480p"
    },
    "stream_url": "https://www.solidfiles.com/e/nGVAN45v58LrP",
    "is_default": false,
    "timestamp": "2025-09-12T08:23:58.980Z"
  },
  {
    "anime_title": "AnoHana",
    "episode_title": "AnoHana Episode 11 (End) Subtitle Indonesia",
    "episode_link": "https://otakudesu.best/episode/anha-episode-11-sub-indo/",
    "episode_date": "14 Januari,2019",
    "server": "solidfiles",
    "quality": "720p",
    "data_content": "eyJpZCI6MzUwOTEsImkiOjAsInEiOiI3MjBwIn0=",
    "decoded_data": {
      "id": 35091,
      "i": 0,
      "q": "720p"
    },
    "stream_url": "https://www.solidfiles.com/e/4aQpARn88VVKG",
    "is_default": false,
    "timestamp": "2025-09-12T08:23:59.003Z"
  },
  {
    "anime_title": "AnoHana",
    "episode_title": "AnoHana Episode 11 (End) Subtitle Indonesia",
    "episode_link": "https://otakudesu.best/episode/anha-episode-11-sub-indo/",
    "episode_date": "14 Januari,2019",
    "server": "yourupload",
    "quality": "720p",
    "data_content": "eyJpZCI6MzUwOTEsImkiOjEsInEiOiI3MjBwIn0=",
    "decoded_data": {
      "id": 35091,
      "i": 1,
      "q": "720p"
    },
    "stream_url": "https://desudrive.com/stream/yuplod.php?id=yC6SVBgV7Os4",
    "is_default": false,
    "timestamp": "2025-09-12T08:23:59.051Z"
  },
  {
    "anime_title": "AnoHana",
    "episode_title": "AnoHana Episode 11 (End) Subtitle Indonesia",
    "episode_link": "https://otakudesu.best/episode/anha-episode-11-sub-indo/",
    "episode_date": "14 Januari,2019",
    "server": "solidfiles",
    "quality": "360p",
    "data_content": "eyJpZCI6MzUwOTEsImkiOjAsInEiOiIzNjBwIn0=",
    "decoded_data": {
      "id": 35091,
      "i": 0,
      "q": "360p"
    },
    "stream_url": "https://www.solidfiles.com/e/Y8PKnR4AnnP5y",
    "is_default": false,
    "timestamp": "2025-09-12T08:23:58.846Z"
  },
  {
    "anime_title": "AnoHana",
    "episode_title": "AnoHana Episode 11 (End) Subtitle Indonesia",
    "episode_link": "https://otakudesu.best/episode/anha-episode-11-sub-indo/",
    "episode_date": "14 Januari,2019",
    "server": "mp4load",
    "quality": "360p",
    "data_content": "eyJpZCI6MzUwOTEsImkiOjEsInEiOiIzNjBwIn0=",
    "decoded_data": {
      "id": 35091,
      "i": 1,
      "q": "360p"
    },
    "stream_url": "https://www.mp4upload.com/embed-5ioqbpsfeqnd.html",
    "is_default": false,
    "timestamp": "2025-09-12T08:23:58.865Z"
  },
  {
    "anime_title": "AnoHana",
    "episode_title": "AnoHana Episode 11 (End) Subtitle Indonesia",
    "episode_link": "https://otakudesu.best/episode/anha-episode-11-sub-indo/",
    "episode_date": "14 Januari,2019",
    "server": "playdesu",
    "quality": "480p",
    "data_content": "eyJpZCI6MzUwOTEsImkiOjAsInEiOiI0ODBwIn0=",
    "decoded_data": {
      "id": 35091,
      "i": 0,
      "q": "480p"
    },
    "stream_url": "https://desustream.info/dstream/playdesu/v2/index.php?id=bUM5MTlqcGh1cGM0RmFoQ3Y0NW1YcVFCT3dkalBCM1JtazRmM2tyazE2cz0=",
    "is_default": true,
    "timestamp": "2025-09-12T08:23:58.962Z"
  },
  {
    "anime_title": "AnoHana",
    "episode_title": "AnoHana Episode 11 (End) Subtitle Indonesia",
    "episode_link": "https://otakudesu.best/episode/anha-episode-11-sub-indo/",
    "episode_date": "14 Januari,2019",
    "server": "solidfiles",
    "quality": "480p",
    "data_content": "eyJpZCI6MzUwOTEsImkiOjEsInEiOiI0ODBwIn0=",
    "decoded_data": {
      "id": 35091,
      "i": 1,
      "q": "480p"
    },
    "stream_url": "https://www.solidfiles.com/e/nGVAN45v58LrP",
    "is_default": false,
    "timestamp": "2025-09-12T08:23:58.980Z"
  },
  {
    "anime_title": "AnoHana",
    "episode_title": "AnoHana Episode 11 (End) Subtitle Indonesia",
    "episode_link": "https://otakudesu.best/episode/anha-episode-11-sub-indo/",
    "episode_date": "14 Januari,2019",
    "server": "solidfiles",
    "quality": "720p",
    "data_content": "eyJpZCI6MzUwOTEsImkiOjAsInEiOiI3MjBwIn0=",
    "decoded_data": {
      "id": 35091,
      "i": 0,
      "q": "720p"
    },
    "stream_url": "https://www.solidfiles.com/e/4aQpARn88VVKG",
    "is_default": false,
    "timestamp": "2025-09-12T08:23:59.003Z"
  },
  {
    "anime_title": "AnoHana",
    "episode_title": "AnoHana Episode 11 (End) Subtitle Indonesia",
    "episode_link": "https://otakudesu.best/episode/anha-episode-11-sub-indo/",
    "episode_date": "14 Januari,2019",
    "server": "yourupload",
    "quality": "720p",
    "data_content": "eyJpZCI6MzUwOTEsImkiOjEsInEiOiI3MjBwIn0=",
    "decoded_data": {
      "id": 35091,
      "i": 1,
      "q": "720p"
    },
    "stream_url": "https://desudrive.com/stream/yuplod.php?id=yC6SVBgV7Os4",
    "is_default": false,
    "timestamp": "2025-09-12T08:23:59.051Z"
  },
  {
    "anime_title": "Another",
    "episode_title": "Another Episode 1 Subtitle Indonesia",
    "episode_link": "https://otakudesu.best/episode/anhtr-episode-1-sub-indo/",
    "episode_date": "9 Februari,2019",
    "server": "solidfiles",
    "quality": "360p",
    "data_content": "eyJpZCI6MzY3MzMsImkiOjAsInEiOiIzNjBwIn0=",
    "decoded_data": {
      "id": 36733,
      "i": 0,
      "q": "360p"
    },
    "stream_url": "https://www.solidfiles.com/e/VBkBvW3XMVV5A",
    "is_default": false,
    "timestamp": "2025-09-12T08:24:00.042Z"
  },
  {
    "anime_title": "Another",
    "episode_title": "Another Episode 1 Subtitle Indonesia",
    "episode_link": "https://otakudesu.best/episode/anhtr-episode-1-sub-indo/",
    "episode_date": "9 Februari,2019",
    "server": "mp4load",
    "quality": "360p",
    "data_content": "eyJpZCI6MzY3MzMsImkiOjEsInEiOiIzNjBwIn0=",
    "decoded_data": {
      "id": 36733,
      "i": 1,
      "q": "360p"
    },
    "stream_url": "https://www.mp4upload.com/embed-kjipegsfxve1.html",
    "is_default": false,
    "timestamp": "2025-09-12T08:24:00.058Z"
  },
  {
    "anime_title": "Another",
    "episode_title": "Another Episode 1 Subtitle Indonesia",
    "episode_link": "https://otakudesu.best/episode/anhtr-episode-1-sub-indo/",
    "episode_date": "9 Februari,2019",
    "server": "desudesu2",
    "quality": "480p",
    "data_content": "eyJpZCI6MzY3MzMsImkiOjAsInEiOiI0ODBwIn0=",
    "decoded_data": {
      "id": 36733,
      "i": 0,
      "q": "480p"
    },
    "stream_url": "https://desustream.info/dstream/desudesu2/v2/index.php?id=VGI3aS9LN3QrYVIrSWlkcFk5bGQ3eS9KTjZjVDY3S29yZGxJNU5SMmZlYz0=",
    "is_default": true,
    "timestamp": "2025-09-12T08:24:00.126Z"
  },
  {
    "anime_title": "Another",
    "episode_title": "Another Episode 1 Subtitle Indonesia",
    "episode_link": "https://otakudesu.best/episode/anhtr-episode-1-sub-indo/",
    "episode_date": "9 Februari,2019",
    "server": "solidfiles",
    "quality": "480p",
    "data_content": "eyJpZCI6MzY3MzMsImkiOjEsInEiOiI0ODBwIn0=",
    "decoded_data": {
      "id": 36733,
      "i": 1,
      "q": "480p"
    },
    "stream_url": "https://www.solidfiles.com/e/RKDKqy2X4rqnA",
    "is_default": false,
    "timestamp": "2025-09-12T08:24:00.231Z"
  },
  {
    "anime_title": "Another",
    "episode_title": "Another Episode 1 Subtitle Indonesia",
    "episode_link": "https://otakudesu.best/episode/anhtr-episode-1-sub-indo/",
    "episode_date": "9 Februari,2019",
    "server": "solidfiles",
    "quality": "720p",
    "data_content": "eyJpZCI6MzY3MzMsImkiOjAsInEiOiI3MjBwIn0=",
    "decoded_data": {
      "id": 36733,
      "i": 0,
      "q": "720p"
    },
    "stream_url": "https://www.solidfiles.com/e/7pLp2nQZjLWLZ",
    "is_default": false,
    "timestamp": "2025-09-12T08:24:00.249Z"
  },
  {
    "anime_title": "Another",
    "episode_title": "Another Episode 1 Subtitle Indonesia",
    "episode_link": "https://otakudesu.best/episode/anhtr-episode-1-sub-indo/",
    "episode_date": "9 Februari,2019",
    "server": "yourupload",
    "quality": "720p",
    "data_content": "eyJpZCI6MzY3MzMsImkiOjEsInEiOiI3MjBwIn0=",
    "decoded_data": {
      "id": 36733,
      "i": 1,
      "q": "720p"
    },
    "stream_url": "https://desudrive.com/stream/yuplod.php?id=18oY5H7Tw1Oj",
    "is_default": false,
    "timestamp": "2025-09-12T08:24:00.265Z"
  },
  {
    "anime_title": "Another",
    "episode_title": "Another Episode 1 Subtitle Indonesia",
    "episode_link": "https://otakudesu.best/episode/anhtr-episode-1-sub-indo/",
    "episode_date": "9 Februari,2019",
    "server": "solidfiles",
    "quality": "360p",
    "data_content": "eyJpZCI6MzY3MzMsImkiOjAsInEiOiIzNjBwIn0=",
    "decoded_data": {
      "id": 36733,
      "i": 0,
      "q": "360p"
    },
    "stream_url": "https://www.solidfiles.com/e/VBkBvW3XMVV5A",
    "is_default": false,
    "timestamp": "2025-09-12T08:24:00.042Z"
  },
  {
    "anime_title": "Another",
    "episode_title": "Another Episode 1 Subtitle Indonesia",
    "episode_link": "https://otakudesu.best/episode/anhtr-episode-1-sub-indo/",
    "episode_date": "9 Februari,2019",
    "server": "mp4load",
    "quality": "360p",
    "data_content": "eyJpZCI6MzY3MzMsImkiOjEsInEiOiIzNjBwIn0=",
    "decoded_data": {
      "id": 36733,
      "i": 1,
      "q": "360p"
    },
    "stream_url": "https://www.mp4upload.com/embed-kjipegsfxve1.html",
    "is_default": false,
    "timestamp": "2025-09-12T08:24:00.058Z"
  },
  {
    "anime_title": "Another",
    "episode_title": "Another Episode 1 Subtitle Indonesia",
    "episode_link": "https://otakudesu.best/episode/anhtr-episode-1-sub-indo/",
    "episode_date": "9 Februari,2019",
    "server": "desudesu2",
    "quality": "480p",
    "data_content": "eyJpZCI6MzY3MzMsImkiOjAsInEiOiI0ODBwIn0=",
    "decoded_data": {
      "id": 36733,
      "i": 0,
      "q": "480p"
    },
    "stream_url": "https://desustream.info/dstream/desudesu2/v2/index.php?id=VGI3aS9LN3QrYVIrSWlkcFk5bGQ3eS9KTjZjVDY3S29yZGxJNU5SMmZlYz0=",
    "is_default": true,
    "timestamp": "2025-09-12T08:24:00.126Z"
  },
  {
    "anime_title": "Another",
    "episode_title": "Another Episode 1 Subtitle Indonesia",
    "episode_link": "https://otakudesu.best/episode/anhtr-episode-1-sub-indo/",
    "episode_date": "9 Februari,2019",
    "server": "solidfiles",
    "quality": "480p",
    "data_content": "eyJpZCI6MzY3MzMsImkiOjEsInEiOiI0ODBwIn0=",
    "decoded_data": {
      "id": 36733,
      "i": 1,
      "q": "480p"
    },
    "stream_url": "https://www.solidfiles.com/e/RKDKqy2X4rqnA",
    "is_default": false,
    "timestamp": "2025-09-12T08:24:00.231Z"
  },
  {
    "anime_title": "Another",
    "episode_title": "Another Episode 1 Subtitle Indonesia",
    "episode_link": "https://otakudesu.best/episode/anhtr-episode-1-sub-indo/",
    "episode_date": "9 Februari,2019",
    "server": "solidfiles",
    "quality": "720p",
    "data_content": "eyJpZCI6MzY3MzMsImkiOjAsInEiOiI3MjBwIn0=",
    "decoded_data": {
      "id": 36733,
      "i": 0,
      "q": "720p"
    },
    "stream_url": "https://www.solidfiles.com/e/7pLp2nQZjLWLZ",
    "is_default": false,
    "timestamp": "2025-09-12T08:24:00.249Z"
  },
  {
    "anime_title": "Another",
    "episode_title": "Another Episode 1 Subtitle Indonesia",
    "episode_link": "https://otakudesu.best/episode/anhtr-episode-1-sub-indo/",
    "episode_date": "9 Februari,2019",
    "server": "yourupload",
    "quality": "720p",
    "data_content": "eyJpZCI6MzY3MzMsImkiOjEsInEiOiI3MjBwIn0=",
    "decoded_data": {
      "id": 36733,
      "i": 1,
      "q": "720p"
    },
    "stream_url": "https://desudrive.com/stream/yuplod.php?id=18oY5H7Tw1Oj",
    "is_default": false,
    "timestamp": "2025-09-12T08:24:00.265Z"
  },
  {
    "anime_title": "Another",
    "episode_title": "Another Episode 2 Subtitle Indonesia",
    "episode_link": "https://otakudesu.best/episode/anhtr-episode-2-sub-indo/",
    "episode_date": "9 Februari,2019",
    "server": "solidfiles",
    "quality": "360p",
    "data_content": "eyJpZCI6MzY3MzQsImkiOjAsInEiOiIzNjBwIn0=",
    "decoded_data": {
      "id": 36734,
      "i": 0,
      "q": "360p"
    },
    "stream_url": "https://www.solidfiles.com/e/pWRW32qzALyQx",
    "is_default": false,
    "timestamp": "2025-09-12T08:24:01.333Z"
  },
  {
    "anime_title": "Another",
    "episode_title": "Another Episode 2 Subtitle Indonesia",
    "episode_link": "https://otakudesu.best/episode/anhtr-episode-2-sub-indo/",
    "episode_date": "9 Februari,2019",
    "server": "mp4load",
    "quality": "360p",
    "data_content": "eyJpZCI6MzY3MzQsImkiOjEsInEiOiIzNjBwIn0=",
    "decoded_data": {
      "id": 36734,
      "i": 1,
      "q": "360p"
    },
    "stream_url": "https://www.mp4upload.com/embed-ycjjw8qudkcs.html",
    "is_default": false,
    "timestamp": "2025-09-12T08:24:01.351Z"
  },
  {
    "anime_title": "Another",
    "episode_title": "Another Episode 2 Subtitle Indonesia",
    "episode_link": "https://otakudesu.best/episode/anhtr-episode-2-sub-indo/",
    "episode_date": "9 Februari,2019",
    "server": "desudesu2",
    "quality": "480p",
    "data_content": "eyJpZCI6MzY3MzQsImkiOjAsInEiOiI0ODBwIn0=",
    "decoded_data": {
      "id": 36734,
      "i": 0,
      "q": "480p"
    },
    "stream_url": "https://desustream.info/dstream/desudesu2/v2/index.php?id=VlNodDhuSTBjdVk3MVdvVzZHVTNmSTBhSVF0MTZiUlkzTDhzTGt2TEx4cz0=",
    "is_default": true,
    "timestamp": "2025-09-12T08:24:01.367Z"
  },
  {
    "anime_title": "Another",
    "episode_title": "Another Episode 2 Subtitle Indonesia",
    "episode_link": "https://otakudesu.best/episode/anhtr-episode-2-sub-indo/",
    "episode_date": "9 Februari,2019",
    "server": "solidfiles",
    "quality": "480p",
    "data_content": "eyJpZCI6MzY3MzQsImkiOjEsInEiOiI0ODBwIn0=",
    "decoded_data": {
      "id": 36734,
      "i": 1,
      "q": "480p"
    },
    "stream_url": "https://www.solidfiles.com/e/vDqDp8aGPMy2v",
    "is_default": false,
    "timestamp": "2025-09-12T08:24:01.412Z"
  },
  {
    "anime_title": "Another",
    "episode_title": "Another Episode 2 Subtitle Indonesia",
    "episode_link": "https://otakudesu.best/episode/anhtr-episode-2-sub-indo/",
    "episode_date": "9 Februari,2019",
    "server": "solidfiles",
    "quality": "720p",
    "data_content": "eyJpZCI6MzY3MzQsImkiOjAsInEiOiI3MjBwIn0=",
    "decoded_data": {
      "id": 36734,
      "i": 0,
      "q": "720p"
    },
    "stream_url": "https://www.solidfiles.com/e/3PyPM8Xyka58p",
    "is_default": false,
    "timestamp": "2025-09-12T08:24:01.424Z"
  },
  {
    "anime_title": "Another",
    "episode_title": "Another Episode 2 Subtitle Indonesia",
    "episode_link": "https://otakudesu.best/episode/anhtr-episode-2-sub-indo/",
    "episode_date": "9 Februari,2019",
    "server": "yourupload",
    "quality": "720p",
    "data_content": "eyJpZCI6MzY3MzQsImkiOjEsInEiOiI3MjBwIn0=",
    "decoded_data": {
      "id": 36734,
      "i": 1,
      "q": "720p"
    },
    "stream_url": "https://desudrive.com/stream/yuplod.php?id=6638501Oapr0",
    "is_default": false,
    "timestamp": "2025-09-12T08:24:01.438Z"
  },
  {
    "anime_title": "Another",
    "episode_title": "Another Episode 2 Subtitle Indonesia",
    "episode_link": "https://otakudesu.best/episode/anhtr-episode-2-sub-indo/",
    "episode_date": "9 Februari,2019",
    "server": "solidfiles",
    "quality": "360p",
    "data_content": "eyJpZCI6MzY3MzQsImkiOjAsInEiOiIzNjBwIn0=",
    "decoded_data": {
      "id": 36734,
      "i": 0,
      "q": "360p"
    },
    "stream_url": "https://www.solidfiles.com/e/pWRW32qzALyQx",
    "is_default": false,
    "timestamp": "2025-09-12T08:24:01.333Z"
  },
  {
    "anime_title": "Another",
    "episode_title": "Another Episode 2 Subtitle Indonesia",
    "episode_link": "https://otakudesu.best/episode/anhtr-episode-2-sub-indo/",
    "episode_date": "9 Februari,2019",
    "server": "mp4load",
    "quality": "360p",
    "data_content": "eyJpZCI6MzY3MzQsImkiOjEsInEiOiIzNjBwIn0=",
    "decoded_data": {
      "id": 36734,
      "i": 1,
      "q": "360p"
    },
    "stream_url": "https://www.mp4upload.com/embed-ycjjw8qudkcs.html",
    "is_default": false,
    "timestamp": "2025-09-12T08:24:01.351Z"
  },
  {
    "anime_title": "Another",
    "episode_title": "Another Episode 2 Subtitle Indonesia",
    "episode_link": "https://otakudesu.best/episode/anhtr-episode-2-sub-indo/",
    "episode_date": "9 Februari,2019",
    "server": "desudesu2",
    "quality": "480p",
    "data_content": "eyJpZCI6MzY3MzQsImkiOjAsInEiOiI0ODBwIn0=",
    "decoded_data": {
      "id": 36734,
      "i": 0,
      "q": "480p"
    },
    "stream_url": "https://desustream.info/dstream/desudesu2/v2/index.php?id=VlNodDhuSTBjdVk3MVdvVzZHVTNmSTBhSVF0MTZiUlkzTDhzTGt2TEx4cz0=",
    "is_default": true,
    "timestamp": "2025-09-12T08:24:01.367Z"
  },
  {
    "anime_title": "Another",
    "episode_title": "Another Episode 2 Subtitle Indonesia",
    "episode_link": "https://otakudesu.best/episode/anhtr-episode-2-sub-indo/",
    "episode_date": "9 Februari,2019",
    "server": "solidfiles",
    "quality": "480p",
    "data_content": "eyJpZCI6MzY3MzQsImkiOjEsInEiOiI0ODBwIn0=",
    "decoded_data": {
      "id": 36734,
      "i": 1,
      "q": "480p"
    },
    "stream_url": "https://www.solidfiles.com/e/vDqDp8aGPMy2v",
    "is_default": false,
    "timestamp": "2025-09-12T08:24:01.412Z"
  },
  {
    "anime_title": "Another",
    "episode_title": "Another Episode 2 Subtitle Indonesia",
    "episode_link": "https://otakudesu.best/episode/anhtr-episode-2-sub-indo/",
    "episode_date": "9 Februari,2019",
    "server": "solidfiles",
    "quality": "720p",
    "data_content": "eyJpZCI6MzY3MzQsImkiOjAsInEiOiI3MjBwIn0=",
    "decoded_data": {
      "id": 36734,
      "i": 0,
      "q": "720p"
    },
    "stream_url": "https://www.solidfiles.com/e/3PyPM8Xyka58p",
    "is_default": false,
    "timestamp": "2025-09-12T08:24:01.424Z"
  },
  {
    "anime_title": "Another",
    "episode_title": "Another Episode 2 Subtitle Indonesia",
    "episode_link": "https://otakudesu.best/episode/anhtr-episode-2-sub-indo/",
    "episode_date": "9 Februari,2019",
    "server": "yourupload",
    "quality": "720p",
    "data_content": "eyJpZCI6MzY3MzQsImkiOjEsInEiOiI3MjBwIn0=",
    "decoded_data": {
      "id": 36734,
      "i": 1,
      "q": "720p"
    },
    "stream_url": "https://desudrive.com/stream/yuplod.php?id=6638501Oapr0",
    "is_default": false,
    "timestamp": "2025-09-12T08:24:01.438Z"
  }
]