[
  {
    "anime_title": "Cross Ange",
    "episode_title": "Cross Ange Episode 7 Subtitle Indonesia",
    "episode_link": "https://otakudesu.best/episode/crag-trr-episode-7-sub-indo/",
    "episode_date": "22 Maret,2019",
    "server": "mp4load",
    "quality": "360p",
    "data_content": "eyJpZCI6NDA3NTQsImkiOjEsInEiOiIzNjBwIn0=",
    "decoded_data": {
      "id": 40754,
      "i": 1,
      "q": "360p"
    },
    "stream_url": "https://www.mp4upload.com/embed-e7chyjjy1acb.html",
    "is_default": false,
    "timestamp": "2025-09-12T09:26:26.642Z"
  },
  {
    "anime_title": "Cross Ange",
    "episode_title": "Cross Ange Episode 7 Subtitle Indonesia",
    "episode_link": "https://otakudesu.best/episode/crag-trr-episode-7-sub-indo/",
    "episode_date": "22 Maret,2019",
    "server": "solidfiles",
    "quality": "360p",
    "data_content": "eyJpZCI6NDA3NTQsImkiOjAsInEiOiIzNjBwIn0=",
    "decoded_data": {
      "id": 40754,
      "i": 0,
      "q": "360p"
    },
    "stream_url": "https://www.solidfiles.com/e/r6Y3KZr4DV2xk",
    "is_default": false,
    "timestamp": "2025-09-12T09:26:26.695Z"
  },
  {
    "anime_title": "Cross Ange",
    "episode_title": "Cross Ange Episode 7 Subtitle Indonesia",
    "episode_link": "https://otakudesu.best/episode/crag-trr-episode-7-sub-indo/",
    "episode_date": "22 Maret,2019",
    "server": "mega",
    "quality": "480p",
    "data_content": "eyJpZCI6NDA3NTQsImkiOjAsInEiOiI0ODBwIn0=",
    "decoded_data": {
      "id": 40754,
      "i": 0,
      "q": "480p"
    },
    "stream_url": "https://mega.nz/embed/#!AkJUFSJD!bHYNRS90LR7KxPo0qcA-jJvuSpNDPnk9V--uK_VssUo",
    "is_default": true,
    "timestamp": "2025-09-12T09:26:26.725Z"
  },
  {
    "anime_title": "Cross Ange",
    "episode_title": "Cross Ange Episode 7 Subtitle Indonesia",
    "episode_link": "https://otakudesu.best/episode/crag-trr-episode-7-sub-indo/",
    "episode_date": "22 Maret,2019",
    "server": "desudrive",
    "quality": "480p",
    "data_content": "eyJpZCI6NDA3NTQsImkiOjEsInEiOiI0ODBwIn0=",
    "decoded_data": {
      "id": 40754,
      "i": 1,
      "q": "480p"
    },
    "stream_url": "https://desustream.info/dstream/desudrive/player.php?id=YjdGdVJiUDdlUVNVMXdDbXZnek12WCtQRGxtT05HNnBweGNYVFpacG0ySnRkaFQ5WHFnMm40NWFHWFFDaFpoTw==",
    "is_default": false,
    "timestamp": "2025-09-12T09:26:26.760Z"
  },
  {
    "anime_title": "Cross Ange",
    "episode_title": "Cross Ange Episode 7 Subtitle Indonesia",
    "episode_link": "https://otakudesu.best/episode/crag-trr-episode-7-sub-indo/",
    "episode_date": "22 Maret,2019",
    "server": "solidfiles",
    "quality": "480p",
    "data_content": "eyJpZCI6NDA3NTQsImkiOjIsInEiOiI0ODBwIn0=",
    "decoded_data": {
      "id": 40754,
      "i": 2,
      "q": "480p"
    },
    "stream_url": "https://www.solidfiles.com/e/nGeny2BWpverY",
    "is_default": false,
    "timestamp": "2025-09-12T09:26:26.794Z"
  },
  {
    "anime_title": "Cross Ange",
    "episode_title": "Cross Ange Episode 7 Subtitle Indonesia",
    "episode_link": "https://otakudesu.best/episode/crag-trr-episode-7-sub-indo/",
    "episode_date": "22 Maret,2019",
    "server": "solidfiles",
    "quality": "720p",
    "data_content": "eyJpZCI6NDA3NTQsImkiOjAsInEiOiI3MjBwIn0=",
    "decoded_data": {
      "id": 40754,
      "i": 0,
      "q": "720p"
    },
    "stream_url": "https://www.solidfiles.com/e/nGenyR8ayKpmv",
    "is_default": false,
    "timestamp": "2025-09-12T09:26:26.828Z"
  },
  {
    "anime_title": "Cross Ange",
    "episode_title": "Cross Ange Episode 7 Subtitle Indonesia",
    "episode_link": "https://otakudesu.best/episode/crag-trr-episode-7-sub-indo/",
    "episode_date": "22 Maret,2019",
    "server": "yourupload",
    "quality": "720p",
    "data_content": "eyJpZCI6NDA3NTQsImkiOjEsInEiOiI3MjBwIn0=",
    "decoded_data": {
      "id": 40754,
      "i": 1,
      "q": "720p"
    },
    "stream_url": "https://desudrive.com/stream/yuplod.php?id=0m0tC86G01Q1",
    "is_default": false,
    "timestamp": "2025-09-12T09:26:26.954Z"
  },
  {
    "anime_title": "Cross Ange",
    "episode_title": "Cross Ange Episode 7 Subtitle Indonesia",
    "episode_link": "https://otakudesu.best/episode/crag-trr-episode-7-sub-indo/",
    "episode_date": "22 Maret,2019",
    "server": "solidfiles",
    "quality": "360p",
    "data_content": "eyJpZCI6NDA3NTQsImkiOjAsInEiOiIzNjBwIn0=",
    "decoded_data": {
      "id": 40754,
      "i": 0,
      "q": "360p"
    },
    "stream_url": "https://www.solidfiles.com/e/r6Y3KZr4DV2xk",
    "is_default": false,
    "timestamp": "2025-09-12T09:26:26.695Z"
  },
  {
    "anime_title": "Cross Ange",
    "episode_title": "Cross Ange Episode 7 Subtitle Indonesia",
    "episode_link": "https://otakudesu.best/episode/crag-trr-episode-7-sub-indo/",
    "episode_date": "22 Maret,2019",
    "server": "mp4load",
    "quality": "360p",
    "data_content": "eyJpZCI6NDA3NTQsImkiOjEsInEiOiIzNjBwIn0=",
    "decoded_data": {
      "id": 40754,
      "i": 1,
      "q": "360p"
    },
    "stream_url": "https://www.mp4upload.com/embed-e7chyjjy1acb.html",
    "is_default": false,
    "timestamp": "2025-09-12T09:26:26.642Z"
  },
  {
    "anime_title": "Cross Ange",
    "episode_title": "Cross Ange Episode 7 Subtitle Indonesia",
    "episode_link": "https://otakudesu.best/episode/crag-trr-episode-7-sub-indo/",
    "episode_date": "22 Maret,2019",
    "server": "mega",
    "quality": "480p",
    "data_content": "eyJpZCI6NDA3NTQsImkiOjAsInEiOiI0ODBwIn0=",
    "decoded_data": {
      "id": 40754,
      "i": 0,
      "q": "480p"
    },
    "stream_url": "https://mega.nz/embed/#!AkJUFSJD!bHYNRS90LR7KxPo0qcA-jJvuSpNDPnk9V--uK_VssUo",
    "is_default": true,
    "timestamp": "2025-09-12T09:26:26.725Z"
  },
  {
    "anime_title": "Cross Ange",
    "episode_title": "Cross Ange Episode 7 Subtitle Indonesia",
    "episode_link": "https://otakudesu.best/episode/crag-trr-episode-7-sub-indo/",
    "episode_date": "22 Maret,2019",
    "server": "desudrive",
    "quality": "480p",
    "data_content": "eyJpZCI6NDA3NTQsImkiOjEsInEiOiI0ODBwIn0=",
    "decoded_data": {
      "id": 40754,
      "i": 1,
      "q": "480p"
    },
    "stream_url": "https://desustream.info/dstream/desudrive/player.php?id=YjdGdVJiUDdlUVNVMXdDbXZnek12WCtQRGxtT05HNnBweGNYVFpacG0ySnRkaFQ5WHFnMm40NWFHWFFDaFpoTw==",
    "is_default": false,
    "timestamp": "2025-09-12T09:26:26.760Z"
  },
  {
    "anime_title": "Cross Ange",
    "episode_title": "Cross Ange Episode 7 Subtitle Indonesia",
    "episode_link": "https://otakudesu.best/episode/crag-trr-episode-7-sub-indo/",
    "episode_date": "22 Maret,2019",
    "server": "solidfiles",
    "quality": "480p",
    "data_content": "eyJpZCI6NDA3NTQsImkiOjIsInEiOiI0ODBwIn0=",
    "decoded_data": {
      "id": 40754,
      "i": 2,
      "q": "480p"
    },
    "stream_url": "https://www.solidfiles.com/e/nGeny2BWpverY",
    "is_default": false,
    "timestamp": "2025-09-12T09:26:26.794Z"
  },
  {
    "anime_title": "Cross Ange",
    "episode_title": "Cross Ange Episode 7 Subtitle Indonesia",
    "episode_link": "https://otakudesu.best/episode/crag-trr-episode-7-sub-indo/",
    "episode_date": "22 Maret,2019",
    "server": "solidfiles",
    "quality": "720p",
    "data_content": "eyJpZCI6NDA3NTQsImkiOjAsInEiOiI3MjBwIn0=",
    "decoded_data": {
      "id": 40754,
      "i": 0,
      "q": "720p"
    },
    "stream_url": "https://www.solidfiles.com/e/nGenyR8ayKpmv",
    "is_default": false,
    "timestamp": "2025-09-12T09:26:26.828Z"
  },
  {
    "anime_title": "Cross Ange",
    "episode_title": "Cross Ange Episode 7 Subtitle Indonesia",
    "episode_link": "https://otakudesu.best/episode/crag-trr-episode-7-sub-indo/",
    "episode_date": "22 Maret,2019",
    "server": "yourupload",
    "quality": "720p",
    "data_content": "eyJpZCI6NDA3NTQsImkiOjEsInEiOiI3MjBwIn0=",
    "decoded_data": {
      "id": 40754,
      "i": 1,
      "q": "720p"
    },
    "stream_url": "https://desudrive.com/stream/yuplod.php?id=0m0tC86G01Q1",
    "is_default": false,
    "timestamp": "2025-09-12T09:26:26.954Z"
  },
  {
    "anime_title": "Cross Ange",
    "episode_title": "Cross Ange Episode 8 Subtitle Indonesia",
    "episode_link": "https://otakudesu.best/episode/crag-trr-episode-8-sub-indo/",
    "episode_date": "22 Maret,2019",
    "server": "solidfiles",
    "quality": "360p",
    "data_content": "eyJpZCI6NDA3NTUsImkiOjAsInEiOiIzNjBwIn0=",
    "decoded_data": {
      "id": 40755,
      "i": 0,
      "q": "360p"
    },
    "stream_url": "https://www.solidfiles.com/e/Ang4LwBmyz56e",
    "is_default": false,
    "timestamp": "2025-09-12T09:26:27.607Z"
  },
  {
    "anime_title": "Cross Ange",
    "episode_title": "Cross Ange Episode 8 Subtitle Indonesia",
    "episode_link": "https://otakudesu.best/episode/crag-trr-episode-8-sub-indo/",
    "episode_date": "22 Maret,2019",
    "server": "mp4load",
    "quality": "360p",
    "data_content": "eyJpZCI6NDA3NTUsImkiOjEsInEiOiIzNjBwIn0=",
    "decoded_data": {
      "id": 40755,
      "i": 1,
      "q": "360p"
    },
    "stream_url": "https://www.mp4upload.com/embed-hds0men0v8pm.html",
    "is_default": false,
    "timestamp": "2025-09-12T09:26:27.642Z"
  },
  {
    "anime_title": "Cross Ange",
    "episode_title": "Cross Ange Episode 8 Subtitle Indonesia",
    "episode_link": "https://otakudesu.best/episode/crag-trr-episode-8-sub-indo/",
    "episode_date": "22 Maret,2019",
    "server": "mega",
    "quality": "480p",
    "data_content": "eyJpZCI6NDA3NTUsImkiOjAsInEiOiI0ODBwIn0=",
    "decoded_data": {
      "id": 40755,
      "i": 0,
      "q": "480p"
    },
    "stream_url": "https://mega.nz/embed/#!1tAghCqb!1LsE5NAHgtDWRtQHFzbtOWG0Nka19PMkk2uLB8TYRsk",
    "is_default": true,
    "timestamp": "2025-09-12T09:26:27.681Z"
  },
  {
    "anime_title": "Cross Ange",
    "episode_title": "Cross Ange Episode 8 Subtitle Indonesia",
    "episode_link": "https://otakudesu.best/episode/crag-trr-episode-8-sub-indo/",
    "episode_date": "22 Maret,2019",
    "server": "desudrive",
    "quality": "480p",
    "data_content": "eyJpZCI6NDA3NTUsImkiOjEsInEiOiI0ODBwIn0=",
    "decoded_data": {
      "id": 40755,
      "i": 1,
      "q": "480p"
    },
    "stream_url": "https://desustream.info/dstream/desudrive/player.php?id=MW1CVEJxSnZpM3k3Zlg3cUVSSHMxK2NnTU9UUDFnOUxaUVRVUlRpSThpVzFIbTNab1dIWXZlNExRb3R5T2IwNg==",
    "is_default": false,
    "timestamp": "2025-09-12T09:26:27.740Z"
  },
  {
    "anime_title": "Cross Ange",
    "episode_title": "Cross Ange Episode 8 Subtitle Indonesia",
    "episode_link": "https://otakudesu.best/episode/crag-trr-episode-8-sub-indo/",
    "episode_date": "22 Maret,2019",
    "server": "solidfiles",
    "quality": "480p",
    "data_content": "eyJpZCI6NDA3NTUsImkiOjIsInEiOiI0ODBwIn0=",
    "decoded_data": {
      "id": 40755,
      "i": 2,
      "q": "480p"
    },
    "stream_url": "https://www.solidfiles.com/e/8pgLWqdMLkMqR",
    "is_default": false,
    "timestamp": "2025-09-12T09:26:27.773Z"
  },
  {
    "anime_title": "Cross Ange",
    "episode_title": "Cross Ange Episode 8 Subtitle Indonesia",
    "episode_link": "https://otakudesu.best/episode/crag-trr-episode-8-sub-indo/",
    "episode_date": "22 Maret,2019",
    "server": "solidfiles",
    "quality": "720p",
    "data_content": "eyJpZCI6NDA3NTUsImkiOjAsInEiOiI3MjBwIn0=",
    "decoded_data": {
      "id": 40755,
      "i": 0,
      "q": "720p"
    },
    "stream_url": "https://www.solidfiles.com/e/KpR4AMzmayZrL",
    "is_default": false,
    "timestamp": "2025-09-12T09:26:27.809Z"
  },
  {
    "anime_title": "Cross Ange",
    "episode_title": "Cross Ange Episode 8 Subtitle Indonesia",
    "episode_link": "https://otakudesu.best/episode/crag-trr-episode-8-sub-indo/",
    "episode_date": "22 Maret,2019",
    "server": "yourupload",
    "quality": "720p",
    "data_content": "eyJpZCI6NDA3NTUsImkiOjEsInEiOiI3MjBwIn0=",
    "decoded_data": {
      "id": 40755,
      "i": 1,
      "q": "720p"
    },
    "stream_url": "https://desudrive.com/stream/yuplod.php?id=25Ftx5JmwlTE",
    "is_default": false,
    "timestamp": "2025-09-12T09:26:27.839Z"
  },
  {
    "anime_title": "Cross Ange",
    "episode_title": "Cross Ange Episode 8 Subtitle Indonesia",
    "episode_link": "https://otakudesu.best/episode/crag-trr-episode-8-sub-indo/",
    "episode_date": "22 Maret,2019",
    "server": "solidfiles",
    "quality": "360p",
    "data_content": "eyJpZCI6NDA3NTUsImkiOjAsInEiOiIzNjBwIn0=",
    "decoded_data": {
      "id": 40755,
      "i": 0,
      "q": "360p"
    },
    "stream_url": "https://www.solidfiles.com/e/Ang4LwBmyz56e",
    "is_default": false,
    "timestamp": "2025-09-12T09:26:27.607Z"
  },
  {
    "anime_title": "Cross Ange",
    "episode_title": "Cross Ange Episode 8 Subtitle Indonesia",
    "episode_link": "https://otakudesu.best/episode/crag-trr-episode-8-sub-indo/",
    "episode_date": "22 Maret,2019",
    "server": "mp4load",
    "quality": "360p",
    "data_content": "eyJpZCI6NDA3NTUsImkiOjEsInEiOiIzNjBwIn0=",
    "decoded_data": {
      "id": 40755,
      "i": 1,
      "q": "360p"
    },
    "stream_url": "https://www.mp4upload.com/embed-hds0men0v8pm.html",
    "is_default": false,
    "timestamp": "2025-09-12T09:26:27.642Z"
  },
  {
    "anime_title": "Cross Ange",
    "episode_title": "Cross Ange Episode 8 Subtitle Indonesia",
    "episode_link": "https://otakudesu.best/episode/crag-trr-episode-8-sub-indo/",
    "episode_date": "22 Maret,2019",
    "server": "mega",
    "quality": "480p",
    "data_content": "eyJpZCI6NDA3NTUsImkiOjAsInEiOiI0ODBwIn0=",
    "decoded_data": {
      "id": 40755,
      "i": 0,
      "q": "480p"
    },
    "stream_url": "https://mega.nz/embed/#!1tAghCqb!1LsE5NAHgtDWRtQHFzbtOWG0Nka19PMkk2uLB8TYRsk",
    "is_default": true,
    "timestamp": "2025-09-12T09:26:27.681Z"
  },
  {
    "anime_title": "Cross Ange",
    "episode_title": "Cross Ange Episode 8 Subtitle Indonesia",
    "episode_link": "https://otakudesu.best/episode/crag-trr-episode-8-sub-indo/",
    "episode_date": "22 Maret,2019",
    "server": "desudrive",
    "quality": "480p",
    "data_content": "eyJpZCI6NDA3NTUsImkiOjEsInEiOiI0ODBwIn0=",
    "decoded_data": {
      "id": 40755,
      "i": 1,
      "q": "480p"
    },
    "stream_url": "https://desustream.info/dstream/desudrive/player.php?id=MW1CVEJxSnZpM3k3Zlg3cUVSSHMxK2NnTU9UUDFnOUxaUVRVUlRpSThpVzFIbTNab1dIWXZlNExRb3R5T2IwNg==",
    "is_default": false,
    "timestamp": "2025-09-12T09:26:27.740Z"
  },
  {
    "anime_title": "Cross Ange",
    "episode_title": "Cross Ange Episode 8 Subtitle Indonesia",
    "episode_link": "https://otakudesu.best/episode/crag-trr-episode-8-sub-indo/",
    "episode_date": "22 Maret,2019",
    "server": "solidfiles",
    "quality": "480p",
    "data_content": "eyJpZCI6NDA3NTUsImkiOjIsInEiOiI0ODBwIn0=",
    "decoded_data": {
      "id": 40755,
      "i": 2,
      "q": "480p"
    },
    "stream_url": "https://www.solidfiles.com/e/8pgLWqdMLkMqR",
    "is_default": false,
    "timestamp": "2025-09-12T09:26:27.773Z"
  },
  {
    "anime_title": "Cross Ange",
    "episode_title": "Cross Ange Episode 8 Subtitle Indonesia",
    "episode_link": "https://otakudesu.best/episode/crag-trr-episode-8-sub-indo/",
    "episode_date": "22 Maret,2019",
    "server": "solidfiles",
    "quality": "720p",
    "data_content": "eyJpZCI6NDA3NTUsImkiOjAsInEiOiI3MjBwIn0=",
    "decoded_data": {
      "id": 40755,
      "i": 0,
      "q": "720p"
    },
    "stream_url": "https://www.solidfiles.com/e/KpR4AMzmayZrL",
    "is_default": false,
    "timestamp": "2025-09-12T09:26:27.809Z"
  },
  {
    "anime_title": "Cross Ange",
    "episode_title": "Cross Ange Episode 8 Subtitle Indonesia",
    "episode_link": "https://otakudesu.best/episode/crag-trr-episode-8-sub-indo/",
    "episode_date": "22 Maret,2019",
    "server": "yourupload",
    "quality": "720p",
    "data_content": "eyJpZCI6NDA3NTUsImkiOjEsInEiOiI3MjBwIn0=",
    "decoded_data": {
      "id": 40755,
      "i": 1,
      "q": "720p"
    },
    "stream_url": "https://desudrive.com/stream/yuplod.php?id=25Ftx5JmwlTE",
    "is_default": false,
    "timestamp": "2025-09-12T09:26:27.839Z"
  },
  {
    "anime_title": "Cross Ange",
    "episode_title": "Cross Ange Episode 9 Subtitle Indonesia",
    "episode_link": "https://otakudesu.best/episode/crag-trr-episode-9-sub-indo/",
    "episode_date": "22 Maret,2019",
    "server": "solidfiles",
    "quality": "360p",
    "data_content": "eyJpZCI6NDA3NjQsImkiOjAsInEiOiIzNjBwIn0=",
    "decoded_data": {
      "id": 40764,
      "i": 0,
      "q": "360p"
    },
    "stream_url": "https://www.solidfiles.com/e/aZaA3qXdpXXex",
    "is_default": false,
    "timestamp": "2025-09-12T09:26:28.500Z"
  },
  {
    "anime_title": "Cross Ange",
    "episode_title": "Cross Ange Episode 9 Subtitle Indonesia",
    "episode_link": "https://otakudesu.best/episode/crag-trr-episode-9-sub-indo/",
    "episode_date": "22 Maret,2019",
    "server": "mp4load",
    "quality": "360p",
    "data_content": "eyJpZCI6NDA3NjQsImkiOjEsInEiOiIzNjBwIn0=",
    "decoded_data": {
      "id": 40764,
      "i": 1,
      "q": "360p"
    },
    "stream_url": "https://www.mp4upload.com/embed-ii30trr1awzc.html",
    "is_default": false,
    "timestamp": "2025-09-12T09:26:28.534Z"
  },
  {
    "anime_title": "Cross Ange",
    "episode_title": "Cross Ange Episode 9 Subtitle Indonesia",
    "episode_link": "https://otakudesu.best/episode/crag-trr-episode-9-sub-indo/",
    "episode_date": "22 Maret,2019",
    "server": "mega",
    "quality": "480p",
    "data_content": "eyJpZCI6NDA3NjQsImkiOjAsInEiOiI0ODBwIn0=",
    "decoded_data": {
      "id": 40764,
      "i": 0,
      "q": "480p"
    },
    "stream_url": "https://mega.nz/embed/#!J9IAHKaB!o19yt-77UM1ONVay3n6T9r7KS4PIgyqGDyvm4EzBfcw",
    "is_default": true,
    "timestamp": "2025-09-12T09:26:28.604Z"
  },
  {
    "anime_title": "Cross Ange",
    "episode_title": "Cross Ange Episode 9 Subtitle Indonesia",
    "episode_link": "https://otakudesu.best/episode/crag-trr-episode-9-sub-indo/",
    "episode_date": "22 Maret,2019",
    "server": "solidfiles",
    "quality": "720p",
    "data_content": "eyJpZCI6NDA3NjQsImkiOjAsInEiOiI3MjBwIn0=",
    "decoded_data": {
      "id": 40764,
      "i": 0,
      "q": "720p"
    },
    "stream_url": "https://www.solidfiles.com/e/ZQ52LndAV44ZQ",
    "is_default": false,
    "timestamp": "2025-09-12T09:26:28.690Z"
  },
  {
    "anime_title": "Cross Ange",
    "episode_title": "Cross Ange Episode 9 Subtitle Indonesia",
    "episode_link": "https://otakudesu.best/episode/crag-trr-episode-9-sub-indo/",
    "episode_date": "22 Maret,2019",
    "server": "yourupload",
    "quality": "720p",
    "data_content": "eyJpZCI6NDA3NjQsImkiOjEsInEiOiI3MjBwIn0=",
    "decoded_data": {
      "id": 40764,
      "i": 1,
      "q": "720p"
    },
    "stream_url": "https://desudrive.com/stream/yuplod.php?id=4RX1DyHqGd5W",
    "is_default": false,
    "timestamp": "2025-09-12T09:26:29.033Z"
  },
  {
    "anime_title": "Cross Ange",
    "episode_title": "Cross Ange Episode 9 Subtitle Indonesia",
    "episode_link": "https://otakudesu.best/episode/crag-trr-episode-9-sub-indo/",
    "episode_date": "22 Maret,2019",
    "server": "desudrive",
    "quality": "480p",
    "data_content": "eyJpZCI6NDA3NjQsImkiOjEsInEiOiI0ODBwIn0=",
    "decoded_data": {
      "id": 40764,
      "i": 1,
      "q": "480p"
    },
    "stream_url": "https://desustream.info/dstream/desudrive/player.php?id=YnpCeWxKclVPOTFMNG5aTlBOdnVLeStqQlZDTDFERTh0d1ArWjlSVzN3eUx1YmJJUXZWNnNvYnVPaDZqa0s1RQ==",
    "is_default": false,
    "timestamp": "2025-09-12T09:26:29.066Z"
  },
  {
    "anime_title": "Cross Ange",
    "episode_title": "Cross Ange Episode 9 Subtitle Indonesia",
    "episode_link": "https://otakudesu.best/episode/crag-trr-episode-9-sub-indo/",
    "episode_date": "22 Maret,2019",
    "server": "solidfiles",
    "quality": "480p",
    "data_content": "eyJpZCI6NDA3NjQsImkiOjIsInEiOiI0ODBwIn0=",
    "decoded_data": {
      "id": 40764,
      "i": 2,
      "q": "480p"
    },
    "stream_url": "https://www.solidfiles.com/e/gnAZyg66ynvB6",
    "is_default": false,
    "timestamp": "2025-09-12T09:26:29.423Z"
  },
  {
    "anime_title": "Cross Ange",
    "episode_title": "Cross Ange Episode 9 Subtitle Indonesia",
    "episode_link": "https://otakudesu.best/episode/crag-trr-episode-9-sub-indo/",
    "episode_date": "22 Maret,2019",
    "server": "solidfiles",
    "quality": "360p",
    "data_content": "eyJpZCI6NDA3NjQsImkiOjAsInEiOiIzNjBwIn0=",
    "decoded_data": {
      "id": 40764,
      "i": 0,
      "q": "360p"
    },
    "stream_url": "https://www.solidfiles.com/e/aZaA3qXdpXXex",
    "is_default": false,
    "timestamp": "2025-09-12T09:26:28.500Z"
  },
  {
    "anime_title": "Cross Ange",
    "episode_title": "Cross Ange Episode 9 Subtitle Indonesia",
    "episode_link": "https://otakudesu.best/episode/crag-trr-episode-9-sub-indo/",
    "episode_date": "22 Maret,2019",
    "server": "mp4load",
    "quality": "360p",
    "data_content": "eyJpZCI6NDA3NjQsImkiOjEsInEiOiIzNjBwIn0=",
    "decoded_data": {
      "id": 40764,
      "i": 1,
      "q": "360p"
    },
    "stream_url": "https://www.mp4upload.com/embed-ii30trr1awzc.html",
    "is_default": false,
    "timestamp": "2025-09-12T09:26:28.534Z"
  },
  {
    "anime_title": "Cross Ange",
    "episode_title": "Cross Ange Episode 9 Subtitle Indonesia",
    "episode_link": "https://otakudesu.best/episode/crag-trr-episode-9-sub-indo/",
    "episode_date": "22 Maret,2019",
    "server": "mega",
    "quality": "480p",
    "data_content": "eyJpZCI6NDA3NjQsImkiOjAsInEiOiI0ODBwIn0=",
    "decoded_data": {
      "id": 40764,
      "i": 0,
      "q": "480p"
    },
    "stream_url": "https://mega.nz/embed/#!J9IAHKaB!o19yt-77UM1ONVay3n6T9r7KS4PIgyqGDyvm4EzBfcw",
    "is_default": true,
    "timestamp": "2025-09-12T09:26:28.604Z"
  },
  {
    "anime_title": "Cross Ange",
    "episode_title": "Cross Ange Episode 9 Subtitle Indonesia",
    "episode_link": "https://otakudesu.best/episode/crag-trr-episode-9-sub-indo/",
    "episode_date": "22 Maret,2019",
    "server": "desudrive",
    "quality": "480p",
    "data_content": "eyJpZCI6NDA3NjQsImkiOjEsInEiOiI0ODBwIn0=",
    "decoded_data": {
      "id": 40764,
      "i": 1,
      "q": "480p"
    },
    "stream_url": "https://desustream.info/dstream/desudrive/player.php?id=YnpCeWxKclVPOTFMNG5aTlBOdnVLeStqQlZDTDFERTh0d1ArWjlSVzN3eUx1YmJJUXZWNnNvYnVPaDZqa0s1RQ==",
    "is_default": false,
    "timestamp": "2025-09-12T09:26:29.066Z"
  },
  {
    "anime_title": "Cross Ange",
    "episode_title": "Cross Ange Episode 9 Subtitle Indonesia",
    "episode_link": "https://otakudesu.best/episode/crag-trr-episode-9-sub-indo/",
    "episode_date": "22 Maret,2019",
    "server": "solidfiles",
    "quality": "480p",
    "data_content": "eyJpZCI6NDA3NjQsImkiOjIsInEiOiI0ODBwIn0=",
    "decoded_data": {
      "id": 40764,
      "i": 2,
      "q": "480p"
    },
    "stream_url": "https://www.solidfiles.com/e/gnAZyg66ynvB6",
    "is_default": false,
    "timestamp": "2025-09-12T09:26:29.423Z"
  },
  {
    "anime_title": "Cross Ange",
    "episode_title": "Cross Ange Episode 9 Subtitle Indonesia",
    "episode_link": "https://otakudesu.best/episode/crag-trr-episode-9-sub-indo/",
    "episode_date": "22 Maret,2019",
    "server": "solidfiles",
    "quality": "720p",
    "data_content": "eyJpZCI6NDA3NjQsImkiOjAsInEiOiI3MjBwIn0=",
    "decoded_data": {
      "id": 40764,
      "i": 0,
      "q": "720p"
    },
    "stream_url": "https://www.solidfiles.com/e/ZQ52LndAV44ZQ",
    "is_default": false,
    "timestamp": "2025-09-12T09:26:28.690Z"
  },
  {
    "anime_title": "Cross Ange",
    "episode_title": "Cross Ange Episode 9 Subtitle Indonesia",
    "episode_link": "https://otakudesu.best/episode/crag-trr-episode-9-sub-indo/",
    "episode_date": "22 Maret,2019",
    "server": "yourupload",
    "quality": "720p",
    "data_content": "eyJpZCI6NDA3NjQsImkiOjEsInEiOiI3MjBwIn0=",
    "decoded_data": {
      "id": 40764,
      "i": 1,
      "q": "720p"
    },
    "stream_url": "https://desudrive.com/stream/yuplod.php?id=4RX1DyHqGd5W",
    "is_default": false,
    "timestamp": "2025-09-12T09:26:29.033Z"
  },
  {
    "anime_title": "Cross Ange",
    "episode_title": "Cross Ange Episode 10 Subtitle Indonesia",
    "episode_link": "https://otakudesu.best/episode/crag-trr-episode-10-sub-indo/",
    "episode_date": "22 Maret,2019",
    "server": "solidfiles",
    "quality": "360p",
    "data_content": "eyJpZCI6NDA3NjEsImkiOjAsInEiOiIzNjBwIn0=",
    "decoded_data": {
      "id": 40761,
      "i": 0,
      "q": "360p"
    },
    "stream_url": "https://www.solidfiles.com/e/nGenzYLDMvexv",
    "is_default": false,
    "timestamp": "2025-09-12T09:26:30.069Z"
  },
  {
    "anime_title": "Cross Ange",
    "episode_title": "Cross Ange Episode 10 Subtitle Indonesia",
    "episode_link": "https://otakudesu.best/episode/crag-trr-episode-10-sub-indo/",
    "episode_date": "22 Maret,2019",
    "server": "mp4load",
    "quality": "360p",
    "data_content": "eyJpZCI6NDA3NjEsImkiOjEsInEiOiIzNjBwIn0=",
    "decoded_data": {
      "id": 40761,
      "i": 1,
      "q": "360p"
    },
    "stream_url": "https://www.mp4upload.com/embed-kgm61j65vcid.html",
    "is_default": false,
    "timestamp": "2025-09-12T09:26:30.108Z"
  },
  {
    "anime_title": "Cross Ange",
    "episode_title": "Cross Ange Episode 10 Subtitle Indonesia",
    "episode_link": "https://otakudesu.best/episode/crag-trr-episode-10-sub-indo/",
    "episode_date": "22 Maret,2019",
    "server": "mega",
    "quality": "480p",
    "data_content": "eyJpZCI6NDA3NjEsImkiOjAsInEiOiI0ODBwIn0=",
    "decoded_data": {
      "id": 40761,
      "i": 0,
      "q": "480p"
    },
    "stream_url": "https://mega.nz/embed/#!Q5IyEQhR!EKYzRkN6IsaheIU7pN3noL_50MqQlV0ooD7DrkIdbrY",
    "is_default": true,
    "timestamp": "2025-09-12T09:26:30.163Z"
  },
  {
    "anime_title": "Cross Ange",
    "episode_title": "Cross Ange Episode 10 Subtitle Indonesia",
    "episode_link": "https://otakudesu.best/episode/crag-trr-episode-10-sub-indo/",
    "episode_date": "22 Maret,2019",
    "server": "desudrive",
    "quality": "480p",
    "data_content": "eyJpZCI6NDA3NjEsImkiOjEsInEiOiI0ODBwIn0=",
    "decoded_data": {
      "id": 40761,
      "i": 1,
      "q": "480p"
    },
    "stream_url": "https://desustream.info/dstream/desudrive/player.php?id=YWk1KzYrYkIxYmNYeGhrbzBqK0FPaVJJSjFXWUhXS0JnMlkrclp2ZkdkaFpGK0ZvT2NMeHJGd0JmeHRNN3RKVg==",
    "is_default": false,
    "timestamp": "2025-09-12T09:26:30.214Z"
  },
  {
    "anime_title": "Cross Ange",
    "episode_title": "Cross Ange Episode 10 Subtitle Indonesia",
    "episode_link": "https://otakudesu.best/episode/crag-trr-episode-10-sub-indo/",
    "episode_date": "22 Maret,2019",
    "server": "solidfiles",
    "quality": "480p",
    "data_content": "eyJpZCI6NDA3NjEsImkiOjIsInEiOiI0ODBwIn0=",
    "decoded_data": {
      "id": 40761,
      "i": 2,
      "q": "480p"
    },
    "stream_url": "https://www.solidfiles.com/e/wRNaXn34gPang",
    "is_default": false,
    "timestamp": "2025-09-12T09:26:30.259Z"
  },
  {
    "anime_title": "Cross Ange",
    "episode_title": "Cross Ange Episode 10 Subtitle Indonesia",
    "episode_link": "https://otakudesu.best/episode/crag-trr-episode-10-sub-indo/",
    "episode_date": "22 Maret,2019",
    "server": "solidfiles",
    "quality": "720p",
    "data_content": "eyJpZCI6NDA3NjEsImkiOjAsInEiOiI3MjBwIn0=",
    "decoded_data": {
      "id": 40761,
      "i": 0,
      "q": "720p"
    },
    "stream_url": "https://www.solidfiles.com/e/3P54wWmLBrrpg",
    "is_default": false,
    "timestamp": "2025-09-12T09:26:30.307Z"
  },
  {
    "anime_title": "Cross Ange",
    "episode_title": "Cross Ange Episode 10 Subtitle Indonesia",
    "episode_link": "https://otakudesu.best/episode/crag-trr-episode-10-sub-indo/",
    "episode_date": "22 Maret,2019",
    "server": "yourupload",
    "quality": "720p",
    "data_content": "eyJpZCI6NDA3NjEsImkiOjEsInEiOiI3MjBwIn0=",
    "decoded_data": {
      "id": 40761,
      "i": 1,
      "q": "720p"
    },
    "stream_url": "https://desudrive.com/stream/yuplod.php?id=70056se5v1fI",
    "is_default": false,
    "timestamp": "2025-09-12T09:26:30.553Z"
  },
  {
    "anime_title": "Cross Ange",
    "episode_title": "Cross Ange Episode 10 Subtitle Indonesia",
    "episode_link": "https://otakudesu.best/episode/crag-trr-episode-10-sub-indo/",
    "episode_date": "22 Maret,2019",
    "server": "solidfiles",
    "quality": "360p",
    "data_content": "eyJpZCI6NDA3NjEsImkiOjAsInEiOiIzNjBwIn0=",
    "decoded_data": {
      "id": 40761,
      "i": 0,
      "q": "360p"
    },
    "stream_url": "https://www.solidfiles.com/e/nGenzYLDMvexv",
    "is_default": false,
    "timestamp": "2025-09-12T09:26:30.069Z"
  },
  {
    "anime_title": "Cross Ange",
    "episode_title": "Cross Ange Episode 10 Subtitle Indonesia",
    "episode_link": "https://otakudesu.best/episode/crag-trr-episode-10-sub-indo/",
    "episode_date": "22 Maret,2019",
    "server": "mp4load",
    "quality": "360p",
    "data_content": "eyJpZCI6NDA3NjEsImkiOjEsInEiOiIzNjBwIn0=",
    "decoded_data": {
      "id": 40761,
      "i": 1,
      "q": "360p"
    },
    "stream_url": "https://www.mp4upload.com/embed-kgm61j65vcid.html",
    "is_default": false,
    "timestamp": "2025-09-12T09:26:30.108Z"
  },
  {
    "anime_title": "Cross Ange",
    "episode_title": "Cross Ange Episode 10 Subtitle Indonesia",
    "episode_link": "https://otakudesu.best/episode/crag-trr-episode-10-sub-indo/",
    "episode_date": "22 Maret,2019",
    "server": "mega",
    "quality": "480p",
    "data_content": "eyJpZCI6NDA3NjEsImkiOjAsInEiOiI0ODBwIn0=",
    "decoded_data": {
      "id": 40761,
      "i": 0,
      "q": "480p"
    },
    "stream_url": "https://mega.nz/embed/#!Q5IyEQhR!EKYzRkN6IsaheIU7pN3noL_50MqQlV0ooD7DrkIdbrY",
    "is_default": true,
    "timestamp": "2025-09-12T09:26:30.163Z"
  },
  {
    "anime_title": "Cross Ange",
    "episode_title": "Cross Ange Episode 10 Subtitle Indonesia",
    "episode_link": "https://otakudesu.best/episode/crag-trr-episode-10-sub-indo/",
    "episode_date": "22 Maret,2019",
    "server": "desudrive",
    "quality": "480p",
    "data_content": "eyJpZCI6NDA3NjEsImkiOjEsInEiOiI0ODBwIn0=",
    "decoded_data": {
      "id": 40761,
      "i": 1,
      "q": "480p"
    },
    "stream_url": "https://desustream.info/dstream/desudrive/player.php?id=YWk1KzYrYkIxYmNYeGhrbzBqK0FPaVJJSjFXWUhXS0JnMlkrclp2ZkdkaFpGK0ZvT2NMeHJGd0JmeHRNN3RKVg==",
    "is_default": false,
    "timestamp": "2025-09-12T09:26:30.214Z"
  },
  {
    "anime_title": "Cross Ange",
    "episode_title": "Cross Ange Episode 10 Subtitle Indonesia",
    "episode_link": "https://otakudesu.best/episode/crag-trr-episode-10-sub-indo/",
    "episode_date": "22 Maret,2019",
    "server": "solidfiles",
    "quality": "480p",
    "data_content": "eyJpZCI6NDA3NjEsImkiOjIsInEiOiI0ODBwIn0=",
    "decoded_data": {
      "id": 40761,
      "i": 2,
      "q": "480p"
    },
    "stream_url": "https://www.solidfiles.com/e/wRNaXn34gPang",
    "is_default": false,
    "timestamp": "2025-09-12T09:26:30.259Z"
  },
  {
    "anime_title": "Cross Ange",
    "episode_title": "Cross Ange Episode 10 Subtitle Indonesia",
    "episode_link": "https://otakudesu.best/episode/crag-trr-episode-10-sub-indo/",
    "episode_date": "22 Maret,2019",
    "server": "solidfiles",
    "quality": "720p",
    "data_content": "eyJpZCI6NDA3NjEsImkiOjAsInEiOiI3MjBwIn0=",
    "decoded_data": {
      "id": 40761,
      "i": 0,
      "q": "720p"
    },
    "stream_url": "https://www.solidfiles.com/e/3P54wWmLBrrpg",
    "is_default": false,
    "timestamp": "2025-09-12T09:26:30.307Z"
  },
  {
    "anime_title": "Cross Ange",
    "episode_title": "Cross Ange Episode 10 Subtitle Indonesia",
    "episode_link": "https://otakudesu.best/episode/crag-trr-episode-10-sub-indo/",
    "episode_date": "22 Maret,2019",
    "server": "yourupload",
    "quality": "720p",
    "data_content": "eyJpZCI6NDA3NjEsImkiOjEsInEiOiI3MjBwIn0=",
    "decoded_data": {
      "id": 40761,
      "i": 1,
      "q": "720p"
    },
    "stream_url": "https://desudrive.com/stream/yuplod.php?id=70056se5v1fI",
    "is_default": false,
    "timestamp": "2025-09-12T09:26:30.553Z"
  },
  {
    "anime_title": "Cross Ange",
    "episode_title": "Cross Ange Episode 11 Subtitle Indonesia",
    "episode_link": "https://otakudesu.best/episode/crag-trr-episode-11-sub-indo/",
    "episode_date": "22 Maret,2019",
    "server": "solidfiles",
    "quality": "360p",
    "data_content": "eyJpZCI6NDA3NjIsImkiOjAsInEiOiIzNjBwIn0=",
    "decoded_data": {
      "id": 40762,
      "i": 0,
      "q": "360p"
    },
    "stream_url": "https://www.solidfiles.com/e/Y83GW8RDgKaAn",
    "is_default": false,
    "timestamp": "2025-09-12T09:26:31.225Z"
  },
  {
    "anime_title": "Cross Ange",
    "episode_title": "Cross Ange Episode 11 Subtitle Indonesia",
    "episode_link": "https://otakudesu.best/episode/crag-trr-episode-11-sub-indo/",
    "episode_date": "22 Maret,2019",
    "server": "mp4load",
    "quality": "360p",
    "data_content": "eyJpZCI6NDA3NjIsImkiOjEsInEiOiIzNjBwIn0=",
    "decoded_data": {
      "id": 40762,
      "i": 1,
      "q": "360p"
    },
    "stream_url": "https://www.mp4upload.com/embed-q5f9qqg1dpwo.html",
    "is_default": false,
    "timestamp": "2025-09-12T09:26:31.259Z"
  },
  {
    "anime_title": "Cross Ange",
    "episode_title": "Cross Ange Episode 11 Subtitle Indonesia",
    "episode_link": "https://otakudesu.best/episode/crag-trr-episode-11-sub-indo/",
    "episode_date": "22 Maret,2019",
    "server": "solidfiles",
    "quality": "480p",
    "data_content": "eyJpZCI6NDA3NjIsImkiOjIsInEiOiI0ODBwIn0=",
    "decoded_data": {
      "id": 40762,
      "i": 2,
      "q": "480p"
    },
    "stream_url": "https://www.solidfiles.com/e/wRNaXnyV74z4g",
    "is_default": false,
    "timestamp": "2025-09-12T09:26:31.372Z"
  },
  {
    "anime_title": "Cross Ange",
    "episode_title": "Cross Ange Episode 11 Subtitle Indonesia",
    "episode_link": "https://otakudesu.best/episode/crag-trr-episode-11-sub-indo/",
    "episode_date": "22 Maret,2019",
    "server": "desudrive",
    "quality": "480p",
    "data_content": "eyJpZCI6NDA3NjIsImkiOjEsInEiOiI0ODBwIn0=",
    "decoded_data": {
      "id": 40762,
      "i": 1,
      "q": "480p"
    },
    "stream_url": "https://desustream.info/dstream/desudrive/player.php?id=WGZ3RmdUczFaTWxEY0JBTXl1M3RKdXpwNW9Bc3JJWkR2SGcwMnJ4NTJ0SnJCaUJUbHhzNTU0S1BJU1pHY0hKag==",
    "is_default": false,
    "timestamp": "2025-09-12T09:26:31.404Z"
  },
  {
    "anime_title": "Cross Ange",
    "episode_title": "Cross Ange Episode 11 Subtitle Indonesia",
    "episode_link": "https://otakudesu.best/episode/crag-trr-episode-11-sub-indo/",
    "episode_date": "22 Maret,2019",
    "server": "solidfiles",
    "quality": "720p",
    "data_content": "eyJpZCI6NDA3NjIsImkiOjAsInEiOiI3MjBwIn0=",
    "decoded_data": {
      "id": 40762,
      "i": 0,
      "q": "720p"
    },
    "stream_url": "https://www.solidfiles.com/e/Y83GvA6MnYyzA",
    "is_default": false,
    "timestamp": "2025-09-12T09:26:31.433Z"
  },
  {
    "anime_title": "Cross Ange",
    "episode_title": "Cross Ange Episode 11 Subtitle Indonesia",
    "episode_link": "https://otakudesu.best/episode/crag-trr-episode-11-sub-indo/",
    "episode_date": "22 Maret,2019",
    "server": "yourupload",
    "quality": "720p",
    "data_content": "eyJpZCI6NDA3NjIsImkiOjEsInEiOiI3MjBwIn0=",
    "decoded_data": {
      "id": 40762,
      "i": 1,
      "q": "720p"
    },
    "stream_url": "https://desudrive.com/stream/yuplod.php?id=cLp3JgqUeydW",
    "is_default": false,
    "timestamp": "2025-09-12T09:26:31.463Z"
  },
  {
    "anime_title": "Cross Ange",
    "episode_title": "Cross Ange Episode 11 Subtitle Indonesia",
    "episode_link": "https://otakudesu.best/episode/crag-trr-episode-11-sub-indo/",
    "episode_date": "22 Maret,2019",
    "server": "mega",
    "quality": "480p",
    "data_content": "eyJpZCI6NDA3NjIsImkiOjAsInEiOiI0ODBwIn0=",
    "decoded_data": {
      "id": 40762,
      "i": 0,
      "q": "480p"
    },
    "stream_url": "https://mega.nz/embed/#!4xZEWK7K!V3Ti-IYNDQbyWM5CsNv-najzcivQqEqHuVRCXM0SJz8",
    "is_default": true,
    "timestamp": "2025-09-12T09:26:31.588Z"
  },
  {
    "anime_title": "Cross Ange",
    "episode_title": "Cross Ange Episode 11 Subtitle Indonesia",
    "episode_link": "https://otakudesu.best/episode/crag-trr-episode-11-sub-indo/",
    "episode_date": "22 Maret,2019",
    "server": "solidfiles",
    "quality": "360p",
    "data_content": "eyJpZCI6NDA3NjIsImkiOjAsInEiOiIzNjBwIn0=",
    "decoded_data": {
      "id": 40762,
      "i": 0,
      "q": "360p"
    },
    "stream_url": "https://www.solidfiles.com/e/Y83GW8RDgKaAn",
    "is_default": false,
    "timestamp": "2025-09-12T09:26:31.225Z"
  },
  {
    "anime_title": "Cross Ange",
    "episode_title": "Cross Ange Episode 11 Subtitle Indonesia",
    "episode_link": "https://otakudesu.best/episode/crag-trr-episode-11-sub-indo/",
    "episode_date": "22 Maret,2019",
    "server": "mp4load",
    "quality": "360p",
    "data_content": "eyJpZCI6NDA3NjIsImkiOjEsInEiOiIzNjBwIn0=",
    "decoded_data": {
      "id": 40762,
      "i": 1,
      "q": "360p"
    },
    "stream_url": "https://www.mp4upload.com/embed-q5f9qqg1dpwo.html",
    "is_default": false,
    "timestamp": "2025-09-12T09:26:31.259Z"
  },
  {
    "anime_title": "Cross Ange",
    "episode_title": "Cross Ange Episode 11 Subtitle Indonesia",
    "episode_link": "https://otakudesu.best/episode/crag-trr-episode-11-sub-indo/",
    "episode_date": "22 Maret,2019",
    "server": "mega",
    "quality": "480p",
    "data_content": "eyJpZCI6NDA3NjIsImkiOjAsInEiOiI0ODBwIn0=",
    "decoded_data": {
      "id": 40762,
      "i": 0,
      "q": "480p"
    },
    "stream_url": "https://mega.nz/embed/#!4xZEWK7K!V3Ti-IYNDQbyWM5CsNv-najzcivQqEqHuVRCXM0SJz8",
    "is_default": true,
    "timestamp": "2025-09-12T09:26:31.588Z"
  },
  {
    "anime_title": "Cross Ange",
    "episode_title": "Cross Ange Episode 11 Subtitle Indonesia",
    "episode_link": "https://otakudesu.best/episode/crag-trr-episode-11-sub-indo/",
    "episode_date": "22 Maret,2019",
    "server": "desudrive",
    "quality": "480p",
    "data_content": "eyJpZCI6NDA3NjIsImkiOjEsInEiOiI0ODBwIn0=",
    "decoded_data": {
      "id": 40762,
      "i": 1,
      "q": "480p"
    },
    "stream_url": "https://desustream.info/dstream/desudrive/player.php?id=WGZ3RmdUczFaTWxEY0JBTXl1M3RKdXpwNW9Bc3JJWkR2SGcwMnJ4NTJ0SnJCaUJUbHhzNTU0S1BJU1pHY0hKag==",
    "is_default": false,
    "timestamp": "2025-09-12T09:26:31.404Z"
  },
  {
    "anime_title": "Cross Ange",
    "episode_title": "Cross Ange Episode 11 Subtitle Indonesia",
    "episode_link": "https://otakudesu.best/episode/crag-trr-episode-11-sub-indo/",
    "episode_date": "22 Maret,2019",
    "server": "solidfiles",
    "quality": "480p",
    "data_content": "eyJpZCI6NDA3NjIsImkiOjIsInEiOiI0ODBwIn0=",
    "decoded_data": {
      "id": 40762,
      "i": 2,
      "q": "480p"
    },
    "stream_url": "https://www.solidfiles.com/e/wRNaXnyV74z4g",
    "is_default": false,
    "timestamp": "2025-09-12T09:26:31.372Z"
  },
  {
    "anime_title": "Cross Ange",
    "episode_title": "Cross Ange Episode 11 Subtitle Indonesia",
    "episode_link": "https://otakudesu.best/episode/crag-trr-episode-11-sub-indo/",
    "episode_date": "22 Maret,2019",
    "server": "solidfiles",
    "quality": "720p",
    "data_content": "eyJpZCI6NDA3NjIsImkiOjAsInEiOiI3MjBwIn0=",
    "decoded_data": {
      "id": 40762,
      "i": 0,
      "q": "720p"
    },
    "stream_url": "https://www.solidfiles.com/e/Y83GvA6MnYyzA",
    "is_default": false,
    "timestamp": "2025-09-12T09:26:31.433Z"
  },
  {
    "anime_title": "Cross Ange",
    "episode_title": "Cross Ange Episode 11 Subtitle Indonesia",
    "episode_link": "https://otakudesu.best/episode/crag-trr-episode-11-sub-indo/",
    "episode_date": "22 Maret,2019",
    "server": "yourupload",
    "quality": "720p",
    "data_content": "eyJpZCI6NDA3NjIsImkiOjEsInEiOiI3MjBwIn0=",
    "decoded_data": {
      "id": 40762,
      "i": 1,
      "q": "720p"
    },
    "stream_url": "https://desudrive.com/stream/yuplod.php?id=cLp3JgqUeydW",
    "is_default": false,
    "timestamp": "2025-09-12T09:26:31.463Z"
  },
  {
    "anime_title": "Cross Ange",
    "episode_title": "Cross Ange Episode 12 Subtitle Indonesia",
    "episode_link": "https://otakudesu.best/episode/crag-trr-episode-12-sub-indo/",
    "episode_date": "22 Maret,2019",
    "server": "solidfiles",
    "quality": "360p",
    "data_content": "eyJpZCI6NDA3NjMsImkiOjAsInEiOiIzNjBwIn0=",
    "decoded_data": {
      "id": 40763,
      "i": 0,
      "q": "360p"
    },
    "stream_url": "https://www.solidfiles.com/e/M2wNL2LPkZnzB",
    "is_default": false,
    "timestamp": "2025-09-12T09:26:32.676Z"
  },
  {
    "anime_title": "Cross Ange",
    "episode_title": "Cross Ange Episode 12 Subtitle Indonesia",
    "episode_link": "https://otakudesu.best/episode/crag-trr-episode-12-sub-indo/",
    "episode_date": "22 Maret,2019",
    "server": "mp4load",
    "quality": "360p",
    "data_content": "eyJpZCI6NDA3NjMsImkiOjEsInEiOiIzNjBwIn0=",
    "decoded_data": {
      "id": 40763,
      "i": 1,
      "q": "360p"
    },
    "stream_url": "https://www.mp4upload.com/embed-f29fcif9nkvb.html",
    "is_default": false,
    "timestamp": "2025-09-12T09:26:32.710Z"
  },
  {
    "anime_title": "Cross Ange",
    "episode_title": "Cross Ange Episode 12 Subtitle Indonesia",
    "episode_link": "https://otakudesu.best/episode/crag-trr-episode-12-sub-indo/",
    "episode_date": "22 Maret,2019",
    "server": "mega",
    "quality": "480p",
    "data_content": "eyJpZCI6NDA3NjMsImkiOjAsInEiOiI0ODBwIn0=",
    "decoded_data": {
      "id": 40763,
      "i": 0,
      "q": "480p"
    },
    "stream_url": "https://mega.nz/embed/#!d8JUhSLS!lgZeoWr7Bn22YO8v9SecFHlCyQdC8jCRuzseQCWvTg0",
    "is_default": true,
    "timestamp": "2025-09-12T09:26:32.743Z"
  },
  {
    "anime_title": "Cross Ange",
    "episode_title": "Cross Ange Episode 12 Subtitle Indonesia",
    "episode_link": "https://otakudesu.best/episode/crag-trr-episode-12-sub-indo/",
    "episode_date": "22 Maret,2019",
    "server": "desudrive",
    "quality": "480p",
    "data_content": "eyJpZCI6NDA3NjMsImkiOjEsInEiOiI0ODBwIn0=",
    "decoded_data": {
      "id": 40763,
      "i": 1,
      "q": "480p"
    },
    "stream_url": "https://desustream.info/dstream/desudrive/player.php?id=UXZzM0lIN3k4Ni94Q2hMS1V1WjdiL3RmQ0dzQ09NbXBGeTQwV0w1M1N0TkxISkovMjAxYjJYN1NyeFExZzBFeg==",
    "is_default": false,
    "timestamp": "2025-09-12T09:26:32.790Z"
  },
  {
    "anime_title": "Cross Ange",
    "episode_title": "Cross Ange Episode 12 Subtitle Indonesia",
    "episode_link": "https://otakudesu.best/episode/crag-trr-episode-12-sub-indo/",
    "episode_date": "22 Maret,2019",
    "server": "solidfiles",
    "quality": "720p",
    "data_content": "eyJpZCI6NDA3NjMsImkiOjAsInEiOiI3MjBwIn0=",
    "decoded_data": {
      "id": 40763,
      "i": 0,
      "q": "720p"
    },
    "stream_url": "https://www.solidfiles.com/e/QdWeD4gB87q7R",
    "is_default": false,
    "timestamp": "2025-09-12T09:26:32.898Z"
  },
  {
    "anime_title": "Cross Ange",
    "episode_title": "Cross Ange Episode 12 Subtitle Indonesia",
    "episode_link": "https://otakudesu.best/episode/crag-trr-episode-12-sub-indo/",
    "episode_date": "22 Maret,2019",
    "server": "yourupload",
    "quality": "720p",
    "data_content": "eyJpZCI6NDA3NjMsImkiOjEsInEiOiI3MjBwIn0=",
    "decoded_data": {
      "id": 40763,
      "i": 1,
      "q": "720p"
    },
    "stream_url": "https://desudrive.com/stream/yuplod.php?id=26K8MR8u61ty",
    "is_default": false,
    "timestamp": "2025-09-12T09:26:32.976Z"
  },
  {
    "anime_title": "Cross Ange",
    "episode_title": "Cross Ange Episode 12 Subtitle Indonesia",
    "episode_link": "https://otakudesu.best/episode/crag-trr-episode-12-sub-indo/",
    "episode_date": "22 Maret,2019",
    "server": "solidfiles",
    "quality": "480p",
    "data_content": "eyJpZCI6NDA3NjMsImkiOjIsInEiOiI0ODBwIn0=",
    "decoded_data": {
      "id": 40763,
      "i": 2,
      "q": "480p"
    },
    "stream_url": "https://www.solidfiles.com/e/mX6eyeQBRLQY2",
    "is_default": false,
    "timestamp": "2025-09-12T09:26:33.142Z"
  },
  {
    "anime_title": "Cross Ange",
    "episode_title": "Cross Ange Episode 12 Subtitle Indonesia",
    "episode_link": "https://otakudesu.best/episode/crag-trr-episode-12-sub-indo/",
    "episode_date": "22 Maret,2019",
    "server": "solidfiles",
    "quality": "360p",
    "data_content": "eyJpZCI6NDA3NjMsImkiOjAsInEiOiIzNjBwIn0=",
    "decoded_data": {
      "id": 40763,
      "i": 0,
      "q": "360p"
    },
    "stream_url": "https://www.solidfiles.com/e/M2wNL2LPkZnzB",
    "is_default": false,
    "timestamp": "2025-09-12T09:26:32.676Z"
  },
  {
    "anime_title": "Cross Ange",
    "episode_title": "Cross Ange Episode 12 Subtitle Indonesia",
    "episode_link": "https://otakudesu.best/episode/crag-trr-episode-12-sub-indo/",
    "episode_date": "22 Maret,2019",
    "server": "mp4load",
    "quality": "360p",
    "data_content": "eyJpZCI6NDA3NjMsImkiOjEsInEiOiIzNjBwIn0=",
    "decoded_data": {
      "id": 40763,
      "i": 1,
      "q": "360p"
    },
    "stream_url": "https://www.mp4upload.com/embed-f29fcif9nkvb.html",
    "is_default": false,
    "timestamp": "2025-09-12T09:26:32.710Z"
  },
  {
    "anime_title": "Cross Ange",
    "episode_title": "Cross Ange Episode 12 Subtitle Indonesia",
    "episode_link": "https://otakudesu.best/episode/crag-trr-episode-12-sub-indo/",
    "episode_date": "22 Maret,2019",
    "server": "mega",
    "quality": "480p",
    "data_content": "eyJpZCI6NDA3NjMsImkiOjAsInEiOiI0ODBwIn0=",
    "decoded_data": {
      "id": 40763,
      "i": 0,
      "q": "480p"
    },
    "stream_url": "https://mega.nz/embed/#!d8JUhSLS!lgZeoWr7Bn22YO8v9SecFHlCyQdC8jCRuzseQCWvTg0",
    "is_default": true,
    "timestamp": "2025-09-12T09:26:32.743Z"
  },
  {
    "anime_title": "Cross Ange",
    "episode_title": "Cross Ange Episode 12 Subtitle Indonesia",
    "episode_link": "https://otakudesu.best/episode/crag-trr-episode-12-sub-indo/",
    "episode_date": "22 Maret,2019",
    "server": "desudrive",
    "quality": "480p",
    "data_content": "eyJpZCI6NDA3NjMsImkiOjEsInEiOiI0ODBwIn0=",
    "decoded_data": {
      "id": 40763,
      "i": 1,
      "q": "480p"
    },
    "stream_url": "https://desustream.info/dstream/desudrive/player.php?id=UXZzM0lIN3k4Ni94Q2hMS1V1WjdiL3RmQ0dzQ09NbXBGeTQwV0w1M1N0TkxISkovMjAxYjJYN1NyeFExZzBFeg==",
    "is_default": false,
    "timestamp": "2025-09-12T09:26:32.790Z"
  },
  {
    "anime_title": "Cross Ange",
    "episode_title": "Cross Ange Episode 12 Subtitle Indonesia",
    "episode_link": "https://otakudesu.best/episode/crag-trr-episode-12-sub-indo/",
    "episode_date": "22 Maret,2019",
    "server": "solidfiles",
    "quality": "480p",
    "data_content": "eyJpZCI6NDA3NjMsImkiOjIsInEiOiI0ODBwIn0=",
    "decoded_data": {
      "id": 40763,
      "i": 2,
      "q": "480p"
    },
    "stream_url": "https://www.solidfiles.com/e/mX6eyeQBRLQY2",
    "is_default": false,
    "timestamp": "2025-09-12T09:26:33.142Z"
  },
  {
    "anime_title": "Cross Ange",
    "episode_title": "Cross Ange Episode 12 Subtitle Indonesia",
    "episode_link": "https://otakudesu.best/episode/crag-trr-episode-12-sub-indo/",
    "episode_date": "22 Maret,2019",
    "server": "solidfiles",
    "quality": "720p",
    "data_content": "eyJpZCI6NDA3NjMsImkiOjAsInEiOiI3MjBwIn0=",
    "decoded_data": {
      "id": 40763,
      "i": 0,
      "q": "720p"
    },
    "stream_url": "https://www.solidfiles.com/e/QdWeD4gB87q7R",
    "is_default": false,
    "timestamp": "2025-09-12T09:26:32.898Z"
  },
  {
    "anime_title": "Cross Ange",
    "episode_title": "Cross Ange Episode 12 Subtitle Indonesia",
    "episode_link": "https://otakudesu.best/episode/crag-trr-episode-12-sub-indo/",
    "episode_date": "22 Maret,2019",
    "server": "yourupload",
    "quality": "720p",
    "data_content": "eyJpZCI6NDA3NjMsImkiOjEsInEiOiI3MjBwIn0=",
    "decoded_data": {
      "id": 40763,
      "i": 1,
      "q": "720p"
    },
    "stream_url": "https://desudrive.com/stream/yuplod.php?id=26K8MR8u61ty",
    "is_default": false,
    "timestamp": "2025-09-12T09:26:32.976Z"
  },
  {
    "anime_title": "Cross Ange",
    "episode_title": "Cross Ange Episode 13 Subtitle Indonesia",
    "episode_link": "https://otakudesu.best/episode/crag-trr-episode-13-sub-indo/",
    "episode_date": "22 Maret,2019",
    "server": "solidfiles",
    "quality": "360p",
    "data_content": "eyJpZCI6NDA3NzIsImkiOjAsInEiOiIzNjBwIn0=",
    "decoded_data": {
      "id": 40772,
      "i": 0,
      "q": "360p"
    },
    "stream_url": "https://www.solidfiles.com/e/xKWvjZ3G6jjnp",
    "is_default": false,
    "timestamp": "2025-09-12T09:26:33.998Z"
  },
  {
    "anime_title": "Cross Ange",
    "episode_title": "Cross Ange Episode 13 Subtitle Indonesia",
    "episode_link": "https://otakudesu.best/episode/crag-trr-episode-13-sub-indo/",
    "episode_date": "22 Maret,2019",
    "server": "mp4load",
    "quality": "360p",
    "data_content": "eyJpZCI6NDA3NzIsImkiOjEsInEiOiIzNjBwIn0=",
    "decoded_data": {
      "id": 40772,
      "i": 1,
      "q": "360p"
    },
    "stream_url": "https://www.mp4upload.com/embed-1q9ceq0keker.html",
    "is_default": false,
    "timestamp": "2025-09-12T09:26:34.047Z"
  },
  {
    "anime_title": "Cross Ange",
    "episode_title": "Cross Ange Episode 13 Subtitle Indonesia",
    "episode_link": "https://otakudesu.best/episode/crag-trr-episode-13-sub-indo/",
    "episode_date": "22 Maret,2019",
    "server": "mega",
    "quality": "480p",
    "data_content": "eyJpZCI6NDA3NzIsImkiOjAsInEiOiI0ODBwIn0=",
    "decoded_data": {
      "id": 40772,
      "i": 0,
      "q": "480p"
    },
    "stream_url": "https://mega.nz/embed/#!RlJg2ahA!U8PBPPzv_B5cQPckZmdZwEUxFTYwCRE8hT1EONZ9Jo0",
    "is_default": true,
    "timestamp": "2025-09-12T09:26:34.090Z"
  },
  {
    "anime_title": "Cross Ange",
    "episode_title": "Cross Ange Episode 13 Subtitle Indonesia",
    "episode_link": "https://otakudesu.best/episode/crag-trr-episode-13-sub-indo/",
    "episode_date": "22 Maret,2019",
    "server": "desudrive",
    "quality": "480p",
    "data_content": "eyJpZCI6NDA3NzIsImkiOjEsInEiOiI0ODBwIn0=",
    "decoded_data": {
      "id": 40772,
      "i": 1,
      "q": "480p"
    },
    "stream_url": "https://desustream.info/dstream/desudrive/player.php?id=RDhtTXJXdUNkM1ljOC9ORzdzS204cUJSQjVzaXJSTXJxWjRheWsxaDhKbFd0Sm9pekppQ0cwd3F0eWpCb1QwSw==",
    "is_default": false,
    "timestamp": "2025-09-12T09:26:34.120Z"
  },
  {
    "anime_title": "Cross Ange",
    "episode_title": "Cross Ange Episode 13 Subtitle Indonesia",
    "episode_link": "https://otakudesu.best/episode/crag-trr-episode-13-sub-indo/",
    "episode_date": "22 Maret,2019",
    "server": "solidfiles",
    "quality": "480p",
    "data_content": "eyJpZCI6NDA3NzIsImkiOjIsInEiOiI0ODBwIn0=",
    "decoded_data": {
      "id": 40772,
      "i": 2,
      "q": "480p"
    },
    "stream_url": "https://www.solidfiles.com/e/M2wN4mMzDwp7d",
    "is_default": false,
    "timestamp": "2025-09-12T09:26:34.152Z"
  },
  {
    "anime_title": "Cross Ange",
    "episode_title": "Cross Ange Episode 13 Subtitle Indonesia",
    "episode_link": "https://otakudesu.best/episode/crag-trr-episode-13-sub-indo/",
    "episode_date": "22 Maret,2019",
    "server": "solidfiles",
    "quality": "720p",
    "data_content": "eyJpZCI6NDA3NzIsImkiOjAsInEiOiI3MjBwIn0=",
    "decoded_data": {
      "id": 40772,
      "i": 0,
      "q": "720p"
    },
    "stream_url": "https://www.solidfiles.com/e/L5r4VgVnyj3nz",
    "is_default": false,
    "timestamp": "2025-09-12T09:26:34.192Z"
  },
  {
    "anime_title": "Cross Ange",
    "episode_title": "Cross Ange Episode 13 Subtitle Indonesia",
    "episode_link": "https://otakudesu.best/episode/crag-trr-episode-13-sub-indo/",
    "episode_date": "22 Maret,2019",
    "server": "yourupload",
    "quality": "720p",
    "data_content": "eyJpZCI6NDA3NzIsImkiOjEsInEiOiI3MjBwIn0=",
    "decoded_data": {
      "id": 40772,
      "i": 1,
      "q": "720p"
    },
    "stream_url": "https://desudrive.com/stream/yuplod.php?id=n8fOA01F112i",
    "is_default": false,
    "timestamp": "2025-09-12T09:26:34.234Z"
  },
  {
    "anime_title": "Cross Ange",
    "episode_title": "Cross Ange Episode 13 Subtitle Indonesia",
    "episode_link": "https://otakudesu.best/episode/crag-trr-episode-13-sub-indo/",
    "episode_date": "22 Maret,2019",
    "server": "solidfiles",
    "quality": "360p",
    "data_content": "eyJpZCI6NDA3NzIsImkiOjAsInEiOiIzNjBwIn0=",
    "decoded_data": {
      "id": 40772,
      "i": 0,
      "q": "360p"
    },
    "stream_url": "https://www.solidfiles.com/e/xKWvjZ3G6jjnp",
    "is_default": false,
    "timestamp": "2025-09-12T09:26:33.998Z"
  },
  {
    "anime_title": "Cross Ange",
    "episode_title": "Cross Ange Episode 13 Subtitle Indonesia",
    "episode_link": "https://otakudesu.best/episode/crag-trr-episode-13-sub-indo/",
    "episode_date": "22 Maret,2019",
    "server": "mp4load",
    "quality": "360p",
    "data_content": "eyJpZCI6NDA3NzIsImkiOjEsInEiOiIzNjBwIn0=",
    "decoded_data": {
      "id": 40772,
      "i": 1,
      "q": "360p"
    },
    "stream_url": "https://www.mp4upload.com/embed-1q9ceq0keker.html",
    "is_default": false,
    "timestamp": "2025-09-12T09:26:34.047Z"
  },
  {
    "anime_title": "Cross Ange",
    "episode_title": "Cross Ange Episode 13 Subtitle Indonesia",
    "episode_link": "https://otakudesu.best/episode/crag-trr-episode-13-sub-indo/",
    "episode_date": "22 Maret,2019",
    "server": "mega",
    "quality": "480p",
    "data_content": "eyJpZCI6NDA3NzIsImkiOjAsInEiOiI0ODBwIn0=",
    "decoded_data": {
      "id": 40772,
      "i": 0,
      "q": "480p"
    },
    "stream_url": "https://mega.nz/embed/#!RlJg2ahA!U8PBPPzv_B5cQPckZmdZwEUxFTYwCRE8hT1EONZ9Jo0",
    "is_default": true,
    "timestamp": "2025-09-12T09:26:34.090Z"
  },
  {
    "anime_title": "Cross Ange",
    "episode_title": "Cross Ange Episode 13 Subtitle Indonesia",
    "episode_link": "https://otakudesu.best/episode/crag-trr-episode-13-sub-indo/",
    "episode_date": "22 Maret,2019",
    "server": "desudrive",
    "quality": "480p",
    "data_content": "eyJpZCI6NDA3NzIsImkiOjEsInEiOiI0ODBwIn0=",
    "decoded_data": {
      "id": 40772,
      "i": 1,
      "q": "480p"
    },
    "stream_url": "https://desustream.info/dstream/desudrive/player.php?id=RDhtTXJXdUNkM1ljOC9ORzdzS204cUJSQjVzaXJSTXJxWjRheWsxaDhKbFd0Sm9pekppQ0cwd3F0eWpCb1QwSw==",
    "is_default": false,
    "timestamp": "2025-09-12T09:26:34.120Z"
  },
  {
    "anime_title": "Cross Ange",
    "episode_title": "Cross Ange Episode 13 Subtitle Indonesia",
    "episode_link": "https://otakudesu.best/episode/crag-trr-episode-13-sub-indo/",
    "episode_date": "22 Maret,2019",
    "server": "solidfiles",
    "quality": "480p",
    "data_content": "eyJpZCI6NDA3NzIsImkiOjIsInEiOiI0ODBwIn0=",
    "decoded_data": {
      "id": 40772,
      "i": 2,
      "q": "480p"
    },
    "stream_url": "https://www.solidfiles.com/e/M2wN4mMzDwp7d",
    "is_default": false,
    "timestamp": "2025-09-12T09:26:34.152Z"
  },
  {
    "anime_title": "Cross Ange",
    "episode_title": "Cross Ange Episode 13 Subtitle Indonesia",
    "episode_link": "https://otakudesu.best/episode/crag-trr-episode-13-sub-indo/",
    "episode_date": "22 Maret,2019",
    "server": "solidfiles",
    "quality": "720p",
    "data_content": "eyJpZCI6NDA3NzIsImkiOjAsInEiOiI3MjBwIn0=",
    "decoded_data": {
      "id": 40772,
      "i": 0,
      "q": "720p"
    },
    "stream_url": "https://www.solidfiles.com/e/L5r4VgVnyj3nz",
    "is_default": false,
    "timestamp": "2025-09-12T09:26:34.192Z"
  },
  {
    "anime_title": "Cross Ange",
    "episode_title": "Cross Ange Episode 13 Subtitle Indonesia",
    "episode_link": "https://otakudesu.best/episode/crag-trr-episode-13-sub-indo/",
    "episode_date": "22 Maret,2019",
    "server": "yourupload",
    "quality": "720p",
    "data_content": "eyJpZCI6NDA3NzIsImkiOjEsInEiOiI3MjBwIn0=",
    "decoded_data": {
      "id": 40772,
      "i": 1,
      "q": "720p"
    },
    "stream_url": "https://desudrive.com/stream/yuplod.php?id=n8fOA01F112i",
    "is_default": false,
    "timestamp": "2025-09-12T09:26:34.234Z"
  },
  {
    "anime_title": "Cross Ange",
    "episode_title": "Cross Ange Episode 14 Subtitle Indonesia",
    "episode_link": "https://otakudesu.best/episode/crag-trr-episode-14-sub-indo/",
    "episode_date": "22 Maret,2019",
    "server": "solidfiles",
    "quality": "360p",
    "data_content": "eyJpZCI6NDA3NjksImkiOjAsInEiOiIzNjBwIn0=",
    "decoded_data": {
      "id": 40769,
      "i": 0,
      "q": "360p"
    },
    "stream_url": "https://www.solidfiles.com/e/GGk4LvVVMM4Y4",
    "is_default": false,
    "timestamp": "2025-09-12T09:26:34.903Z"
  },
  {
    "anime_title": "Cross Ange",
    "episode_title": "Cross Ange Episode 14 Subtitle Indonesia",
    "episode_link": "https://otakudesu.best/episode/crag-trr-episode-14-sub-indo/",
    "episode_date": "22 Maret,2019",
    "server": "mp4load",
    "quality": "360p",
    "data_content": "eyJpZCI6NDA3NjksImkiOjEsInEiOiIzNjBwIn0=",
    "decoded_data": {
      "id": 40769,
      "i": 1,
      "q": "360p"
    },
    "stream_url": "https://www.mp4upload.com/embed-6hmzxsy5oqov.html",
    "is_default": false,
    "timestamp": "2025-09-12T09:26:34.953Z"
  },
  {
    "anime_title": "Cross Ange",
    "episode_title": "Cross Ange Episode 14 Subtitle Indonesia",
    "episode_link": "https://otakudesu.best/episode/crag-trr-episode-14-sub-indo/",
    "episode_date": "22 Maret,2019",
    "server": "mega",
    "quality": "480p",
    "data_content": "eyJpZCI6NDA3NjksImkiOjAsInEiOiI0ODBwIn0=",
    "decoded_data": {
      "id": 40769,
      "i": 0,
      "q": "480p"
    },
    "stream_url": "https://mega.nz/embed/#!ctBCHCrI!F9bW-1sb63Bg-0VuLn8pxUccMcaNGAck-h2_LDAaJyg",
    "is_default": true,
    "timestamp": "2025-09-12T09:26:34.984Z"
  },
  {
    "anime_title": "Cross Ange",
    "episode_title": "Cross Ange Episode 14 Subtitle Indonesia",
    "episode_link": "https://otakudesu.best/episode/crag-trr-episode-14-sub-indo/",
    "episode_date": "22 Maret,2019",
    "server": "desudrive",
    "quality": "480p",
    "data_content": "eyJpZCI6NDA3NjksImkiOjEsInEiOiI0ODBwIn0=",
    "decoded_data": {
      "id": 40769,
      "i": 1,
      "q": "480p"
    },
    "stream_url": "https://desustream.info/dstream/desudrive/player.php?id=ZkRyNVp1Vis1cmtQcm9kMFRyQzhla212MkdoYzlqYWNPSDN5UmdpNEhQK0lxOTg3SEd5bmo1QWh0MHpKZlVkVw==",
    "is_default": false,
    "timestamp": "2025-09-12T09:26:35.019Z"
  },
  {
    "anime_title": "Cross Ange",
    "episode_title": "Cross Ange Episode 14 Subtitle Indonesia",
    "episode_link": "https://otakudesu.best/episode/crag-trr-episode-14-sub-indo/",
    "episode_date": "22 Maret,2019",
    "server": "solidfiles",
    "quality": "480p",
    "data_content": "eyJpZCI6NDA3NjksImkiOjIsInEiOiI0ODBwIn0=",
    "decoded_data": {
      "id": 40769,
      "i": 2,
      "q": "480p"
    },
    "stream_url": "https://www.solidfiles.com/e/wRNaXmjK7VgYX",
    "is_default": false,
    "timestamp": "2025-09-12T09:26:35.068Z"
  },
  {
    "anime_title": "Cross Ange",
    "episode_title": "Cross Ange Episode 14 Subtitle Indonesia",
    "episode_link": "https://otakudesu.best/episode/crag-trr-episode-14-sub-indo/",
    "episode_date": "22 Maret,2019",
    "server": "solidfiles",
    "quality": "720p",
    "data_content": "eyJpZCI6NDA3NjksImkiOjAsInEiOiI3MjBwIn0=",
    "decoded_data": {
      "id": 40769,
      "i": 0,
      "q": "720p"
    },
    "stream_url": "https://www.solidfiles.com/e/6agL6QYe4wvgW",
    "is_default": false,
    "timestamp": "2025-09-12T09:26:35.103Z"
  },
  {
    "anime_title": "Cross Ange",
    "episode_title": "Cross Ange Episode 14 Subtitle Indonesia",
    "episode_link": "https://otakudesu.best/episode/crag-trr-episode-14-sub-indo/",
    "episode_date": "22 Maret,2019",
    "server": "yourupload",
    "quality": "720p",
    "data_content": "eyJpZCI6NDA3NjksImkiOjEsInEiOiI3MjBwIn0=",
    "decoded_data": {
      "id": 40769,
      "i": 1,
      "q": "720p"
    },
    "stream_url": "https://desudrive.com/stream/yuplod.php?id=TR3uCwB0wc33",
    "is_default": false,
    "timestamp": "2025-09-12T09:26:35.137Z"
  },
  {
    "anime_title": "Cross Ange",
    "episode_title": "Cross Ange Episode 14 Subtitle Indonesia",
    "episode_link": "https://otakudesu.best/episode/crag-trr-episode-14-sub-indo/",
    "episode_date": "22 Maret,2019",
    "server": "solidfiles",
    "quality": "360p",
    "data_content": "eyJpZCI6NDA3NjksImkiOjAsInEiOiIzNjBwIn0=",
    "decoded_data": {
      "id": 40769,
      "i": 0,
      "q": "360p"
    },
    "stream_url": "https://www.solidfiles.com/e/GGk4LvVVMM4Y4",
    "is_default": false,
    "timestamp": "2025-09-12T09:26:34.903Z"
  },
  {
    "anime_title": "Cross Ange",
    "episode_title": "Cross Ange Episode 14 Subtitle Indonesia",
    "episode_link": "https://otakudesu.best/episode/crag-trr-episode-14-sub-indo/",
    "episode_date": "22 Maret,2019",
    "server": "mp4load",
    "quality": "360p",
    "data_content": "eyJpZCI6NDA3NjksImkiOjEsInEiOiIzNjBwIn0=",
    "decoded_data": {
      "id": 40769,
      "i": 1,
      "q": "360p"
    },
    "stream_url": "https://www.mp4upload.com/embed-6hmzxsy5oqov.html",
    "is_default": false,
    "timestamp": "2025-09-12T09:26:34.953Z"
  },
  {
    "anime_title": "Cross Ange",
    "episode_title": "Cross Ange Episode 14 Subtitle Indonesia",
    "episode_link": "https://otakudesu.best/episode/crag-trr-episode-14-sub-indo/",
    "episode_date": "22 Maret,2019",
    "server": "mega",
    "quality": "480p",
    "data_content": "eyJpZCI6NDA3NjksImkiOjAsInEiOiI0ODBwIn0=",
    "decoded_data": {
      "id": 40769,
      "i": 0,
      "q": "480p"
    },
    "stream_url": "https://mega.nz/embed/#!ctBCHCrI!F9bW-1sb63Bg-0VuLn8pxUccMcaNGAck-h2_LDAaJyg",
    "is_default": true,
    "timestamp": "2025-09-12T09:26:34.984Z"
  },
  {
    "anime_title": "Cross Ange",
    "episode_title": "Cross Ange Episode 14 Subtitle Indonesia",
    "episode_link": "https://otakudesu.best/episode/crag-trr-episode-14-sub-indo/",
    "episode_date": "22 Maret,2019",
    "server": "desudrive",
    "quality": "480p",
    "data_content": "eyJpZCI6NDA3NjksImkiOjEsInEiOiI0ODBwIn0=",
    "decoded_data": {
      "id": 40769,
      "i": 1,
      "q": "480p"
    },
    "stream_url": "https://desustream.info/dstream/desudrive/player.php?id=ZkRyNVp1Vis1cmtQcm9kMFRyQzhla212MkdoYzlqYWNPSDN5UmdpNEhQK0lxOTg3SEd5bmo1QWh0MHpKZlVkVw==",
    "is_default": false,
    "timestamp": "2025-09-12T09:26:35.019Z"
  },
  {
    "anime_title": "Cross Ange",
    "episode_title": "Cross Ange Episode 14 Subtitle Indonesia",
    "episode_link": "https://otakudesu.best/episode/crag-trr-episode-14-sub-indo/",
    "episode_date": "22 Maret,2019",
    "server": "solidfiles",
    "quality": "480p",
    "data_content": "eyJpZCI6NDA3NjksImkiOjIsInEiOiI0ODBwIn0=",
    "decoded_data": {
      "id": 40769,
      "i": 2,
      "q": "480p"
    },
    "stream_url": "https://www.solidfiles.com/e/wRNaXmjK7VgYX",
    "is_default": false,
    "timestamp": "2025-09-12T09:26:35.068Z"
  },
  {
    "anime_title": "Cross Ange",
    "episode_title": "Cross Ange Episode 14 Subtitle Indonesia",
    "episode_link": "https://otakudesu.best/episode/crag-trr-episode-14-sub-indo/",
    "episode_date": "22 Maret,2019",
    "server": "solidfiles",
    "quality": "720p",
    "data_content": "eyJpZCI6NDA3NjksImkiOjAsInEiOiI3MjBwIn0=",
    "decoded_data": {
      "id": 40769,
      "i": 0,
      "q": "720p"
    },
    "stream_url": "https://www.solidfiles.com/e/6agL6QYe4wvgW",
    "is_default": false,
    "timestamp": "2025-09-12T09:26:35.103Z"
  },
  {
    "anime_title": "Cross Ange",
    "episode_title": "Cross Ange Episode 14 Subtitle Indonesia",
    "episode_link": "https://otakudesu.best/episode/crag-trr-episode-14-sub-indo/",
    "episode_date": "22 Maret,2019",
    "server": "yourupload",
    "quality": "720p",
    "data_content": "eyJpZCI6NDA3NjksImkiOjEsInEiOiI3MjBwIn0=",
    "decoded_data": {
      "id": 40769,
      "i": 1,
      "q": "720p"
    },
    "stream_url": "https://desudrive.com/stream/yuplod.php?id=TR3uCwB0wc33",
    "is_default": false,
    "timestamp": "2025-09-12T09:26:35.137Z"
  },
  {
    "anime_title": "Cross Ange",
    "episode_title": "Cross Ange Episode 15 Subtitle Indonesia",
    "episode_link": "https://otakudesu.best/episode/crag-trr-episode-15-sub-indo/",
    "episode_date": "22 Maret,2019",
    "server": "solidfiles",
    "quality": "360p",
    "data_content": "eyJpZCI6NDA3NzAsImkiOjAsInEiOiIzNjBwIn0=",
    "decoded_data": {
      "id": 40770,
      "i": 0,
      "q": "360p"
    },
    "stream_url": "https://www.solidfiles.com/e/PAN6L4vYnRx6Y",
    "is_default": false,
    "timestamp": "2025-09-12T09:26:35.786Z"
  },
  {
    "anime_title": "Cross Ange",
    "episode_title": "Cross Ange Episode 15 Subtitle Indonesia",
    "episode_link": "https://otakudesu.best/episode/crag-trr-episode-15-sub-indo/",
    "episode_date": "22 Maret,2019",
    "server": "mp4load",
    "quality": "360p",
    "data_content": "eyJpZCI6NDA3NzAsImkiOjEsInEiOiIzNjBwIn0=",
    "decoded_data": {
      "id": 40770,
      "i": 1,
      "q": "360p"
    },
    "stream_url": "https://www.mp4upload.com/embed-za3hphrpc0kh.html",
    "is_default": false,
    "timestamp": "2025-09-12T09:26:35.828Z"
  },
  {
    "anime_title": "Cross Ange",
    "episode_title": "Cross Ange Episode 15 Subtitle Indonesia",
    "episode_link": "https://otakudesu.best/episode/crag-trr-episode-15-sub-indo/",
    "episode_date": "22 Maret,2019",
    "server": "mega",
    "quality": "480p",
    "data_content": "eyJpZCI6NDA3NzAsImkiOjAsInEiOiI0ODBwIn0=",
    "decoded_data": {
      "id": 40770,
      "i": 0,
      "q": "480p"
    },
    "stream_url": "https://mega.nz/embed/#!FoZEwaRI!5UQaWUhGtctvpSU_1zE8dVZulomu5-B5fDzetD9H0Bw",
    "is_default": true,
    "timestamp": "2025-09-12T09:26:35.889Z"
  },
  {
    "anime_title": "Cross Ange",
    "episode_title": "Cross Ange Episode 15 Subtitle Indonesia",
    "episode_link": "https://otakudesu.best/episode/crag-trr-episode-15-sub-indo/",
    "episode_date": "22 Maret,2019",
    "server": "desudrive",
    "quality": "480p",
    "data_content": "eyJpZCI6NDA3NzAsImkiOjEsInEiOiI0ODBwIn0=",
    "decoded_data": {
      "id": 40770,
      "i": 1,
      "q": "480p"
    },
    "stream_url": "https://desustream.info/dstream/desudrive/player.php?id=TmlqZVdFRTZSVml6Z2hMRXpUSXFZbEovOEdEdFUyOElaMlNoakM2L2hCeU5YdEFOMUtFYXhGN3dMMnBWTWwxRg==",
    "is_default": false,
    "timestamp": "2025-09-12T09:26:35.922Z"
  },
  {
    "anime_title": "Cross Ange",
    "episode_title": "Cross Ange Episode 15 Subtitle Indonesia",
    "episode_link": "https://otakudesu.best/episode/crag-trr-episode-15-sub-indo/",
    "episode_date": "22 Maret,2019",
    "server": "solidfiles",
    "quality": "480p",
    "data_content": "eyJpZCI6NDA3NzAsImkiOjIsInEiOiI0ODBwIn0=",
    "decoded_data": {
      "id": 40770,
      "i": 2,
      "q": "480p"
    },
    "stream_url": "https://www.solidfiles.com/e/nGenyM8xKw3R8",
    "is_default": false,
    "timestamp": "2025-09-12T09:26:35.954Z"
  },
  {
    "anime_title": "Cross Ange",
    "episode_title": "Cross Ange Episode 15 Subtitle Indonesia",
    "episode_link": "https://otakudesu.best/episode/crag-trr-episode-15-sub-indo/",
    "episode_date": "22 Maret,2019",
    "server": "solidfiles",
    "quality": "720p",
    "data_content": "eyJpZCI6NDA3NzAsImkiOjAsInEiOiI3MjBwIn0=",
    "decoded_data": {
      "id": 40770,
      "i": 0,
      "q": "720p"
    },
    "stream_url": "https://www.solidfiles.com/e/M2wN6kRgXeGLB",
    "is_default": false,
    "timestamp": "2025-09-12T09:26:35.989Z"
  },
  {
    "anime_title": "Cross Ange",
    "episode_title": "Cross Ange Episode 15 Subtitle Indonesia",
    "episode_link": "https://otakudesu.best/episode/crag-trr-episode-15-sub-indo/",
    "episode_date": "22 Maret,2019",
    "server": "yourupload",
    "quality": "720p",
    "data_content": "eyJpZCI6NDA3NzAsImkiOjEsInEiOiI3MjBwIn0=",
    "decoded_data": {
      "id": 40770,
      "i": 1,
      "q": "720p"
    },
    "stream_url": "https://desudrive.com/stream/yuplod.php?id=52n88t0R7Dhg",
    "is_default": false,
    "timestamp": "2025-09-12T09:26:36.025Z"
  },
  {
    "anime_title": "Cross Ange",
    "episode_title": "Cross Ange Episode 15 Subtitle Indonesia",
    "episode_link": "https://otakudesu.best/episode/crag-trr-episode-15-sub-indo/",
    "episode_date": "22 Maret,2019",
    "server": "solidfiles",
    "quality": "360p",
    "data_content": "eyJpZCI6NDA3NzAsImkiOjAsInEiOiIzNjBwIn0=",
    "decoded_data": {
      "id": 40770,
      "i": 0,
      "q": "360p"
    },
    "stream_url": "https://www.solidfiles.com/e/PAN6L4vYnRx6Y",
    "is_default": false,
    "timestamp": "2025-09-12T09:26:35.786Z"
  },
  {
    "anime_title": "Cross Ange",
    "episode_title": "Cross Ange Episode 15 Subtitle Indonesia",
    "episode_link": "https://otakudesu.best/episode/crag-trr-episode-15-sub-indo/",
    "episode_date": "22 Maret,2019",
    "server": "mp4load",
    "quality": "360p",
    "data_content": "eyJpZCI6NDA3NzAsImkiOjEsInEiOiIzNjBwIn0=",
    "decoded_data": {
      "id": 40770,
      "i": 1,
      "q": "360p"
    },
    "stream_url": "https://www.mp4upload.com/embed-za3hphrpc0kh.html",
    "is_default": false,
    "timestamp": "2025-09-12T09:26:35.828Z"
  },
  {
    "anime_title": "Cross Ange",
    "episode_title": "Cross Ange Episode 15 Subtitle Indonesia",
    "episode_link": "https://otakudesu.best/episode/crag-trr-episode-15-sub-indo/",
    "episode_date": "22 Maret,2019",
    "server": "mega",
    "quality": "480p",
    "data_content": "eyJpZCI6NDA3NzAsImkiOjAsInEiOiI0ODBwIn0=",
    "decoded_data": {
      "id": 40770,
      "i": 0,
      "q": "480p"
    },
    "stream_url": "https://mega.nz/embed/#!FoZEwaRI!5UQaWUhGtctvpSU_1zE8dVZulomu5-B5fDzetD9H0Bw",
    "is_default": true,
    "timestamp": "2025-09-12T09:26:35.889Z"
  },
  {
    "anime_title": "Cross Ange",
    "episode_title": "Cross Ange Episode 15 Subtitle Indonesia",
    "episode_link": "https://otakudesu.best/episode/crag-trr-episode-15-sub-indo/",
    "episode_date": "22 Maret,2019",
    "server": "desudrive",
    "quality": "480p",
    "data_content": "eyJpZCI6NDA3NzAsImkiOjEsInEiOiI0ODBwIn0=",
    "decoded_data": {
      "id": 40770,
      "i": 1,
      "q": "480p"
    },
    "stream_url": "https://desustream.info/dstream/desudrive/player.php?id=TmlqZVdFRTZSVml6Z2hMRXpUSXFZbEovOEdEdFUyOElaMlNoakM2L2hCeU5YdEFOMUtFYXhGN3dMMnBWTWwxRg==",
    "is_default": false,
    "timestamp": "2025-09-12T09:26:35.922Z"
  },
  {
    "anime_title": "Cross Ange",
    "episode_title": "Cross Ange Episode 15 Subtitle Indonesia",
    "episode_link": "https://otakudesu.best/episode/crag-trr-episode-15-sub-indo/",
    "episode_date": "22 Maret,2019",
    "server": "solidfiles",
    "quality": "480p",
    "data_content": "eyJpZCI6NDA3NzAsImkiOjIsInEiOiI0ODBwIn0=",
    "decoded_data": {
      "id": 40770,
      "i": 2,
      "q": "480p"
    },
    "stream_url": "https://www.solidfiles.com/e/nGenyM8xKw3R8",
    "is_default": false,
    "timestamp": "2025-09-12T09:26:35.954Z"
  },
  {
    "anime_title": "Cross Ange",
    "episode_title": "Cross Ange Episode 15 Subtitle Indonesia",
    "episode_link": "https://otakudesu.best/episode/crag-trr-episode-15-sub-indo/",
    "episode_date": "22 Maret,2019",
    "server": "solidfiles",
    "quality": "720p",
    "data_content": "eyJpZCI6NDA3NzAsImkiOjAsInEiOiI3MjBwIn0=",
    "decoded_data": {
      "id": 40770,
      "i": 0,
      "q": "720p"
    },
    "stream_url": "https://www.solidfiles.com/e/M2wN6kRgXeGLB",
    "is_default": false,
    "timestamp": "2025-09-12T09:26:35.989Z"
  },
  {
    "anime_title": "Cross Ange",
    "episode_title": "Cross Ange Episode 15 Subtitle Indonesia",
    "episode_link": "https://otakudesu.best/episode/crag-trr-episode-15-sub-indo/",
    "episode_date": "22 Maret,2019",
    "server": "yourupload",
    "quality": "720p",
    "data_content": "eyJpZCI6NDA3NzAsImkiOjEsInEiOiI3MjBwIn0=",
    "decoded_data": {
      "id": 40770,
      "i": 1,
      "q": "720p"
    },
    "stream_url": "https://desudrive.com/stream/yuplod.php?id=52n88t0R7Dhg",
    "is_default": false,
    "timestamp": "2025-09-12T09:26:36.025Z"
  }
]