[
  {
    "anime_title": "Black Clover",
    "episode_title": "Black Clover Episode 108 Subtitle Indonesia",
    "episode_link": "https://otakudesu.best/episode/bkclrv-episode-108-sub-indo/",
    "episode_date": "5 November,2019",
    "server": "mega",
    "quality": "360p",
    "data_content": "eyJpZCI6NzMyMzcsImkiOjEsInEiOiIzNjBwIn0=",
    "decoded_data": {
      "id": 73237,
      "i": 1,
      "q": "360p"
    },
    "stream_url": "https://mega.nz/embed/#!z0MnCK5S!lJ08b131SGEaJbA6MIL141wcTmt9iHupmm1y1p0AL14",
    "is_default": false,
    "timestamp": "2025-09-12T08:52:24.868Z"
  },
  {
    "anime_title": "Black Clover",
    "episode_title": "Black Clover Episode 108 Subtitle Indonesia",
    "episode_link": "https://otakudesu.best/episode/bkclrv-episode-108-sub-indo/",
    "episode_date": "5 November,2019",
    "server": "GDrive2",
    "quality": "360p",
    "data_content": "eyJpZCI6NzMyMzcsImkiOjIsInEiOiIzNjBwIn0=",
    "decoded_data": {
      "id": 73237,
      "i": 2,
      "q": "360p"
    },
    "stream_url": "https://gdriveplayer.me/embed2.php?link=https://drive.google.com/open?id=1FrF9Hby1HX10Le6ZJlW3raNvTuBDypwQ",
    "is_default": false,
    "timestamp": "2025-09-12T08:52:24.888Z"
  },
  {
    "anime_title": "Black Clover",
    "episode_title": "Black Clover Episode 108 Subtitle Indonesia",
    "episode_link": "https://otakudesu.best/episode/bkclrv-episode-108-sub-indo/",
    "episode_date": "5 November,2019",
    "server": "otakuplay",
    "quality": "480p",
    "data_content": "eyJpZCI6NzMyMzcsImkiOjAsInEiOiI0ODBwIn0=",
    "decoded_data": {
      "id": 73237,
      "i": 0,
      "q": "480p"
    },
    "stream_url": "https://desustream.info/dstream/otakuplay/v2/index.php?id=TDIyd09GdEZTT0hHMmtnd2c5U2xBM3EzSzArTXZWaHQ5bzZuSnZSS3NKdz0=",
    "is_default": true,
    "timestamp": "2025-09-12T08:52:24.911Z"
  },
  {
    "anime_title": "Black Clover",
    "episode_title": "Black Clover Episode 108 Subtitle Indonesia",
    "episode_link": "https://otakudesu.best/episode/bkclrv-episode-108-sub-indo/",
    "episode_date": "5 November,2019",
    "server": "yourupload",
    "quality": "360p",
    "data_content": "eyJpZCI6NzMyMzcsImkiOjAsInEiOiIzNjBwIn0=",
    "decoded_data": {
      "id": 73237,
      "i": 0,
      "q": "360p"
    },
    "stream_url": "https://desudrive.com/stream/yuplod.php?id=ay6EVl41KE5m",
    "is_default": false,
    "timestamp": "2025-09-12T08:52:24.931Z"
  },
  {
    "anime_title": "Black Clover",
    "episode_title": "Black Clover Episode 108 Subtitle Indonesia",
    "episode_link": "https://otakudesu.best/episode/bkclrv-episode-108-sub-indo/",
    "episode_date": "5 November,2019",
    "server": "yourupload",
    "quality": "480p",
    "data_content": "eyJpZCI6NzMyMzcsImkiOjEsInEiOiI0ODBwIn0=",
    "decoded_data": {
      "id": 73237,
      "i": 1,
      "q": "480p"
    },
    "stream_url": "https://desudrive.com/stream/yuplod.php?id=2l8LOhFcF1PR",
    "is_default": false,
    "timestamp": "2025-09-12T08:52:24.973Z"
  },
  {
    "anime_title": "Black Clover",
    "episode_title": "Black Clover Episode 108 Subtitle Indonesia",
    "episode_link": "https://otakudesu.best/episode/bkclrv-episode-108-sub-indo/",
    "episode_date": "5 November,2019",
    "server": "mega",
    "quality": "480p",
    "data_content": "eyJpZCI6NzMyMzcsImkiOjIsInEiOiI0ODBwIn0=",
    "decoded_data": {
      "id": 73237,
      "i": 2,
      "q": "480p"
    },
    "stream_url": "https://mega.nz/embed/#!a4UzDIAJ!HvjwSgXChpV8-oLiK74nyE74Pxy3kjuqzOjsu631L2M",
    "is_default": false,
    "timestamp": "2025-09-12T08:52:25.005Z"
  },
  {
    "anime_title": "Black Clover",
    "episode_title": "Black Clover Episode 108 Subtitle Indonesia",
    "episode_link": "https://otakudesu.best/episode/bkclrv-episode-108-sub-indo/",
    "episode_date": "5 November,2019",
    "server": "GDrive2",
    "quality": "480p",
    "data_content": "eyJpZCI6NzMyMzcsImkiOjMsInEiOiI0ODBwIn0=",
    "decoded_data": {
      "id": 73237,
      "i": 3,
      "q": "480p"
    },
    "stream_url": "https://gdriveplayer.me/embed2.php?link=https://drive.google.com/open?id=1tAtpc1wrrIX-R_6gCv2gn76R9PPhKWdi",
    "is_default": false,
    "timestamp": "2025-09-12T08:52:25.025Z"
  },
  {
    "anime_title": "Black Clover",
    "episode_title": "Black Clover Episode 108 Subtitle Indonesia",
    "episode_link": "https://otakudesu.best/episode/bkclrv-episode-108-sub-indo/",
    "episode_date": "5 November,2019",
    "server": "otakustream",
    "quality": "720p",
    "data_content": "eyJpZCI6NzMyMzcsImkiOjAsInEiOiI3MjBwIn0=",
    "decoded_data": {
      "id": 73237,
      "i": 0,
      "q": "720p"
    },
    "stream_url": "https://desustream.info/dstream/otakustream/v2/index.php?id=cU9iUWJWOWppeUZzRFMzSE41bEJwUEVaZHFQaTNhVXUrS0ZPd3dlMUw3TT0=",
    "is_default": false,
    "timestamp": "2025-09-12T08:52:25.070Z"
  },
  {
    "anime_title": "Black Clover",
    "episode_title": "Black Clover Episode 108 Subtitle Indonesia",
    "episode_link": "https://otakudesu.best/episode/bkclrv-episode-108-sub-indo/",
    "episode_date": "5 November,2019",
    "server": "mega",
    "quality": "720p",
    "data_content": "eyJpZCI6NzMyMzcsImkiOjEsInEiOiI3MjBwIn0=",
    "decoded_data": {
      "id": 73237,
      "i": 1,
      "q": "720p"
    },
    "stream_url": "https://mega.nz/embed/#!GpdDRaKa!Do4HNn8gZX2s1U4CgVqqbsK5DViCFXkloGHzrZKFDBY",
    "is_default": false,
    "timestamp": "2025-09-12T08:52:25.108Z"
  },
  {
    "anime_title": "Black Clover",
    "episode_title": "Black Clover Episode 108 Subtitle Indonesia",
    "episode_link": "https://otakudesu.best/episode/bkclrv-episode-108-sub-indo/",
    "episode_date": "5 November,2019",
    "server": "GDrive2",
    "quality": "720p",
    "data_content": "eyJpZCI6NzMyMzcsImkiOjIsInEiOiI3MjBwIn0=",
    "decoded_data": {
      "id": 73237,
      "i": 2,
      "q": "720p"
    },
    "stream_url": "https://gdriveplayer.me/embed2.php?link=https://drive.google.com/open?id=1Cy151VWVOj_8LfX-CDnqwXjXYyG9IsWM",
    "is_default": false,
    "timestamp": "2025-09-12T08:52:25.138Z"
  },
  {
    "anime_title": "Black Clover",
    "episode_title": "Black Clover Episode 108 Subtitle Indonesia",
    "episode_link": "https://otakudesu.best/episode/bkclrv-episode-108-sub-indo/",
    "episode_date": "5 November,2019",
    "server": "yourupload",
    "quality": "720p",
    "data_content": "eyJpZCI6NzMyMzcsImkiOjMsInEiOiI3MjBwIn0=",
    "decoded_data": {
      "id": 73237,
      "i": 3,
      "q": "720p"
    },
    "stream_url": "https://desudrive.com/stream/yuplod.php?id=wMURIu4p1VMW",
    "is_default": false,
    "timestamp": "2025-09-12T08:52:25.292Z"
  },
  {
    "anime_title": "Black Clover",
    "episode_title": "Black Clover Episode 108 Subtitle Indonesia",
    "episode_link": "https://otakudesu.best/episode/bkclrv-episode-108-sub-indo/",
    "episode_date": "5 November,2019",
    "server": "yourupload",
    "quality": "360p",
    "data_content": "eyJpZCI6NzMyMzcsImkiOjAsInEiOiIzNjBwIn0=",
    "decoded_data": {
      "id": 73237,
      "i": 0,
      "q": "360p"
    },
    "stream_url": "https://desudrive.com/stream/yuplod.php?id=ay6EVl41KE5m",
    "is_default": false,
    "timestamp": "2025-09-12T08:52:24.931Z"
  },
  {
    "anime_title": "Black Clover",
    "episode_title": "Black Clover Episode 108 Subtitle Indonesia",
    "episode_link": "https://otakudesu.best/episode/bkclrv-episode-108-sub-indo/",
    "episode_date": "5 November,2019",
    "server": "mega",
    "quality": "360p",
    "data_content": "eyJpZCI6NzMyMzcsImkiOjEsInEiOiIzNjBwIn0=",
    "decoded_data": {
      "id": 73237,
      "i": 1,
      "q": "360p"
    },
    "stream_url": "https://mega.nz/embed/#!z0MnCK5S!lJ08b131SGEaJbA6MIL141wcTmt9iHupmm1y1p0AL14",
    "is_default": false,
    "timestamp": "2025-09-12T08:52:24.868Z"
  },
  {
    "anime_title": "Black Clover",
    "episode_title": "Black Clover Episode 108 Subtitle Indonesia",
    "episode_link": "https://otakudesu.best/episode/bkclrv-episode-108-sub-indo/",
    "episode_date": "5 November,2019",
    "server": "GDrive2",
    "quality": "360p",
    "data_content": "eyJpZCI6NzMyMzcsImkiOjIsInEiOiIzNjBwIn0=",
    "decoded_data": {
      "id": 73237,
      "i": 2,
      "q": "360p"
    },
    "stream_url": "https://gdriveplayer.me/embed2.php?link=https://drive.google.com/open?id=1FrF9Hby1HX10Le6ZJlW3raNvTuBDypwQ",
    "is_default": false,
    "timestamp": "2025-09-12T08:52:24.888Z"
  },
  {
    "anime_title": "Black Clover",
    "episode_title": "Black Clover Episode 108 Subtitle Indonesia",
    "episode_link": "https://otakudesu.best/episode/bkclrv-episode-108-sub-indo/",
    "episode_date": "5 November,2019",
    "server": "otakuplay",
    "quality": "480p",
    "data_content": "eyJpZCI6NzMyMzcsImkiOjAsInEiOiI0ODBwIn0=",
    "decoded_data": {
      "id": 73237,
      "i": 0,
      "q": "480p"
    },
    "stream_url": "https://desustream.info/dstream/otakuplay/v2/index.php?id=TDIyd09GdEZTT0hHMmtnd2c5U2xBM3EzSzArTXZWaHQ5bzZuSnZSS3NKdz0=",
    "is_default": true,
    "timestamp": "2025-09-12T08:52:24.911Z"
  },
  {
    "anime_title": "Black Clover",
    "episode_title": "Black Clover Episode 108 Subtitle Indonesia",
    "episode_link": "https://otakudesu.best/episode/bkclrv-episode-108-sub-indo/",
    "episode_date": "5 November,2019",
    "server": "yourupload",
    "quality": "480p",
    "data_content": "eyJpZCI6NzMyMzcsImkiOjEsInEiOiI0ODBwIn0=",
    "decoded_data": {
      "id": 73237,
      "i": 1,
      "q": "480p"
    },
    "stream_url": "https://desudrive.com/stream/yuplod.php?id=2l8LOhFcF1PR",
    "is_default": false,
    "timestamp": "2025-09-12T08:52:24.973Z"
  },
  {
    "anime_title": "Black Clover",
    "episode_title": "Black Clover Episode 108 Subtitle Indonesia",
    "episode_link": "https://otakudesu.best/episode/bkclrv-episode-108-sub-indo/",
    "episode_date": "5 November,2019",
    "server": "mega",
    "quality": "480p",
    "data_content": "eyJpZCI6NzMyMzcsImkiOjIsInEiOiI0ODBwIn0=",
    "decoded_data": {
      "id": 73237,
      "i": 2,
      "q": "480p"
    },
    "stream_url": "https://mega.nz/embed/#!a4UzDIAJ!HvjwSgXChpV8-oLiK74nyE74Pxy3kjuqzOjsu631L2M",
    "is_default": false,
    "timestamp": "2025-09-12T08:52:25.005Z"
  },
  {
    "anime_title": "Black Clover",
    "episode_title": "Black Clover Episode 108 Subtitle Indonesia",
    "episode_link": "https://otakudesu.best/episode/bkclrv-episode-108-sub-indo/",
    "episode_date": "5 November,2019",
    "server": "GDrive2",
    "quality": "480p",
    "data_content": "eyJpZCI6NzMyMzcsImkiOjMsInEiOiI0ODBwIn0=",
    "decoded_data": {
      "id": 73237,
      "i": 3,
      "q": "480p"
    },
    "stream_url": "https://gdriveplayer.me/embed2.php?link=https://drive.google.com/open?id=1tAtpc1wrrIX-R_6gCv2gn76R9PPhKWdi",
    "is_default": false,
    "timestamp": "2025-09-12T08:52:25.025Z"
  },
  {
    "anime_title": "Black Clover",
    "episode_title": "Black Clover Episode 108 Subtitle Indonesia",
    "episode_link": "https://otakudesu.best/episode/bkclrv-episode-108-sub-indo/",
    "episode_date": "5 November,2019",
    "server": "otakustream",
    "quality": "720p",
    "data_content": "eyJpZCI6NzMyMzcsImkiOjAsInEiOiI3MjBwIn0=",
    "decoded_data": {
      "id": 73237,
      "i": 0,
      "q": "720p"
    },
    "stream_url": "https://desustream.info/dstream/otakustream/v2/index.php?id=cU9iUWJWOWppeUZzRFMzSE41bEJwUEVaZHFQaTNhVXUrS0ZPd3dlMUw3TT0=",
    "is_default": false,
    "timestamp": "2025-09-12T08:52:25.070Z"
  },
  {
    "anime_title": "Black Clover",
    "episode_title": "Black Clover Episode 108 Subtitle Indonesia",
    "episode_link": "https://otakudesu.best/episode/bkclrv-episode-108-sub-indo/",
    "episode_date": "5 November,2019",
    "server": "mega",
    "quality": "720p",
    "data_content": "eyJpZCI6NzMyMzcsImkiOjEsInEiOiI3MjBwIn0=",
    "decoded_data": {
      "id": 73237,
      "i": 1,
      "q": "720p"
    },
    "stream_url": "https://mega.nz/embed/#!GpdDRaKa!Do4HNn8gZX2s1U4CgVqqbsK5DViCFXkloGHzrZKFDBY",
    "is_default": false,
    "timestamp": "2025-09-12T08:52:25.108Z"
  },
  {
    "anime_title": "Black Clover",
    "episode_title": "Black Clover Episode 108 Subtitle Indonesia",
    "episode_link": "https://otakudesu.best/episode/bkclrv-episode-108-sub-indo/",
    "episode_date": "5 November,2019",
    "server": "GDrive2",
    "quality": "720p",
    "data_content": "eyJpZCI6NzMyMzcsImkiOjIsInEiOiI3MjBwIn0=",
    "decoded_data": {
      "id": 73237,
      "i": 2,
      "q": "720p"
    },
    "stream_url": "https://gdriveplayer.me/embed2.php?link=https://drive.google.com/open?id=1Cy151VWVOj_8LfX-CDnqwXjXYyG9IsWM",
    "is_default": false,
    "timestamp": "2025-09-12T08:52:25.138Z"
  },
  {
    "anime_title": "Black Clover",
    "episode_title": "Black Clover Episode 108 Subtitle Indonesia",
    "episode_link": "https://otakudesu.best/episode/bkclrv-episode-108-sub-indo/",
    "episode_date": "5 November,2019",
    "server": "yourupload",
    "quality": "720p",
    "data_content": "eyJpZCI6NzMyMzcsImkiOjMsInEiOiI3MjBwIn0=",
    "decoded_data": {
      "id": 73237,
      "i": 3,
      "q": "720p"
    },
    "stream_url": "https://desudrive.com/stream/yuplod.php?id=wMURIu4p1VMW",
    "is_default": false,
    "timestamp": "2025-09-12T08:52:25.292Z"
  },
  {
    "anime_title": "Black Clover",
    "episode_title": "Black Clover Episode 109 Subtitle Indonesia",
    "episode_link": "https://otakudesu.best/episode/bkclrv-episode-109-sub-indo/",
    "episode_date": "12 November,2019",
    "server": "otakuplay",
    "quality": "480p",
    "data_content": "eyJpZCI6NzM1OTQsImkiOjAsInEiOiI0ODBwIn0=",
    "decoded_data": {
      "id": 73594,
      "i": 0,
      "q": "480p"
    },
    "stream_url": "https://desustream.info/dstream/otakuplay/v2/index.php?id=TDIyd09GdEZTT0hHMmtnd2c5U2xBNkM3UnkyaWFVLzlndDEydTA1akRhOD0=",
    "is_default": true,
    "timestamp": "2025-09-12T08:52:26.557Z"
  },
  {
    "anime_title": "Black Clover",
    "episode_title": "Black Clover Episode 109 Subtitle Indonesia",
    "episode_link": "https://otakudesu.best/episode/bkclrv-episode-109-sub-indo/",
    "episode_date": "12 November,2019",
    "server": "yourupload",
    "quality": "360p",
    "data_content": "eyJpZCI6NzM1OTQsImkiOjAsInEiOiIzNjBwIn0=",
    "decoded_data": {
      "id": 73594,
      "i": 0,
      "q": "360p"
    },
    "stream_url": "https://desudrive.com/stream/yuplod.php?id=gfS54NBuOGg7",
    "is_default": false,
    "timestamp": "2025-09-12T08:52:26.587Z"
  },
  {
    "anime_title": "Black Clover",
    "episode_title": "Black Clover Episode 109 Subtitle Indonesia",
    "episode_link": "https://otakudesu.best/episode/bkclrv-episode-109-sub-indo/",
    "episode_date": "12 November,2019",
    "server": "mega",
    "quality": "360p",
    "data_content": "eyJpZCI6NzM1OTQsImkiOjEsInEiOiIzNjBwIn0=",
    "decoded_data": {
      "id": 73594,
      "i": 1,
      "q": "360p"
    },
    "stream_url": "https://mega.nz/embed/#!HtdjwIjD!SIKrTgdi0KdM0JlLKjLSEF7BS6qoCtDUyv63zYx6o3c",
    "is_default": false,
    "timestamp": "2025-09-12T08:52:26.607Z"
  },
  {
    "anime_title": "Black Clover",
    "episode_title": "Black Clover Episode 109 Subtitle Indonesia",
    "episode_link": "https://otakudesu.best/episode/bkclrv-episode-109-sub-indo/",
    "episode_date": "12 November,2019",
    "server": "GDrive2",
    "quality": "360p",
    "data_content": "eyJpZCI6NzM1OTQsImkiOjIsInEiOiIzNjBwIn0=",
    "decoded_data": {
      "id": 73594,
      "i": 2,
      "q": "360p"
    },
    "stream_url": "https://gdriveplayer.me/embed2.php?link=https://drive.google.com/open?id=1U-0yJReBmLpkzKNK6ImUDouUtY4cSqaB",
    "is_default": false,
    "timestamp": "2025-09-12T08:52:26.623Z"
  },
  {
    "anime_title": "Black Clover",
    "episode_title": "Black Clover Episode 109 Subtitle Indonesia",
    "episode_link": "https://otakudesu.best/episode/bkclrv-episode-109-sub-indo/",
    "episode_date": "12 November,2019",
    "server": "yourupload",
    "quality": "480p",
    "data_content": "eyJpZCI6NzM1OTQsImkiOjEsInEiOiI0ODBwIn0=",
    "decoded_data": {
      "id": 73594,
      "i": 1,
      "q": "480p"
    },
    "stream_url": "https://desudrive.com/stream/yuplod.php?id=2gml13w22HLf",
    "is_default": false,
    "timestamp": "2025-09-12T08:52:26.645Z"
  },
  {
    "anime_title": "Black Clover",
    "episode_title": "Black Clover Episode 109 Subtitle Indonesia",
    "episode_link": "https://otakudesu.best/episode/bkclrv-episode-109-sub-indo/",
    "episode_date": "12 November,2019",
    "server": "mega",
    "quality": "480p",
    "data_content": "eyJpZCI6NzM1OTQsImkiOjIsInEiOiI0ODBwIn0=",
    "decoded_data": {
      "id": 73594,
      "i": 2,
      "q": "480p"
    },
    "stream_url": "https://mega.nz/embed/#!6wdj0SgC!JImVUkT5AFGqhhDdFE7873EexbHHPBlurZBy1qhFv9s",
    "is_default": false,
    "timestamp": "2025-09-12T08:52:26.660Z"
  },
  {
    "anime_title": "Black Clover",
    "episode_title": "Black Clover Episode 109 Subtitle Indonesia",
    "episode_link": "https://otakudesu.best/episode/bkclrv-episode-109-sub-indo/",
    "episode_date": "12 November,2019",
    "server": "GDrive2",
    "quality": "480p",
    "data_content": "eyJpZCI6NzM1OTQsImkiOjMsInEiOiI0ODBwIn0=",
    "decoded_data": {
      "id": 73594,
      "i": 3,
      "q": "480p"
    },
    "stream_url": "https://gdriveplayer.me/embed2.php?link=https://drive.google.com/open?id=1RD_o9SjCRMnjuP0ekVD8fnuinrwnyv-q",
    "is_default": false,
    "timestamp": "2025-09-12T08:52:26.692Z"
  },
  {
    "anime_title": "Black Clover",
    "episode_title": "Black Clover Episode 109 Subtitle Indonesia",
    "episode_link": "https://otakudesu.best/episode/bkclrv-episode-109-sub-indo/",
    "episode_date": "12 November,2019",
    "server": "otakustream",
    "quality": "720p",
    "data_content": "eyJpZCI6NzM1OTQsImkiOjAsInEiOiI3MjBwIn0=",
    "decoded_data": {
      "id": 73594,
      "i": 0,
      "q": "720p"
    },
    "stream_url": "https://desustream.info/dstream/otakustream/v2/index.php?id=cU9iUWJWOWppeUZzRFMzSE41bEJwQ2RuaWtNOS9jd3hjdjR3ZjhQYnhtWT0=",
    "is_default": false,
    "timestamp": "2025-09-12T08:52:26.726Z"
  },
  {
    "anime_title": "Black Clover",
    "episode_title": "Black Clover Episode 109 Subtitle Indonesia",
    "episode_link": "https://otakudesu.best/episode/bkclrv-episode-109-sub-indo/",
    "episode_date": "12 November,2019",
    "server": "mega",
    "quality": "720p",
    "data_content": "eyJpZCI6NzM1OTQsImkiOjEsInEiOiI3MjBwIn0=",
    "decoded_data": {
      "id": 73594,
      "i": 1,
      "q": "720p"
    },
    "stream_url": "https://mega.nz/embed/#!vtVQgChY!va0uzJajTF5gJCOGWhX89zsuYzFTCOQWZXT71VEML3k",
    "is_default": false,
    "timestamp": "2025-09-12T08:52:26.754Z"
  },
  {
    "anime_title": "Black Clover",
    "episode_title": "Black Clover Episode 109 Subtitle Indonesia",
    "episode_link": "https://otakudesu.best/episode/bkclrv-episode-109-sub-indo/",
    "episode_date": "12 November,2019",
    "server": "yourupload",
    "quality": "720p",
    "data_content": "eyJpZCI6NzM1OTQsImkiOjMsInEiOiI3MjBwIn0=",
    "decoded_data": {
      "id": 73594,
      "i": 3,
      "q": "720p"
    },
    "stream_url": "https://desudrive.com/stream/yuplod.php?id=GUBx85PwA7Y1",
    "is_default": false,
    "timestamp": "2025-09-12T08:52:26.839Z"
  },
  {
    "anime_title": "Black Clover",
    "episode_title": "Black Clover Episode 109 Subtitle Indonesia",
    "episode_link": "https://otakudesu.best/episode/bkclrv-episode-109-sub-indo/",
    "episode_date": "12 November,2019",
    "server": "GDrive2",
    "quality": "720p",
    "data_content": "eyJpZCI6NzM1OTQsImkiOjIsInEiOiI3MjBwIn0=",
    "decoded_data": {
      "id": 73594,
      "i": 2,
      "q": "720p"
    },
    "stream_url": "https://gdriveplayer.me/embed2.php?link=https://drive.google.com/open?id=1CyJC1tHcnHbY00uB3EvVNozb5LiTvVJP",
    "is_default": false,
    "timestamp": "2025-09-12T08:52:27.192Z"
  },
  {
    "anime_title": "Black Clover",
    "episode_title": "Black Clover Episode 109 Subtitle Indonesia",
    "episode_link": "https://otakudesu.best/episode/bkclrv-episode-109-sub-indo/",
    "episode_date": "12 November,2019",
    "server": "yourupload",
    "quality": "360p",
    "data_content": "eyJpZCI6NzM1OTQsImkiOjAsInEiOiIzNjBwIn0=",
    "decoded_data": {
      "id": 73594,
      "i": 0,
      "q": "360p"
    },
    "stream_url": "https://desudrive.com/stream/yuplod.php?id=gfS54NBuOGg7",
    "is_default": false,
    "timestamp": "2025-09-12T08:52:26.587Z"
  },
  {
    "anime_title": "Black Clover",
    "episode_title": "Black Clover Episode 109 Subtitle Indonesia",
    "episode_link": "https://otakudesu.best/episode/bkclrv-episode-109-sub-indo/",
    "episode_date": "12 November,2019",
    "server": "mega",
    "quality": "360p",
    "data_content": "eyJpZCI6NzM1OTQsImkiOjEsInEiOiIzNjBwIn0=",
    "decoded_data": {
      "id": 73594,
      "i": 1,
      "q": "360p"
    },
    "stream_url": "https://mega.nz/embed/#!HtdjwIjD!SIKrTgdi0KdM0JlLKjLSEF7BS6qoCtDUyv63zYx6o3c",
    "is_default": false,
    "timestamp": "2025-09-12T08:52:26.607Z"
  },
  {
    "anime_title": "Black Clover",
    "episode_title": "Black Clover Episode 109 Subtitle Indonesia",
    "episode_link": "https://otakudesu.best/episode/bkclrv-episode-109-sub-indo/",
    "episode_date": "12 November,2019",
    "server": "GDrive2",
    "quality": "360p",
    "data_content": "eyJpZCI6NzM1OTQsImkiOjIsInEiOiIzNjBwIn0=",
    "decoded_data": {
      "id": 73594,
      "i": 2,
      "q": "360p"
    },
    "stream_url": "https://gdriveplayer.me/embed2.php?link=https://drive.google.com/open?id=1U-0yJReBmLpkzKNK6ImUDouUtY4cSqaB",
    "is_default": false,
    "timestamp": "2025-09-12T08:52:26.623Z"
  },
  {
    "anime_title": "Black Clover",
    "episode_title": "Black Clover Episode 109 Subtitle Indonesia",
    "episode_link": "https://otakudesu.best/episode/bkclrv-episode-109-sub-indo/",
    "episode_date": "12 November,2019",
    "server": "otakuplay",
    "quality": "480p",
    "data_content": "eyJpZCI6NzM1OTQsImkiOjAsInEiOiI0ODBwIn0=",
    "decoded_data": {
      "id": 73594,
      "i": 0,
      "q": "480p"
    },
    "stream_url": "https://desustream.info/dstream/otakuplay/v2/index.php?id=TDIyd09GdEZTT0hHMmtnd2c5U2xBNkM3UnkyaWFVLzlndDEydTA1akRhOD0=",
    "is_default": true,
    "timestamp": "2025-09-12T08:52:26.557Z"
  },
  {
    "anime_title": "Black Clover",
    "episode_title": "Black Clover Episode 109 Subtitle Indonesia",
    "episode_link": "https://otakudesu.best/episode/bkclrv-episode-109-sub-indo/",
    "episode_date": "12 November,2019",
    "server": "yourupload",
    "quality": "480p",
    "data_content": "eyJpZCI6NzM1OTQsImkiOjEsInEiOiI0ODBwIn0=",
    "decoded_data": {
      "id": 73594,
      "i": 1,
      "q": "480p"
    },
    "stream_url": "https://desudrive.com/stream/yuplod.php?id=2gml13w22HLf",
    "is_default": false,
    "timestamp": "2025-09-12T08:52:26.645Z"
  },
  {
    "anime_title": "Black Clover",
    "episode_title": "Black Clover Episode 109 Subtitle Indonesia",
    "episode_link": "https://otakudesu.best/episode/bkclrv-episode-109-sub-indo/",
    "episode_date": "12 November,2019",
    "server": "mega",
    "quality": "480p",
    "data_content": "eyJpZCI6NzM1OTQsImkiOjIsInEiOiI0ODBwIn0=",
    "decoded_data": {
      "id": 73594,
      "i": 2,
      "q": "480p"
    },
    "stream_url": "https://mega.nz/embed/#!6wdj0SgC!JImVUkT5AFGqhhDdFE7873EexbHHPBlurZBy1qhFv9s",
    "is_default": false,
    "timestamp": "2025-09-12T08:52:26.660Z"
  },
  {
    "anime_title": "Black Clover",
    "episode_title": "Black Clover Episode 109 Subtitle Indonesia",
    "episode_link": "https://otakudesu.best/episode/bkclrv-episode-109-sub-indo/",
    "episode_date": "12 November,2019",
    "server": "GDrive2",
    "quality": "480p",
    "data_content": "eyJpZCI6NzM1OTQsImkiOjMsInEiOiI0ODBwIn0=",
    "decoded_data": {
      "id": 73594,
      "i": 3,
      "q": "480p"
    },
    "stream_url": "https://gdriveplayer.me/embed2.php?link=https://drive.google.com/open?id=1RD_o9SjCRMnjuP0ekVD8fnuinrwnyv-q",
    "is_default": false,
    "timestamp": "2025-09-12T08:52:26.692Z"
  },
  {
    "anime_title": "Black Clover",
    "episode_title": "Black Clover Episode 109 Subtitle Indonesia",
    "episode_link": "https://otakudesu.best/episode/bkclrv-episode-109-sub-indo/",
    "episode_date": "12 November,2019",
    "server": "otakustream",
    "quality": "720p",
    "data_content": "eyJpZCI6NzM1OTQsImkiOjAsInEiOiI3MjBwIn0=",
    "decoded_data": {
      "id": 73594,
      "i": 0,
      "q": "720p"
    },
    "stream_url": "https://desustream.info/dstream/otakustream/v2/index.php?id=cU9iUWJWOWppeUZzRFMzSE41bEJwQ2RuaWtNOS9jd3hjdjR3ZjhQYnhtWT0=",
    "is_default": false,
    "timestamp": "2025-09-12T08:52:26.726Z"
  },
  {
    "anime_title": "Black Clover",
    "episode_title": "Black Clover Episode 109 Subtitle Indonesia",
    "episode_link": "https://otakudesu.best/episode/bkclrv-episode-109-sub-indo/",
    "episode_date": "12 November,2019",
    "server": "mega",
    "quality": "720p",
    "data_content": "eyJpZCI6NzM1OTQsImkiOjEsInEiOiI3MjBwIn0=",
    "decoded_data": {
      "id": 73594,
      "i": 1,
      "q": "720p"
    },
    "stream_url": "https://mega.nz/embed/#!vtVQgChY!va0uzJajTF5gJCOGWhX89zsuYzFTCOQWZXT71VEML3k",
    "is_default": false,
    "timestamp": "2025-09-12T08:52:26.754Z"
  },
  {
    "anime_title": "Black Clover",
    "episode_title": "Black Clover Episode 109 Subtitle Indonesia",
    "episode_link": "https://otakudesu.best/episode/bkclrv-episode-109-sub-indo/",
    "episode_date": "12 November,2019",
    "server": "GDrive2",
    "quality": "720p",
    "data_content": "eyJpZCI6NzM1OTQsImkiOjIsInEiOiI3MjBwIn0=",
    "decoded_data": {
      "id": 73594,
      "i": 2,
      "q": "720p"
    },
    "stream_url": "https://gdriveplayer.me/embed2.php?link=https://drive.google.com/open?id=1CyJC1tHcnHbY00uB3EvVNozb5LiTvVJP",
    "is_default": false,
    "timestamp": "2025-09-12T08:52:27.192Z"
  },
  {
    "anime_title": "Black Clover",
    "episode_title": "Black Clover Episode 109 Subtitle Indonesia",
    "episode_link": "https://otakudesu.best/episode/bkclrv-episode-109-sub-indo/",
    "episode_date": "12 November,2019",
    "server": "yourupload",
    "quality": "720p",
    "data_content": "eyJpZCI6NzM1OTQsImkiOjMsInEiOiI3MjBwIn0=",
    "decoded_data": {
      "id": 73594,
      "i": 3,
      "q": "720p"
    },
    "stream_url": "https://desudrive.com/stream/yuplod.php?id=GUBx85PwA7Y1",
    "is_default": false,
    "timestamp": "2025-09-12T08:52:26.839Z"
  },
  {
    "anime_title": "Black Clover",
    "episode_title": "Black Clover Episode 110 Subtitle Indonesia",
    "episode_link": "https://otakudesu.best/episode/bkclrv-episode-110-sub-indo/",
    "episode_date": "19 November,2019",
    "server": "yourupload",
    "quality": "360p",
    "data_content": "eyJpZCI6NzQyMzYsImkiOjAsInEiOiIzNjBwIn0=",
    "decoded_data": {
      "id": 74236,
      "i": 0,
      "q": "360p"
    },
    "stream_url": "https://desudrive.com/stream/yuplod.php?id=fy0CPFs7oC71",
    "is_default": false,
    "timestamp": "2025-09-12T08:52:28.000Z"
  },
  {
    "anime_title": "Black Clover",
    "episode_title": "Black Clover Episode 110 Subtitle Indonesia",
    "episode_link": "https://otakudesu.best/episode/bkclrv-episode-110-sub-indo/",
    "episode_date": "19 November,2019",
    "server": "GDrive",
    "quality": "360p",
    "data_content": "eyJpZCI6NzQyMzYsImkiOjEsInEiOiIzNjBwIn0=",
    "decoded_data": {
      "id": 74236,
      "i": 1,
      "q": "360p"
    },
    "stream_url": "https://gdriveplayer.me/embed2.php?link=https://drive.google.com/open?id=1X-zhZJReh9lapbgeWOnOmI1X03hMBQzw",
    "is_default": false,
    "timestamp": "2025-09-12T08:52:28.022Z"
  },
  {
    "anime_title": "Black Clover",
    "episode_title": "Black Clover Episode 110 Subtitle Indonesia",
    "episode_link": "https://otakudesu.best/episode/bkclrv-episode-110-sub-indo/",
    "episode_date": "19 November,2019",
    "server": "mega",
    "quality": "360p",
    "data_content": "eyJpZCI6NzQyMzYsImkiOjIsInEiOiIzNjBwIn0=",
    "decoded_data": {
      "id": 74236,
      "i": 2,
      "q": "360p"
    },
    "stream_url": "https://mega.nz/embed/#!Pfh1nYLA!Es3tIhu5KVgX3FkPGxrod1bUA7kjPW55ObMEvjEtG9M",
    "is_default": false,
    "timestamp": "2025-09-12T08:52:28.079Z"
  },
  {
    "anime_title": "Black Clover",
    "episode_title": "Black Clover Episode 110 Subtitle Indonesia",
    "episode_link": "https://otakudesu.best/episode/bkclrv-episode-110-sub-indo/",
    "episode_date": "19 November,2019",
    "server": "otakuplay",
    "quality": "480p",
    "data_content": "eyJpZCI6NzQyMzYsImkiOjAsInEiOiI0ODBwIn0=",
    "decoded_data": {
      "id": 74236,
      "i": 0,
      "q": "480p"
    },
    "stream_url": "https://desustream.info/dstream/otakuplay/v2/index.php?id=TDIyd09GdEZTT0hHMmtnd2c5U2xBeUlZcUtkdDhSVUxJb3o2c2lIMDNuMD0=",
    "is_default": true,
    "timestamp": "2025-09-12T08:52:28.109Z"
  },
  {
    "anime_title": "Black Clover",
    "episode_title": "Black Clover Episode 110 Subtitle Indonesia",
    "episode_link": "https://otakudesu.best/episode/bkclrv-episode-110-sub-indo/",
    "episode_date": "19 November,2019",
    "server": "yourupload",
    "quality": "480p",
    "data_content": "eyJpZCI6NzQyMzYsImkiOjEsInEiOiI0ODBwIn0=",
    "decoded_data": {
      "id": 74236,
      "i": 1,
      "q": "480p"
    },
    "stream_url": "https://desudrive.com/stream/yuplod.php?id=uVdngdh48s6J",
    "is_default": false,
    "timestamp": "2025-09-12T08:52:28.133Z"
  },
  {
    "anime_title": "Black Clover",
    "episode_title": "Black Clover Episode 110 Subtitle Indonesia",
    "episode_link": "https://otakudesu.best/episode/bkclrv-episode-110-sub-indo/",
    "episode_date": "19 November,2019",
    "server": "GDrive",
    "quality": "480p",
    "data_content": "eyJpZCI6NzQyMzYsImkiOjIsInEiOiI0ODBwIn0=",
    "decoded_data": {
      "id": 74236,
      "i": 2,
      "q": "480p"
    },
    "stream_url": "https://gdriveplayer.me/embed2.php?link=https://drive.google.com/open?id=10VFlsbjEO5DMx9fgU-64Ml0RkWX3al3K",
    "is_default": false,
    "timestamp": "2025-09-12T08:52:28.187Z"
  },
  {
    "anime_title": "Black Clover",
    "episode_title": "Black Clover Episode 110 Subtitle Indonesia",
    "episode_link": "https://otakudesu.best/episode/bkclrv-episode-110-sub-indo/",
    "episode_date": "19 November,2019",
    "server": "mega",
    "quality": "480p",
    "data_content": "eyJpZCI6NzQyMzYsImkiOjMsInEiOiI0ODBwIn0=",
    "decoded_data": {
      "id": 74236,
      "i": 3,
      "q": "480p"
    },
    "stream_url": "https://mega.nz/embed/#!TX4HSQhJ!gPDeRlhDC9CudvnudDKcLTwdbCiBrZ-oGDwPArdD3MQ",
    "is_default": false,
    "timestamp": "2025-09-12T08:52:28.223Z"
  },
  {
    "anime_title": "Black Clover",
    "episode_title": "Black Clover Episode 110 Subtitle Indonesia",
    "episode_link": "https://otakudesu.best/episode/bkclrv-episode-110-sub-indo/",
    "episode_date": "19 November,2019",
    "server": "otakustream",
    "quality": "720p",
    "data_content": "eyJpZCI6NzQyMzYsImkiOjAsInEiOiI3MjBwIn0=",
    "decoded_data": {
      "id": 74236,
      "i": 0,
      "q": "720p"
    },
    "stream_url": "https://desustream.info/dstream/otakustream/v2/index.php?id=cU9iUWJWOWppeUZzRFMzSE41bEJwRW9lcGJNNnZ2QzRNaWVVM2c5bHlwTT0=",
    "is_default": false,
    "timestamp": "2025-09-12T08:52:28.263Z"
  },
  {
    "anime_title": "Black Clover",
    "episode_title": "Black Clover Episode 110 Subtitle Indonesia",
    "episode_link": "https://otakudesu.best/episode/bkclrv-episode-110-sub-indo/",
    "episode_date": "19 November,2019",
    "server": "GDrive",
    "quality": "720p",
    "data_content": "eyJpZCI6NzQyMzYsImkiOjEsInEiOiI3MjBwIn0=",
    "decoded_data": {
      "id": 74236,
      "i": 1,
      "q": "720p"
    },
    "stream_url": "https://gdriveplayer.me/embed2.php?link=https://drive.google.com/open?id=169MHSrI3NCzz2S8-0KuDPtnS-hmZJ-DB",
    "is_default": false,
    "timestamp": "2025-09-12T08:52:28.311Z"
  },
  {
    "anime_title": "Black Clover",
    "episode_title": "Black Clover Episode 110 Subtitle Indonesia",
    "episode_link": "https://otakudesu.best/episode/bkclrv-episode-110-sub-indo/",
    "episode_date": "19 November,2019",
    "server": "mega",
    "quality": "720p",
    "data_content": "eyJpZCI6NzQyMzYsImkiOjIsInEiOiI3MjBwIn0=",
    "decoded_data": {
      "id": 74236,
      "i": 2,
      "q": "720p"
    },
    "stream_url": "https://mega.nz/embed/#!qegVVaRb!hle2FsLzX3e6F6mlkAuXYeFx9HT1h7NJ4HToEvGlaUI",
    "is_default": false,
    "timestamp": "2025-09-12T08:52:28.377Z"
  },
  {
    "anime_title": "Black Clover",
    "episode_title": "Black Clover Episode 110 Subtitle Indonesia",
    "episode_link": "https://otakudesu.best/episode/bkclrv-episode-110-sub-indo/",
    "episode_date": "19 November,2019",
    "server": "yourupload",
    "quality": "720p",
    "data_content": "eyJpZCI6NzQyMzYsImkiOjMsInEiOiI3MjBwIn0=",
    "decoded_data": {
      "id": 74236,
      "i": 3,
      "q": "720p"
    },
    "stream_url": "https://desudrive.com/stream/yuplod.php?id=E3H7dNCUeNOt",
    "is_default": false,
    "timestamp": "2025-09-12T08:52:28.397Z"
  },
  {
    "anime_title": "Black Clover",
    "episode_title": "Black Clover Episode 110 Subtitle Indonesia",
    "episode_link": "https://otakudesu.best/episode/bkclrv-episode-110-sub-indo/",
    "episode_date": "19 November,2019",
    "server": "yourupload",
    "quality": "360p",
    "data_content": "eyJpZCI6NzQyMzYsImkiOjAsInEiOiIzNjBwIn0=",
    "decoded_data": {
      "id": 74236,
      "i": 0,
      "q": "360p"
    },
    "stream_url": "https://desudrive.com/stream/yuplod.php?id=fy0CPFs7oC71",
    "is_default": false,
    "timestamp": "2025-09-12T08:52:28.000Z"
  },
  {
    "anime_title": "Black Clover",
    "episode_title": "Black Clover Episode 110 Subtitle Indonesia",
    "episode_link": "https://otakudesu.best/episode/bkclrv-episode-110-sub-indo/",
    "episode_date": "19 November,2019",
    "server": "GDrive",
    "quality": "360p",
    "data_content": "eyJpZCI6NzQyMzYsImkiOjEsInEiOiIzNjBwIn0=",
    "decoded_data": {
      "id": 74236,
      "i": 1,
      "q": "360p"
    },
    "stream_url": "https://gdriveplayer.me/embed2.php?link=https://drive.google.com/open?id=1X-zhZJReh9lapbgeWOnOmI1X03hMBQzw",
    "is_default": false,
    "timestamp": "2025-09-12T08:52:28.022Z"
  },
  {
    "anime_title": "Black Clover",
    "episode_title": "Black Clover Episode 110 Subtitle Indonesia",
    "episode_link": "https://otakudesu.best/episode/bkclrv-episode-110-sub-indo/",
    "episode_date": "19 November,2019",
    "server": "mega",
    "quality": "360p",
    "data_content": "eyJpZCI6NzQyMzYsImkiOjIsInEiOiIzNjBwIn0=",
    "decoded_data": {
      "id": 74236,
      "i": 2,
      "q": "360p"
    },
    "stream_url": "https://mega.nz/embed/#!Pfh1nYLA!Es3tIhu5KVgX3FkPGxrod1bUA7kjPW55ObMEvjEtG9M",
    "is_default": false,
    "timestamp": "2025-09-12T08:52:28.079Z"
  },
  {
    "anime_title": "Black Clover",
    "episode_title": "Black Clover Episode 110 Subtitle Indonesia",
    "episode_link": "https://otakudesu.best/episode/bkclrv-episode-110-sub-indo/",
    "episode_date": "19 November,2019",
    "server": "otakuplay",
    "quality": "480p",
    "data_content": "eyJpZCI6NzQyMzYsImkiOjAsInEiOiI0ODBwIn0=",
    "decoded_data": {
      "id": 74236,
      "i": 0,
      "q": "480p"
    },
    "stream_url": "https://desustream.info/dstream/otakuplay/v2/index.php?id=TDIyd09GdEZTT0hHMmtnd2c5U2xBeUlZcUtkdDhSVUxJb3o2c2lIMDNuMD0=",
    "is_default": true,
    "timestamp": "2025-09-12T08:52:28.109Z"
  },
  {
    "anime_title": "Black Clover",
    "episode_title": "Black Clover Episode 110 Subtitle Indonesia",
    "episode_link": "https://otakudesu.best/episode/bkclrv-episode-110-sub-indo/",
    "episode_date": "19 November,2019",
    "server": "yourupload",
    "quality": "480p",
    "data_content": "eyJpZCI6NzQyMzYsImkiOjEsInEiOiI0ODBwIn0=",
    "decoded_data": {
      "id": 74236,
      "i": 1,
      "q": "480p"
    },
    "stream_url": "https://desudrive.com/stream/yuplod.php?id=uVdngdh48s6J",
    "is_default": false,
    "timestamp": "2025-09-12T08:52:28.133Z"
  },
  {
    "anime_title": "Black Clover",
    "episode_title": "Black Clover Episode 110 Subtitle Indonesia",
    "episode_link": "https://otakudesu.best/episode/bkclrv-episode-110-sub-indo/",
    "episode_date": "19 November,2019",
    "server": "GDrive",
    "quality": "480p",
    "data_content": "eyJpZCI6NzQyMzYsImkiOjIsInEiOiI0ODBwIn0=",
    "decoded_data": {
      "id": 74236,
      "i": 2,
      "q": "480p"
    },
    "stream_url": "https://gdriveplayer.me/embed2.php?link=https://drive.google.com/open?id=10VFlsbjEO5DMx9fgU-64Ml0RkWX3al3K",
    "is_default": false,
    "timestamp": "2025-09-12T08:52:28.187Z"
  },
  {
    "anime_title": "Black Clover",
    "episode_title": "Black Clover Episode 110 Subtitle Indonesia",
    "episode_link": "https://otakudesu.best/episode/bkclrv-episode-110-sub-indo/",
    "episode_date": "19 November,2019",
    "server": "mega",
    "quality": "480p",
    "data_content": "eyJpZCI6NzQyMzYsImkiOjMsInEiOiI0ODBwIn0=",
    "decoded_data": {
      "id": 74236,
      "i": 3,
      "q": "480p"
    },
    "stream_url": "https://mega.nz/embed/#!TX4HSQhJ!gPDeRlhDC9CudvnudDKcLTwdbCiBrZ-oGDwPArdD3MQ",
    "is_default": false,
    "timestamp": "2025-09-12T08:52:28.223Z"
  },
  {
    "anime_title": "Black Clover",
    "episode_title": "Black Clover Episode 110 Subtitle Indonesia",
    "episode_link": "https://otakudesu.best/episode/bkclrv-episode-110-sub-indo/",
    "episode_date": "19 November,2019",
    "server": "otakustream",
    "quality": "720p",
    "data_content": "eyJpZCI6NzQyMzYsImkiOjAsInEiOiI3MjBwIn0=",
    "decoded_data": {
      "id": 74236,
      "i": 0,
      "q": "720p"
    },
    "stream_url": "https://desustream.info/dstream/otakustream/v2/index.php?id=cU9iUWJWOWppeUZzRFMzSE41bEJwRW9lcGJNNnZ2QzRNaWVVM2c5bHlwTT0=",
    "is_default": false,
    "timestamp": "2025-09-12T08:52:28.263Z"
  },
  {
    "anime_title": "Black Clover",
    "episode_title": "Black Clover Episode 110 Subtitle Indonesia",
    "episode_link": "https://otakudesu.best/episode/bkclrv-episode-110-sub-indo/",
    "episode_date": "19 November,2019",
    "server": "GDrive",
    "quality": "720p",
    "data_content": "eyJpZCI6NzQyMzYsImkiOjEsInEiOiI3MjBwIn0=",
    "decoded_data": {
      "id": 74236,
      "i": 1,
      "q": "720p"
    },
    "stream_url": "https://gdriveplayer.me/embed2.php?link=https://drive.google.com/open?id=169MHSrI3NCzz2S8-0KuDPtnS-hmZJ-DB",
    "is_default": false,
    "timestamp": "2025-09-12T08:52:28.311Z"
  },
  {
    "anime_title": "Black Clover",
    "episode_title": "Black Clover Episode 110 Subtitle Indonesia",
    "episode_link": "https://otakudesu.best/episode/bkclrv-episode-110-sub-indo/",
    "episode_date": "19 November,2019",
    "server": "mega",
    "quality": "720p",
    "data_content": "eyJpZCI6NzQyMzYsImkiOjIsInEiOiI3MjBwIn0=",
    "decoded_data": {
      "id": 74236,
      "i": 2,
      "q": "720p"
    },
    "stream_url": "https://mega.nz/embed/#!qegVVaRb!hle2FsLzX3e6F6mlkAuXYeFx9HT1h7NJ4HToEvGlaUI",
    "is_default": false,
    "timestamp": "2025-09-12T08:52:28.377Z"
  },
  {
    "anime_title": "Black Clover",
    "episode_title": "Black Clover Episode 110 Subtitle Indonesia",
    "episode_link": "https://otakudesu.best/episode/bkclrv-episode-110-sub-indo/",
    "episode_date": "19 November,2019",
    "server": "yourupload",
    "quality": "720p",
    "data_content": "eyJpZCI6NzQyMzYsImkiOjMsInEiOiI3MjBwIn0=",
    "decoded_data": {
      "id": 74236,
      "i": 3,
      "q": "720p"
    },
    "stream_url": "https://desudrive.com/stream/yuplod.php?id=E3H7dNCUeNOt",
    "is_default": false,
    "timestamp": "2025-09-12T08:52:28.397Z"
  },
  {
    "anime_title": "Black Clover",
    "episode_title": "Black Clover Episode 111 Subtitle Indonesia",
    "episode_link": "https://otakudesu.best/episode/bkclrv-episode-111-sub-indo/",
    "episode_date": "26 November,2019",
    "server": "yourupload",
    "quality": "360p",
    "data_content": "eyJpZCI6NzQ3MDgsImkiOjAsInEiOiIzNjBwIn0=",
    "decoded_data": {
      "id": 74708,
      "i": 0,
      "q": "360p"
    },
    "stream_url": "https://desudrive.com/stream/yuplod.php?id=S5hv1HM2223f",
    "is_default": false,
    "timestamp": "2025-09-12T08:52:29.245Z"
  },
  {
    "anime_title": "Black Clover",
    "episode_title": "Black Clover Episode 111 Subtitle Indonesia",
    "episode_link": "https://otakudesu.best/episode/bkclrv-episode-111-sub-indo/",
    "episode_date": "26 November,2019",
    "server": "GDrive",
    "quality": "360p",
    "data_content": "eyJpZCI6NzQ3MDgsImkiOjEsInEiOiIzNjBwIn0=",
    "decoded_data": {
      "id": 74708,
      "i": 1,
      "q": "360p"
    },
    "stream_url": "https://gdriveplayer.me/embed2.php?link=https://drive.google.com/open?id=1i8MsJSAUs-8fwHVIubauLVTUQ8FsxrOu",
    "is_default": false,
    "timestamp": "2025-09-12T08:52:29.295Z"
  },
  {
    "anime_title": "Black Clover",
    "episode_title": "Black Clover Episode 111 Subtitle Indonesia",
    "episode_link": "https://otakudesu.best/episode/bkclrv-episode-111-sub-indo/",
    "episode_date": "26 November,2019",
    "server": "mega",
    "quality": "360p",
    "data_content": "eyJpZCI6NzQ3MDgsImkiOjIsInEiOiIzNjBwIn0=",
    "decoded_data": {
      "id": 74708,
      "i": 2,
      "q": "360p"
    },
    "stream_url": "https://mega.nz/embed/#!eThhASxY!hmMeQcmPySVXei6zCGfXmgcPxs0qNvxQOuMg14p0w_Q",
    "is_default": false,
    "timestamp": "2025-09-12T08:52:29.339Z"
  },
  {
    "anime_title": "Black Clover",
    "episode_title": "Black Clover Episode 111 Subtitle Indonesia",
    "episode_link": "https://otakudesu.best/episode/bkclrv-episode-111-sub-indo/",
    "episode_date": "26 November,2019",
    "server": "desudrive",
    "quality": "360p",
    "data_content": "eyJpZCI6NzQ3MDgsImkiOjMsInEiOiIzNjBwIn0=",
    "decoded_data": {
      "id": 74708,
      "i": 3,
      "q": "360p"
    },
    "stream_url": "https://desustream.info/dstream/desudrive/player.php?id=R1B2cWxwYkdIM0k3d3RUNTgrMEpSVDNXS0VlckxibGxoTGNFNDdaRzBJSno3RHo0OWhYNmd4TzlZNGw2VmI0dg==",
    "is_default": false,
    "timestamp": "2025-09-12T08:52:29.363Z"
  },
  {
    "anime_title": "Black Clover",
    "episode_title": "Black Clover Episode 111 Subtitle Indonesia",
    "episode_link": "https://otakudesu.best/episode/bkclrv-episode-111-sub-indo/",
    "episode_date": "26 November,2019",
    "server": "otakuplay",
    "quality": "480p",
    "data_content": "eyJpZCI6NzQ3MDgsImkiOjAsInEiOiI0ODBwIn0=",
    "decoded_data": {
      "id": 74708,
      "i": 0,
      "q": "480p"
    },
    "stream_url": "https://desustream.info/dstream/otakuplay/v2/index.php?id=TDIyd09GdEZTT0hHMmtnd2c5U2xBNWt5Q2VzZE1xZzJPL01JeG1mRTVWND0=",
    "is_default": true,
    "timestamp": "2025-09-12T08:52:29.413Z"
  },
  {
    "anime_title": "Black Clover",
    "episode_title": "Black Clover Episode 111 Subtitle Indonesia",
    "episode_link": "https://otakudesu.best/episode/bkclrv-episode-111-sub-indo/",
    "episode_date": "26 November,2019",
    "server": "yourupload",
    "quality": "480p",
    "data_content": "eyJpZCI6NzQ3MDgsImkiOjEsInEiOiI0ODBwIn0=",
    "decoded_data": {
      "id": 74708,
      "i": 1,
      "q": "480p"
    },
    "stream_url": "https://desudrive.com/stream/yuplod.php?id=X230sFV5IHXT",
    "is_default": false,
    "timestamp": "2025-09-12T08:52:29.438Z"
  },
  {
    "anime_title": "Black Clover",
    "episode_title": "Black Clover Episode 111 Subtitle Indonesia",
    "episode_link": "https://otakudesu.best/episode/bkclrv-episode-111-sub-indo/",
    "episode_date": "26 November,2019",
    "server": "GDrive",
    "quality": "480p",
    "data_content": "eyJpZCI6NzQ3MDgsImkiOjIsInEiOiI0ODBwIn0=",
    "decoded_data": {
      "id": 74708,
      "i": 2,
      "q": "480p"
    },
    "stream_url": "https://gdriveplayer.me/embed2.php?link=https://drive.google.com/open?id=1E7xPcdzUAQp47H9IwirzrOoH86oLmE-W",
    "is_default": false,
    "timestamp": "2025-09-12T08:52:29.486Z"
  },
  {
    "anime_title": "Black Clover",
    "episode_title": "Black Clover Episode 111 Subtitle Indonesia",
    "episode_link": "https://otakudesu.best/episode/bkclrv-episode-111-sub-indo/",
    "episode_date": "26 November,2019",
    "server": "mega",
    "quality": "480p",
    "data_content": "eyJpZCI6NzQ3MDgsImkiOjMsInEiOiI0ODBwIn0=",
    "decoded_data": {
      "id": 74708,
      "i": 3,
      "q": "480p"
    },
    "stream_url": "https://mega.nz/embed/#!2aonHKjY!I16PK8mE5KEO2nf-7AFIwTD9lz2ZwjxBknd2U15ESDw",
    "is_default": false,
    "timestamp": "2025-09-12T08:52:29.514Z"
  },
  {
    "anime_title": "Black Clover",
    "episode_title": "Black Clover Episode 111 Subtitle Indonesia",
    "episode_link": "https://otakudesu.best/episode/bkclrv-episode-111-sub-indo/",
    "episode_date": "26 November,2019",
    "server": "desudrive",
    "quality": "480p",
    "data_content": "eyJpZCI6NzQ3MDgsImkiOjQsInEiOiI0ODBwIn0=",
    "decoded_data": {
      "id": 74708,
      "i": 4,
      "q": "480p"
    },
    "stream_url": "https://desustream.info/dstream/desudrive/player.php?id=VFJxWVVTTFBwaHdCVkNHc09ZMTlPUkJicnl4MlFxeWJlcVdxREdUL1VwMkZwdVc4ckFEdG9Pazc2UmdJWVZvKw==",
    "is_default": false,
    "timestamp": "2025-09-12T08:52:29.570Z"
  },
  {
    "anime_title": "Black Clover",
    "episode_title": "Black Clover Episode 111 Subtitle Indonesia",
    "episode_link": "https://otakudesu.best/episode/bkclrv-episode-111-sub-indo/",
    "episode_date": "26 November,2019",
    "server": "otakustream",
    "quality": "720p",
    "data_content": "eyJpZCI6NzQ3MDgsImkiOjAsInEiOiI3MjBwIn0=",
    "decoded_data": {
      "id": 74708,
      "i": 0,
      "q": "720p"
    },
    "stream_url": "https://desustream.info/dstream/otakustream/v2/index.php?id=cU9iUWJWOWppeUZzRFMzSE41bEJwTjJWNTNtZXBndG1QaUFtR25DWnJYZz0=",
    "is_default": false,
    "timestamp": "2025-09-12T08:52:29.618Z"
  },
  {
    "anime_title": "Black Clover",
    "episode_title": "Black Clover Episode 111 Subtitle Indonesia",
    "episode_link": "https://otakudesu.best/episode/bkclrv-episode-111-sub-indo/",
    "episode_date": "26 November,2019",
    "server": "GDrive",
    "quality": "720p",
    "data_content": "eyJpZCI6NzQ3MDgsImkiOjEsInEiOiI3MjBwIn0=",
    "decoded_data": {
      "id": 74708,
      "i": 1,
      "q": "720p"
    },
    "stream_url": "https://gdriveplayer.me/embed2.php?link=https://drive.google.com/open?id=1KvVwMS3B3lyIaHrpCItYMpNcXLpr5hS7",
    "is_default": false,
    "timestamp": "2025-09-12T08:52:29.652Z"
  },
  {
    "anime_title": "Black Clover",
    "episode_title": "Black Clover Episode 111 Subtitle Indonesia",
    "episode_link": "https://otakudesu.best/episode/bkclrv-episode-111-sub-indo/",
    "episode_date": "26 November,2019",
    "server": "mega",
    "quality": "720p",
    "data_content": "eyJpZCI6NzQ3MDgsImkiOjIsInEiOiI3MjBwIn0=",
    "decoded_data": {
      "id": 74708,
      "i": 2,
      "q": "720p"
    },
    "stream_url": "https://mega.nz/embed/#!CGhxnS4C!iew4su7jbdBv6enn7IUIWW6Qy_cmdmeA-BrEsZOyXSE",
    "is_default": false,
    "timestamp": "2025-09-12T08:52:29.689Z"
  },
  {
    "anime_title": "Black Clover",
    "episode_title": "Black Clover Episode 111 Subtitle Indonesia",
    "episode_link": "https://otakudesu.best/episode/bkclrv-episode-111-sub-indo/",
    "episode_date": "26 November,2019",
    "server": "desudrive",
    "quality": "720p",
    "data_content": "eyJpZCI6NzQ3MDgsImkiOjMsInEiOiI3MjBwIn0=",
    "decoded_data": {
      "id": 74708,
      "i": 3,
      "q": "720p"
    },
    "stream_url": "https://desustream.info/dstream/desudrive/player.php?id=MUllcEZ2cmt2TFdLMXZCV1VFT1R6ZlpVM2lFWGU3VlNBc3lDS2VyQ2dtb3E1VlpJSVJpTnlyT08yTXBKOXFKMw==",
    "is_default": false,
    "timestamp": "2025-09-12T08:52:29.742Z"
  },
  {
    "anime_title": "Black Clover",
    "episode_title": "Black Clover Episode 111 Subtitle Indonesia",
    "episode_link": "https://otakudesu.best/episode/bkclrv-episode-111-sub-indo/",
    "episode_date": "26 November,2019",
    "server": "yourupload",
    "quality": "720p",
    "data_content": "eyJpZCI6NzQ3MDgsImkiOjQsInEiOiI3MjBwIn0=",
    "decoded_data": {
      "id": 74708,
      "i": 4,
      "q": "720p"
    },
    "stream_url": "https://desudrive.com/stream/yuplod.php?id=8nDk6NDs4gq4",
    "is_default": false,
    "timestamp": "2025-09-12T08:52:29.798Z"
  },
  {
    "anime_title": "Black Clover",
    "episode_title": "Black Clover Episode 111 Subtitle Indonesia",
    "episode_link": "https://otakudesu.best/episode/bkclrv-episode-111-sub-indo/",
    "episode_date": "26 November,2019",
    "server": "yourupload",
    "quality": "360p",
    "data_content": "eyJpZCI6NzQ3MDgsImkiOjAsInEiOiIzNjBwIn0=",
    "decoded_data": {
      "id": 74708,
      "i": 0,
      "q": "360p"
    },
    "stream_url": "https://desudrive.com/stream/yuplod.php?id=S5hv1HM2223f",
    "is_default": false,
    "timestamp": "2025-09-12T08:52:29.245Z"
  },
  {
    "anime_title": "Black Clover",
    "episode_title": "Black Clover Episode 111 Subtitle Indonesia",
    "episode_link": "https://otakudesu.best/episode/bkclrv-episode-111-sub-indo/",
    "episode_date": "26 November,2019",
    "server": "GDrive",
    "quality": "360p",
    "data_content": "eyJpZCI6NzQ3MDgsImkiOjEsInEiOiIzNjBwIn0=",
    "decoded_data": {
      "id": 74708,
      "i": 1,
      "q": "360p"
    },
    "stream_url": "https://gdriveplayer.me/embed2.php?link=https://drive.google.com/open?id=1i8MsJSAUs-8fwHVIubauLVTUQ8FsxrOu",
    "is_default": false,
    "timestamp": "2025-09-12T08:52:29.295Z"
  },
  {
    "anime_title": "Black Clover",
    "episode_title": "Black Clover Episode 111 Subtitle Indonesia",
    "episode_link": "https://otakudesu.best/episode/bkclrv-episode-111-sub-indo/",
    "episode_date": "26 November,2019",
    "server": "mega",
    "quality": "360p",
    "data_content": "eyJpZCI6NzQ3MDgsImkiOjIsInEiOiIzNjBwIn0=",
    "decoded_data": {
      "id": 74708,
      "i": 2,
      "q": "360p"
    },
    "stream_url": "https://mega.nz/embed/#!eThhASxY!hmMeQcmPySVXei6zCGfXmgcPxs0qNvxQOuMg14p0w_Q",
    "is_default": false,
    "timestamp": "2025-09-12T08:52:29.339Z"
  },
  {
    "anime_title": "Black Clover",
    "episode_title": "Black Clover Episode 111 Subtitle Indonesia",
    "episode_link": "https://otakudesu.best/episode/bkclrv-episode-111-sub-indo/",
    "episode_date": "26 November,2019",
    "server": "desudrive",
    "quality": "360p",
    "data_content": "eyJpZCI6NzQ3MDgsImkiOjMsInEiOiIzNjBwIn0=",
    "decoded_data": {
      "id": 74708,
      "i": 3,
      "q": "360p"
    },
    "stream_url": "https://desustream.info/dstream/desudrive/player.php?id=R1B2cWxwYkdIM0k3d3RUNTgrMEpSVDNXS0VlckxibGxoTGNFNDdaRzBJSno3RHo0OWhYNmd4TzlZNGw2VmI0dg==",
    "is_default": false,
    "timestamp": "2025-09-12T08:52:29.363Z"
  },
  {
    "anime_title": "Black Clover",
    "episode_title": "Black Clover Episode 111 Subtitle Indonesia",
    "episode_link": "https://otakudesu.best/episode/bkclrv-episode-111-sub-indo/",
    "episode_date": "26 November,2019",
    "server": "otakuplay",
    "quality": "480p",
    "data_content": "eyJpZCI6NzQ3MDgsImkiOjAsInEiOiI0ODBwIn0=",
    "decoded_data": {
      "id": 74708,
      "i": 0,
      "q": "480p"
    },
    "stream_url": "https://desustream.info/dstream/otakuplay/v2/index.php?id=TDIyd09GdEZTT0hHMmtnd2c5U2xBNWt5Q2VzZE1xZzJPL01JeG1mRTVWND0=",
    "is_default": true,
    "timestamp": "2025-09-12T08:52:29.413Z"
  },
  {
    "anime_title": "Black Clover",
    "episode_title": "Black Clover Episode 111 Subtitle Indonesia",
    "episode_link": "https://otakudesu.best/episode/bkclrv-episode-111-sub-indo/",
    "episode_date": "26 November,2019",
    "server": "yourupload",
    "quality": "480p",
    "data_content": "eyJpZCI6NzQ3MDgsImkiOjEsInEiOiI0ODBwIn0=",
    "decoded_data": {
      "id": 74708,
      "i": 1,
      "q": "480p"
    },
    "stream_url": "https://desudrive.com/stream/yuplod.php?id=X230sFV5IHXT",
    "is_default": false,
    "timestamp": "2025-09-12T08:52:29.438Z"
  },
  {
    "anime_title": "Black Clover",
    "episode_title": "Black Clover Episode 111 Subtitle Indonesia",
    "episode_link": "https://otakudesu.best/episode/bkclrv-episode-111-sub-indo/",
    "episode_date": "26 November,2019",
    "server": "GDrive",
    "quality": "480p",
    "data_content": "eyJpZCI6NzQ3MDgsImkiOjIsInEiOiI0ODBwIn0=",
    "decoded_data": {
      "id": 74708,
      "i": 2,
      "q": "480p"
    },
    "stream_url": "https://gdriveplayer.me/embed2.php?link=https://drive.google.com/open?id=1E7xPcdzUAQp47H9IwirzrOoH86oLmE-W",
    "is_default": false,
    "timestamp": "2025-09-12T08:52:29.486Z"
  },
  {
    "anime_title": "Black Clover",
    "episode_title": "Black Clover Episode 111 Subtitle Indonesia",
    "episode_link": "https://otakudesu.best/episode/bkclrv-episode-111-sub-indo/",
    "episode_date": "26 November,2019",
    "server": "mega",
    "quality": "480p",
    "data_content": "eyJpZCI6NzQ3MDgsImkiOjMsInEiOiI0ODBwIn0=",
    "decoded_data": {
      "id": 74708,
      "i": 3,
      "q": "480p"
    },
    "stream_url": "https://mega.nz/embed/#!2aonHKjY!I16PK8mE5KEO2nf-7AFIwTD9lz2ZwjxBknd2U15ESDw",
    "is_default": false,
    "timestamp": "2025-09-12T08:52:29.514Z"
  },
  {
    "anime_title": "Black Clover",
    "episode_title": "Black Clover Episode 111 Subtitle Indonesia",
    "episode_link": "https://otakudesu.best/episode/bkclrv-episode-111-sub-indo/",
    "episode_date": "26 November,2019",
    "server": "desudrive",
    "quality": "480p",
    "data_content": "eyJpZCI6NzQ3MDgsImkiOjQsInEiOiI0ODBwIn0=",
    "decoded_data": {
      "id": 74708,
      "i": 4,
      "q": "480p"
    },
    "stream_url": "https://desustream.info/dstream/desudrive/player.php?id=VFJxWVVTTFBwaHdCVkNHc09ZMTlPUkJicnl4MlFxeWJlcVdxREdUL1VwMkZwdVc4ckFEdG9Pazc2UmdJWVZvKw==",
    "is_default": false,
    "timestamp": "2025-09-12T08:52:29.570Z"
  },
  {
    "anime_title": "Black Clover",
    "episode_title": "Black Clover Episode 111 Subtitle Indonesia",
    "episode_link": "https://otakudesu.best/episode/bkclrv-episode-111-sub-indo/",
    "episode_date": "26 November,2019",
    "server": "otakustream",
    "quality": "720p",
    "data_content": "eyJpZCI6NzQ3MDgsImkiOjAsInEiOiI3MjBwIn0=",
    "decoded_data": {
      "id": 74708,
      "i": 0,
      "q": "720p"
    },
    "stream_url": "https://desustream.info/dstream/otakustream/v2/index.php?id=cU9iUWJWOWppeUZzRFMzSE41bEJwTjJWNTNtZXBndG1QaUFtR25DWnJYZz0=",
    "is_default": false,
    "timestamp": "2025-09-12T08:52:29.618Z"
  },
  {
    "anime_title": "Black Clover",
    "episode_title": "Black Clover Episode 111 Subtitle Indonesia",
    "episode_link": "https://otakudesu.best/episode/bkclrv-episode-111-sub-indo/",
    "episode_date": "26 November,2019",
    "server": "GDrive",
    "quality": "720p",
    "data_content": "eyJpZCI6NzQ3MDgsImkiOjEsInEiOiI3MjBwIn0=",
    "decoded_data": {
      "id": 74708,
      "i": 1,
      "q": "720p"
    },
    "stream_url": "https://gdriveplayer.me/embed2.php?link=https://drive.google.com/open?id=1KvVwMS3B3lyIaHrpCItYMpNcXLpr5hS7",
    "is_default": false,
    "timestamp": "2025-09-12T08:52:29.652Z"
  },
  {
    "anime_title": "Black Clover",
    "episode_title": "Black Clover Episode 111 Subtitle Indonesia",
    "episode_link": "https://otakudesu.best/episode/bkclrv-episode-111-sub-indo/",
    "episode_date": "26 November,2019",
    "server": "mega",
    "quality": "720p",
    "data_content": "eyJpZCI6NzQ3MDgsImkiOjIsInEiOiI3MjBwIn0=",
    "decoded_data": {
      "id": 74708,
      "i": 2,
      "q": "720p"
    },
    "stream_url": "https://mega.nz/embed/#!CGhxnS4C!iew4su7jbdBv6enn7IUIWW6Qy_cmdmeA-BrEsZOyXSE",
    "is_default": false,
    "timestamp": "2025-09-12T08:52:29.689Z"
  },
  {
    "anime_title": "Black Clover",
    "episode_title": "Black Clover Episode 111 Subtitle Indonesia",
    "episode_link": "https://otakudesu.best/episode/bkclrv-episode-111-sub-indo/",
    "episode_date": "26 November,2019",
    "server": "desudrive",
    "quality": "720p",
    "data_content": "eyJpZCI6NzQ3MDgsImkiOjMsInEiOiI3MjBwIn0=",
    "decoded_data": {
      "id": 74708,
      "i": 3,
      "q": "720p"
    },
    "stream_url": "https://desustream.info/dstream/desudrive/player.php?id=MUllcEZ2cmt2TFdLMXZCV1VFT1R6ZlpVM2lFWGU3VlNBc3lDS2VyQ2dtb3E1VlpJSVJpTnlyT08yTXBKOXFKMw==",
    "is_default": false,
    "timestamp": "2025-09-12T08:52:29.742Z"
  },
  {
    "anime_title": "Black Clover",
    "episode_title": "Black Clover Episode 111 Subtitle Indonesia",
    "episode_link": "https://otakudesu.best/episode/bkclrv-episode-111-sub-indo/",
    "episode_date": "26 November,2019",
    "server": "yourupload",
    "quality": "720p",
    "data_content": "eyJpZCI6NzQ3MDgsImkiOjQsInEiOiI3MjBwIn0=",
    "decoded_data": {
      "id": 74708,
      "i": 4,
      "q": "720p"
    },
    "stream_url": "https://desudrive.com/stream/yuplod.php?id=8nDk6NDs4gq4",
    "is_default": false,
    "timestamp": "2025-09-12T08:52:29.798Z"
  },
  {
    "anime_title": "Black Clover",
    "episode_title": "Black Clover Episode 112 Subtitle Indonesia",
    "episode_link": "https://otakudesu.best/episode/bkclrv-episode-112-sub-indo/",
    "episode_date": "3 Desember,2019",
    "server": "yourupload",
    "quality": "360p",
    "data_content": "eyJpZCI6NzUzOTQsImkiOjAsInEiOiIzNjBwIn0=",
    "decoded_data": {
      "id": 75394,
      "i": 0,
      "q": "360p"
    },
    "stream_url": "https://desudrive.com/stream/yuplod.php?id=j2VAY55T5xnt",
    "is_default": false,
    "timestamp": "2025-09-12T08:52:30.660Z"
  },
  {
    "anime_title": "Black Clover",
    "episode_title": "Black Clover Episode 112 Subtitle Indonesia",
    "episode_link": "https://otakudesu.best/episode/bkclrv-episode-112-sub-indo/",
    "episode_date": "3 Desember,2019",
    "server": "GDrive",
    "quality": "360p",
    "data_content": "eyJpZCI6NzUzOTQsImkiOjEsInEiOiIzNjBwIn0=",
    "decoded_data": {
      "id": 75394,
      "i": 1,
      "q": "360p"
    },
    "stream_url": "https://gdriveplayer.me/embed2.php?link=https://drive.google.com/open?id=1DRPQm_ysHRkMPt98CN0iLJeeZgBTxQIa",
    "is_default": false,
    "timestamp": "2025-09-12T08:52:30.685Z"
  },
  {
    "anime_title": "Black Clover",
    "episode_title": "Black Clover Episode 112 Subtitle Indonesia",
    "episode_link": "https://otakudesu.best/episode/bkclrv-episode-112-sub-indo/",
    "episode_date": "3 Desember,2019",
    "server": "mega",
    "quality": "360p",
    "data_content": "eyJpZCI6NzUzOTQsImkiOjIsInEiOiIzNjBwIn0=",
    "decoded_data": {
      "id": 75394,
      "i": 2,
      "q": "360p"
    },
    "stream_url": "https://mega.nz/embed/#!HKhU2AbZ!HmkPuZ6aX0AGB5JwH0sVNjX1UuV_1aSeviGdwe6c15U",
    "is_default": false,
    "timestamp": "2025-09-12T08:52:30.737Z"
  },
  {
    "anime_title": "Black Clover",
    "episode_title": "Black Clover Episode 112 Subtitle Indonesia",
    "episode_link": "https://otakudesu.best/episode/bkclrv-episode-112-sub-indo/",
    "episode_date": "3 Desember,2019",
    "server": "GDrive2",
    "quality": "360p",
    "data_content": "eyJpZCI6NzUzOTQsImkiOjMsInEiOiIzNjBwIn0=",
    "decoded_data": {
      "id": 75394,
      "i": 3,
      "q": "360p"
    },
    "stream_url": "https://gdriveplayer.me/embed2.php?link=https://drive.google.com/open?id=1E6t1SxdJU-6BDLVC2raxsF61HLiRSw3O",
    "is_default": false,
    "timestamp": "2025-09-12T08:52:30.760Z"
  },
  {
    "anime_title": "Black Clover",
    "episode_title": "Black Clover Episode 112 Subtitle Indonesia",
    "episode_link": "https://otakudesu.best/episode/bkclrv-episode-112-sub-indo/",
    "episode_date": "3 Desember,2019",
    "server": "yourupload",
    "quality": "480p",
    "data_content": "eyJpZCI6NzUzOTQsImkiOjEsInEiOiI0ODBwIn0=",
    "decoded_data": {
      "id": 75394,
      "i": 1,
      "q": "480p"
    },
    "stream_url": "https://desudrive.com/stream/yuplod.php?id=GQeA3y24f8M0",
    "is_default": false,
    "timestamp": "2025-09-12T08:52:30.965Z"
  },
  {
    "anime_title": "Black Clover",
    "episode_title": "Black Clover Episode 112 Subtitle Indonesia",
    "episode_link": "https://otakudesu.best/episode/bkclrv-episode-112-sub-indo/",
    "episode_date": "3 Desember,2019",
    "server": "mega",
    "quality": "480p",
    "data_content": "eyJpZCI6NzUzOTQsImkiOjMsInEiOiI0ODBwIn0=",
    "decoded_data": {
      "id": 75394,
      "i": 3,
      "q": "480p"
    },
    "stream_url": "https://mega.nz/embed/#!6P4QHIbI!1dXhkVPD7wa5_yQCozt1X_kVPKDvrvkAfc_EVnID024",
    "is_default": false,
    "timestamp": "2025-09-12T08:52:30.983Z"
  },
  {
    "anime_title": "Black Clover",
    "episode_title": "Black Clover Episode 112 Subtitle Indonesia",
    "episode_link": "https://otakudesu.best/episode/bkclrv-episode-112-sub-indo/",
    "episode_date": "3 Desember,2019",
    "server": "GDrive2",
    "quality": "480p",
    "data_content": "eyJpZCI6NzUzOTQsImkiOjQsInEiOiI0ODBwIn0=",
    "decoded_data": {
      "id": 75394,
      "i": 4,
      "q": "480p"
    },
    "stream_url": "https://gdriveplayer.me/embed2.php?link=https://drive.google.com/open?id=1za6nfXx3rCUZMCg3GbztBJwvIyNCrIJ3",
    "is_default": false,
    "timestamp": "2025-09-12T08:52:31.003Z"
  },
  {
    "anime_title": "Black Clover",
    "episode_title": "Black Clover Episode 112 Subtitle Indonesia",
    "episode_link": "https://otakudesu.best/episode/bkclrv-episode-112-sub-indo/",
    "episode_date": "3 Desember,2019",
    "server": "desudrive",
    "quality": "480p",
    "data_content": "eyJpZCI6NzUzOTQsImkiOjUsInEiOiI0ODBwIn0=",
    "decoded_data": {
      "id": 75394,
      "i": 5,
      "q": "480p"
    },
    "stream_url": "https://desustream.info/dstream/desudrive/player.php?id=aUw2TS9HRXZab09NS2xWVkRVSjg4ckxSU25ZaWprSTROOGhEVEw3TVdjZG01K3lqQWxYdldpek9BWTV2SDNGeQ==",
    "is_default": false,
    "timestamp": "2025-09-12T08:52:31.032Z"
  },
  {
    "anime_title": "Black Clover",
    "episode_title": "Black Clover Episode 112 Subtitle Indonesia",
    "episode_link": "https://otakudesu.best/episode/bkclrv-episode-112-sub-indo/",
    "episode_date": "3 Desember,2019",
    "server": "otakustream",
    "quality": "720p",
    "data_content": "eyJpZCI6NzUzOTQsImkiOjAsInEiOiI3MjBwIn0=",
    "decoded_data": {
      "id": 75394,
      "i": 0,
      "q": "720p"
    },
    "stream_url": "https://desustream.info/dstream/otakustream/v2/index.php?id=cU9iUWJWOWppeUZzRFMzSE41bEJwSFJIbzlxZFdWZW0xZkoyQ2llamlvRT0=",
    "is_default": false,
    "timestamp": "2025-09-12T08:52:31.081Z"
  },
  {
    "anime_title": "Black Clover",
    "episode_title": "Black Clover Episode 112 Subtitle Indonesia",
    "episode_link": "https://otakudesu.best/episode/bkclrv-episode-112-sub-indo/",
    "episode_date": "3 Desember,2019",
    "server": "desudrive",
    "quality": "360p",
    "data_content": "eyJpZCI6NzUzOTQsImkiOjQsInEiOiIzNjBwIn0=",
    "decoded_data": {
      "id": 75394,
      "i": 4,
      "q": "360p"
    },
    "stream_url": "https://desustream.info/dstream/desudrive/player.php?id=SWpOcy9mUzZpNEN4Y0RjdnhmbGRFdWxvOU1nTlgrRi9HY1BESnNWdFVKYno3d1VoVDhVYndOTmczTWdpSUhaSw==",
    "is_default": false,
    "timestamp": "2025-09-12T08:52:31.117Z"
  },
  {
    "anime_title": "Black Clover",
    "episode_title": "Black Clover Episode 112 Subtitle Indonesia",
    "episode_link": "https://otakudesu.best/episode/bkclrv-episode-112-sub-indo/",
    "episode_date": "3 Desember,2019",
    "server": "otakuplay",
    "quality": "480p",
    "data_content": "eyJpZCI6NzUzOTQsImkiOjAsInEiOiI0ODBwIn0=",
    "decoded_data": {
      "id": 75394,
      "i": 0,
      "q": "480p"
    },
    "stream_url": "https://desustream.info/dstream/otakuplay/v2/index.php?id=TDIyd09GdEZTT0hHMmtnd2c5U2xBeWVKUmdMcDgwTGdtZnlUci9OR2JZcz0=",
    "is_default": true,
    "timestamp": "2025-09-12T08:52:31.134Z"
  },
  {
    "anime_title": "Black Clover",
    "episode_title": "Black Clover Episode 112 Subtitle Indonesia",
    "episode_link": "https://otakudesu.best/episode/bkclrv-episode-112-sub-indo/",
    "episode_date": "3 Desember,2019",
    "server": "GDrive",
    "quality": "720p",
    "data_content": "eyJpZCI6NzUzOTQsImkiOjEsInEiOiI3MjBwIn0=",
    "decoded_data": {
      "id": 75394,
      "i": 1,
      "q": "720p"
    },
    "stream_url": "https://gdriveplayer.me/embed2.php?link=https://drive.google.com/open?id=1ODhIZbCagSBxeXmQ4Vtj9WUL-Updj6wo",
    "is_default": false,
    "timestamp": "2025-09-12T08:52:31.152Z"
  },
  {
    "anime_title": "Black Clover",
    "episode_title": "Black Clover Episode 112 Subtitle Indonesia",
    "episode_link": "https://otakudesu.best/episode/bkclrv-episode-112-sub-indo/",
    "episode_date": "3 Desember,2019",
    "server": "GDrive",
    "quality": "480p",
    "data_content": "eyJpZCI6NzUzOTQsImkiOjIsInEiOiI0ODBwIn0=",
    "decoded_data": {
      "id": 75394,
      "i": 2,
      "q": "480p"
    },
    "stream_url": "https://gdriveplayer.me/embed2.php?link=https://drive.google.com/open?id=1Vn44LTd69SrAGHEMI2M4q6xI7QvRaYZr",
    "is_default": false,
    "timestamp": "2025-09-12T08:52:31.181Z"
  },
  {
    "anime_title": "Black Clover",
    "episode_title": "Black Clover Episode 112 Subtitle Indonesia",
    "episode_link": "https://otakudesu.best/episode/bkclrv-episode-112-sub-indo/",
    "episode_date": "3 Desember,2019",
    "server": "mega",
    "quality": "720p",
    "data_content": "eyJpZCI6NzUzOTQsImkiOjIsInEiOiI3MjBwIn0=",
    "decoded_data": {
      "id": 75394,
      "i": 2,
      "q": "720p"
    },
    "stream_url": "https://mega.nz/embed/#!DTYg1IyA!UyP55bAkQU8fgZvBSPGe0K1uJiNR3NXAuGhDTiwD9rU",
    "is_default": false,
    "timestamp": "2025-09-12T08:52:31.199Z"
  },
  {
    "anime_title": "Black Clover",
    "episode_title": "Black Clover Episode 112 Subtitle Indonesia",
    "episode_link": "https://otakudesu.best/episode/bkclrv-episode-112-sub-indo/",
    "episode_date": "3 Desember,2019",
    "server": "GDrive2",
    "quality": "720p",
    "data_content": "eyJpZCI6NzUzOTQsImkiOjMsInEiOiI3MjBwIn0=",
    "decoded_data": {
      "id": 75394,
      "i": 3,
      "q": "720p"
    },
    "stream_url": "https://gdriveplayer.me/embed2.php?link=https://drive.google.com/open?id=1cmBUH6H-RIhbmnhbTQfxnihejirRCHXs",
    "is_default": false,
    "timestamp": "2025-09-12T08:52:31.219Z"
  },
  {
    "anime_title": "Black Clover",
    "episode_title": "Black Clover Episode 112 Subtitle Indonesia",
    "episode_link": "https://otakudesu.best/episode/bkclrv-episode-112-sub-indo/",
    "episode_date": "3 Desember,2019",
    "server": "yourupload",
    "quality": "720p",
    "data_content": "eyJpZCI6NzUzOTQsImkiOjUsInEiOiI3MjBwIn0=",
    "decoded_data": {
      "id": 75394,
      "i": 5,
      "q": "720p"
    },
    "stream_url": "https://desudrive.com/stream/yuplod.php?id=u0iH76mRc3h8",
    "is_default": false,
    "timestamp": "2025-09-12T08:52:31.397Z"
  },
  {
    "anime_title": "Black Clover",
    "episode_title": "Black Clover Episode 112 Subtitle Indonesia",
    "episode_link": "https://otakudesu.best/episode/bkclrv-episode-112-sub-indo/",
    "episode_date": "3 Desember,2019",
    "server": "desudrive",
    "quality": "720p",
    "data_content": "eyJpZCI6NzUzOTQsImkiOjQsInEiOiI3MjBwIn0=",
    "decoded_data": {
      "id": 75394,
      "i": 4,
      "q": "720p"
    },
    "stream_url": "https://desustream.info/dstream/desudrive/player.php?id=OGtkSU9SbTMxQnZaclFHU1c4RnF5c3NNMXZjSlBpZzhFUnZLc2ZTbVN0YkZSN0xqTkVOdDc1dWhiK2pFZ1drcg==",
    "is_default": false,
    "timestamp": "2025-09-12T08:52:31.601Z"
  },
  {
    "anime_title": "Black Clover",
    "episode_title": "Black Clover Episode 112 Subtitle Indonesia",
    "episode_link": "https://otakudesu.best/episode/bkclrv-episode-112-sub-indo/",
    "episode_date": "3 Desember,2019",
    "server": "yourupload",
    "quality": "360p",
    "data_content": "eyJpZCI6NzUzOTQsImkiOjAsInEiOiIzNjBwIn0=",
    "decoded_data": {
      "id": 75394,
      "i": 0,
      "q": "360p"
    },
    "stream_url": "https://desudrive.com/stream/yuplod.php?id=j2VAY55T5xnt",
    "is_default": false,
    "timestamp": "2025-09-12T08:52:30.660Z"
  },
  {
    "anime_title": "Black Clover",
    "episode_title": "Black Clover Episode 112 Subtitle Indonesia",
    "episode_link": "https://otakudesu.best/episode/bkclrv-episode-112-sub-indo/",
    "episode_date": "3 Desember,2019",
    "server": "GDrive",
    "quality": "360p",
    "data_content": "eyJpZCI6NzUzOTQsImkiOjEsInEiOiIzNjBwIn0=",
    "decoded_data": {
      "id": 75394,
      "i": 1,
      "q": "360p"
    },
    "stream_url": "https://gdriveplayer.me/embed2.php?link=https://drive.google.com/open?id=1DRPQm_ysHRkMPt98CN0iLJeeZgBTxQIa",
    "is_default": false,
    "timestamp": "2025-09-12T08:52:30.685Z"
  },
  {
    "anime_title": "Black Clover",
    "episode_title": "Black Clover Episode 112 Subtitle Indonesia",
    "episode_link": "https://otakudesu.best/episode/bkclrv-episode-112-sub-indo/",
    "episode_date": "3 Desember,2019",
    "server": "mega",
    "quality": "360p",
    "data_content": "eyJpZCI6NzUzOTQsImkiOjIsInEiOiIzNjBwIn0=",
    "decoded_data": {
      "id": 75394,
      "i": 2,
      "q": "360p"
    },
    "stream_url": "https://mega.nz/embed/#!HKhU2AbZ!HmkPuZ6aX0AGB5JwH0sVNjX1UuV_1aSeviGdwe6c15U",
    "is_default": false,
    "timestamp": "2025-09-12T08:52:30.737Z"
  },
  {
    "anime_title": "Black Clover",
    "episode_title": "Black Clover Episode 112 Subtitle Indonesia",
    "episode_link": "https://otakudesu.best/episode/bkclrv-episode-112-sub-indo/",
    "episode_date": "3 Desember,2019",
    "server": "GDrive2",
    "quality": "360p",
    "data_content": "eyJpZCI6NzUzOTQsImkiOjMsInEiOiIzNjBwIn0=",
    "decoded_data": {
      "id": 75394,
      "i": 3,
      "q": "360p"
    },
    "stream_url": "https://gdriveplayer.me/embed2.php?link=https://drive.google.com/open?id=1E6t1SxdJU-6BDLVC2raxsF61HLiRSw3O",
    "is_default": false,
    "timestamp": "2025-09-12T08:52:30.760Z"
  },
  {
    "anime_title": "Black Clover",
    "episode_title": "Black Clover Episode 112 Subtitle Indonesia",
    "episode_link": "https://otakudesu.best/episode/bkclrv-episode-112-sub-indo/",
    "episode_date": "3 Desember,2019",
    "server": "desudrive",
    "quality": "360p",
    "data_content": "eyJpZCI6NzUzOTQsImkiOjQsInEiOiIzNjBwIn0=",
    "decoded_data": {
      "id": 75394,
      "i": 4,
      "q": "360p"
    },
    "stream_url": "https://desustream.info/dstream/desudrive/player.php?id=SWpOcy9mUzZpNEN4Y0RjdnhmbGRFdWxvOU1nTlgrRi9HY1BESnNWdFVKYno3d1VoVDhVYndOTmczTWdpSUhaSw==",
    "is_default": false,
    "timestamp": "2025-09-12T08:52:31.117Z"
  },
  {
    "anime_title": "Black Clover",
    "episode_title": "Black Clover Episode 112 Subtitle Indonesia",
    "episode_link": "https://otakudesu.best/episode/bkclrv-episode-112-sub-indo/",
    "episode_date": "3 Desember,2019",
    "server": "otakuplay",
    "quality": "480p",
    "data_content": "eyJpZCI6NzUzOTQsImkiOjAsInEiOiI0ODBwIn0=",
    "decoded_data": {
      "id": 75394,
      "i": 0,
      "q": "480p"
    },
    "stream_url": "https://desustream.info/dstream/otakuplay/v2/index.php?id=TDIyd09GdEZTT0hHMmtnd2c5U2xBeWVKUmdMcDgwTGdtZnlUci9OR2JZcz0=",
    "is_default": true,
    "timestamp": "2025-09-12T08:52:31.134Z"
  },
  {
    "anime_title": "Black Clover",
    "episode_title": "Black Clover Episode 112 Subtitle Indonesia",
    "episode_link": "https://otakudesu.best/episode/bkclrv-episode-112-sub-indo/",
    "episode_date": "3 Desember,2019",
    "server": "yourupload",
    "quality": "480p",
    "data_content": "eyJpZCI6NzUzOTQsImkiOjEsInEiOiI0ODBwIn0=",
    "decoded_data": {
      "id": 75394,
      "i": 1,
      "q": "480p"
    },
    "stream_url": "https://desudrive.com/stream/yuplod.php?id=GQeA3y24f8M0",
    "is_default": false,
    "timestamp": "2025-09-12T08:52:30.965Z"
  },
  {
    "anime_title": "Black Clover",
    "episode_title": "Black Clover Episode 112 Subtitle Indonesia",
    "episode_link": "https://otakudesu.best/episode/bkclrv-episode-112-sub-indo/",
    "episode_date": "3 Desember,2019",
    "server": "GDrive",
    "quality": "480p",
    "data_content": "eyJpZCI6NzUzOTQsImkiOjIsInEiOiI0ODBwIn0=",
    "decoded_data": {
      "id": 75394,
      "i": 2,
      "q": "480p"
    },
    "stream_url": "https://gdriveplayer.me/embed2.php?link=https://drive.google.com/open?id=1Vn44LTd69SrAGHEMI2M4q6xI7QvRaYZr",
    "is_default": false,
    "timestamp": "2025-09-12T08:52:31.181Z"
  },
  {
    "anime_title": "Black Clover",
    "episode_title": "Black Clover Episode 112 Subtitle Indonesia",
    "episode_link": "https://otakudesu.best/episode/bkclrv-episode-112-sub-indo/",
    "episode_date": "3 Desember,2019",
    "server": "mega",
    "quality": "480p",
    "data_content": "eyJpZCI6NzUzOTQsImkiOjMsInEiOiI0ODBwIn0=",
    "decoded_data": {
      "id": 75394,
      "i": 3,
      "q": "480p"
    },
    "stream_url": "https://mega.nz/embed/#!6P4QHIbI!1dXhkVPD7wa5_yQCozt1X_kVPKDvrvkAfc_EVnID024",
    "is_default": false,
    "timestamp": "2025-09-12T08:52:30.983Z"
  },
  {
    "anime_title": "Black Clover",
    "episode_title": "Black Clover Episode 112 Subtitle Indonesia",
    "episode_link": "https://otakudesu.best/episode/bkclrv-episode-112-sub-indo/",
    "episode_date": "3 Desember,2019",
    "server": "GDrive2",
    "quality": "480p",
    "data_content": "eyJpZCI6NzUzOTQsImkiOjQsInEiOiI0ODBwIn0=",
    "decoded_data": {
      "id": 75394,
      "i": 4,
      "q": "480p"
    },
    "stream_url": "https://gdriveplayer.me/embed2.php?link=https://drive.google.com/open?id=1za6nfXx3rCUZMCg3GbztBJwvIyNCrIJ3",
    "is_default": false,
    "timestamp": "2025-09-12T08:52:31.003Z"
  },
  {
    "anime_title": "Black Clover",
    "episode_title": "Black Clover Episode 112 Subtitle Indonesia",
    "episode_link": "https://otakudesu.best/episode/bkclrv-episode-112-sub-indo/",
    "episode_date": "3 Desember,2019",
    "server": "desudrive",
    "quality": "480p",
    "data_content": "eyJpZCI6NzUzOTQsImkiOjUsInEiOiI0ODBwIn0=",
    "decoded_data": {
      "id": 75394,
      "i": 5,
      "q": "480p"
    },
    "stream_url": "https://desustream.info/dstream/desudrive/player.php?id=aUw2TS9HRXZab09NS2xWVkRVSjg4ckxSU25ZaWprSTROOGhEVEw3TVdjZG01K3lqQWxYdldpek9BWTV2SDNGeQ==",
    "is_default": false,
    "timestamp": "2025-09-12T08:52:31.032Z"
  },
  {
    "anime_title": "Black Clover",
    "episode_title": "Black Clover Episode 112 Subtitle Indonesia",
    "episode_link": "https://otakudesu.best/episode/bkclrv-episode-112-sub-indo/",
    "episode_date": "3 Desember,2019",
    "server": "otakustream",
    "quality": "720p",
    "data_content": "eyJpZCI6NzUzOTQsImkiOjAsInEiOiI3MjBwIn0=",
    "decoded_data": {
      "id": 75394,
      "i": 0,
      "q": "720p"
    },
    "stream_url": "https://desustream.info/dstream/otakustream/v2/index.php?id=cU9iUWJWOWppeUZzRFMzSE41bEJwSFJIbzlxZFdWZW0xZkoyQ2llamlvRT0=",
    "is_default": false,
    "timestamp": "2025-09-12T08:52:31.081Z"
  },
  {
    "anime_title": "Black Clover",
    "episode_title": "Black Clover Episode 112 Subtitle Indonesia",
    "episode_link": "https://otakudesu.best/episode/bkclrv-episode-112-sub-indo/",
    "episode_date": "3 Desember,2019",
    "server": "GDrive",
    "quality": "720p",
    "data_content": "eyJpZCI6NzUzOTQsImkiOjEsInEiOiI3MjBwIn0=",
    "decoded_data": {
      "id": 75394,
      "i": 1,
      "q": "720p"
    },
    "stream_url": "https://gdriveplayer.me/embed2.php?link=https://drive.google.com/open?id=1ODhIZbCagSBxeXmQ4Vtj9WUL-Updj6wo",
    "is_default": false,
    "timestamp": "2025-09-12T08:52:31.152Z"
  },
  {
    "anime_title": "Black Clover",
    "episode_title": "Black Clover Episode 112 Subtitle Indonesia",
    "episode_link": "https://otakudesu.best/episode/bkclrv-episode-112-sub-indo/",
    "episode_date": "3 Desember,2019",
    "server": "mega",
    "quality": "720p",
    "data_content": "eyJpZCI6NzUzOTQsImkiOjIsInEiOiI3MjBwIn0=",
    "decoded_data": {
      "id": 75394,
      "i": 2,
      "q": "720p"
    },
    "stream_url": "https://mega.nz/embed/#!DTYg1IyA!UyP55bAkQU8fgZvBSPGe0K1uJiNR3NXAuGhDTiwD9rU",
    "is_default": false,
    "timestamp": "2025-09-12T08:52:31.199Z"
  },
  {
    "anime_title": "Black Clover",
    "episode_title": "Black Clover Episode 112 Subtitle Indonesia",
    "episode_link": "https://otakudesu.best/episode/bkclrv-episode-112-sub-indo/",
    "episode_date": "3 Desember,2019",
    "server": "GDrive2",
    "quality": "720p",
    "data_content": "eyJpZCI6NzUzOTQsImkiOjMsInEiOiI3MjBwIn0=",
    "decoded_data": {
      "id": 75394,
      "i": 3,
      "q": "720p"
    },
    "stream_url": "https://gdriveplayer.me/embed2.php?link=https://drive.google.com/open?id=1cmBUH6H-RIhbmnhbTQfxnihejirRCHXs",
    "is_default": false,
    "timestamp": "2025-09-12T08:52:31.219Z"
  },
  {
    "anime_title": "Black Clover",
    "episode_title": "Black Clover Episode 112 Subtitle Indonesia",
    "episode_link": "https://otakudesu.best/episode/bkclrv-episode-112-sub-indo/",
    "episode_date": "3 Desember,2019",
    "server": "desudrive",
    "quality": "720p",
    "data_content": "eyJpZCI6NzUzOTQsImkiOjQsInEiOiI3MjBwIn0=",
    "decoded_data": {
      "id": 75394,
      "i": 4,
      "q": "720p"
    },
    "stream_url": "https://desustream.info/dstream/desudrive/player.php?id=OGtkSU9SbTMxQnZaclFHU1c4RnF5c3NNMXZjSlBpZzhFUnZLc2ZTbVN0YkZSN0xqTkVOdDc1dWhiK2pFZ1drcg==",
    "is_default": false,
    "timestamp": "2025-09-12T08:52:31.601Z"
  },
  {
    "anime_title": "Black Clover",
    "episode_title": "Black Clover Episode 112 Subtitle Indonesia",
    "episode_link": "https://otakudesu.best/episode/bkclrv-episode-112-sub-indo/",
    "episode_date": "3 Desember,2019",
    "server": "yourupload",
    "quality": "720p",
    "data_content": "eyJpZCI6NzUzOTQsImkiOjUsInEiOiI3MjBwIn0=",
    "decoded_data": {
      "id": 75394,
      "i": 5,
      "q": "720p"
    },
    "stream_url": "https://desudrive.com/stream/yuplod.php?id=u0iH76mRc3h8",
    "is_default": false,
    "timestamp": "2025-09-12T08:52:31.397Z"
  }
]