[
  {
    "anime_title": "Darwin's Game",
    "episode_title": "Darwin’s Game Episode 7 Subtitle Indonesia",
    "episode_link": "https://otakudesu.best/episode/dwrmg-episode-7-sub-indo/",
    "episode_date": "21 Maret,2020",
    "server": "mp4load",
    "quality": "360p",
    "data_content": "eyJpZCI6ODE5NTYsImkiOjAsInEiOiIzNjBwIn0=",
    "decoded_data": {
      "id": 81956,
      "i": 0,
      "q": "360p"
    },
    "stream_url": "https://www.mp4upload.com/embed-9c4gshgwx7du.html",
    "is_default": false,
    "timestamp": "2025-09-12T09:33:57.320Z"
  },
  {
    "anime_title": "Darwin's Game",
    "episode_title": "Darwin’s Game Episode 7 Subtitle Indonesia",
    "episode_link": "https://otakudesu.best/episode/dwrmg-episode-7-sub-indo/",
    "episode_date": "21 Maret,2020",
    "server": "desudrive",
    "quality": "360p",
    "data_content": "eyJpZCI6ODE5NTYsImkiOjEsInEiOiIzNjBwIn0=",
    "decoded_data": {
      "id": 81956,
      "i": 1,
      "q": "360p"
    },
    "stream_url": "https://desustream.info/dstream/desudrive/player.php?id=UnU0Z2FtS3gyZkY5c01NUU5kREx2TDhjY2gxNWlyN0U2U0hGQ0dSNkpSZWJkaTBYdzNkVUtGU2hFRzQ5ZmxDWA==",
    "is_default": false,
    "timestamp": "2025-09-12T09:33:57.395Z"
  },
  {
    "anime_title": "Darwin's Game",
    "episode_title": "Darwin’s Game Episode 7 Subtitle Indonesia",
    "episode_link": "https://otakudesu.best/episode/dwrmg-episode-7-sub-indo/",
    "episode_date": "21 Maret,2020",
    "server": "mega",
    "quality": "360p",
    "data_content": "eyJpZCI6ODE5NTYsImkiOjIsInEiOiIzNjBwIn0=",
    "decoded_data": {
      "id": 81956,
      "i": 2,
      "q": "360p"
    },
    "stream_url": "https://mega.nz/embed/#!IMNE0A5Y!-mVSLJnJsXTSIoeD9jyjjkzqnn8154ZNL0Zvkm8hb3M",
    "is_default": false,
    "timestamp": "2025-09-12T09:33:57.435Z"
  },
  {
    "anime_title": "Darwin's Game",
    "episode_title": "Darwin’s Game Episode 7 Subtitle Indonesia",
    "episode_link": "https://otakudesu.best/episode/dwrmg-episode-7-sub-indo/",
    "episode_date": "21 Maret,2020",
    "server": "otakuplay",
    "quality": "480p",
    "data_content": "eyJpZCI6ODE5NTYsImkiOjAsInEiOiI0ODBwIn0=",
    "decoded_data": {
      "id": 81956,
      "i": 0,
      "q": "480p"
    },
    "stream_url": "https://desustream.info/dstream/otakuplay/v2/index.php?id=K3htYlZNbjV1WXZIK3VTZXhXZ3RiR1lJOW5UQWtpUDZmeVAyQURoTTd2UT0=",
    "is_default": true,
    "timestamp": "2025-09-12T09:33:57.476Z"
  },
  {
    "anime_title": "Darwin's Game",
    "episode_title": "Darwin’s Game Episode 7 Subtitle Indonesia",
    "episode_link": "https://otakudesu.best/episode/dwrmg-episode-7-sub-indo/",
    "episode_date": "21 Maret,2020",
    "server": "desudrive",
    "quality": "480p",
    "data_content": "eyJpZCI6ODE5NTYsImkiOjEsInEiOiI0ODBwIn0=",
    "decoded_data": {
      "id": 81956,
      "i": 1,
      "q": "480p"
    },
    "stream_url": "https://desustream.info/dstream/desudrive/player.php?id=cmR2MUo5WGNyN1p3Nm15bWVoSk1UaUVxVEYwaUpGUWJUcC9XY2V6VTFUY0Y5MHZnNXczQTZUUDIyY1FUTzlZcA==",
    "is_default": false,
    "timestamp": "2025-09-12T09:33:57.533Z"
  },
  {
    "anime_title": "Darwin's Game",
    "episode_title": "Darwin’s Game Episode 7 Subtitle Indonesia",
    "episode_link": "https://otakudesu.best/episode/dwrmg-episode-7-sub-indo/",
    "episode_date": "21 Maret,2020",
    "server": "mega",
    "quality": "480p",
    "data_content": "eyJpZCI6ODE5NTYsImkiOjIsInEiOiI0ODBwIn0=",
    "decoded_data": {
      "id": 81956,
      "i": 2,
      "q": "480p"
    },
    "stream_url": "https://mega.nz/embed/#!5Ic22C4K!onyHP7wK3ZK_uaaWJ4ZGY4Op2cZNyGtv4btxU4-Sm-o",
    "is_default": false,
    "timestamp": "2025-09-12T09:33:57.570Z"
  },
  {
    "anime_title": "Darwin's Game",
    "episode_title": "Darwin’s Game Episode 7 Subtitle Indonesia",
    "episode_link": "https://otakudesu.best/episode/dwrmg-episode-7-sub-indo/",
    "episode_date": "21 Maret,2020",
    "server": "yourupload",
    "quality": "720p",
    "data_content": "eyJpZCI6ODE5NTYsImkiOjAsInEiOiI3MjBwIn0=",
    "decoded_data": {
      "id": 81956,
      "i": 0,
      "q": "720p"
    },
    "stream_url": "https://desudrive.com/stream/yuplod.php?id=i2k2Mm7NsFEO",
    "is_default": false,
    "timestamp": "2025-09-12T09:33:57.611Z"
  },
  {
    "anime_title": "Darwin's Game",
    "episode_title": "Darwin’s Game Episode 7 Subtitle Indonesia",
    "episode_link": "https://otakudesu.best/episode/dwrmg-episode-7-sub-indo/",
    "episode_date": "21 Maret,2020",
    "server": "desudrive",
    "quality": "720p",
    "data_content": "eyJpZCI6ODE5NTYsImkiOjEsInEiOiI3MjBwIn0=",
    "decoded_data": {
      "id": 81956,
      "i": 1,
      "q": "720p"
    },
    "stream_url": "https://desustream.info/dstream/desudrive/player.php?id=VVFxWUZNaytqTHkrdW84cHVkYlAxa0QxUkhjY1FPc3FGbUxHc09RcDlXTkF1MUovSUl4eWNqOFJGWklTQkdDaw==",
    "is_default": false,
    "timestamp": "2025-09-12T09:33:57.652Z"
  },
  {
    "anime_title": "Darwin's Game",
    "episode_title": "Darwin’s Game Episode 7 Subtitle Indonesia",
    "episode_link": "https://otakudesu.best/episode/dwrmg-episode-7-sub-indo/",
    "episode_date": "21 Maret,2020",
    "server": "mega",
    "quality": "720p",
    "data_content": "eyJpZCI6ODE5NTYsImkiOjIsInEiOiI3MjBwIn0=",
    "decoded_data": {
      "id": 81956,
      "i": 2,
      "q": "720p"
    },
    "stream_url": "https://mega.nz/embed/#!QFUmWaaR!a-fy_HXVdPLpgwG7bGlxWke7pkeKwJBrlnvC0p4Tlj4",
    "is_default": false,
    "timestamp": "2025-09-12T09:33:57.689Z"
  },
  {
    "anime_title": "Darwin's Game",
    "episode_title": "Darwin’s Game Episode 7 Subtitle Indonesia",
    "episode_link": "https://otakudesu.best/episode/dwrmg-episode-7-sub-indo/",
    "episode_date": "21 Maret,2020",
    "server": "mp4load",
    "quality": "360p",
    "data_content": "eyJpZCI6ODE5NTYsImkiOjAsInEiOiIzNjBwIn0=",
    "decoded_data": {
      "id": 81956,
      "i": 0,
      "q": "360p"
    },
    "stream_url": "https://www.mp4upload.com/embed-9c4gshgwx7du.html",
    "is_default": false,
    "timestamp": "2025-09-12T09:33:57.320Z"
  },
  {
    "anime_title": "Darwin's Game",
    "episode_title": "Darwin’s Game Episode 7 Subtitle Indonesia",
    "episode_link": "https://otakudesu.best/episode/dwrmg-episode-7-sub-indo/",
    "episode_date": "21 Maret,2020",
    "server": "desudrive",
    "quality": "360p",
    "data_content": "eyJpZCI6ODE5NTYsImkiOjEsInEiOiIzNjBwIn0=",
    "decoded_data": {
      "id": 81956,
      "i": 1,
      "q": "360p"
    },
    "stream_url": "https://desustream.info/dstream/desudrive/player.php?id=UnU0Z2FtS3gyZkY5c01NUU5kREx2TDhjY2gxNWlyN0U2U0hGQ0dSNkpSZWJkaTBYdzNkVUtGU2hFRzQ5ZmxDWA==",
    "is_default": false,
    "timestamp": "2025-09-12T09:33:57.395Z"
  },
  {
    "anime_title": "Darwin's Game",
    "episode_title": "Darwin’s Game Episode 7 Subtitle Indonesia",
    "episode_link": "https://otakudesu.best/episode/dwrmg-episode-7-sub-indo/",
    "episode_date": "21 Maret,2020",
    "server": "mega",
    "quality": "360p",
    "data_content": "eyJpZCI6ODE5NTYsImkiOjIsInEiOiIzNjBwIn0=",
    "decoded_data": {
      "id": 81956,
      "i": 2,
      "q": "360p"
    },
    "stream_url": "https://mega.nz/embed/#!IMNE0A5Y!-mVSLJnJsXTSIoeD9jyjjkzqnn8154ZNL0Zvkm8hb3M",
    "is_default": false,
    "timestamp": "2025-09-12T09:33:57.435Z"
  },
  {
    "anime_title": "Darwin's Game",
    "episode_title": "Darwin’s Game Episode 7 Subtitle Indonesia",
    "episode_link": "https://otakudesu.best/episode/dwrmg-episode-7-sub-indo/",
    "episode_date": "21 Maret,2020",
    "server": "otakuplay",
    "quality": "480p",
    "data_content": "eyJpZCI6ODE5NTYsImkiOjAsInEiOiI0ODBwIn0=",
    "decoded_data": {
      "id": 81956,
      "i": 0,
      "q": "480p"
    },
    "stream_url": "https://desustream.info/dstream/otakuplay/v2/index.php?id=K3htYlZNbjV1WXZIK3VTZXhXZ3RiR1lJOW5UQWtpUDZmeVAyQURoTTd2UT0=",
    "is_default": true,
    "timestamp": "2025-09-12T09:33:57.476Z"
  },
  {
    "anime_title": "Darwin's Game",
    "episode_title": "Darwin’s Game Episode 7 Subtitle Indonesia",
    "episode_link": "https://otakudesu.best/episode/dwrmg-episode-7-sub-indo/",
    "episode_date": "21 Maret,2020",
    "server": "desudrive",
    "quality": "480p",
    "data_content": "eyJpZCI6ODE5NTYsImkiOjEsInEiOiI0ODBwIn0=",
    "decoded_data": {
      "id": 81956,
      "i": 1,
      "q": "480p"
    },
    "stream_url": "https://desustream.info/dstream/desudrive/player.php?id=cmR2MUo5WGNyN1p3Nm15bWVoSk1UaUVxVEYwaUpGUWJUcC9XY2V6VTFUY0Y5MHZnNXczQTZUUDIyY1FUTzlZcA==",
    "is_default": false,
    "timestamp": "2025-09-12T09:33:57.533Z"
  },
  {
    "anime_title": "Darwin's Game",
    "episode_title": "Darwin’s Game Episode 7 Subtitle Indonesia",
    "episode_link": "https://otakudesu.best/episode/dwrmg-episode-7-sub-indo/",
    "episode_date": "21 Maret,2020",
    "server": "mega",
    "quality": "480p",
    "data_content": "eyJpZCI6ODE5NTYsImkiOjIsInEiOiI0ODBwIn0=",
    "decoded_data": {
      "id": 81956,
      "i": 2,
      "q": "480p"
    },
    "stream_url": "https://mega.nz/embed/#!5Ic22C4K!onyHP7wK3ZK_uaaWJ4ZGY4Op2cZNyGtv4btxU4-Sm-o",
    "is_default": false,
    "timestamp": "2025-09-12T09:33:57.570Z"
  },
  {
    "anime_title": "Darwin's Game",
    "episode_title": "Darwin’s Game Episode 7 Subtitle Indonesia",
    "episode_link": "https://otakudesu.best/episode/dwrmg-episode-7-sub-indo/",
    "episode_date": "21 Maret,2020",
    "server": "yourupload",
    "quality": "720p",
    "data_content": "eyJpZCI6ODE5NTYsImkiOjAsInEiOiI3MjBwIn0=",
    "decoded_data": {
      "id": 81956,
      "i": 0,
      "q": "720p"
    },
    "stream_url": "https://desudrive.com/stream/yuplod.php?id=i2k2Mm7NsFEO",
    "is_default": false,
    "timestamp": "2025-09-12T09:33:57.611Z"
  },
  {
    "anime_title": "Darwin's Game",
    "episode_title": "Darwin’s Game Episode 7 Subtitle Indonesia",
    "episode_link": "https://otakudesu.best/episode/dwrmg-episode-7-sub-indo/",
    "episode_date": "21 Maret,2020",
    "server": "desudrive",
    "quality": "720p",
    "data_content": "eyJpZCI6ODE5NTYsImkiOjEsInEiOiI3MjBwIn0=",
    "decoded_data": {
      "id": 81956,
      "i": 1,
      "q": "720p"
    },
    "stream_url": "https://desustream.info/dstream/desudrive/player.php?id=VVFxWUZNaytqTHkrdW84cHVkYlAxa0QxUkhjY1FPc3FGbUxHc09RcDlXTkF1MUovSUl4eWNqOFJGWklTQkdDaw==",
    "is_default": false,
    "timestamp": "2025-09-12T09:33:57.652Z"
  },
  {
    "anime_title": "Darwin's Game",
    "episode_title": "Darwin’s Game Episode 7 Subtitle Indonesia",
    "episode_link": "https://otakudesu.best/episode/dwrmg-episode-7-sub-indo/",
    "episode_date": "21 Maret,2020",
    "server": "mega",
    "quality": "720p",
    "data_content": "eyJpZCI6ODE5NTYsImkiOjIsInEiOiI3MjBwIn0=",
    "decoded_data": {
      "id": 81956,
      "i": 2,
      "q": "720p"
    },
    "stream_url": "https://mega.nz/embed/#!QFUmWaaR!a-fy_HXVdPLpgwG7bGlxWke7pkeKwJBrlnvC0p4Tlj4",
    "is_default": false,
    "timestamp": "2025-09-12T09:33:57.689Z"
  },
  {
    "anime_title": "Darwin's Game",
    "episode_title": "Darwin’s Game Episode 8 Subtitle Indonesia",
    "episode_link": "https://otakudesu.best/episode/dwrmg-episode-8-sub-indo/",
    "episode_date": "21 Maret,2020",
    "server": "mp4load",
    "quality": "360p",
    "data_content": "eyJpZCI6ODE5NTIsImkiOjAsInEiOiIzNjBwIn0=",
    "decoded_data": {
      "id": 81952,
      "i": 0,
      "q": "360p"
    },
    "stream_url": "https://www.mp4upload.com/embed-lz3ihsxtthbw.html",
    "is_default": false,
    "timestamp": "2025-09-12T09:33:58.384Z"
  },
  {
    "anime_title": "Darwin's Game",
    "episode_title": "Darwin’s Game Episode 8 Subtitle Indonesia",
    "episode_link": "https://otakudesu.best/episode/dwrmg-episode-8-sub-indo/",
    "episode_date": "21 Maret,2020",
    "server": "desudrive",
    "quality": "360p",
    "data_content": "eyJpZCI6ODE5NTIsImkiOjEsInEiOiIzNjBwIn0=",
    "decoded_data": {
      "id": 81952,
      "i": 1,
      "q": "360p"
    },
    "stream_url": "https://desustream.info/dstream/desudrive/player.php?id=SXZDdVExbnNEQitKbWxPeVNuUGNyNmk4QnNFUk9pa0p2MTdsdWRFeXNWQndheVZTSmlPbnlzTUJRVXJ4SjFYNg==",
    "is_default": false,
    "timestamp": "2025-09-12T09:33:58.427Z"
  },
  {
    "anime_title": "Darwin's Game",
    "episode_title": "Darwin’s Game Episode 8 Subtitle Indonesia",
    "episode_link": "https://otakudesu.best/episode/dwrmg-episode-8-sub-indo/",
    "episode_date": "21 Maret,2020",
    "server": "mega",
    "quality": "360p",
    "data_content": "eyJpZCI6ODE5NTIsImkiOjIsInEiOiIzNjBwIn0=",
    "decoded_data": {
      "id": 81952,
      "i": 2,
      "q": "360p"
    },
    "stream_url": "https://mega.nz/embed/#!8AcUFQTC!y6gaAWaANXM9WrxcKBkFAMY-LtNKblBPncQjVmxjaew",
    "is_default": false,
    "timestamp": "2025-09-12T09:33:58.467Z"
  },
  {
    "anime_title": "Darwin's Game",
    "episode_title": "Darwin’s Game Episode 8 Subtitle Indonesia",
    "episode_link": "https://otakudesu.best/episode/dwrmg-episode-8-sub-indo/",
    "episode_date": "21 Maret,2020",
    "server": "otakuplay",
    "quality": "480p",
    "data_content": "eyJpZCI6ODE5NTIsImkiOjAsInEiOiI0ODBwIn0=",
    "decoded_data": {
      "id": 81952,
      "i": 0,
      "q": "480p"
    },
    "stream_url": "https://desustream.info/dstream/otakuplay/v2/index.php?id=eXpyWnVTVjZ3cTFwQkpuQThDemJXSkFtcnNPTHJ3UjFTTW5HZnhxU1ZNST0=",
    "is_default": true,
    "timestamp": "2025-09-12T09:33:58.512Z"
  },
  {
    "anime_title": "Darwin's Game",
    "episode_title": "Darwin’s Game Episode 8 Subtitle Indonesia",
    "episode_link": "https://otakudesu.best/episode/dwrmg-episode-8-sub-indo/",
    "episode_date": "21 Maret,2020",
    "server": "desudrive",
    "quality": "480p",
    "data_content": "eyJpZCI6ODE5NTIsImkiOjEsInEiOiI0ODBwIn0=",
    "decoded_data": {
      "id": 81952,
      "i": 1,
      "q": "480p"
    },
    "stream_url": "https://desustream.info/dstream/desudrive/player.php?id=TTAyOHZvUnRQYTBTaXhnR0dYMjU4VFQwbWxXV2NReHdyWWVRNzQ0TndhVVo3V1FxTDJ6OFVqWEhTT3kwbzhNNg==",
    "is_default": false,
    "timestamp": "2025-09-12T09:33:58.550Z"
  },
  {
    "anime_title": "Darwin's Game",
    "episode_title": "Darwin’s Game Episode 8 Subtitle Indonesia",
    "episode_link": "https://otakudesu.best/episode/dwrmg-episode-8-sub-indo/",
    "episode_date": "21 Maret,2020",
    "server": "mega",
    "quality": "480p",
    "data_content": "eyJpZCI6ODE5NTIsImkiOjIsInEiOiI0ODBwIn0=",
    "decoded_data": {
      "id": 81952,
      "i": 2,
      "q": "480p"
    },
    "stream_url": "https://mega.nz/embed/#!RdFwnS4R!zzMaKg4Tbqr5cvpMURVr6TuKA-PwrVVAIiXCMTh3vqo",
    "is_default": false,
    "timestamp": "2025-09-12T09:33:58.590Z"
  },
  {
    "anime_title": "Darwin's Game",
    "episode_title": "Darwin’s Game Episode 8 Subtitle Indonesia",
    "episode_link": "https://otakudesu.best/episode/dwrmg-episode-8-sub-indo/",
    "episode_date": "21 Maret,2020",
    "server": "yourupload",
    "quality": "720p",
    "data_content": "eyJpZCI6ODE5NTIsImkiOjAsInEiOiI3MjBwIn0=",
    "decoded_data": {
      "id": 81952,
      "i": 0,
      "q": "720p"
    },
    "stream_url": "https://desudrive.com/stream/yuplod.php?id=haISM1255GDn",
    "is_default": false,
    "timestamp": "2025-09-12T09:33:58.642Z"
  },
  {
    "anime_title": "Darwin's Game",
    "episode_title": "Darwin’s Game Episode 8 Subtitle Indonesia",
    "episode_link": "https://otakudesu.best/episode/dwrmg-episode-8-sub-indo/",
    "episode_date": "21 Maret,2020",
    "server": "desudrive",
    "quality": "720p",
    "data_content": "eyJpZCI6ODE5NTIsImkiOjEsInEiOiI3MjBwIn0=",
    "decoded_data": {
      "id": 81952,
      "i": 1,
      "q": "720p"
    },
    "stream_url": "https://desustream.info/dstream/desudrive/player.php?id=bXBzZzFGaFBNdkxONTl0a1o5ZFM4bTAyWW5ROEdoNmgrZXFzRzdlWjBvb3YzTUs4RDBPS2xnaG5oWVh0TnMzNg==",
    "is_default": false,
    "timestamp": "2025-09-12T09:33:58.681Z"
  },
  {
    "anime_title": "Darwin's Game",
    "episode_title": "Darwin’s Game Episode 8 Subtitle Indonesia",
    "episode_link": "https://otakudesu.best/episode/dwrmg-episode-8-sub-indo/",
    "episode_date": "21 Maret,2020",
    "server": "mega",
    "quality": "720p",
    "data_content": "eyJpZCI6ODE5NTIsImkiOjIsInEiOiI3MjBwIn0=",
    "decoded_data": {
      "id": 81952,
      "i": 2,
      "q": "720p"
    },
    "stream_url": "https://mega.nz/embed/#!4MFW0S5Z!G6DqsAQbSAvQEdHNbpVQ6i2mtZOavtAF2bvNoPmRBQ0",
    "is_default": false,
    "timestamp": "2025-09-12T09:33:58.724Z"
  },
  {
    "anime_title": "Darwin's Game",
    "episode_title": "Darwin’s Game Episode 8 Subtitle Indonesia",
    "episode_link": "https://otakudesu.best/episode/dwrmg-episode-8-sub-indo/",
    "episode_date": "21 Maret,2020",
    "server": "mp4load",
    "quality": "360p",
    "data_content": "eyJpZCI6ODE5NTIsImkiOjAsInEiOiIzNjBwIn0=",
    "decoded_data": {
      "id": 81952,
      "i": 0,
      "q": "360p"
    },
    "stream_url": "https://www.mp4upload.com/embed-lz3ihsxtthbw.html",
    "is_default": false,
    "timestamp": "2025-09-12T09:33:58.384Z"
  },
  {
    "anime_title": "Darwin's Game",
    "episode_title": "Darwin’s Game Episode 8 Subtitle Indonesia",
    "episode_link": "https://otakudesu.best/episode/dwrmg-episode-8-sub-indo/",
    "episode_date": "21 Maret,2020",
    "server": "desudrive",
    "quality": "360p",
    "data_content": "eyJpZCI6ODE5NTIsImkiOjEsInEiOiIzNjBwIn0=",
    "decoded_data": {
      "id": 81952,
      "i": 1,
      "q": "360p"
    },
    "stream_url": "https://desustream.info/dstream/desudrive/player.php?id=SXZDdVExbnNEQitKbWxPeVNuUGNyNmk4QnNFUk9pa0p2MTdsdWRFeXNWQndheVZTSmlPbnlzTUJRVXJ4SjFYNg==",
    "is_default": false,
    "timestamp": "2025-09-12T09:33:58.427Z"
  },
  {
    "anime_title": "Darwin's Game",
    "episode_title": "Darwin’s Game Episode 8 Subtitle Indonesia",
    "episode_link": "https://otakudesu.best/episode/dwrmg-episode-8-sub-indo/",
    "episode_date": "21 Maret,2020",
    "server": "mega",
    "quality": "360p",
    "data_content": "eyJpZCI6ODE5NTIsImkiOjIsInEiOiIzNjBwIn0=",
    "decoded_data": {
      "id": 81952,
      "i": 2,
      "q": "360p"
    },
    "stream_url": "https://mega.nz/embed/#!8AcUFQTC!y6gaAWaANXM9WrxcKBkFAMY-LtNKblBPncQjVmxjaew",
    "is_default": false,
    "timestamp": "2025-09-12T09:33:58.467Z"
  },
  {
    "anime_title": "Darwin's Game",
    "episode_title": "Darwin’s Game Episode 8 Subtitle Indonesia",
    "episode_link": "https://otakudesu.best/episode/dwrmg-episode-8-sub-indo/",
    "episode_date": "21 Maret,2020",
    "server": "otakuplay",
    "quality": "480p",
    "data_content": "eyJpZCI6ODE5NTIsImkiOjAsInEiOiI0ODBwIn0=",
    "decoded_data": {
      "id": 81952,
      "i": 0,
      "q": "480p"
    },
    "stream_url": "https://desustream.info/dstream/otakuplay/v2/index.php?id=eXpyWnVTVjZ3cTFwQkpuQThDemJXSkFtcnNPTHJ3UjFTTW5HZnhxU1ZNST0=",
    "is_default": true,
    "timestamp": "2025-09-12T09:33:58.512Z"
  },
  {
    "anime_title": "Darwin's Game",
    "episode_title": "Darwin’s Game Episode 8 Subtitle Indonesia",
    "episode_link": "https://otakudesu.best/episode/dwrmg-episode-8-sub-indo/",
    "episode_date": "21 Maret,2020",
    "server": "desudrive",
    "quality": "480p",
    "data_content": "eyJpZCI6ODE5NTIsImkiOjEsInEiOiI0ODBwIn0=",
    "decoded_data": {
      "id": 81952,
      "i": 1,
      "q": "480p"
    },
    "stream_url": "https://desustream.info/dstream/desudrive/player.php?id=TTAyOHZvUnRQYTBTaXhnR0dYMjU4VFQwbWxXV2NReHdyWWVRNzQ0TndhVVo3V1FxTDJ6OFVqWEhTT3kwbzhNNg==",
    "is_default": false,
    "timestamp": "2025-09-12T09:33:58.550Z"
  },
  {
    "anime_title": "Darwin's Game",
    "episode_title": "Darwin’s Game Episode 8 Subtitle Indonesia",
    "episode_link": "https://otakudesu.best/episode/dwrmg-episode-8-sub-indo/",
    "episode_date": "21 Maret,2020",
    "server": "mega",
    "quality": "480p",
    "data_content": "eyJpZCI6ODE5NTIsImkiOjIsInEiOiI0ODBwIn0=",
    "decoded_data": {
      "id": 81952,
      "i": 2,
      "q": "480p"
    },
    "stream_url": "https://mega.nz/embed/#!RdFwnS4R!zzMaKg4Tbqr5cvpMURVr6TuKA-PwrVVAIiXCMTh3vqo",
    "is_default": false,
    "timestamp": "2025-09-12T09:33:58.590Z"
  },
  {
    "anime_title": "Darwin's Game",
    "episode_title": "Darwin’s Game Episode 8 Subtitle Indonesia",
    "episode_link": "https://otakudesu.best/episode/dwrmg-episode-8-sub-indo/",
    "episode_date": "21 Maret,2020",
    "server": "yourupload",
    "quality": "720p",
    "data_content": "eyJpZCI6ODE5NTIsImkiOjAsInEiOiI3MjBwIn0=",
    "decoded_data": {
      "id": 81952,
      "i": 0,
      "q": "720p"
    },
    "stream_url": "https://desudrive.com/stream/yuplod.php?id=haISM1255GDn",
    "is_default": false,
    "timestamp": "2025-09-12T09:33:58.642Z"
  },
  {
    "anime_title": "Darwin's Game",
    "episode_title": "Darwin’s Game Episode 8 Subtitle Indonesia",
    "episode_link": "https://otakudesu.best/episode/dwrmg-episode-8-sub-indo/",
    "episode_date": "21 Maret,2020",
    "server": "desudrive",
    "quality": "720p",
    "data_content": "eyJpZCI6ODE5NTIsImkiOjEsInEiOiI3MjBwIn0=",
    "decoded_data": {
      "id": 81952,
      "i": 1,
      "q": "720p"
    },
    "stream_url": "https://desustream.info/dstream/desudrive/player.php?id=bXBzZzFGaFBNdkxONTl0a1o5ZFM4bTAyWW5ROEdoNmgrZXFzRzdlWjBvb3YzTUs4RDBPS2xnaG5oWVh0TnMzNg==",
    "is_default": false,
    "timestamp": "2025-09-12T09:33:58.681Z"
  },
  {
    "anime_title": "Darwin's Game",
    "episode_title": "Darwin’s Game Episode 8 Subtitle Indonesia",
    "episode_link": "https://otakudesu.best/episode/dwrmg-episode-8-sub-indo/",
    "episode_date": "21 Maret,2020",
    "server": "mega",
    "quality": "720p",
    "data_content": "eyJpZCI6ODE5NTIsImkiOjIsInEiOiI3MjBwIn0=",
    "decoded_data": {
      "id": 81952,
      "i": 2,
      "q": "720p"
    },
    "stream_url": "https://mega.nz/embed/#!4MFW0S5Z!G6DqsAQbSAvQEdHNbpVQ6i2mtZOavtAF2bvNoPmRBQ0",
    "is_default": false,
    "timestamp": "2025-09-12T09:33:58.724Z"
  },
  {
    "anime_title": "Darwin's Game",
    "episode_title": "Darwin’s Game Episode 9 Subtitle Indonesia",
    "episode_link": "https://otakudesu.best/episode/dwrmg-episode-9-sub-indo/",
    "episode_date": "21 Maret,2020",
    "server": "mp4load",
    "quality": "360p",
    "data_content": "eyJpZCI6ODE5NTMsImkiOjAsInEiOiIzNjBwIn0=",
    "decoded_data": {
      "id": 81953,
      "i": 0,
      "q": "360p"
    },
    "stream_url": "https://www.mp4upload.com/embed-ivmhey3w6rk4.html",
    "is_default": false,
    "timestamp": "2025-09-12T09:33:59.373Z"
  },
  {
    "anime_title": "Darwin's Game",
    "episode_title": "Darwin’s Game Episode 9 Subtitle Indonesia",
    "episode_link": "https://otakudesu.best/episode/dwrmg-episode-9-sub-indo/",
    "episode_date": "21 Maret,2020",
    "server": "desudrive",
    "quality": "360p",
    "data_content": "eyJpZCI6ODE5NTMsImkiOjEsInEiOiIzNjBwIn0=",
    "decoded_data": {
      "id": 81953,
      "i": 1,
      "q": "360p"
    },
    "stream_url": "https://desustream.info/dstream/desudrive/player.php?id=RS9teW11a2o1SlI5eFdIaDZ6TWpjd3ZwSS9PMDJiZ1pxeUJFaklsQTNFTmtpT2YrUml2TmJYRGxTdXFOZTdnag==",
    "is_default": false,
    "timestamp": "2025-09-12T09:33:59.416Z"
  },
  {
    "anime_title": "Darwin's Game",
    "episode_title": "Darwin’s Game Episode 9 Subtitle Indonesia",
    "episode_link": "https://otakudesu.best/episode/dwrmg-episode-9-sub-indo/",
    "episode_date": "21 Maret,2020",
    "server": "mega",
    "quality": "360p",
    "data_content": "eyJpZCI6ODE5NTMsImkiOjIsInEiOiIzNjBwIn0=",
    "decoded_data": {
      "id": 81953,
      "i": 2,
      "q": "360p"
    },
    "stream_url": "https://mega.nz/embed/#!oFMC3CRC!aeKWvinPbE5gfcQxCEC5XMpHsfS4kZwZJtEgyTpVwe0",
    "is_default": false,
    "timestamp": "2025-09-12T09:33:59.456Z"
  },
  {
    "anime_title": "Darwin's Game",
    "episode_title": "Darwin’s Game Episode 9 Subtitle Indonesia",
    "episode_link": "https://otakudesu.best/episode/dwrmg-episode-9-sub-indo/",
    "episode_date": "21 Maret,2020",
    "server": "otakuplay",
    "quality": "480p",
    "data_content": "eyJpZCI6ODE5NTMsImkiOjAsInEiOiI0ODBwIn0=",
    "decoded_data": {
      "id": 81953,
      "i": 0,
      "q": "480p"
    },
    "stream_url": "https://desustream.info/dstream/otakuplay/v2/index.php?id=N0JPVXllaVlJMkdDQ1ZkdE1Vb1FXVVJhOE5KUXIyY2Rjd01sekJLVWZXcz0=",
    "is_default": true,
    "timestamp": "2025-09-12T09:33:59.498Z"
  },
  {
    "anime_title": "Darwin's Game",
    "episode_title": "Darwin’s Game Episode 9 Subtitle Indonesia",
    "episode_link": "https://otakudesu.best/episode/dwrmg-episode-9-sub-indo/",
    "episode_date": "21 Maret,2020",
    "server": "desudrive",
    "quality": "480p",
    "data_content": "eyJpZCI6ODE5NTMsImkiOjEsInEiOiI0ODBwIn0=",
    "decoded_data": {
      "id": 81953,
      "i": 1,
      "q": "480p"
    },
    "stream_url": "https://desustream.info/dstream/desudrive/player.php?id=RGY2dmZaMER5OGxsbWd1TFVsZXg2eG82SVlnb2dacmxQSUVSMXNTR2tUOWpURkxZQzRON2h3TEk1UENoV0tnLw==",
    "is_default": false,
    "timestamp": "2025-09-12T09:33:59.540Z"
  },
  {
    "anime_title": "Darwin's Game",
    "episode_title": "Darwin’s Game Episode 9 Subtitle Indonesia",
    "episode_link": "https://otakudesu.best/episode/dwrmg-episode-9-sub-indo/",
    "episode_date": "21 Maret,2020",
    "server": "mega",
    "quality": "480p",
    "data_content": "eyJpZCI6ODE5NTMsImkiOjIsInEiOiI0ODBwIn0=",
    "decoded_data": {
      "id": 81953,
      "i": 2,
      "q": "480p"
    },
    "stream_url": "https://mega.nz/embed/#!FBcCxayA!THkT56cVO57XCXCYu55f5yc4bntuMAN--BNBFCO-RAY",
    "is_default": false,
    "timestamp": "2025-09-12T09:33:59.579Z"
  },
  {
    "anime_title": "Darwin's Game",
    "episode_title": "Darwin’s Game Episode 9 Subtitle Indonesia",
    "episode_link": "https://otakudesu.best/episode/dwrmg-episode-9-sub-indo/",
    "episode_date": "21 Maret,2020",
    "server": "yourupload",
    "quality": "720p",
    "data_content": "eyJpZCI6ODE5NTMsImkiOjAsInEiOiI3MjBwIn0=",
    "decoded_data": {
      "id": 81953,
      "i": 0,
      "q": "720p"
    },
    "stream_url": "https://desudrive.com/stream/yuplod.php?id=COh781NQm78n",
    "is_default": false,
    "timestamp": "2025-09-12T09:33:59.619Z"
  },
  {
    "anime_title": "Darwin's Game",
    "episode_title": "Darwin’s Game Episode 9 Subtitle Indonesia",
    "episode_link": "https://otakudesu.best/episode/dwrmg-episode-9-sub-indo/",
    "episode_date": "21 Maret,2020",
    "server": "desudrive",
    "quality": "720p",
    "data_content": "eyJpZCI6ODE5NTMsImkiOjEsInEiOiI3MjBwIn0=",
    "decoded_data": {
      "id": 81953,
      "i": 1,
      "q": "720p"
    },
    "stream_url": "https://desustream.info/dstream/desudrive/player.php?id=R0NTaUVreXdqTnhxTEZVMzdISFRPRm9qcW5pWEIxR21tTVFuUTR3R0xZcGZWenF6aUNnYzcvL0p0K3pLMmZUeg==",
    "is_default": false,
    "timestamp": "2025-09-12T09:33:59.693Z"
  },
  {
    "anime_title": "Darwin's Game",
    "episode_title": "Darwin’s Game Episode 9 Subtitle Indonesia",
    "episode_link": "https://otakudesu.best/episode/dwrmg-episode-9-sub-indo/",
    "episode_date": "21 Maret,2020",
    "server": "mega",
    "quality": "720p",
    "data_content": "eyJpZCI6ODE5NTMsImkiOjIsInEiOiI3MjBwIn0=",
    "decoded_data": {
      "id": 81953,
      "i": 2,
      "q": "720p"
    },
    "stream_url": "https://mega.nz/embed/#!UdFUQKJD!3rcimufpP2MnEQFkW1SoDxWjWbIm6ngmv80fYoYClvs",
    "is_default": false,
    "timestamp": "2025-09-12T09:33:59.747Z"
  },
  {
    "anime_title": "Darwin's Game",
    "episode_title": "Darwin’s Game Episode 9 Subtitle Indonesia",
    "episode_link": "https://otakudesu.best/episode/dwrmg-episode-9-sub-indo/",
    "episode_date": "21 Maret,2020",
    "server": "mp4load",
    "quality": "360p",
    "data_content": "eyJpZCI6ODE5NTMsImkiOjAsInEiOiIzNjBwIn0=",
    "decoded_data": {
      "id": 81953,
      "i": 0,
      "q": "360p"
    },
    "stream_url": "https://www.mp4upload.com/embed-ivmhey3w6rk4.html",
    "is_default": false,
    "timestamp": "2025-09-12T09:33:59.373Z"
  },
  {
    "anime_title": "Darwin's Game",
    "episode_title": "Darwin’s Game Episode 9 Subtitle Indonesia",
    "episode_link": "https://otakudesu.best/episode/dwrmg-episode-9-sub-indo/",
    "episode_date": "21 Maret,2020",
    "server": "desudrive",
    "quality": "360p",
    "data_content": "eyJpZCI6ODE5NTMsImkiOjEsInEiOiIzNjBwIn0=",
    "decoded_data": {
      "id": 81953,
      "i": 1,
      "q": "360p"
    },
    "stream_url": "https://desustream.info/dstream/desudrive/player.php?id=RS9teW11a2o1SlI5eFdIaDZ6TWpjd3ZwSS9PMDJiZ1pxeUJFaklsQTNFTmtpT2YrUml2TmJYRGxTdXFOZTdnag==",
    "is_default": false,
    "timestamp": "2025-09-12T09:33:59.416Z"
  },
  {
    "anime_title": "Darwin's Game",
    "episode_title": "Darwin’s Game Episode 9 Subtitle Indonesia",
    "episode_link": "https://otakudesu.best/episode/dwrmg-episode-9-sub-indo/",
    "episode_date": "21 Maret,2020",
    "server": "mega",
    "quality": "360p",
    "data_content": "eyJpZCI6ODE5NTMsImkiOjIsInEiOiIzNjBwIn0=",
    "decoded_data": {
      "id": 81953,
      "i": 2,
      "q": "360p"
    },
    "stream_url": "https://mega.nz/embed/#!oFMC3CRC!aeKWvinPbE5gfcQxCEC5XMpHsfS4kZwZJtEgyTpVwe0",
    "is_default": false,
    "timestamp": "2025-09-12T09:33:59.456Z"
  },
  {
    "anime_title": "Darwin's Game",
    "episode_title": "Darwin’s Game Episode 9 Subtitle Indonesia",
    "episode_link": "https://otakudesu.best/episode/dwrmg-episode-9-sub-indo/",
    "episode_date": "21 Maret,2020",
    "server": "otakuplay",
    "quality": "480p",
    "data_content": "eyJpZCI6ODE5NTMsImkiOjAsInEiOiI0ODBwIn0=",
    "decoded_data": {
      "id": 81953,
      "i": 0,
      "q": "480p"
    },
    "stream_url": "https://desustream.info/dstream/otakuplay/v2/index.php?id=N0JPVXllaVlJMkdDQ1ZkdE1Vb1FXVVJhOE5KUXIyY2Rjd01sekJLVWZXcz0=",
    "is_default": true,
    "timestamp": "2025-09-12T09:33:59.498Z"
  },
  {
    "anime_title": "Darwin's Game",
    "episode_title": "Darwin’s Game Episode 9 Subtitle Indonesia",
    "episode_link": "https://otakudesu.best/episode/dwrmg-episode-9-sub-indo/",
    "episode_date": "21 Maret,2020",
    "server": "desudrive",
    "quality": "480p",
    "data_content": "eyJpZCI6ODE5NTMsImkiOjEsInEiOiI0ODBwIn0=",
    "decoded_data": {
      "id": 81953,
      "i": 1,
      "q": "480p"
    },
    "stream_url": "https://desustream.info/dstream/desudrive/player.php?id=RGY2dmZaMER5OGxsbWd1TFVsZXg2eG82SVlnb2dacmxQSUVSMXNTR2tUOWpURkxZQzRON2h3TEk1UENoV0tnLw==",
    "is_default": false,
    "timestamp": "2025-09-12T09:33:59.540Z"
  },
  {
    "anime_title": "Darwin's Game",
    "episode_title": "Darwin’s Game Episode 9 Subtitle Indonesia",
    "episode_link": "https://otakudesu.best/episode/dwrmg-episode-9-sub-indo/",
    "episode_date": "21 Maret,2020",
    "server": "mega",
    "quality": "480p",
    "data_content": "eyJpZCI6ODE5NTMsImkiOjIsInEiOiI0ODBwIn0=",
    "decoded_data": {
      "id": 81953,
      "i": 2,
      "q": "480p"
    },
    "stream_url": "https://mega.nz/embed/#!FBcCxayA!THkT56cVO57XCXCYu55f5yc4bntuMAN--BNBFCO-RAY",
    "is_default": false,
    "timestamp": "2025-09-12T09:33:59.579Z"
  },
  {
    "anime_title": "Darwin's Game",
    "episode_title": "Darwin’s Game Episode 9 Subtitle Indonesia",
    "episode_link": "https://otakudesu.best/episode/dwrmg-episode-9-sub-indo/",
    "episode_date": "21 Maret,2020",
    "server": "yourupload",
    "quality": "720p",
    "data_content": "eyJpZCI6ODE5NTMsImkiOjAsInEiOiI3MjBwIn0=",
    "decoded_data": {
      "id": 81953,
      "i": 0,
      "q": "720p"
    },
    "stream_url": "https://desudrive.com/stream/yuplod.php?id=COh781NQm78n",
    "is_default": false,
    "timestamp": "2025-09-12T09:33:59.619Z"
  },
  {
    "anime_title": "Darwin's Game",
    "episode_title": "Darwin’s Game Episode 9 Subtitle Indonesia",
    "episode_link": "https://otakudesu.best/episode/dwrmg-episode-9-sub-indo/",
    "episode_date": "21 Maret,2020",
    "server": "desudrive",
    "quality": "720p",
    "data_content": "eyJpZCI6ODE5NTMsImkiOjEsInEiOiI3MjBwIn0=",
    "decoded_data": {
      "id": 81953,
      "i": 1,
      "q": "720p"
    },
    "stream_url": "https://desustream.info/dstream/desudrive/player.php?id=R0NTaUVreXdqTnhxTEZVMzdISFRPRm9qcW5pWEIxR21tTVFuUTR3R0xZcGZWenF6aUNnYzcvL0p0K3pLMmZUeg==",
    "is_default": false,
    "timestamp": "2025-09-12T09:33:59.693Z"
  },
  {
    "anime_title": "Darwin's Game",
    "episode_title": "Darwin’s Game Episode 9 Subtitle Indonesia",
    "episode_link": "https://otakudesu.best/episode/dwrmg-episode-9-sub-indo/",
    "episode_date": "21 Maret,2020",
    "server": "mega",
    "quality": "720p",
    "data_content": "eyJpZCI6ODE5NTMsImkiOjIsInEiOiI3MjBwIn0=",
    "decoded_data": {
      "id": 81953,
      "i": 2,
      "q": "720p"
    },
    "stream_url": "https://mega.nz/embed/#!UdFUQKJD!3rcimufpP2MnEQFkW1SoDxWjWbIm6ngmv80fYoYClvs",
    "is_default": false,
    "timestamp": "2025-09-12T09:33:59.747Z"
  },
  {
    "anime_title": "Darwin's Game",
    "episode_title": "Darwin’s Game Episode 10 Subtitle Indonesia",
    "episode_link": "https://otakudesu.best/episode/dwrmg-episode-10-sub-indo/",
    "episode_date": "21 Maret,2020",
    "server": "mp4load",
    "quality": "360p",
    "data_content": "eyJpZCI6ODE5NTQsImkiOjAsInEiOiIzNjBwIn0=",
    "decoded_data": {
      "id": 81954,
      "i": 0,
      "q": "360p"
    },
    "stream_url": "https://www.mp4upload.com/embed-#!UdFUQKJD!3rcimufpP2MnEQFkW1SoDxWjWbIm6ngmv80fYoYClvs.html",
    "is_default": false,
    "timestamp": "2025-09-12T09:34:00.435Z"
  },
  {
    "anime_title": "Darwin's Game",
    "episode_title": "Darwin’s Game Episode 10 Subtitle Indonesia",
    "episode_link": "https://otakudesu.best/episode/dwrmg-episode-10-sub-indo/",
    "episode_date": "21 Maret,2020",
    "server": "desudrive",
    "quality": "360p",
    "data_content": "eyJpZCI6ODE5NTQsImkiOjEsInEiOiIzNjBwIn0=",
    "decoded_data": {
      "id": 81954,
      "i": 1,
      "q": "360p"
    },
    "stream_url": "https://desustream.info/dstream/desudrive/player.php?id=WTlhdGVKUXB6elNZcEd4d0hYYkkyMWQ4TkRZRFh3V3NHWms4QVVmWHplc0NOT2REZ0FyZkk3L25YaXlNM1psSQ==",
    "is_default": false,
    "timestamp": "2025-09-12T09:34:00.479Z"
  },
  {
    "anime_title": "Darwin's Game",
    "episode_title": "Darwin’s Game Episode 10 Subtitle Indonesia",
    "episode_link": "https://otakudesu.best/episode/dwrmg-episode-10-sub-indo/",
    "episode_date": "21 Maret,2020",
    "server": "mega",
    "quality": "360p",
    "data_content": "eyJpZCI6ODE5NTQsImkiOjIsInEiOiIzNjBwIn0=",
    "decoded_data": {
      "id": 81954,
      "i": 2,
      "q": "360p"
    },
    "stream_url": "https://mega.nz/embed/#!EcdUgQZC!TxDrJYKhKGQx9mwL2AxxW4c9lCrvu9JBJbpDPS297eE",
    "is_default": false,
    "timestamp": "2025-09-12T09:34:00.527Z"
  },
  {
    "anime_title": "Darwin's Game",
    "episode_title": "Darwin’s Game Episode 10 Subtitle Indonesia",
    "episode_link": "https://otakudesu.best/episode/dwrmg-episode-10-sub-indo/",
    "episode_date": "21 Maret,2020",
    "server": "otakuplay",
    "quality": "480p",
    "data_content": "eyJpZCI6ODE5NTQsImkiOjAsInEiOiI0ODBwIn0=",
    "decoded_data": {
      "id": 81954,
      "i": 0,
      "q": "480p"
    },
    "stream_url": "https://desustream.info/dstream/otakuplay/v2/index.php?id=dFp0cGtIS001bW1CNXpIU3VwRjhMRnZoUFhnQ3hqSCtReDJQUkZjNTN3Zz0=",
    "is_default": true,
    "timestamp": "2025-09-12T09:34:00.567Z"
  },
  {
    "anime_title": "Darwin's Game",
    "episode_title": "Darwin’s Game Episode 10 Subtitle Indonesia",
    "episode_link": "https://otakudesu.best/episode/dwrmg-episode-10-sub-indo/",
    "episode_date": "21 Maret,2020",
    "server": "desudrive",
    "quality": "480p",
    "data_content": "eyJpZCI6ODE5NTQsImkiOjEsInEiOiI0ODBwIn0=",
    "decoded_data": {
      "id": 81954,
      "i": 1,
      "q": "480p"
    },
    "stream_url": "https://desustream.info/dstream/desudrive/player.php?id=S0xSMlFUTXYrUkptNU1Bai9zOEFaL2tpaGVzeUM5TDhQRURBNmZUOWJ0aUxTVzhTN2Eya0s4MFNvZnBYMVp6dw==",
    "is_default": false,
    "timestamp": "2025-09-12T09:34:00.613Z"
  },
  {
    "anime_title": "Darwin's Game",
    "episode_title": "Darwin’s Game Episode 10 Subtitle Indonesia",
    "episode_link": "https://otakudesu.best/episode/dwrmg-episode-10-sub-indo/",
    "episode_date": "21 Maret,2020",
    "server": "mega",
    "quality": "480p",
    "data_content": "eyJpZCI6ODE5NTQsImkiOjIsInEiOiI0ODBwIn0=",
    "decoded_data": {
      "id": 81954,
      "i": 2,
      "q": "480p"
    },
    "stream_url": "https://mega.nz/embed/#!ccMmAQxS!DrylSl-9S3IFXXXnmaF06yzEQvCE1KZGdsocr7awC8E",
    "is_default": false,
    "timestamp": "2025-09-12T09:34:00.656Z"
  },
  {
    "anime_title": "Darwin's Game",
    "episode_title": "Darwin’s Game Episode 10 Subtitle Indonesia",
    "episode_link": "https://otakudesu.best/episode/dwrmg-episode-10-sub-indo/",
    "episode_date": "21 Maret,2020",
    "server": "yourupload",
    "quality": "720p",
    "data_content": "eyJpZCI6ODE5NTQsImkiOjAsInEiOiI3MjBwIn0=",
    "decoded_data": {
      "id": 81954,
      "i": 0,
      "q": "720p"
    },
    "stream_url": "https://desudrive.com/stream/yuplod.php?id=nlUJgcXL5655",
    "is_default": false,
    "timestamp": "2025-09-12T09:34:00.696Z"
  },
  {
    "anime_title": "Darwin's Game",
    "episode_title": "Darwin’s Game Episode 10 Subtitle Indonesia",
    "episode_link": "https://otakudesu.best/episode/dwrmg-episode-10-sub-indo/",
    "episode_date": "21 Maret,2020",
    "server": "desudrive",
    "quality": "720p",
    "data_content": "eyJpZCI6ODE5NTQsImkiOjEsInEiOiI3MjBwIn0=",
    "decoded_data": {
      "id": 81954,
      "i": 1,
      "q": "720p"
    },
    "stream_url": "https://desustream.info/dstream/desudrive/player.php?id=ZTg2R1JkNVltNEVOYStERTlIeDIvWEFyaVF0ZzhrZVFVNGhsd0xMMjkzZm5QdmI5OVR5SktYYjRVWVJFejZhYQ==",
    "is_default": false,
    "timestamp": "2025-09-12T09:34:00.739Z"
  },
  {
    "anime_title": "Darwin's Game",
    "episode_title": "Darwin’s Game Episode 10 Subtitle Indonesia",
    "episode_link": "https://otakudesu.best/episode/dwrmg-episode-10-sub-indo/",
    "episode_date": "21 Maret,2020",
    "server": "mega",
    "quality": "720p",
    "data_content": "eyJpZCI6ODE5NTQsImkiOjIsInEiOiI3MjBwIn0=",
    "decoded_data": {
      "id": 81954,
      "i": 2,
      "q": "720p"
    },
    "stream_url": "https://mega.nz/embed/#!4JVkBIzT!RI7QC1qDBhLclRJYE0T7gIg_4hZ7TsUTTCXKnMNRhA4",
    "is_default": false,
    "timestamp": "2025-09-12T09:34:00.778Z"
  },
  {
    "anime_title": "Darwin's Game",
    "episode_title": "Darwin’s Game Episode 10 Subtitle Indonesia",
    "episode_link": "https://otakudesu.best/episode/dwrmg-episode-10-sub-indo/",
    "episode_date": "21 Maret,2020",
    "server": "mp4load",
    "quality": "360p",
    "data_content": "eyJpZCI6ODE5NTQsImkiOjAsInEiOiIzNjBwIn0=",
    "decoded_data": {
      "id": 81954,
      "i": 0,
      "q": "360p"
    },
    "stream_url": "https://www.mp4upload.com/embed-#!UdFUQKJD!3rcimufpP2MnEQFkW1SoDxWjWbIm6ngmv80fYoYClvs.html",
    "is_default": false,
    "timestamp": "2025-09-12T09:34:00.435Z"
  },
  {
    "anime_title": "Darwin's Game",
    "episode_title": "Darwin’s Game Episode 10 Subtitle Indonesia",
    "episode_link": "https://otakudesu.best/episode/dwrmg-episode-10-sub-indo/",
    "episode_date": "21 Maret,2020",
    "server": "desudrive",
    "quality": "360p",
    "data_content": "eyJpZCI6ODE5NTQsImkiOjEsInEiOiIzNjBwIn0=",
    "decoded_data": {
      "id": 81954,
      "i": 1,
      "q": "360p"
    },
    "stream_url": "https://desustream.info/dstream/desudrive/player.php?id=WTlhdGVKUXB6elNZcEd4d0hYYkkyMWQ4TkRZRFh3V3NHWms4QVVmWHplc0NOT2REZ0FyZkk3L25YaXlNM1psSQ==",
    "is_default": false,
    "timestamp": "2025-09-12T09:34:00.479Z"
  },
  {
    "anime_title": "Darwin's Game",
    "episode_title": "Darwin’s Game Episode 10 Subtitle Indonesia",
    "episode_link": "https://otakudesu.best/episode/dwrmg-episode-10-sub-indo/",
    "episode_date": "21 Maret,2020",
    "server": "mega",
    "quality": "360p",
    "data_content": "eyJpZCI6ODE5NTQsImkiOjIsInEiOiIzNjBwIn0=",
    "decoded_data": {
      "id": 81954,
      "i": 2,
      "q": "360p"
    },
    "stream_url": "https://mega.nz/embed/#!EcdUgQZC!TxDrJYKhKGQx9mwL2AxxW4c9lCrvu9JBJbpDPS297eE",
    "is_default": false,
    "timestamp": "2025-09-12T09:34:00.527Z"
  },
  {
    "anime_title": "Darwin's Game",
    "episode_title": "Darwin’s Game Episode 10 Subtitle Indonesia",
    "episode_link": "https://otakudesu.best/episode/dwrmg-episode-10-sub-indo/",
    "episode_date": "21 Maret,2020",
    "server": "otakuplay",
    "quality": "480p",
    "data_content": "eyJpZCI6ODE5NTQsImkiOjAsInEiOiI0ODBwIn0=",
    "decoded_data": {
      "id": 81954,
      "i": 0,
      "q": "480p"
    },
    "stream_url": "https://desustream.info/dstream/otakuplay/v2/index.php?id=dFp0cGtIS001bW1CNXpIU3VwRjhMRnZoUFhnQ3hqSCtReDJQUkZjNTN3Zz0=",
    "is_default": true,
    "timestamp": "2025-09-12T09:34:00.567Z"
  },
  {
    "anime_title": "Darwin's Game",
    "episode_title": "Darwin’s Game Episode 10 Subtitle Indonesia",
    "episode_link": "https://otakudesu.best/episode/dwrmg-episode-10-sub-indo/",
    "episode_date": "21 Maret,2020",
    "server": "desudrive",
    "quality": "480p",
    "data_content": "eyJpZCI6ODE5NTQsImkiOjEsInEiOiI0ODBwIn0=",
    "decoded_data": {
      "id": 81954,
      "i": 1,
      "q": "480p"
    },
    "stream_url": "https://desustream.info/dstream/desudrive/player.php?id=S0xSMlFUTXYrUkptNU1Bai9zOEFaL2tpaGVzeUM5TDhQRURBNmZUOWJ0aUxTVzhTN2Eya0s4MFNvZnBYMVp6dw==",
    "is_default": false,
    "timestamp": "2025-09-12T09:34:00.613Z"
  },
  {
    "anime_title": "Darwin's Game",
    "episode_title": "Darwin’s Game Episode 10 Subtitle Indonesia",
    "episode_link": "https://otakudesu.best/episode/dwrmg-episode-10-sub-indo/",
    "episode_date": "21 Maret,2020",
    "server": "mega",
    "quality": "480p",
    "data_content": "eyJpZCI6ODE5NTQsImkiOjIsInEiOiI0ODBwIn0=",
    "decoded_data": {
      "id": 81954,
      "i": 2,
      "q": "480p"
    },
    "stream_url": "https://mega.nz/embed/#!ccMmAQxS!DrylSl-9S3IFXXXnmaF06yzEQvCE1KZGdsocr7awC8E",
    "is_default": false,
    "timestamp": "2025-09-12T09:34:00.656Z"
  },
  {
    "anime_title": "Darwin's Game",
    "episode_title": "Darwin’s Game Episode 10 Subtitle Indonesia",
    "episode_link": "https://otakudesu.best/episode/dwrmg-episode-10-sub-indo/",
    "episode_date": "21 Maret,2020",
    "server": "yourupload",
    "quality": "720p",
    "data_content": "eyJpZCI6ODE5NTQsImkiOjAsInEiOiI3MjBwIn0=",
    "decoded_data": {
      "id": 81954,
      "i": 0,
      "q": "720p"
    },
    "stream_url": "https://desudrive.com/stream/yuplod.php?id=nlUJgcXL5655",
    "is_default": false,
    "timestamp": "2025-09-12T09:34:00.696Z"
  },
  {
    "anime_title": "Darwin's Game",
    "episode_title": "Darwin’s Game Episode 10 Subtitle Indonesia",
    "episode_link": "https://otakudesu.best/episode/dwrmg-episode-10-sub-indo/",
    "episode_date": "21 Maret,2020",
    "server": "desudrive",
    "quality": "720p",
    "data_content": "eyJpZCI6ODE5NTQsImkiOjEsInEiOiI3MjBwIn0=",
    "decoded_data": {
      "id": 81954,
      "i": 1,
      "q": "720p"
    },
    "stream_url": "https://desustream.info/dstream/desudrive/player.php?id=ZTg2R1JkNVltNEVOYStERTlIeDIvWEFyaVF0ZzhrZVFVNGhsd0xMMjkzZm5QdmI5OVR5SktYYjRVWVJFejZhYQ==",
    "is_default": false,
    "timestamp": "2025-09-12T09:34:00.739Z"
  },
  {
    "anime_title": "Darwin's Game",
    "episode_title": "Darwin’s Game Episode 10 Subtitle Indonesia",
    "episode_link": "https://otakudesu.best/episode/dwrmg-episode-10-sub-indo/",
    "episode_date": "21 Maret,2020",
    "server": "mega",
    "quality": "720p",
    "data_content": "eyJpZCI6ODE5NTQsImkiOjIsInEiOiI3MjBwIn0=",
    "decoded_data": {
      "id": 81954,
      "i": 2,
      "q": "720p"
    },
    "stream_url": "https://mega.nz/embed/#!4JVkBIzT!RI7QC1qDBhLclRJYE0T7gIg_4hZ7TsUTTCXKnMNRhA4",
    "is_default": false,
    "timestamp": "2025-09-12T09:34:00.778Z"
  },
  {
    "anime_title": "Darwin's Game",
    "episode_title": "Darwin’s Game Episode 11 (End) Subtitle Indonesia",
    "episode_link": "https://otakudesu.best/episode/dwrmg-episode-11-sub-indo/",
    "episode_date": "21 Maret,2020",
    "server": "mp4load",
    "quality": "360p",
    "data_content": "eyJpZCI6ODE5NTUsImkiOjAsInEiOiIzNjBwIn0=",
    "decoded_data": {
      "id": 81955,
      "i": 0,
      "q": "360p"
    },
    "stream_url": "https://www.mp4upload.com/embed-p6n7ubz65437.html",
    "is_default": false,
    "timestamp": "2025-09-12T09:34:01.663Z"
  },
  {
    "anime_title": "Darwin's Game",
    "episode_title": "Darwin’s Game Episode 11 (End) Subtitle Indonesia",
    "episode_link": "https://otakudesu.best/episode/dwrmg-episode-11-sub-indo/",
    "episode_date": "21 Maret,2020",
    "server": "desudrive",
    "quality": "360p",
    "data_content": "eyJpZCI6ODE5NTUsImkiOjEsInEiOiIzNjBwIn0=",
    "decoded_data": {
      "id": 81955,
      "i": 1,
      "q": "360p"
    },
    "stream_url": "https://desustream.info/dstream/desudrive/player.php?id=d3JDNGMvL3dPemlKcXZCNUFxb1ZzQWRrTE9pWklQWk1OVC9IamFlRTdMdlhhQVBYb1NPZWJqRUpYdVY1MDYzZA==",
    "is_default": false,
    "timestamp": "2025-09-12T09:34:01.708Z"
  },
  {
    "anime_title": "Darwin's Game",
    "episode_title": "Darwin’s Game Episode 11 (End) Subtitle Indonesia",
    "episode_link": "https://otakudesu.best/episode/dwrmg-episode-11-sub-indo/",
    "episode_date": "21 Maret,2020",
    "server": "mega",
    "quality": "360p",
    "data_content": "eyJpZCI6ODE5NTUsImkiOjIsInEiOiIzNjBwIn0=",
    "decoded_data": {
      "id": 81955,
      "i": 2,
      "q": "360p"
    },
    "stream_url": "https://mega.nz/embed/#!lQFGGKTL!hQs33BKLKtEKuFbSjnDiOjEg0BH73qdGRT_e58g1cFQ",
    "is_default": false,
    "timestamp": "2025-09-12T09:34:01.761Z"
  },
  {
    "anime_title": "Darwin's Game",
    "episode_title": "Darwin’s Game Episode 11 (End) Subtitle Indonesia",
    "episode_link": "https://otakudesu.best/episode/dwrmg-episode-11-sub-indo/",
    "episode_date": "21 Maret,2020",
    "server": "otakuplay",
    "quality": "480p",
    "data_content": "eyJpZCI6ODE5NTUsImkiOjAsInEiOiI0ODBwIn0=",
    "decoded_data": {
      "id": 81955,
      "i": 0,
      "q": "480p"
    },
    "stream_url": "https://desustream.info/dstream/otakuplay/v2/index.php?id=dFp0cGtIS001bW1CNXpIU3VwRjhMSnFZQ2xsTTMwMG42MjN6SjJISmRSYz0=",
    "is_default": true,
    "timestamp": "2025-09-12T09:34:01.800Z"
  },
  {
    "anime_title": "Darwin's Game",
    "episode_title": "Darwin’s Game Episode 11 (End) Subtitle Indonesia",
    "episode_link": "https://otakudesu.best/episode/dwrmg-episode-11-sub-indo/",
    "episode_date": "21 Maret,2020",
    "server": "desudrive",
    "quality": "480p",
    "data_content": "eyJpZCI6ODE5NTUsImkiOjEsInEiOiI0ODBwIn0=",
    "decoded_data": {
      "id": 81955,
      "i": 1,
      "q": "480p"
    },
    "stream_url": "https://desustream.info/dstream/desudrive/player.php?id=a0lPTllUVlNYeTl3b3RtbldZRlQ3dld4QWE0ajNjVjVsSUZsQXQ5eEFkVmwwUUtHYUxFNWErcVl6OGQ0L1hzbw==",
    "is_default": false,
    "timestamp": "2025-09-12T09:34:01.840Z"
  },
  {
    "anime_title": "Darwin's Game",
    "episode_title": "Darwin’s Game Episode 11 (End) Subtitle Indonesia",
    "episode_link": "https://otakudesu.best/episode/dwrmg-episode-11-sub-indo/",
    "episode_date": "21 Maret,2020",
    "server": "mega",
    "quality": "480p",
    "data_content": "eyJpZCI6ODE5NTUsImkiOjIsInEiOiI0ODBwIn0=",
    "decoded_data": {
      "id": 81955,
      "i": 2,
      "q": "480p"
    },
    "stream_url": "https://mega.nz/embed/#!ZJFylAQR!p6KiTtWPJGnzDlCXGbgSDNV3f9MaM1ZBx-N9xdicg9k",
    "is_default": false,
    "timestamp": "2025-09-12T09:34:01.880Z"
  },
  {
    "anime_title": "Darwin's Game",
    "episode_title": "Darwin’s Game Episode 11 (End) Subtitle Indonesia",
    "episode_link": "https://otakudesu.best/episode/dwrmg-episode-11-sub-indo/",
    "episode_date": "21 Maret,2020",
    "server": "yourupload",
    "quality": "720p",
    "data_content": "eyJpZCI6ODE5NTUsImkiOjAsInEiOiI3MjBwIn0=",
    "decoded_data": {
      "id": 81955,
      "i": 0,
      "q": "720p"
    },
    "stream_url": "https://desudrive.com/stream/yuplod.php?id=bRfO3pVPC5jh",
    "is_default": false,
    "timestamp": "2025-09-12T09:34:01.920Z"
  },
  {
    "anime_title": "Darwin's Game",
    "episode_title": "Darwin’s Game Episode 11 (End) Subtitle Indonesia",
    "episode_link": "https://otakudesu.best/episode/dwrmg-episode-11-sub-indo/",
    "episode_date": "21 Maret,2020",
    "server": "desudrive",
    "quality": "720p",
    "data_content": "eyJpZCI6ODE5NTUsImkiOjEsInEiOiI3MjBwIn0=",
    "decoded_data": {
      "id": 81955,
      "i": 1,
      "q": "720p"
    },
    "stream_url": "https://desustream.info/dstream/desudrive/player.php?id=cVQva1MzMzJIVmZWYVlSays2Sm00ak1odlFYZDdsNDhqWTBDYkVOTlN5N21yYWI2cEJ6ZlFXSmUxTjdiWWZJWg==",
    "is_default": false,
    "timestamp": "2025-09-12T09:34:01.961Z"
  },
  {
    "anime_title": "Darwin's Game",
    "episode_title": "Darwin’s Game Episode 11 (End) Subtitle Indonesia",
    "episode_link": "https://otakudesu.best/episode/dwrmg-episode-11-sub-indo/",
    "episode_date": "21 Maret,2020",
    "server": "mega",
    "quality": "720p",
    "data_content": "eyJpZCI6ODE5NTUsImkiOjIsInEiOiI3MjBwIn0=",
    "decoded_data": {
      "id": 81955,
      "i": 2,
      "q": "720p"
    },
    "stream_url": "https://mega.nz/embed/#!YQMQRIzD!jjBcmnpydxvX2bso73cSinACD-pR2Z8ie-YzLKMBuyU",
    "is_default": false,
    "timestamp": "2025-09-12T09:34:02.003Z"
  },
  {
    "anime_title": "Darwin's Game",
    "episode_title": "Darwin’s Game Episode 11 (End) Subtitle Indonesia",
    "episode_link": "https://otakudesu.best/episode/dwrmg-episode-11-sub-indo/",
    "episode_date": "21 Maret,2020",
    "server": "mp4load",
    "quality": "360p",
    "data_content": "eyJpZCI6ODE5NTUsImkiOjAsInEiOiIzNjBwIn0=",
    "decoded_data": {
      "id": 81955,
      "i": 0,
      "q": "360p"
    },
    "stream_url": "https://www.mp4upload.com/embed-p6n7ubz65437.html",
    "is_default": false,
    "timestamp": "2025-09-12T09:34:01.663Z"
  },
  {
    "anime_title": "Darwin's Game",
    "episode_title": "Darwin’s Game Episode 11 (End) Subtitle Indonesia",
    "episode_link": "https://otakudesu.best/episode/dwrmg-episode-11-sub-indo/",
    "episode_date": "21 Maret,2020",
    "server": "desudrive",
    "quality": "360p",
    "data_content": "eyJpZCI6ODE5NTUsImkiOjEsInEiOiIzNjBwIn0=",
    "decoded_data": {
      "id": 81955,
      "i": 1,
      "q": "360p"
    },
    "stream_url": "https://desustream.info/dstream/desudrive/player.php?id=d3JDNGMvL3dPemlKcXZCNUFxb1ZzQWRrTE9pWklQWk1OVC9IamFlRTdMdlhhQVBYb1NPZWJqRUpYdVY1MDYzZA==",
    "is_default": false,
    "timestamp": "2025-09-12T09:34:01.708Z"
  },
  {
    "anime_title": "Darwin's Game",
    "episode_title": "Darwin’s Game Episode 11 (End) Subtitle Indonesia",
    "episode_link": "https://otakudesu.best/episode/dwrmg-episode-11-sub-indo/",
    "episode_date": "21 Maret,2020",
    "server": "mega",
    "quality": "360p",
    "data_content": "eyJpZCI6ODE5NTUsImkiOjIsInEiOiIzNjBwIn0=",
    "decoded_data": {
      "id": 81955,
      "i": 2,
      "q": "360p"
    },
    "stream_url": "https://mega.nz/embed/#!lQFGGKTL!hQs33BKLKtEKuFbSjnDiOjEg0BH73qdGRT_e58g1cFQ",
    "is_default": false,
    "timestamp": "2025-09-12T09:34:01.761Z"
  },
  {
    "anime_title": "Darwin's Game",
    "episode_title": "Darwin’s Game Episode 11 (End) Subtitle Indonesia",
    "episode_link": "https://otakudesu.best/episode/dwrmg-episode-11-sub-indo/",
    "episode_date": "21 Maret,2020",
    "server": "otakuplay",
    "quality": "480p",
    "data_content": "eyJpZCI6ODE5NTUsImkiOjAsInEiOiI0ODBwIn0=",
    "decoded_data": {
      "id": 81955,
      "i": 0,
      "q": "480p"
    },
    "stream_url": "https://desustream.info/dstream/otakuplay/v2/index.php?id=dFp0cGtIS001bW1CNXpIU3VwRjhMSnFZQ2xsTTMwMG42MjN6SjJISmRSYz0=",
    "is_default": true,
    "timestamp": "2025-09-12T09:34:01.800Z"
  },
  {
    "anime_title": "Darwin's Game",
    "episode_title": "Darwin’s Game Episode 11 (End) Subtitle Indonesia",
    "episode_link": "https://otakudesu.best/episode/dwrmg-episode-11-sub-indo/",
    "episode_date": "21 Maret,2020",
    "server": "desudrive",
    "quality": "480p",
    "data_content": "eyJpZCI6ODE5NTUsImkiOjEsInEiOiI0ODBwIn0=",
    "decoded_data": {
      "id": 81955,
      "i": 1,
      "q": "480p"
    },
    "stream_url": "https://desustream.info/dstream/desudrive/player.php?id=a0lPTllUVlNYeTl3b3RtbldZRlQ3dld4QWE0ajNjVjVsSUZsQXQ5eEFkVmwwUUtHYUxFNWErcVl6OGQ0L1hzbw==",
    "is_default": false,
    "timestamp": "2025-09-12T09:34:01.840Z"
  },
  {
    "anime_title": "Darwin's Game",
    "episode_title": "Darwin’s Game Episode 11 (End) Subtitle Indonesia",
    "episode_link": "https://otakudesu.best/episode/dwrmg-episode-11-sub-indo/",
    "episode_date": "21 Maret,2020",
    "server": "mega",
    "quality": "480p",
    "data_content": "eyJpZCI6ODE5NTUsImkiOjIsInEiOiI0ODBwIn0=",
    "decoded_data": {
      "id": 81955,
      "i": 2,
      "q": "480p"
    },
    "stream_url": "https://mega.nz/embed/#!ZJFylAQR!p6KiTtWPJGnzDlCXGbgSDNV3f9MaM1ZBx-N9xdicg9k",
    "is_default": false,
    "timestamp": "2025-09-12T09:34:01.880Z"
  },
  {
    "anime_title": "Darwin's Game",
    "episode_title": "Darwin’s Game Episode 11 (End) Subtitle Indonesia",
    "episode_link": "https://otakudesu.best/episode/dwrmg-episode-11-sub-indo/",
    "episode_date": "21 Maret,2020",
    "server": "yourupload",
    "quality": "720p",
    "data_content": "eyJpZCI6ODE5NTUsImkiOjAsInEiOiI3MjBwIn0=",
    "decoded_data": {
      "id": 81955,
      "i": 0,
      "q": "720p"
    },
    "stream_url": "https://desudrive.com/stream/yuplod.php?id=bRfO3pVPC5jh",
    "is_default": false,
    "timestamp": "2025-09-12T09:34:01.920Z"
  },
  {
    "anime_title": "Darwin's Game",
    "episode_title": "Darwin’s Game Episode 11 (End) Subtitle Indonesia",
    "episode_link": "https://otakudesu.best/episode/dwrmg-episode-11-sub-indo/",
    "episode_date": "21 Maret,2020",
    "server": "desudrive",
    "quality": "720p",
    "data_content": "eyJpZCI6ODE5NTUsImkiOjEsInEiOiI3MjBwIn0=",
    "decoded_data": {
      "id": 81955,
      "i": 1,
      "q": "720p"
    },
    "stream_url": "https://desustream.info/dstream/desudrive/player.php?id=cVQva1MzMzJIVmZWYVlSays2Sm00ak1odlFYZDdsNDhqWTBDYkVOTlN5N21yYWI2cEJ6ZlFXSmUxTjdiWWZJWg==",
    "is_default": false,
    "timestamp": "2025-09-12T09:34:01.961Z"
  },
  {
    "anime_title": "Darwin's Game",
    "episode_title": "Darwin’s Game Episode 11 (End) Subtitle Indonesia",
    "episode_link": "https://otakudesu.best/episode/dwrmg-episode-11-sub-indo/",
    "episode_date": "21 Maret,2020",
    "server": "mega",
    "quality": "720p",
    "data_content": "eyJpZCI6ODE5NTUsImkiOjIsInEiOiI3MjBwIn0=",
    "decoded_data": {
      "id": 81955,
      "i": 2,
      "q": "720p"
    },
    "stream_url": "https://mega.nz/embed/#!YQMQRIzD!jjBcmnpydxvX2bso73cSinACD-pR2Z8ie-YzLKMBuyU",
    "is_default": false,
    "timestamp": "2025-09-12T09:34:02.003Z"
  },
  {
    "anime_title": "Date A Live",
    "episode_title": "Date A Live Episode 1 Subtitle Indonesia",
    "episode_link": "https://otakudesu.best/episode/dal-episode-1-sub-indo/",
    "episode_date": "17 Desember,2018",
    "server": "mega",
    "quality": "360p",
    "data_content": "eyJpZCI6MzMwMzEsImkiOjAsInEiOiIzNjBwIn0=",
    "decoded_data": {
      "id": 33031,
      "i": 0,
      "q": "360p"
    },
    "stream_url": "https://mega.nz/embed/#!jGY0XCyC!PWhCidGxgDWoSuE41MMBZcW18Ta8B7VUqiE0SISYZ1E",
    "is_default": false,
    "timestamp": "2025-09-12T09:34:03.236Z"
  },
  {
    "anime_title": "Date A Live",
    "episode_title": "Date A Live Episode 1 Subtitle Indonesia",
    "episode_link": "https://otakudesu.best/episode/dal-episode-1-sub-indo/",
    "episode_date": "17 Desember,2018",
    "server": "mp4load",
    "quality": "360p",
    "data_content": "eyJpZCI6MzMwMzEsImkiOjEsInEiOiIzNjBwIn0=",
    "decoded_data": {
      "id": 33031,
      "i": 1,
      "q": "360p"
    },
    "stream_url": "https://www.mp4upload.com/embed-5hjfiutm1gtp.html",
    "is_default": false,
    "timestamp": "2025-09-12T09:34:03.283Z"
  },
  {
    "anime_title": "Date A Live",
    "episode_title": "Date A Live Episode 1 Subtitle Indonesia",
    "episode_link": "https://otakudesu.best/episode/dal-episode-1-sub-indo/",
    "episode_date": "17 Desember,2018",
    "server": "desudesu2",
    "quality": "480p",
    "data_content": "eyJpZCI6MzMwMzEsImkiOjAsInEiOiI0ODBwIn0=",
    "decoded_data": {
      "id": 33031,
      "i": 0,
      "q": "480p"
    },
    "stream_url": "https://desustream.info/dstream/desudesu2/v2/index.php?id=M0V4Q3NXREFQVHp4c0NWUmsybVM1QVE0WUR0R0oyN3B5dTgyY1J5TVFuWT0=",
    "is_default": true,
    "timestamp": "2025-09-12T09:34:03.340Z"
  },
  {
    "anime_title": "Date A Live",
    "episode_title": "Date A Live Episode 1 Subtitle Indonesia",
    "episode_link": "https://otakudesu.best/episode/dal-episode-1-sub-indo/",
    "episode_date": "17 Desember,2018",
    "server": "mega",
    "quality": "480p",
    "data_content": "eyJpZCI6MzMwMzEsImkiOjEsInEiOiI0ODBwIn0=",
    "decoded_data": {
      "id": 33031,
      "i": 1,
      "q": "480p"
    },
    "stream_url": "https://mega.nz/embed/#!uXAiTKbJ!X9KJaIPrlDWCh4lWGftncscwT94xrQHK6pyD8caLYH8",
    "is_default": false,
    "timestamp": "2025-09-12T09:34:03.380Z"
  },
  {
    "anime_title": "Date A Live",
    "episode_title": "Date A Live Episode 1 Subtitle Indonesia",
    "episode_link": "https://otakudesu.best/episode/dal-episode-1-sub-indo/",
    "episode_date": "17 Desember,2018",
    "server": "acefile",
    "quality": "480p",
    "data_content": "eyJpZCI6MzMwMzEsImkiOjIsInEiOiI0ODBwIn0=",
    "decoded_data": {
      "id": 33031,
      "i": 2,
      "q": "480p"
    },
    "stream_url": "https://acefile.co/player/5447801",
    "is_default": false,
    "timestamp": "2025-09-12T09:34:03.422Z"
  },
  {
    "anime_title": "Date A Live",
    "episode_title": "Date A Live Episode 1 Subtitle Indonesia",
    "episode_link": "https://otakudesu.best/episode/dal-episode-1-sub-indo/",
    "episode_date": "17 Desember,2018",
    "server": "mega",
    "quality": "720p",
    "data_content": "eyJpZCI6MzMwMzEsImkiOjAsInEiOiI3MjBwIn0=",
    "decoded_data": {
      "id": 33031,
      "i": 0,
      "q": "720p"
    },
    "stream_url": "https://mega.nz/embed/#!aeZ2RITC!N8ArEwlqt0amsy3TTaPx0Rsq9PSpt_zxK280usGhWis",
    "is_default": false,
    "timestamp": "2025-09-12T09:34:03.463Z"
  },
  {
    "anime_title": "Date A Live",
    "episode_title": "Date A Live Episode 1 Subtitle Indonesia",
    "episode_link": "https://otakudesu.best/episode/dal-episode-1-sub-indo/",
    "episode_date": "17 Desember,2018",
    "server": "yourupload",
    "quality": "720p",
    "data_content": "eyJpZCI6MzMwMzEsImkiOjEsInEiOiI3MjBwIn0=",
    "decoded_data": {
      "id": 33031,
      "i": 1,
      "q": "720p"
    },
    "stream_url": "https://desudrive.com/stream/yuplod.php?id=a5m5cdrNFD56",
    "is_default": false,
    "timestamp": "2025-09-12T09:34:03.504Z"
  },
  {
    "anime_title": "Date A Live",
    "episode_title": "Date A Live Episode 1 Subtitle Indonesia",
    "episode_link": "https://otakudesu.best/episode/dal-episode-1-sub-indo/",
    "episode_date": "17 Desember,2018",
    "server": "mega",
    "quality": "360p",
    "data_content": "eyJpZCI6MzMwMzEsImkiOjAsInEiOiIzNjBwIn0=",
    "decoded_data": {
      "id": 33031,
      "i": 0,
      "q": "360p"
    },
    "stream_url": "https://mega.nz/embed/#!jGY0XCyC!PWhCidGxgDWoSuE41MMBZcW18Ta8B7VUqiE0SISYZ1E",
    "is_default": false,
    "timestamp": "2025-09-12T09:34:03.236Z"
  },
  {
    "anime_title": "Date A Live",
    "episode_title": "Date A Live Episode 1 Subtitle Indonesia",
    "episode_link": "https://otakudesu.best/episode/dal-episode-1-sub-indo/",
    "episode_date": "17 Desember,2018",
    "server": "mp4load",
    "quality": "360p",
    "data_content": "eyJpZCI6MzMwMzEsImkiOjEsInEiOiIzNjBwIn0=",
    "decoded_data": {
      "id": 33031,
      "i": 1,
      "q": "360p"
    },
    "stream_url": "https://www.mp4upload.com/embed-5hjfiutm1gtp.html",
    "is_default": false,
    "timestamp": "2025-09-12T09:34:03.283Z"
  },
  {
    "anime_title": "Date A Live",
    "episode_title": "Date A Live Episode 1 Subtitle Indonesia",
    "episode_link": "https://otakudesu.best/episode/dal-episode-1-sub-indo/",
    "episode_date": "17 Desember,2018",
    "server": "desudesu2",
    "quality": "480p",
    "data_content": "eyJpZCI6MzMwMzEsImkiOjAsInEiOiI0ODBwIn0=",
    "decoded_data": {
      "id": 33031,
      "i": 0,
      "q": "480p"
    },
    "stream_url": "https://desustream.info/dstream/desudesu2/v2/index.php?id=M0V4Q3NXREFQVHp4c0NWUmsybVM1QVE0WUR0R0oyN3B5dTgyY1J5TVFuWT0=",
    "is_default": true,
    "timestamp": "2025-09-12T09:34:03.340Z"
  },
  {
    "anime_title": "Date A Live",
    "episode_title": "Date A Live Episode 1 Subtitle Indonesia",
    "episode_link": "https://otakudesu.best/episode/dal-episode-1-sub-indo/",
    "episode_date": "17 Desember,2018",
    "server": "mega",
    "quality": "480p",
    "data_content": "eyJpZCI6MzMwMzEsImkiOjEsInEiOiI0ODBwIn0=",
    "decoded_data": {
      "id": 33031,
      "i": 1,
      "q": "480p"
    },
    "stream_url": "https://mega.nz/embed/#!uXAiTKbJ!X9KJaIPrlDWCh4lWGftncscwT94xrQHK6pyD8caLYH8",
    "is_default": false,
    "timestamp": "2025-09-12T09:34:03.380Z"
  },
  {
    "anime_title": "Date A Live",
    "episode_title": "Date A Live Episode 1 Subtitle Indonesia",
    "episode_link": "https://otakudesu.best/episode/dal-episode-1-sub-indo/",
    "episode_date": "17 Desember,2018",
    "server": "acefile",
    "quality": "480p",
    "data_content": "eyJpZCI6MzMwMzEsImkiOjIsInEiOiI0ODBwIn0=",
    "decoded_data": {
      "id": 33031,
      "i": 2,
      "q": "480p"
    },
    "stream_url": "https://acefile.co/player/5447801",
    "is_default": false,
    "timestamp": "2025-09-12T09:34:03.422Z"
  },
  {
    "anime_title": "Date A Live",
    "episode_title": "Date A Live Episode 1 Subtitle Indonesia",
    "episode_link": "https://otakudesu.best/episode/dal-episode-1-sub-indo/",
    "episode_date": "17 Desember,2018",
    "server": "mega",
    "quality": "720p",
    "data_content": "eyJpZCI6MzMwMzEsImkiOjAsInEiOiI3MjBwIn0=",
    "decoded_data": {
      "id": 33031,
      "i": 0,
      "q": "720p"
    },
    "stream_url": "https://mega.nz/embed/#!aeZ2RITC!N8ArEwlqt0amsy3TTaPx0Rsq9PSpt_zxK280usGhWis",
    "is_default": false,
    "timestamp": "2025-09-12T09:34:03.463Z"
  },
  {
    "anime_title": "Date A Live",
    "episode_title": "Date A Live Episode 1 Subtitle Indonesia",
    "episode_link": "https://otakudesu.best/episode/dal-episode-1-sub-indo/",
    "episode_date": "17 Desember,2018",
    "server": "yourupload",
    "quality": "720p",
    "data_content": "eyJpZCI6MzMwMzEsImkiOjEsInEiOiI3MjBwIn0=",
    "decoded_data": {
      "id": 33031,
      "i": 1,
      "q": "720p"
    },
    "stream_url": "https://desudrive.com/stream/yuplod.php?id=a5m5cdrNFD56",
    "is_default": false,
    "timestamp": "2025-09-12T09:34:03.504Z"
  },
  {
    "anime_title": "Date A Live",
    "episode_title": "Date A Live Episode 2 Subtitle Indonesia",
    "episode_link": "https://otakudesu.best/episode/dal-episode-2-sub-indo/",
    "episode_date": "17 Desember,2018",
    "server": "mega",
    "quality": "360p",
    "data_content": "eyJpZCI6MzMwMzIsImkiOjAsInEiOiIzNjBwIn0=",
    "decoded_data": {
      "id": 33032,
      "i": 0,
      "q": "360p"
    },
    "stream_url": "https://mega.nz/embed/#!3CJmmIxI!pbYC726f9clZN7hVbQOAGSrjDXOvxBCADCwCIgYn1_8",
    "is_default": false,
    "timestamp": "2025-09-12T09:34:04.169Z"
  },
  {
    "anime_title": "Date A Live",
    "episode_title": "Date A Live Episode 2 Subtitle Indonesia",
    "episode_link": "https://otakudesu.best/episode/dal-episode-2-sub-indo/",
    "episode_date": "17 Desember,2018",
    "server": "mp4load",
    "quality": "360p",
    "data_content": "eyJpZCI6MzMwMzIsImkiOjEsInEiOiIzNjBwIn0=",
    "decoded_data": {
      "id": 33032,
      "i": 1,
      "q": "360p"
    },
    "stream_url": "https://www.mp4upload.com/embed-udi92c1nv1ya.html",
    "is_default": false,
    "timestamp": "2025-09-12T09:34:04.219Z"
  },
  {
    "anime_title": "Date A Live",
    "episode_title": "Date A Live Episode 2 Subtitle Indonesia",
    "episode_link": "https://otakudesu.best/episode/dal-episode-2-sub-indo/",
    "episode_date": "17 Desember,2018",
    "server": "desudesu2",
    "quality": "480p",
    "data_content": "eyJpZCI6MzMwMzIsImkiOjAsInEiOiI0ODBwIn0=",
    "decoded_data": {
      "id": 33032,
      "i": 0,
      "q": "480p"
    },
    "stream_url": "https://desustream.info/dstream/desudesu2/v2/index.php?id=a0RsTzNVQURBa01mZ3hkeG5la0t4aWk1UHNFNUpwQzQ0R0t3MnRnMXgrcz0=",
    "is_default": true,
    "timestamp": "2025-09-12T09:34:04.259Z"
  },
  {
    "anime_title": "Date A Live",
    "episode_title": "Date A Live Episode 2 Subtitle Indonesia",
    "episode_link": "https://otakudesu.best/episode/dal-episode-2-sub-indo/",
    "episode_date": "17 Desember,2018",
    "server": "mega",
    "quality": "480p",
    "data_content": "eyJpZCI6MzMwMzIsImkiOjEsInEiOiI0ODBwIn0=",
    "decoded_data": {
      "id": 33032,
      "i": 1,
      "q": "480p"
    },
    "stream_url": "https://mega.nz/embed/#!PDYSAIyJ!CuXYn-EVgndzGL3TueUaZjkWZakANiO5p_DIUOinBmg",
    "is_default": false,
    "timestamp": "2025-09-12T09:34:04.299Z"
  },
  {
    "anime_title": "Date A Live",
    "episode_title": "Date A Live Episode 2 Subtitle Indonesia",
    "episode_link": "https://otakudesu.best/episode/dal-episode-2-sub-indo/",
    "episode_date": "17 Desember,2018",
    "server": "mega",
    "quality": "720p",
    "data_content": "eyJpZCI6MzMwMzIsImkiOjAsInEiOiI3MjBwIn0=",
    "decoded_data": {
      "id": 33032,
      "i": 0,
      "q": "720p"
    },
    "stream_url": "https://mega.nz/embed/#!SbJEnKAZ!dq0BPXvjPa0EiXJXFsuCnmAu85CRsdg5OLPGeW_o6qw",
    "is_default": false,
    "timestamp": "2025-09-12T09:34:04.340Z"
  },
  {
    "anime_title": "Date A Live",
    "episode_title": "Date A Live Episode 2 Subtitle Indonesia",
    "episode_link": "https://otakudesu.best/episode/dal-episode-2-sub-indo/",
    "episode_date": "17 Desember,2018",
    "server": "yourupload",
    "quality": "720p",
    "data_content": "eyJpZCI6MzMwMzIsImkiOjEsInEiOiI3MjBwIn0=",
    "decoded_data": {
      "id": 33032,
      "i": 1,
      "q": "720p"
    },
    "stream_url": "https://desudrive.com/stream/yuplod.php?id=2LR5x4y8NBFV",
    "is_default": false,
    "timestamp": "2025-09-12T09:34:04.381Z"
  },
  {
    "anime_title": "Date A Live",
    "episode_title": "Date A Live Episode 2 Subtitle Indonesia",
    "episode_link": "https://otakudesu.best/episode/dal-episode-2-sub-indo/",
    "episode_date": "17 Desember,2018",
    "server": "mega",
    "quality": "360p",
    "data_content": "eyJpZCI6MzMwMzIsImkiOjAsInEiOiIzNjBwIn0=",
    "decoded_data": {
      "id": 33032,
      "i": 0,
      "q": "360p"
    },
    "stream_url": "https://mega.nz/embed/#!3CJmmIxI!pbYC726f9clZN7hVbQOAGSrjDXOvxBCADCwCIgYn1_8",
    "is_default": false,
    "timestamp": "2025-09-12T09:34:04.169Z"
  },
  {
    "anime_title": "Date A Live",
    "episode_title": "Date A Live Episode 2 Subtitle Indonesia",
    "episode_link": "https://otakudesu.best/episode/dal-episode-2-sub-indo/",
    "episode_date": "17 Desember,2018",
    "server": "mp4load",
    "quality": "360p",
    "data_content": "eyJpZCI6MzMwMzIsImkiOjEsInEiOiIzNjBwIn0=",
    "decoded_data": {
      "id": 33032,
      "i": 1,
      "q": "360p"
    },
    "stream_url": "https://www.mp4upload.com/embed-udi92c1nv1ya.html",
    "is_default": false,
    "timestamp": "2025-09-12T09:34:04.219Z"
  },
  {
    "anime_title": "Date A Live",
    "episode_title": "Date A Live Episode 2 Subtitle Indonesia",
    "episode_link": "https://otakudesu.best/episode/dal-episode-2-sub-indo/",
    "episode_date": "17 Desember,2018",
    "server": "desudesu2",
    "quality": "480p",
    "data_content": "eyJpZCI6MzMwMzIsImkiOjAsInEiOiI0ODBwIn0=",
    "decoded_data": {
      "id": 33032,
      "i": 0,
      "q": "480p"
    },
    "stream_url": "https://desustream.info/dstream/desudesu2/v2/index.php?id=a0RsTzNVQURBa01mZ3hkeG5la0t4aWk1UHNFNUpwQzQ0R0t3MnRnMXgrcz0=",
    "is_default": true,
    "timestamp": "2025-09-12T09:34:04.259Z"
  },
  {
    "anime_title": "Date A Live",
    "episode_title": "Date A Live Episode 2 Subtitle Indonesia",
    "episode_link": "https://otakudesu.best/episode/dal-episode-2-sub-indo/",
    "episode_date": "17 Desember,2018",
    "server": "mega",
    "quality": "480p",
    "data_content": "eyJpZCI6MzMwMzIsImkiOjEsInEiOiI0ODBwIn0=",
    "decoded_data": {
      "id": 33032,
      "i": 1,
      "q": "480p"
    },
    "stream_url": "https://mega.nz/embed/#!PDYSAIyJ!CuXYn-EVgndzGL3TueUaZjkWZakANiO5p_DIUOinBmg",
    "is_default": false,
    "timestamp": "2025-09-12T09:34:04.299Z"
  },
  {
    "anime_title": "Date A Live",
    "episode_title": "Date A Live Episode 2 Subtitle Indonesia",
    "episode_link": "https://otakudesu.best/episode/dal-episode-2-sub-indo/",
    "episode_date": "17 Desember,2018",
    "server": "mega",
    "quality": "720p",
    "data_content": "eyJpZCI6MzMwMzIsImkiOjAsInEiOiI3MjBwIn0=",
    "decoded_data": {
      "id": 33032,
      "i": 0,
      "q": "720p"
    },
    "stream_url": "https://mega.nz/embed/#!SbJEnKAZ!dq0BPXvjPa0EiXJXFsuCnmAu85CRsdg5OLPGeW_o6qw",
    "is_default": false,
    "timestamp": "2025-09-12T09:34:04.340Z"
  },
  {
    "anime_title": "Date A Live",
    "episode_title": "Date A Live Episode 2 Subtitle Indonesia",
    "episode_link": "https://otakudesu.best/episode/dal-episode-2-sub-indo/",
    "episode_date": "17 Desember,2018",
    "server": "yourupload",
    "quality": "720p",
    "data_content": "eyJpZCI6MzMwMzIsImkiOjEsInEiOiI3MjBwIn0=",
    "decoded_data": {
      "id": 33032,
      "i": 1,
      "q": "720p"
    },
    "stream_url": "https://desudrive.com/stream/yuplod.php?id=2LR5x4y8NBFV",
    "is_default": false,
    "timestamp": "2025-09-12T09:34:04.381Z"
  },
  {
    "anime_title": "Date A Live",
    "episode_title": "Date A Live Episode 3 Subtitle Indonesia",
    "episode_link": "https://otakudesu.best/episode/dal-episode-3-sub-indo/",
    "episode_date": "17 Desember,2018",
    "server": "mega",
    "quality": "360p",
    "data_content": "eyJpZCI6MzMwMzMsImkiOjAsInEiOiIzNjBwIn0=",
    "decoded_data": {
      "id": 33033,
      "i": 0,
      "q": "360p"
    },
    "stream_url": "https://mega.nz/embed/#!qPYmWC6K!ZlRUKMmaBEmbCxZwEJ9G7M9395FXJNaBf8R8rghe7ho",
    "is_default": false,
    "timestamp": "2025-09-12T09:34:05.073Z"
  },
  {
    "anime_title": "Date A Live",
    "episode_title": "Date A Live Episode 3 Subtitle Indonesia",
    "episode_link": "https://otakudesu.best/episode/dal-episode-3-sub-indo/",
    "episode_date": "17 Desember,2018",
    "server": "mp4load",
    "quality": "360p",
    "data_content": "eyJpZCI6MzMwMzMsImkiOjEsInEiOiIzNjBwIn0=",
    "decoded_data": {
      "id": 33033,
      "i": 1,
      "q": "360p"
    },
    "stream_url": "https://www.mp4upload.com/embed-ssprrclcsuzj.html",
    "is_default": false,
    "timestamp": "2025-09-12T09:34:05.127Z"
  },
  {
    "anime_title": "Date A Live",
    "episode_title": "Date A Live Episode 3 Subtitle Indonesia",
    "episode_link": "https://otakudesu.best/episode/dal-episode-3-sub-indo/",
    "episode_date": "17 Desember,2018",
    "server": "desudesu2",
    "quality": "480p",
    "data_content": "eyJpZCI6MzMwMzMsImkiOjAsInEiOiI0ODBwIn0=",
    "decoded_data": {
      "id": 33033,
      "i": 0,
      "q": "480p"
    },
    "stream_url": "https://desustream.info/dstream/desudesu2/v2/index.php?id=QnRjQXREb3NpdWRoOXBYdzMyQXpDaDZMVndFODFUUjQzYVcwN1BxZVBiVT0=",
    "is_default": true,
    "timestamp": "2025-09-12T09:34:05.160Z"
  },
  {
    "anime_title": "Date A Live",
    "episode_title": "Date A Live Episode 3 Subtitle Indonesia",
    "episode_link": "https://otakudesu.best/episode/dal-episode-3-sub-indo/",
    "episode_date": "17 Desember,2018",
    "server": "mega",
    "quality": "480p",
    "data_content": "eyJpZCI6MzMwMzMsImkiOjEsInEiOiI0ODBwIn0=",
    "decoded_data": {
      "id": 33033,
      "i": 1,
      "q": "480p"
    },
    "stream_url": "https://mega.nz/embed/#!ufJUCQhC!cZEVAGIEpiSihKLbHQRp28FQlf1yTqqscQ7uvEpCaDg",
    "is_default": false,
    "timestamp": "2025-09-12T09:34:05.206Z"
  },
  {
    "anime_title": "Date A Live",
    "episode_title": "Date A Live Episode 3 Subtitle Indonesia",
    "episode_link": "https://otakudesu.best/episode/dal-episode-3-sub-indo/",
    "episode_date": "17 Desember,2018",
    "server": "mega",
    "quality": "720p",
    "data_content": "eyJpZCI6MzMwMzMsImkiOjAsInEiOiI3MjBwIn0=",
    "decoded_data": {
      "id": 33033,
      "i": 0,
      "q": "720p"
    },
    "stream_url": "https://mega.nz/embed/#!SaIWyaAR!EL4COigCPJtiOu3IFVfNhWF03JrHwbKZoNEGZwAuy3k",
    "is_default": false,
    "timestamp": "2025-09-12T09:34:05.238Z"
  },
  {
    "anime_title": "Date A Live",
    "episode_title": "Date A Live Episode 3 Subtitle Indonesia",
    "episode_link": "https://otakudesu.best/episode/dal-episode-3-sub-indo/",
    "episode_date": "17 Desember,2018",
    "server": "yourupload",
    "quality": "720p",
    "data_content": "eyJpZCI6MzMwMzMsImkiOjEsInEiOiI3MjBwIn0=",
    "decoded_data": {
      "id": 33033,
      "i": 1,
      "q": "720p"
    },
    "stream_url": "https://desudrive.com/stream/yuplod.php?id=viCPm608S61q",
    "is_default": false,
    "timestamp": "2025-09-12T09:34:05.271Z"
  },
  {
    "anime_title": "Date A Live",
    "episode_title": "Date A Live Episode 3 Subtitle Indonesia",
    "episode_link": "https://otakudesu.best/episode/dal-episode-3-sub-indo/",
    "episode_date": "17 Desember,2018",
    "server": "mega",
    "quality": "360p",
    "data_content": "eyJpZCI6MzMwMzMsImkiOjAsInEiOiIzNjBwIn0=",
    "decoded_data": {
      "id": 33033,
      "i": 0,
      "q": "360p"
    },
    "stream_url": "https://mega.nz/embed/#!qPYmWC6K!ZlRUKMmaBEmbCxZwEJ9G7M9395FXJNaBf8R8rghe7ho",
    "is_default": false,
    "timestamp": "2025-09-12T09:34:05.073Z"
  },
  {
    "anime_title": "Date A Live",
    "episode_title": "Date A Live Episode 3 Subtitle Indonesia",
    "episode_link": "https://otakudesu.best/episode/dal-episode-3-sub-indo/",
    "episode_date": "17 Desember,2018",
    "server": "mp4load",
    "quality": "360p",
    "data_content": "eyJpZCI6MzMwMzMsImkiOjEsInEiOiIzNjBwIn0=",
    "decoded_data": {
      "id": 33033,
      "i": 1,
      "q": "360p"
    },
    "stream_url": "https://www.mp4upload.com/embed-ssprrclcsuzj.html",
    "is_default": false,
    "timestamp": "2025-09-12T09:34:05.127Z"
  },
  {
    "anime_title": "Date A Live",
    "episode_title": "Date A Live Episode 3 Subtitle Indonesia",
    "episode_link": "https://otakudesu.best/episode/dal-episode-3-sub-indo/",
    "episode_date": "17 Desember,2018",
    "server": "desudesu2",
    "quality": "480p",
    "data_content": "eyJpZCI6MzMwMzMsImkiOjAsInEiOiI0ODBwIn0=",
    "decoded_data": {
      "id": 33033,
      "i": 0,
      "q": "480p"
    },
    "stream_url": "https://desustream.info/dstream/desudesu2/v2/index.php?id=QnRjQXREb3NpdWRoOXBYdzMyQXpDaDZMVndFODFUUjQzYVcwN1BxZVBiVT0=",
    "is_default": true,
    "timestamp": "2025-09-12T09:34:05.160Z"
  },
  {
    "anime_title": "Date A Live",
    "episode_title": "Date A Live Episode 3 Subtitle Indonesia",
    "episode_link": "https://otakudesu.best/episode/dal-episode-3-sub-indo/",
    "episode_date": "17 Desember,2018",
    "server": "mega",
    "quality": "480p",
    "data_content": "eyJpZCI6MzMwMzMsImkiOjEsInEiOiI0ODBwIn0=",
    "decoded_data": {
      "id": 33033,
      "i": 1,
      "q": "480p"
    },
    "stream_url": "https://mega.nz/embed/#!ufJUCQhC!cZEVAGIEpiSihKLbHQRp28FQlf1yTqqscQ7uvEpCaDg",
    "is_default": false,
    "timestamp": "2025-09-12T09:34:05.206Z"
  },
  {
    "anime_title": "Date A Live",
    "episode_title": "Date A Live Episode 3 Subtitle Indonesia",
    "episode_link": "https://otakudesu.best/episode/dal-episode-3-sub-indo/",
    "episode_date": "17 Desember,2018",
    "server": "mega",
    "quality": "720p",
    "data_content": "eyJpZCI6MzMwMzMsImkiOjAsInEiOiI3MjBwIn0=",
    "decoded_data": {
      "id": 33033,
      "i": 0,
      "q": "720p"
    },
    "stream_url": "https://mega.nz/embed/#!SaIWyaAR!EL4COigCPJtiOu3IFVfNhWF03JrHwbKZoNEGZwAuy3k",
    "is_default": false,
    "timestamp": "2025-09-12T09:34:05.238Z"
  },
  {
    "anime_title": "Date A Live",
    "episode_title": "Date A Live Episode 3 Subtitle Indonesia",
    "episode_link": "https://otakudesu.best/episode/dal-episode-3-sub-indo/",
    "episode_date": "17 Desember,2018",
    "server": "yourupload",
    "quality": "720p",
    "data_content": "eyJpZCI6MzMwMzMsImkiOjEsInEiOiI3MjBwIn0=",
    "decoded_data": {
      "id": 33033,
      "i": 1,
      "q": "720p"
    },
    "stream_url": "https://desudrive.com/stream/yuplod.php?id=viCPm608S61q",
    "is_default": false,
    "timestamp": "2025-09-12T09:34:05.271Z"
  }
]