[
  {
    "anime_title": "Absolute Duo",
    "episode_title": "Absolute Duo Episode 1 Subtitle Indonesia",
    "episode_link": "https://otakudesu.best/episode/absdo-episode-1-sub-indo/",
    "episode_date": "6 Februari,2019",
    "server": "solidfiles",
    "quality": "360p",
    "data_content": "eyJpZCI6MzY0NzAsImkiOjAsInEiOiIzNjBwIn0=",
    "decoded_data": {
      "id": 36470,
      "i": 0,
      "q": "360p"
    },
    "stream_url": "https://www.solidfiles.com/e/5akeRnK6QZPvd",
    "is_default": false,
    "timestamp": "2025-09-12T08:06:10.942Z"
  },
  {
    "anime_title": "Absolute Duo",
    "episode_title": "Absolute Duo Episode 1 Subtitle Indonesia",
    "episode_link": "https://otakudesu.best/episode/absdo-episode-1-sub-indo/",
    "episode_date": "6 Februari,2019",
    "server": "mp4load",
    "quality": "360p",
    "data_content": "eyJpZCI6MzY0NzAsImkiOjEsInEiOiIzNjBwIn0=",
    "decoded_data": {
      "id": 36470,
      "i": 1,
      "q": "360p"
    },
    "stream_url": "https://www.mp4upload.com/embed-7s4meouwssut.html",
    "is_default": false,
    "timestamp": "2025-09-12T08:06:10.996Z"
  },
  {
    "anime_title": "Absolute Duo",
    "episode_title": "Absolute Duo Episode 1 Subtitle Indonesia",
    "episode_link": "https://otakudesu.best/episode/absdo-episode-1-sub-indo/",
    "episode_date": "6 Februari,2019",
    "server": "otakuwatch",
    "quality": "480p",
    "data_content": "eyJpZCI6MzY0NzAsImkiOjAsInEiOiI0ODBwIn0=",
    "decoded_data": {
      "id": 36470,
      "i": 0,
      "q": "480p"
    },
    "stream_url": "https://desustream.info/dstream/otakuwatch/v2/index.php?id=MldBdEkrZ3hzcjdBTFlhZG5ySEdSYjN2OFUvN09ZL2lnK0ZFMVhld1ZEdz0=",
    "is_default": true,
    "timestamp": "2025-09-12T08:06:11.013Z"
  },
  {
    "anime_title": "Absolute Duo",
    "episode_title": "Absolute Duo Episode 1 Subtitle Indonesia",
    "episode_link": "https://otakudesu.best/episode/absdo-episode-1-sub-indo/",
    "episode_date": "6 Februari,2019",
    "server": "solidfiles",
    "quality": "480p",
    "data_content": "eyJpZCI6MzY0NzAsImkiOjEsInEiOiI0ODBwIn0=",
    "decoded_data": {
      "id": 36470,
      "i": 1,
      "q": "480p"
    },
    "stream_url": "https://www.solidfiles.com/e/2GkWMmZdzWLXe",
    "is_default": false,
    "timestamp": "2025-09-12T08:06:11.046Z"
  },
  {
    "anime_title": "Absolute Duo",
    "episode_title": "Absolute Duo Episode 1 Subtitle Indonesia",
    "episode_link": "https://otakudesu.best/episode/absdo-episode-1-sub-indo/",
    "episode_date": "6 Februari,2019",
    "server": "solidfiles",
    "quality": "720p",
    "data_content": "eyJpZCI6MzY0NzAsImkiOjAsInEiOiI3MjBwIn0=",
    "decoded_data": {
      "id": 36470,
      "i": 0,
      "q": "720p"
    },
    "stream_url": "https://www.solidfiles.com/e/4ak6zKzpkAek6",
    "is_default": false,
    "timestamp": "2025-09-12T08:06:11.182Z"
  },
  {
    "anime_title": "Absolute Duo",
    "episode_title": "Absolute Duo Episode 1 Subtitle Indonesia",
    "episode_link": "https://otakudesu.best/episode/absdo-episode-1-sub-indo/",
    "episode_date": "6 Februari,2019",
    "server": "yourupload",
    "quality": "720p",
    "data_content": "eyJpZCI6MzY0NzAsImkiOjEsInEiOiI3MjBwIn0=",
    "decoded_data": {
      "id": 36470,
      "i": 1,
      "q": "720p"
    },
    "stream_url": "https://desudrive.com/stream/yuplod.php?id=K10iytRWW64n",
    "is_default": false,
    "timestamp": "2025-09-12T08:06:11.203Z"
  },
  {
    "anime_title": "Absolute Duo",
    "episode_title": "Absolute Duo Episode 1 Subtitle Indonesia",
    "episode_link": "https://otakudesu.best/episode/absdo-episode-1-sub-indo/",
    "episode_date": "6 Februari,2019",
    "server": "solidfiles",
    "quality": "360p",
    "data_content": "eyJpZCI6MzY0NzAsImkiOjAsInEiOiIzNjBwIn0=",
    "decoded_data": {
      "id": 36470,
      "i": 0,
      "q": "360p"
    },
    "stream_url": "https://www.solidfiles.com/e/5akeRnK6QZPvd",
    "is_default": false,
    "timestamp": "2025-09-12T08:06:10.942Z"
  },
  {
    "anime_title": "Absolute Duo",
    "episode_title": "Absolute Duo Episode 1 Subtitle Indonesia",
    "episode_link": "https://otakudesu.best/episode/absdo-episode-1-sub-indo/",
    "episode_date": "6 Februari,2019",
    "server": "mp4load",
    "quality": "360p",
    "data_content": "eyJpZCI6MzY0NzAsImkiOjEsInEiOiIzNjBwIn0=",
    "decoded_data": {
      "id": 36470,
      "i": 1,
      "q": "360p"
    },
    "stream_url": "https://www.mp4upload.com/embed-7s4meouwssut.html",
    "is_default": false,
    "timestamp": "2025-09-12T08:06:10.996Z"
  },
  {
    "anime_title": "Absolute Duo",
    "episode_title": "Absolute Duo Episode 1 Subtitle Indonesia",
    "episode_link": "https://otakudesu.best/episode/absdo-episode-1-sub-indo/",
    "episode_date": "6 Februari,2019",
    "server": "otakuwatch",
    "quality": "480p",
    "data_content": "eyJpZCI6MzY0NzAsImkiOjAsInEiOiI0ODBwIn0=",
    "decoded_data": {
      "id": 36470,
      "i": 0,
      "q": "480p"
    },
    "stream_url": "https://desustream.info/dstream/otakuwatch/v2/index.php?id=MldBdEkrZ3hzcjdBTFlhZG5ySEdSYjN2OFUvN09ZL2lnK0ZFMVhld1ZEdz0=",
    "is_default": true,
    "timestamp": "2025-09-12T08:06:11.013Z"
  },
  {
    "anime_title": "Absolute Duo",
    "episode_title": "Absolute Duo Episode 1 Subtitle Indonesia",
    "episode_link": "https://otakudesu.best/episode/absdo-episode-1-sub-indo/",
    "episode_date": "6 Februari,2019",
    "server": "solidfiles",
    "quality": "480p",
    "data_content": "eyJpZCI6MzY0NzAsImkiOjEsInEiOiI0ODBwIn0=",
    "decoded_data": {
      "id": 36470,
      "i": 1,
      "q": "480p"
    },
    "stream_url": "https://www.solidfiles.com/e/2GkWMmZdzWLXe",
    "is_default": false,
    "timestamp": "2025-09-12T08:06:11.046Z"
  },
  {
    "anime_title": "Absolute Duo",
    "episode_title": "Absolute Duo Episode 1 Subtitle Indonesia",
    "episode_link": "https://otakudesu.best/episode/absdo-episode-1-sub-indo/",
    "episode_date": "6 Februari,2019",
    "server": "solidfiles",
    "quality": "720p",
    "data_content": "eyJpZCI6MzY0NzAsImkiOjAsInEiOiI3MjBwIn0=",
    "decoded_data": {
      "id": 36470,
      "i": 0,
      "q": "720p"
    },
    "stream_url": "https://www.solidfiles.com/e/4ak6zKzpkAek6",
    "is_default": false,
    "timestamp": "2025-09-12T08:06:11.182Z"
  },
  {
    "anime_title": "Absolute Duo",
    "episode_title": "Absolute Duo Episode 1 Subtitle Indonesia",
    "episode_link": "https://otakudesu.best/episode/absdo-episode-1-sub-indo/",
    "episode_date": "6 Februari,2019",
    "server": "yourupload",
    "quality": "720p",
    "data_content": "eyJpZCI6MzY0NzAsImkiOjEsInEiOiI3MjBwIn0=",
    "decoded_data": {
      "id": 36470,
      "i": 1,
      "q": "720p"
    },
    "stream_url": "https://desudrive.com/stream/yuplod.php?id=K10iytRWW64n",
    "is_default": false,
    "timestamp": "2025-09-12T08:06:11.203Z"
  },
  {
    "anime_title": "Absolute Duo",
    "episode_title": "Absolute Duo Episode 2 Subtitle Indonesia",
    "episode_link": "https://otakudesu.best/episode/absdo-episode-2-sub-indo/",
    "episode_date": "6 Februari,2019",
    "server": "mp4load",
    "quality": "360p",
    "data_content": "eyJpZCI6MzY0NjUsImkiOjEsInEiOiIzNjBwIn0=",
    "decoded_data": {
      "id": 36465,
      "i": 1,
      "q": "360p"
    },
    "stream_url": "https://www.mp4upload.com/embed-mn09do0gf1wy.html",
    "is_default": false,
    "timestamp": "2025-09-12T08:06:11.894Z"
  },
  {
    "anime_title": "Absolute Duo",
    "episode_title": "Absolute Duo Episode 2 Subtitle Indonesia",
    "episode_link": "https://otakudesu.best/episode/absdo-episode-2-sub-indo/",
    "episode_date": "6 Februari,2019",
    "server": "otakuwatch",
    "quality": "480p",
    "data_content": "eyJpZCI6MzY0NjUsImkiOjAsInEiOiI0ODBwIn0=",
    "decoded_data": {
      "id": 36465,
      "i": 0,
      "q": "480p"
    },
    "stream_url": "https://desustream.info/dstream/otakuwatch/v2/index.php?id=TDhrbmN3cmE4SlJNYm93RU4xN2dKbUFuRms4S1E3ZFdnSXA3TWFva0ZuQT0=",
    "is_default": true,
    "timestamp": "2025-09-12T08:06:11.901Z"
  },
  {
    "anime_title": "Absolute Duo",
    "episode_title": "Absolute Duo Episode 2 Subtitle Indonesia",
    "episode_link": "https://otakudesu.best/episode/absdo-episode-2-sub-indo/",
    "episode_date": "6 Februari,2019",
    "server": "solidfiles",
    "quality": "480p",
    "data_content": "eyJpZCI6MzY0NjUsImkiOjEsInEiOiI0ODBwIn0=",
    "decoded_data": {
      "id": 36465,
      "i": 1,
      "q": "480p"
    },
    "stream_url": "https://www.solidfiles.com/e/kG6NPwNjvPqL2",
    "is_default": false,
    "timestamp": "2025-09-12T08:06:11.929Z"
  },
  {
    "anime_title": "Absolute Duo",
    "episode_title": "Absolute Duo Episode 2 Subtitle Indonesia",
    "episode_link": "https://otakudesu.best/episode/absdo-episode-2-sub-indo/",
    "episode_date": "6 Februari,2019",
    "server": "solidfiles",
    "quality": "360p",
    "data_content": "eyJpZCI6MzY0NjUsImkiOjAsInEiOiIzNjBwIn0=",
    "decoded_data": {
      "id": 36465,
      "i": 0,
      "q": "360p"
    },
    "stream_url": "https://www.solidfiles.com/e/By28xK7D8jdgz",
    "is_default": false,
    "timestamp": "2025-09-12T08:06:11.947Z"
  },
  {
    "anime_title": "Absolute Duo",
    "episode_title": "Absolute Duo Episode 2 Subtitle Indonesia",
    "episode_link": "https://otakudesu.best/episode/absdo-episode-2-sub-indo/",
    "episode_date": "6 Februari,2019",
    "server": "yourupload",
    "quality": "720p",
    "data_content": "eyJpZCI6MzY0NjUsImkiOjEsInEiOiI3MjBwIn0=",
    "decoded_data": {
      "id": 36465,
      "i": 1,
      "q": "720p"
    },
    "stream_url": "https://desudrive.com/stream/yuplod.php?id=uvKUM800v4x5",
    "is_default": false,
    "timestamp": "2025-09-12T08:06:12.013Z"
  },
  {
    "anime_title": "Absolute Duo",
    "episode_title": "Absolute Duo Episode 2 Subtitle Indonesia",
    "episode_link": "https://otakudesu.best/episode/absdo-episode-2-sub-indo/",
    "episode_date": "6 Februari,2019",
    "server": "solidfiles",
    "quality": "720p",
    "data_content": "eyJpZCI6MzY0NjUsImkiOjAsInEiOiI3MjBwIn0=",
    "decoded_data": {
      "id": 36465,
      "i": 0,
      "q": "720p"
    },
    "stream_url": "https://www.solidfiles.com/e/ZQRGYpV6M8qBR",
    "is_default": false,
    "timestamp": "2025-09-12T08:06:12.073Z"
  },
  {
    "anime_title": "Absolute Duo",
    "episode_title": "Absolute Duo Episode 2 Subtitle Indonesia",
    "episode_link": "https://otakudesu.best/episode/absdo-episode-2-sub-indo/",
    "episode_date": "6 Februari,2019",
    "server": "solidfiles",
    "quality": "360p",
    "data_content": "eyJpZCI6MzY0NjUsImkiOjAsInEiOiIzNjBwIn0=",
    "decoded_data": {
      "id": 36465,
      "i": 0,
      "q": "360p"
    },
    "stream_url": "https://www.solidfiles.com/e/By28xK7D8jdgz",
    "is_default": false,
    "timestamp": "2025-09-12T08:06:11.947Z"
  },
  {
    "anime_title": "Absolute Duo",
    "episode_title": "Absolute Duo Episode 2 Subtitle Indonesia",
    "episode_link": "https://otakudesu.best/episode/absdo-episode-2-sub-indo/",
    "episode_date": "6 Februari,2019",
    "server": "mp4load",
    "quality": "360p",
    "data_content": "eyJpZCI6MzY0NjUsImkiOjEsInEiOiIzNjBwIn0=",
    "decoded_data": {
      "id": 36465,
      "i": 1,
      "q": "360p"
    },
    "stream_url": "https://www.mp4upload.com/embed-mn09do0gf1wy.html",
    "is_default": false,
    "timestamp": "2025-09-12T08:06:11.894Z"
  },
  {
    "anime_title": "Absolute Duo",
    "episode_title": "Absolute Duo Episode 2 Subtitle Indonesia",
    "episode_link": "https://otakudesu.best/episode/absdo-episode-2-sub-indo/",
    "episode_date": "6 Februari,2019",
    "server": "otakuwatch",
    "quality": "480p",
    "data_content": "eyJpZCI6MzY0NjUsImkiOjAsInEiOiI0ODBwIn0=",
    "decoded_data": {
      "id": 36465,
      "i": 0,
      "q": "480p"
    },
    "stream_url": "https://desustream.info/dstream/otakuwatch/v2/index.php?id=TDhrbmN3cmE4SlJNYm93RU4xN2dKbUFuRms4S1E3ZFdnSXA3TWFva0ZuQT0=",
    "is_default": true,
    "timestamp": "2025-09-12T08:06:11.901Z"
  },
  {
    "anime_title": "Absolute Duo",
    "episode_title": "Absolute Duo Episode 2 Subtitle Indonesia",
    "episode_link": "https://otakudesu.best/episode/absdo-episode-2-sub-indo/",
    "episode_date": "6 Februari,2019",
    "server": "solidfiles",
    "quality": "480p",
    "data_content": "eyJpZCI6MzY0NjUsImkiOjEsInEiOiI0ODBwIn0=",
    "decoded_data": {
      "id": 36465,
      "i": 1,
      "q": "480p"
    },
    "stream_url": "https://www.solidfiles.com/e/kG6NPwNjvPqL2",
    "is_default": false,
    "timestamp": "2025-09-12T08:06:11.929Z"
  },
  {
    "anime_title": "Absolute Duo",
    "episode_title": "Absolute Duo Episode 2 Subtitle Indonesia",
    "episode_link": "https://otakudesu.best/episode/absdo-episode-2-sub-indo/",
    "episode_date": "6 Februari,2019",
    "server": "solidfiles",
    "quality": "720p",
    "data_content": "eyJpZCI6MzY0NjUsImkiOjAsInEiOiI3MjBwIn0=",
    "decoded_data": {
      "id": 36465,
      "i": 0,
      "q": "720p"
    },
    "stream_url": "https://www.solidfiles.com/e/ZQRGYpV6M8qBR",
    "is_default": false,
    "timestamp": "2025-09-12T08:06:12.073Z"
  },
  {
    "anime_title": "Absolute Duo",
    "episode_title": "Absolute Duo Episode 2 Subtitle Indonesia",
    "episode_link": "https://otakudesu.best/episode/absdo-episode-2-sub-indo/",
    "episode_date": "6 Februari,2019",
    "server": "yourupload",
    "quality": "720p",
    "data_content": "eyJpZCI6MzY0NjUsImkiOjEsInEiOiI3MjBwIn0=",
    "decoded_data": {
      "id": 36465,
      "i": 1,
      "q": "720p"
    },
    "stream_url": "https://desudrive.com/stream/yuplod.php?id=uvKUM800v4x5",
    "is_default": false,
    "timestamp": "2025-09-12T08:06:12.013Z"
  },
  {
    "anime_title": "Absolute Duo",
    "episode_title": "Absolute Duo Episode 3 Subtitle Indonesia",
    "episode_link": "https://otakudesu.best/episode/absdo-episode-3-sub-indo/",
    "episode_date": "6 Februari,2019",
    "server": "solidfiles",
    "quality": "360p",
    "data_content": "eyJpZCI6MzY0NjYsImkiOjAsInEiOiIzNjBwIn0=",
    "decoded_data": {
      "id": 36466,
      "i": 0,
      "q": "360p"
    },
    "stream_url": "https://www.solidfiles.com/e/AnGKx8dGxk84v",
    "is_default": false,
    "timestamp": "2025-09-12T08:06:13.261Z"
  },
  {
    "anime_title": "Absolute Duo",
    "episode_title": "Absolute Duo Episode 3 Subtitle Indonesia",
    "episode_link": "https://otakudesu.best/episode/absdo-episode-3-sub-indo/",
    "episode_date": "6 Februari,2019",
    "server": "otakuwatch",
    "quality": "480p",
    "data_content": "eyJpZCI6MzY0NjYsImkiOjAsInEiOiI0ODBwIn0=",
    "decoded_data": {
      "id": 36466,
      "i": 0,
      "q": "480p"
    },
    "stream_url": "https://desustream.info/dstream/otakuwatch/v2/index.php?id=NHdYWXUwbTJUWDd4L3BSMjNYb2xSNE5Tdmc4bVozZVBuZUhNTTYrN2VmQT0=",
    "is_default": true,
    "timestamp": "2025-09-12T08:06:13.290Z"
  },
  {
    "anime_title": "Absolute Duo",
    "episode_title": "Absolute Duo Episode 3 Subtitle Indonesia",
    "episode_link": "https://otakudesu.best/episode/absdo-episode-3-sub-indo/",
    "episode_date": "6 Februari,2019",
    "server": "mp4load",
    "quality": "360p",
    "data_content": "eyJpZCI6MzY0NjYsImkiOjEsInEiOiIzNjBwIn0=",
    "decoded_data": {
      "id": 36466,
      "i": 1,
      "q": "360p"
    },
    "stream_url": "https://www.mp4upload.com/embed-xqdvtluh5zg5.html",
    "is_default": false,
    "timestamp": "2025-09-12T08:06:13.312Z"
  },
  {
    "anime_title": "Absolute Duo",
    "episode_title": "Absolute Duo Episode 3 Subtitle Indonesia",
    "episode_link": "https://otakudesu.best/episode/absdo-episode-3-sub-indo/",
    "episode_date": "6 Februari,2019",
    "server": "solidfiles",
    "quality": "720p",
    "data_content": "eyJpZCI6MzY0NjYsImkiOjAsInEiOiI3MjBwIn0=",
    "decoded_data": {
      "id": 36466,
      "i": 0,
      "q": "720p"
    },
    "stream_url": "https://www.solidfiles.com/e/vDndVjzYYe8ZB",
    "is_default": false,
    "timestamp": "2025-09-12T08:06:13.388Z"
  },
  {
    "anime_title": "Absolute Duo",
    "episode_title": "Absolute Duo Episode 3 Subtitle Indonesia",
    "episode_link": "https://otakudesu.best/episode/absdo-episode-3-sub-indo/",
    "episode_date": "6 Februari,2019",
    "server": "solidfiles",
    "quality": "480p",
    "data_content": "eyJpZCI6MzY0NjYsImkiOjEsInEiOiI0ODBwIn0=",
    "decoded_data": {
      "id": 36466,
      "i": 1,
      "q": "480p"
    },
    "stream_url": "https://www.solidfiles.com/e/PAPVxDwj472QB",
    "is_default": false,
    "timestamp": "2025-09-12T08:06:13.409Z"
  },
  {
    "anime_title": "Absolute Duo",
    "episode_title": "Absolute Duo Episode 3 Subtitle Indonesia",
    "episode_link": "https://otakudesu.best/episode/absdo-episode-3-sub-indo/",
    "episode_date": "6 Februari,2019",
    "server": "yourupload",
    "quality": "720p",
    "data_content": "eyJpZCI6MzY0NjYsImkiOjEsInEiOiI3MjBwIn0=",
    "decoded_data": {
      "id": 36466,
      "i": 1,
      "q": "720p"
    },
    "stream_url": "https://desudrive.com/stream/yuplod.php?id=w5J0Dw32gBHu",
    "is_default": false,
    "timestamp": "2025-09-12T08:06:13.456Z"
  },
  {
    "anime_title": "Absolute Duo",
    "episode_title": "Absolute Duo Episode 3 Subtitle Indonesia",
    "episode_link": "https://otakudesu.best/episode/absdo-episode-3-sub-indo/",
    "episode_date": "6 Februari,2019",
    "server": "solidfiles",
    "quality": "360p",
    "data_content": "eyJpZCI6MzY0NjYsImkiOjAsInEiOiIzNjBwIn0=",
    "decoded_data": {
      "id": 36466,
      "i": 0,
      "q": "360p"
    },
    "stream_url": "https://www.solidfiles.com/e/AnGKx8dGxk84v",
    "is_default": false,
    "timestamp": "2025-09-12T08:06:13.261Z"
  },
  {
    "anime_title": "Absolute Duo",
    "episode_title": "Absolute Duo Episode 3 Subtitle Indonesia",
    "episode_link": "https://otakudesu.best/episode/absdo-episode-3-sub-indo/",
    "episode_date": "6 Februari,2019",
    "server": "mp4load",
    "quality": "360p",
    "data_content": "eyJpZCI6MzY0NjYsImkiOjEsInEiOiIzNjBwIn0=",
    "decoded_data": {
      "id": 36466,
      "i": 1,
      "q": "360p"
    },
    "stream_url": "https://www.mp4upload.com/embed-xqdvtluh5zg5.html",
    "is_default": false,
    "timestamp": "2025-09-12T08:06:13.312Z"
  },
  {
    "anime_title": "Absolute Duo",
    "episode_title": "Absolute Duo Episode 3 Subtitle Indonesia",
    "episode_link": "https://otakudesu.best/episode/absdo-episode-3-sub-indo/",
    "episode_date": "6 Februari,2019",
    "server": "otakuwatch",
    "quality": "480p",
    "data_content": "eyJpZCI6MzY0NjYsImkiOjAsInEiOiI0ODBwIn0=",
    "decoded_data": {
      "id": 36466,
      "i": 0,
      "q": "480p"
    },
    "stream_url": "https://desustream.info/dstream/otakuwatch/v2/index.php?id=NHdYWXUwbTJUWDd4L3BSMjNYb2xSNE5Tdmc4bVozZVBuZUhNTTYrN2VmQT0=",
    "is_default": true,
    "timestamp": "2025-09-12T08:06:13.290Z"
  },
  {
    "anime_title": "Absolute Duo",
    "episode_title": "Absolute Duo Episode 3 Subtitle Indonesia",
    "episode_link": "https://otakudesu.best/episode/absdo-episode-3-sub-indo/",
    "episode_date": "6 Februari,2019",
    "server": "solidfiles",
    "quality": "480p",
    "data_content": "eyJpZCI6MzY0NjYsImkiOjEsInEiOiI0ODBwIn0=",
    "decoded_data": {
      "id": 36466,
      "i": 1,
      "q": "480p"
    },
    "stream_url": "https://www.solidfiles.com/e/PAPVxDwj472QB",
    "is_default": false,
    "timestamp": "2025-09-12T08:06:13.409Z"
  },
  {
    "anime_title": "Absolute Duo",
    "episode_title": "Absolute Duo Episode 3 Subtitle Indonesia",
    "episode_link": "https://otakudesu.best/episode/absdo-episode-3-sub-indo/",
    "episode_date": "6 Februari,2019",
    "server": "solidfiles",
    "quality": "720p",
    "data_content": "eyJpZCI6MzY0NjYsImkiOjAsInEiOiI3MjBwIn0=",
    "decoded_data": {
      "id": 36466,
      "i": 0,
      "q": "720p"
    },
    "stream_url": "https://www.solidfiles.com/e/vDndVjzYYe8ZB",
    "is_default": false,
    "timestamp": "2025-09-12T08:06:13.388Z"
  },
  {
    "anime_title": "Absolute Duo",
    "episode_title": "Absolute Duo Episode 3 Subtitle Indonesia",
    "episode_link": "https://otakudesu.best/episode/absdo-episode-3-sub-indo/",
    "episode_date": "6 Februari,2019",
    "server": "yourupload",
    "quality": "720p",
    "data_content": "eyJpZCI6MzY0NjYsImkiOjEsInEiOiI3MjBwIn0=",
    "decoded_data": {
      "id": 36466,
      "i": 1,
      "q": "720p"
    },
    "stream_url": "https://desudrive.com/stream/yuplod.php?id=w5J0Dw32gBHu",
    "is_default": false,
    "timestamp": "2025-09-12T08:06:13.456Z"
  },
  {
    "anime_title": "Absolute Duo",
    "episode_title": "Absolute Duo Episode 4 Subtitle Indonesia",
    "episode_link": "https://otakudesu.best/episode/absdo-episode-4-sub-indo/",
    "episode_date": "6 Februari,2019",
    "server": "solidfiles",
    "quality": "360p",
    "data_content": "eyJpZCI6MzY0NjgsImkiOjAsInEiOiIzNjBwIn0=",
    "decoded_data": {
      "id": 36468,
      "i": 0,
      "q": "360p"
    },
    "stream_url": "https://www.solidfiles.com/e/RK7eN2g87eqk6",
    "is_default": false,
    "timestamp": "2025-09-12T08:06:14.570Z"
  },
  {
    "anime_title": "Absolute Duo",
    "episode_title": "Absolute Duo Episode 4 Subtitle Indonesia",
    "episode_link": "https://otakudesu.best/episode/absdo-episode-4-sub-indo/",
    "episode_date": "6 Februari,2019",
    "server": "mp4load",
    "quality": "360p",
    "data_content": "eyJpZCI6MzY0NjgsImkiOjEsInEiOiIzNjBwIn0=",
    "decoded_data": {
      "id": 36468,
      "i": 1,
      "q": "360p"
    },
    "stream_url": "https://www.mp4upload.com/embed-9maom58hoi7n.html",
    "is_default": false,
    "timestamp": "2025-09-12T08:06:14.589Z"
  },
  {
    "anime_title": "Absolute Duo",
    "episode_title": "Absolute Duo Episode 4 Subtitle Indonesia",
    "episode_link": "https://otakudesu.best/episode/absdo-episode-4-sub-indo/",
    "episode_date": "6 Februari,2019",
    "server": "otakuwatch",
    "quality": "480p",
    "data_content": "eyJpZCI6MzY0NjgsImkiOjAsInEiOiI0ODBwIn0=",
    "decoded_data": {
      "id": 36468,
      "i": 0,
      "q": "480p"
    },
    "stream_url": "https://desustream.info/dstream/otakuwatch/v2/index.php?id=VU9acHk2MmppYnR1VHZ3N1o3YlVXckFBdmVubTFJQWIvSjE3QzNJQkFvaz0=",
    "is_default": true,
    "timestamp": "2025-09-12T08:06:14.646Z"
  },
  {
    "anime_title": "Absolute Duo",
    "episode_title": "Absolute Duo Episode 4 Subtitle Indonesia",
    "episode_link": "https://otakudesu.best/episode/absdo-episode-4-sub-indo/",
    "episode_date": "6 Februari,2019",
    "server": "solidfiles",
    "quality": "480p",
    "data_content": "eyJpZCI6MzY0NjgsImkiOjEsInEiOiI0ODBwIn0=",
    "decoded_data": {
      "id": 36468,
      "i": 1,
      "q": "480p"
    },
    "stream_url": "https://www.solidfiles.com/e/nGj6ByxX8447P",
    "is_default": false,
    "timestamp": "2025-09-12T08:06:14.671Z"
  },
  {
    "anime_title": "Absolute Duo",
    "episode_title": "Absolute Duo Episode 4 Subtitle Indonesia",
    "episode_link": "https://otakudesu.best/episode/absdo-episode-4-sub-indo/",
    "episode_date": "6 Februari,2019",
    "server": "yourupload",
    "quality": "720p",
    "data_content": "eyJpZCI6MzY0NjgsImkiOjEsInEiOiI3MjBwIn0=",
    "decoded_data": {
      "id": 36468,
      "i": 1,
      "q": "720p"
    },
    "stream_url": "https://desudrive.com/stream/yuplod.php?id=4ui8lW002iMX",
    "is_default": false,
    "timestamp": "2025-09-12T08:06:14.899Z"
  },
  {
    "anime_title": "Absolute Duo",
    "episode_title": "Absolute Duo Episode 4 Subtitle Indonesia",
    "episode_link": "https://otakudesu.best/episode/absdo-episode-4-sub-indo/",
    "episode_date": "6 Februari,2019",
    "server": "solidfiles",
    "quality": "720p",
    "data_content": "eyJpZCI6MzY0NjgsImkiOjAsInEiOiI3MjBwIn0=",
    "decoded_data": {
      "id": 36468,
      "i": 0,
      "q": "720p"
    },
    "stream_url": "https://www.solidfiles.com/e/yRYKnDqaR33N5",
    "is_default": false,
    "timestamp": "2025-09-12T08:06:15.058Z"
  },
  {
    "anime_title": "Absolute Duo",
    "episode_title": "Absolute Duo Episode 4 Subtitle Indonesia",
    "episode_link": "https://otakudesu.best/episode/absdo-episode-4-sub-indo/",
    "episode_date": "6 Februari,2019",
    "server": "solidfiles",
    "quality": "360p",
    "data_content": "eyJpZCI6MzY0NjgsImkiOjAsInEiOiIzNjBwIn0=",
    "decoded_data": {
      "id": 36468,
      "i": 0,
      "q": "360p"
    },
    "stream_url": "https://www.solidfiles.com/e/RK7eN2g87eqk6",
    "is_default": false,
    "timestamp": "2025-09-12T08:06:14.570Z"
  },
  {
    "anime_title": "Absolute Duo",
    "episode_title": "Absolute Duo Episode 4 Subtitle Indonesia",
    "episode_link": "https://otakudesu.best/episode/absdo-episode-4-sub-indo/",
    "episode_date": "6 Februari,2019",
    "server": "mp4load",
    "quality": "360p",
    "data_content": "eyJpZCI6MzY0NjgsImkiOjEsInEiOiIzNjBwIn0=",
    "decoded_data": {
      "id": 36468,
      "i": 1,
      "q": "360p"
    },
    "stream_url": "https://www.mp4upload.com/embed-9maom58hoi7n.html",
    "is_default": false,
    "timestamp": "2025-09-12T08:06:14.589Z"
  },
  {
    "anime_title": "Absolute Duo",
    "episode_title": "Absolute Duo Episode 4 Subtitle Indonesia",
    "episode_link": "https://otakudesu.best/episode/absdo-episode-4-sub-indo/",
    "episode_date": "6 Februari,2019",
    "server": "otakuwatch",
    "quality": "480p",
    "data_content": "eyJpZCI6MzY0NjgsImkiOjAsInEiOiI0ODBwIn0=",
    "decoded_data": {
      "id": 36468,
      "i": 0,
      "q": "480p"
    },
    "stream_url": "https://desustream.info/dstream/otakuwatch/v2/index.php?id=VU9acHk2MmppYnR1VHZ3N1o3YlVXckFBdmVubTFJQWIvSjE3QzNJQkFvaz0=",
    "is_default": true,
    "timestamp": "2025-09-12T08:06:14.646Z"
  },
  {
    "anime_title": "Absolute Duo",
    "episode_title": "Absolute Duo Episode 4 Subtitle Indonesia",
    "episode_link": "https://otakudesu.best/episode/absdo-episode-4-sub-indo/",
    "episode_date": "6 Februari,2019",
    "server": "solidfiles",
    "quality": "480p",
    "data_content": "eyJpZCI6MzY0NjgsImkiOjEsInEiOiI0ODBwIn0=",
    "decoded_data": {
      "id": 36468,
      "i": 1,
      "q": "480p"
    },
    "stream_url": "https://www.solidfiles.com/e/nGj6ByxX8447P",
    "is_default": false,
    "timestamp": "2025-09-12T08:06:14.671Z"
  },
  {
    "anime_title": "Absolute Duo",
    "episode_title": "Absolute Duo Episode 4 Subtitle Indonesia",
    "episode_link": "https://otakudesu.best/episode/absdo-episode-4-sub-indo/",
    "episode_date": "6 Februari,2019",
    "server": "solidfiles",
    "quality": "720p",
    "data_content": "eyJpZCI6MzY0NjgsImkiOjAsInEiOiI3MjBwIn0=",
    "decoded_data": {
      "id": 36468,
      "i": 0,
      "q": "720p"
    },
    "stream_url": "https://www.solidfiles.com/e/yRYKnDqaR33N5",
    "is_default": false,
    "timestamp": "2025-09-12T08:06:15.058Z"
  },
  {
    "anime_title": "Absolute Duo",
    "episode_title": "Absolute Duo Episode 4 Subtitle Indonesia",
    "episode_link": "https://otakudesu.best/episode/absdo-episode-4-sub-indo/",
    "episode_date": "6 Februari,2019",
    "server": "yourupload",
    "quality": "720p",
    "data_content": "eyJpZCI6MzY0NjgsImkiOjEsInEiOiI3MjBwIn0=",
    "decoded_data": {
      "id": 36468,
      "i": 1,
      "q": "720p"
    },
    "stream_url": "https://desudrive.com/stream/yuplod.php?id=4ui8lW002iMX",
    "is_default": false,
    "timestamp": "2025-09-12T08:06:14.899Z"
  },
  {
    "anime_title": "Absolute Duo",
    "episode_title": "Absolute Duo Episode 5 Subtitle Indonesia",
    "episode_link": "https://otakudesu.best/episode/absdo-episode-5-sub-indo/",
    "episode_date": "6 Februari,2019",
    "server": "mp4load",
    "quality": "360p",
    "data_content": "eyJpZCI6MzY0NjcsImkiOjEsInEiOiIzNjBwIn0=",
    "decoded_data": {
      "id": 36467,
      "i": 1,
      "q": "360p"
    },
    "stream_url": "https://www.mp4upload.com/embed-thl0qdzetczc.html",
    "is_default": false,
    "timestamp": "2025-09-12T08:06:15.741Z"
  },
  {
    "anime_title": "Absolute Duo",
    "episode_title": "Absolute Duo Episode 5 Subtitle Indonesia",
    "episode_link": "https://otakudesu.best/episode/absdo-episode-5-sub-indo/",
    "episode_date": "6 Februari,2019",
    "server": "otakuwatch",
    "quality": "480p",
    "data_content": "eyJpZCI6MzY0NjcsImkiOjAsInEiOiI0ODBwIn0=",
    "decoded_data": {
      "id": 36467,
      "i": 0,
      "q": "480p"
    },
    "stream_url": "https://desustream.info/dstream/otakuwatch/v2/index.php?id=WnJEWk4vNGFmY3doeldJcnpyb2N1VnFwSC8zUW5aUUpLOWh1cGVCYUNNWT0=",
    "is_default": true,
    "timestamp": "2025-09-12T08:06:15.783Z"
  },
  {
    "anime_title": "Absolute Duo",
    "episode_title": "Absolute Duo Episode 5 Subtitle Indonesia",
    "episode_link": "https://otakudesu.best/episode/absdo-episode-5-sub-indo/",
    "episode_date": "6 Februari,2019",
    "server": "solidfiles",
    "quality": "720p",
    "data_content": "eyJpZCI6MzY0NjcsImkiOjAsInEiOiI3MjBwIn0=",
    "decoded_data": {
      "id": 36467,
      "i": 0,
      "q": "720p"
    },
    "stream_url": "https://www.solidfiles.com/e/d8AzBGq2LBne5",
    "is_default": false,
    "timestamp": "2025-09-12T08:06:15.825Z"
  },
  {
    "anime_title": "Absolute Duo",
    "episode_title": "Absolute Duo Episode 5 Subtitle Indonesia",
    "episode_link": "https://otakudesu.best/episode/absdo-episode-5-sub-indo/",
    "episode_date": "6 Februari,2019",
    "server": "yourupload",
    "quality": "720p",
    "data_content": "eyJpZCI6MzY0NjcsImkiOjEsInEiOiI3MjBwIn0=",
    "decoded_data": {
      "id": 36467,
      "i": 1,
      "q": "720p"
    },
    "stream_url": "https://desudrive.com/stream/yuplod.php?id=3736Hoy6Qh43",
    "is_default": false,
    "timestamp": "2025-09-12T08:06:15.863Z"
  },
  {
    "anime_title": "Absolute Duo",
    "episode_title": "Absolute Duo Episode 5 Subtitle Indonesia",
    "episode_link": "https://otakudesu.best/episode/absdo-episode-5-sub-indo/",
    "episode_date": "6 Februari,2019",
    "server": "solidfiles",
    "quality": "480p",
    "data_content": "eyJpZCI6MzY0NjcsImkiOjEsInEiOiI0ODBwIn0=",
    "decoded_data": {
      "id": 36467,
      "i": 1,
      "q": "480p"
    },
    "stream_url": "https://www.solidfiles.com/e/6aknK6MrzmPMP",
    "is_default": false,
    "timestamp": "2025-09-12T08:06:15.917Z"
  },
  {
    "anime_title": "Absolute Duo",
    "episode_title": "Absolute Duo Episode 5 Subtitle Indonesia",
    "episode_link": "https://otakudesu.best/episode/absdo-episode-5-sub-indo/",
    "episode_date": "6 Februari,2019",
    "server": "solidfiles",
    "quality": "360p",
    "data_content": "eyJpZCI6MzY0NjcsImkiOjAsInEiOiIzNjBwIn0=",
    "decoded_data": {
      "id": 36467,
      "i": 0,
      "q": "360p"
    },
    "stream_url": "https://www.solidfiles.com/e/mXnVQNqKLQLQV",
    "is_default": false,
    "timestamp": "2025-09-12T08:06:16.503Z"
  },
  {
    "anime_title": "Absolute Duo",
    "episode_title": "Absolute Duo Episode 5 Subtitle Indonesia",
    "episode_link": "https://otakudesu.best/episode/absdo-episode-5-sub-indo/",
    "episode_date": "6 Februari,2019",
    "server": "solidfiles",
    "quality": "360p",
    "data_content": "eyJpZCI6MzY0NjcsImkiOjAsInEiOiIzNjBwIn0=",
    "decoded_data": {
      "id": 36467,
      "i": 0,
      "q": "360p"
    },
    "stream_url": "https://www.solidfiles.com/e/mXnVQNqKLQLQV",
    "is_default": false,
    "timestamp": "2025-09-12T08:06:16.503Z"
  },
  {
    "anime_title": "Absolute Duo",
    "episode_title": "Absolute Duo Episode 5 Subtitle Indonesia",
    "episode_link": "https://otakudesu.best/episode/absdo-episode-5-sub-indo/",
    "episode_date": "6 Februari,2019",
    "server": "mp4load",
    "quality": "360p",
    "data_content": "eyJpZCI6MzY0NjcsImkiOjEsInEiOiIzNjBwIn0=",
    "decoded_data": {
      "id": 36467,
      "i": 1,
      "q": "360p"
    },
    "stream_url": "https://www.mp4upload.com/embed-thl0qdzetczc.html",
    "is_default": false,
    "timestamp": "2025-09-12T08:06:15.741Z"
  },
  {
    "anime_title": "Absolute Duo",
    "episode_title": "Absolute Duo Episode 5 Subtitle Indonesia",
    "episode_link": "https://otakudesu.best/episode/absdo-episode-5-sub-indo/",
    "episode_date": "6 Februari,2019",
    "server": "otakuwatch",
    "quality": "480p",
    "data_content": "eyJpZCI6MzY0NjcsImkiOjAsInEiOiI0ODBwIn0=",
    "decoded_data": {
      "id": 36467,
      "i": 0,
      "q": "480p"
    },
    "stream_url": "https://desustream.info/dstream/otakuwatch/v2/index.php?id=WnJEWk4vNGFmY3doeldJcnpyb2N1VnFwSC8zUW5aUUpLOWh1cGVCYUNNWT0=",
    "is_default": true,
    "timestamp": "2025-09-12T08:06:15.783Z"
  },
  {
    "anime_title": "Absolute Duo",
    "episode_title": "Absolute Duo Episode 5 Subtitle Indonesia",
    "episode_link": "https://otakudesu.best/episode/absdo-episode-5-sub-indo/",
    "episode_date": "6 Februari,2019",
    "server": "solidfiles",
    "quality": "480p",
    "data_content": "eyJpZCI6MzY0NjcsImkiOjEsInEiOiI0ODBwIn0=",
    "decoded_data": {
      "id": 36467,
      "i": 1,
      "q": "480p"
    },
    "stream_url": "https://www.solidfiles.com/e/6aknK6MrzmPMP",
    "is_default": false,
    "timestamp": "2025-09-12T08:06:15.917Z"
  },
  {
    "anime_title": "Absolute Duo",
    "episode_title": "Absolute Duo Episode 5 Subtitle Indonesia",
    "episode_link": "https://otakudesu.best/episode/absdo-episode-5-sub-indo/",
    "episode_date": "6 Februari,2019",
    "server": "solidfiles",
    "quality": "720p",
    "data_content": "eyJpZCI6MzY0NjcsImkiOjAsInEiOiI3MjBwIn0=",
    "decoded_data": {
      "id": 36467,
      "i": 0,
      "q": "720p"
    },
    "stream_url": "https://www.solidfiles.com/e/d8AzBGq2LBne5",
    "is_default": false,
    "timestamp": "2025-09-12T08:06:15.825Z"
  },
  {
    "anime_title": "Absolute Duo",
    "episode_title": "Absolute Duo Episode 5 Subtitle Indonesia",
    "episode_link": "https://otakudesu.best/episode/absdo-episode-5-sub-indo/",
    "episode_date": "6 Februari,2019",
    "server": "yourupload",
    "quality": "720p",
    "data_content": "eyJpZCI6MzY0NjcsImkiOjEsInEiOiI3MjBwIn0=",
    "decoded_data": {
      "id": 36467,
      "i": 1,
      "q": "720p"
    },
    "stream_url": "https://desudrive.com/stream/yuplod.php?id=3736Hoy6Qh43",
    "is_default": false,
    "timestamp": "2025-09-12T08:06:15.863Z"
  },
  {
    "anime_title": "Absolute Duo",
    "episode_title": "Absolute Duo Episode 6 Subtitle Indonesia",
    "episode_link": "https://otakudesu.best/episode/absdo-episode-6-sub-indo/",
    "episode_date": "6 Februari,2019",
    "server": "mp4load",
    "quality": "360p",
    "data_content": "eyJpZCI6MzY0NjksImkiOjEsInEiOiIzNjBwIn0=",
    "decoded_data": {
      "id": 36469,
      "i": 1,
      "q": "360p"
    },
    "stream_url": "https://www.mp4upload.com/embed-32k6n0af6isd.html",
    "is_default": false,
    "timestamp": "2025-09-12T08:06:17.689Z"
  },
  {
    "anime_title": "Absolute Duo",
    "episode_title": "Absolute Duo Episode 6 Subtitle Indonesia",
    "episode_link": "https://otakudesu.best/episode/absdo-episode-6-sub-indo/",
    "episode_date": "6 Februari,2019",
    "server": "otakuwatch",
    "quality": "480p",
    "data_content": "eyJpZCI6MzY0NjksImkiOjAsInEiOiI0ODBwIn0=",
    "decoded_data": {
      "id": 36469,
      "i": 0,
      "q": "480p"
    },
    "stream_url": "https://desustream.info/dstream/otakuwatch/v2/index.php?id=dlYwN3VMVUpabVNVcFpidDhEczREY1ZqN2Q4RXVYV1J4MDVtUndqYUNNUT0=",
    "is_default": true,
    "timestamp": "2025-09-12T08:06:17.740Z"
  },
  {
    "anime_title": "Absolute Duo",
    "episode_title": "Absolute Duo Episode 6 Subtitle Indonesia",
    "episode_link": "https://otakudesu.best/episode/absdo-episode-6-sub-indo/",
    "episode_date": "6 Februari,2019",
    "server": "solidfiles",
    "quality": "480p",
    "data_content": "eyJpZCI6MzY0NjksImkiOjEsInEiOiI0ODBwIn0=",
    "decoded_data": {
      "id": 36469,
      "i": 1,
      "q": "480p"
    },
    "stream_url": "https://www.solidfiles.com/e/7pkjZz6GK8n7R",
    "is_default": false,
    "timestamp": "2025-09-12T08:06:17.776Z"
  },
  {
    "anime_title": "Absolute Duo",
    "episode_title": "Absolute Duo Episode 6 Subtitle Indonesia",
    "episode_link": "https://otakudesu.best/episode/absdo-episode-6-sub-indo/",
    "episode_date": "6 Februari,2019",
    "server": "solidfiles",
    "quality": "720p",
    "data_content": "eyJpZCI6MzY0NjksImkiOjAsInEiOiI3MjBwIn0=",
    "decoded_data": {
      "id": 36469,
      "i": 0,
      "q": "720p"
    },
    "stream_url": "https://www.solidfiles.com/e/VBgYeq3DgAyVA",
    "is_default": false,
    "timestamp": "2025-09-12T08:06:17.819Z"
  },
  {
    "anime_title": "Absolute Duo",
    "episode_title": "Absolute Duo Episode 6 Subtitle Indonesia",
    "episode_link": "https://otakudesu.best/episode/absdo-episode-6-sub-indo/",
    "episode_date": "6 Februari,2019",
    "server": "yourupload",
    "quality": "720p",
    "data_content": "eyJpZCI6MzY0NjksImkiOjEsInEiOiI3MjBwIn0=",
    "decoded_data": {
      "id": 36469,
      "i": 1,
      "q": "720p"
    },
    "stream_url": "https://desudrive.com/stream/yuplod.php?id=yo0ryB1rJ41T",
    "is_default": false,
    "timestamp": "2025-09-12T08:06:17.854Z"
  },
  {
    "anime_title": "Absolute Duo",
    "episode_title": "Absolute Duo Episode 6 Subtitle Indonesia",
    "episode_link": "https://otakudesu.best/episode/absdo-episode-6-sub-indo/",
    "episode_date": "6 Februari,2019",
    "server": "solidfiles",
    "quality": "360p",
    "data_content": "eyJpZCI6MzY0NjksImkiOjAsInEiOiIzNjBwIn0=",
    "decoded_data": {
      "id": 36469,
      "i": 0,
      "q": "360p"
    },
    "stream_url": "https://www.solidfiles.com/e/KpdZxVwQnn4DD",
    "is_default": false,
    "timestamp": "2025-09-12T08:06:18.020Z"
  },
  {
    "anime_title": "Absolute Duo",
    "episode_title": "Absolute Duo Episode 6 Subtitle Indonesia",
    "episode_link": "https://otakudesu.best/episode/absdo-episode-6-sub-indo/",
    "episode_date": "6 Februari,2019",
    "server": "solidfiles",
    "quality": "360p",
    "data_content": "eyJpZCI6MzY0NjksImkiOjAsInEiOiIzNjBwIn0=",
    "decoded_data": {
      "id": 36469,
      "i": 0,
      "q": "360p"
    },
    "stream_url": "https://www.solidfiles.com/e/KpdZxVwQnn4DD",
    "is_default": false,
    "timestamp": "2025-09-12T08:06:18.020Z"
  },
  {
    "anime_title": "Absolute Duo",
    "episode_title": "Absolute Duo Episode 6 Subtitle Indonesia",
    "episode_link": "https://otakudesu.best/episode/absdo-episode-6-sub-indo/",
    "episode_date": "6 Februari,2019",
    "server": "mp4load",
    "quality": "360p",
    "data_content": "eyJpZCI6MzY0NjksImkiOjEsInEiOiIzNjBwIn0=",
    "decoded_data": {
      "id": 36469,
      "i": 1,
      "q": "360p"
    },
    "stream_url": "https://www.mp4upload.com/embed-32k6n0af6isd.html",
    "is_default": false,
    "timestamp": "2025-09-12T08:06:17.689Z"
  },
  {
    "anime_title": "Absolute Duo",
    "episode_title": "Absolute Duo Episode 6 Subtitle Indonesia",
    "episode_link": "https://otakudesu.best/episode/absdo-episode-6-sub-indo/",
    "episode_date": "6 Februari,2019",
    "server": "otakuwatch",
    "quality": "480p",
    "data_content": "eyJpZCI6MzY0NjksImkiOjAsInEiOiI0ODBwIn0=",
    "decoded_data": {
      "id": 36469,
      "i": 0,
      "q": "480p"
    },
    "stream_url": "https://desustream.info/dstream/otakuwatch/v2/index.php?id=dlYwN3VMVUpabVNVcFpidDhEczREY1ZqN2Q4RXVYV1J4MDVtUndqYUNNUT0=",
    "is_default": true,
    "timestamp": "2025-09-12T08:06:17.740Z"
  },
  {
    "anime_title": "Absolute Duo",
    "episode_title": "Absolute Duo Episode 6 Subtitle Indonesia",
    "episode_link": "https://otakudesu.best/episode/absdo-episode-6-sub-indo/",
    "episode_date": "6 Februari,2019",
    "server": "solidfiles",
    "quality": "480p",
    "data_content": "eyJpZCI6MzY0NjksImkiOjEsInEiOiI0ODBwIn0=",
    "decoded_data": {
      "id": 36469,
      "i": 1,
      "q": "480p"
    },
    "stream_url": "https://www.solidfiles.com/e/7pkjZz6GK8n7R",
    "is_default": false,
    "timestamp": "2025-09-12T08:06:17.776Z"
  },
  {
    "anime_title": "Absolute Duo",
    "episode_title": "Absolute Duo Episode 6 Subtitle Indonesia",
    "episode_link": "https://otakudesu.best/episode/absdo-episode-6-sub-indo/",
    "episode_date": "6 Februari,2019",
    "server": "solidfiles",
    "quality": "720p",
    "data_content": "eyJpZCI6MzY0NjksImkiOjAsInEiOiI3MjBwIn0=",
    "decoded_data": {
      "id": 36469,
      "i": 0,
      "q": "720p"
    },
    "stream_url": "https://www.solidfiles.com/e/VBgYeq3DgAyVA",
    "is_default": false,
    "timestamp": "2025-09-12T08:06:17.819Z"
  },
  {
    "anime_title": "Absolute Duo",
    "episode_title": "Absolute Duo Episode 6 Subtitle Indonesia",
    "episode_link": "https://otakudesu.best/episode/absdo-episode-6-sub-indo/",
    "episode_date": "6 Februari,2019",
    "server": "yourupload",
    "quality": "720p",
    "data_content": "eyJpZCI6MzY0NjksImkiOjEsInEiOiI3MjBwIn0=",
    "decoded_data": {
      "id": 36469,
      "i": 1,
      "q": "720p"
    },
    "stream_url": "https://desudrive.com/stream/yuplod.php?id=yo0ryB1rJ41T",
    "is_default": false,
    "timestamp": "2025-09-12T08:06:17.854Z"
  },
  {
    "anime_title": "Absolute Duo",
    "episode_title": "Absolute Duo Episode 7 Subtitle Indonesia",
    "episode_link": "https://otakudesu.best/episode/absdo-episode-7-sub-indo/",
    "episode_date": "6 Februari,2019",
    "server": "solidfiles",
    "quality": "360p",
    "data_content": "eyJpZCI6MzY0NzEsImkiOjAsInEiOiIzNjBwIn0=",
    "decoded_data": {
      "id": 36471,
      "i": 0,
      "q": "360p"
    },
    "stream_url": "https://www.solidfiles.com/e/GGdzxR24Wa8BV",
    "is_default": false,
    "timestamp": "2025-09-12T08:06:18.604Z"
  },
  {
    "anime_title": "Absolute Duo",
    "episode_title": "Absolute Duo Episode 7 Subtitle Indonesia",
    "episode_link": "https://otakudesu.best/episode/absdo-episode-7-sub-indo/",
    "episode_date": "6 Februari,2019",
    "server": "mp4load",
    "quality": "360p",
    "data_content": "eyJpZCI6MzY0NzEsImkiOjEsInEiOiIzNjBwIn0=",
    "decoded_data": {
      "id": 36471,
      "i": 1,
      "q": "360p"
    },
    "stream_url": "https://www.mp4upload.com/embed-4r916r6i22yr.html",
    "is_default": false,
    "timestamp": "2025-09-12T08:06:18.651Z"
  },
  {
    "anime_title": "Absolute Duo",
    "episode_title": "Absolute Duo Episode 7 Subtitle Indonesia",
    "episode_link": "https://otakudesu.best/episode/absdo-episode-7-sub-indo/",
    "episode_date": "6 Februari,2019",
    "server": "otakuwatch",
    "quality": "480p",
    "data_content": "eyJpZCI6MzY0NzEsImkiOjAsInEiOiI0ODBwIn0=",
    "decoded_data": {
      "id": 36471,
      "i": 0,
      "q": "480p"
    },
    "stream_url": "https://desustream.info/dstream/otakuwatch/v2/index.php?id=VUVROHZxKzlmdGlSY3ViWVRPWGV3MDdhUFlBQWt1ZlA2SXIyWC8vb1FVTT0=",
    "is_default": true,
    "timestamp": "2025-09-12T08:06:18.695Z"
  },
  {
    "anime_title": "Absolute Duo",
    "episode_title": "Absolute Duo Episode 7 Subtitle Indonesia",
    "episode_link": "https://otakudesu.best/episode/absdo-episode-7-sub-indo/",
    "episode_date": "6 Februari,2019",
    "server": "solidfiles",
    "quality": "480p",
    "data_content": "eyJpZCI6MzY0NzEsImkiOjEsInEiOiI0ODBwIn0=",
    "decoded_data": {
      "id": 36471,
      "i": 1,
      "q": "480p"
    },
    "stream_url": "https://www.solidfiles.com/e/L5p7xkjRRNndw",
    "is_default": false,
    "timestamp": "2025-09-12T08:06:18.717Z"
  },
  {
    "anime_title": "Absolute Duo",
    "episode_title": "Absolute Duo Episode 7 Subtitle Indonesia",
    "episode_link": "https://otakudesu.best/episode/absdo-episode-7-sub-indo/",
    "episode_date": "6 Februari,2019",
    "server": "solidfiles",
    "quality": "720p",
    "data_content": "eyJpZCI6MzY0NzEsImkiOjAsInEiOiI3MjBwIn0=",
    "decoded_data": {
      "id": 36471,
      "i": 0,
      "q": "720p"
    },
    "stream_url": "https://www.solidfiles.com/e/vDndV2qQN7agj",
    "is_default": false,
    "timestamp": "2025-09-12T08:06:18.769Z"
  },
  {
    "anime_title": "Absolute Duo",
    "episode_title": "Absolute Duo Episode 7 Subtitle Indonesia",
    "episode_link": "https://otakudesu.best/episode/absdo-episode-7-sub-indo/",
    "episode_date": "6 Februari,2019",
    "server": "yourupload",
    "quality": "720p",
    "data_content": "eyJpZCI6MzY0NzEsImkiOjEsInEiOiI3MjBwIn0=",
    "decoded_data": {
      "id": 36471,
      "i": 1,
      "q": "720p"
    },
    "stream_url": "https://desudrive.com/stream/yuplod.php?id=DUl85Q6PoWcB",
    "is_default": false,
    "timestamp": "2025-09-12T08:06:18.808Z"
  },
  {
    "anime_title": "Absolute Duo",
    "episode_title": "Absolute Duo Episode 7 Subtitle Indonesia",
    "episode_link": "https://otakudesu.best/episode/absdo-episode-7-sub-indo/",
    "episode_date": "6 Februari,2019",
    "server": "solidfiles",
    "quality": "360p",
    "data_content": "eyJpZCI6MzY0NzEsImkiOjAsInEiOiIzNjBwIn0=",
    "decoded_data": {
      "id": 36471,
      "i": 0,
      "q": "360p"
    },
    "stream_url": "https://www.solidfiles.com/e/GGdzxR24Wa8BV",
    "is_default": false,
    "timestamp": "2025-09-12T08:06:18.604Z"
  },
  {
    "anime_title": "Absolute Duo",
    "episode_title": "Absolute Duo Episode 7 Subtitle Indonesia",
    "episode_link": "https://otakudesu.best/episode/absdo-episode-7-sub-indo/",
    "episode_date": "6 Februari,2019",
    "server": "mp4load",
    "quality": "360p",
    "data_content": "eyJpZCI6MzY0NzEsImkiOjEsInEiOiIzNjBwIn0=",
    "decoded_data": {
      "id": 36471,
      "i": 1,
      "q": "360p"
    },
    "stream_url": "https://www.mp4upload.com/embed-4r916r6i22yr.html",
    "is_default": false,
    "timestamp": "2025-09-12T08:06:18.651Z"
  },
  {
    "anime_title": "Absolute Duo",
    "episode_title": "Absolute Duo Episode 7 Subtitle Indonesia",
    "episode_link": "https://otakudesu.best/episode/absdo-episode-7-sub-indo/",
    "episode_date": "6 Februari,2019",
    "server": "otakuwatch",
    "quality": "480p",
    "data_content": "eyJpZCI6MzY0NzEsImkiOjAsInEiOiI0ODBwIn0=",
    "decoded_data": {
      "id": 36471,
      "i": 0,
      "q": "480p"
    },
    "stream_url": "https://desustream.info/dstream/otakuwatch/v2/index.php?id=VUVROHZxKzlmdGlSY3ViWVRPWGV3MDdhUFlBQWt1ZlA2SXIyWC8vb1FVTT0=",
    "is_default": true,
    "timestamp": "2025-09-12T08:06:18.695Z"
  },
  {
    "anime_title": "Absolute Duo",
    "episode_title": "Absolute Duo Episode 7 Subtitle Indonesia",
    "episode_link": "https://otakudesu.best/episode/absdo-episode-7-sub-indo/",
    "episode_date": "6 Februari,2019",
    "server": "solidfiles",
    "quality": "480p",
    "data_content": "eyJpZCI6MzY0NzEsImkiOjEsInEiOiI0ODBwIn0=",
    "decoded_data": {
      "id": 36471,
      "i": 1,
      "q": "480p"
    },
    "stream_url": "https://www.solidfiles.com/e/L5p7xkjRRNndw",
    "is_default": false,
    "timestamp": "2025-09-12T08:06:18.717Z"
  },
  {
    "anime_title": "Absolute Duo",
    "episode_title": "Absolute Duo Episode 7 Subtitle Indonesia",
    "episode_link": "https://otakudesu.best/episode/absdo-episode-7-sub-indo/",
    "episode_date": "6 Februari,2019",
    "server": "solidfiles",
    "quality": "720p",
    "data_content": "eyJpZCI6MzY0NzEsImkiOjAsInEiOiI3MjBwIn0=",
    "decoded_data": {
      "id": 36471,
      "i": 0,
      "q": "720p"
    },
    "stream_url": "https://www.solidfiles.com/e/vDndV2qQN7agj",
    "is_default": false,
    "timestamp": "2025-09-12T08:06:18.769Z"
  },
  {
    "anime_title": "Absolute Duo",
    "episode_title": "Absolute Duo Episode 7 Subtitle Indonesia",
    "episode_link": "https://otakudesu.best/episode/absdo-episode-7-sub-indo/",
    "episode_date": "6 Februari,2019",
    "server": "yourupload",
    "quality": "720p",
    "data_content": "eyJpZCI6MzY0NzEsImkiOjEsInEiOiI3MjBwIn0=",
    "decoded_data": {
      "id": 36471,
      "i": 1,
      "q": "720p"
    },
    "stream_url": "https://desudrive.com/stream/yuplod.php?id=DUl85Q6PoWcB",
    "is_default": false,
    "timestamp": "2025-09-12T08:06:18.808Z"
  },
  {
    "anime_title": "Absolute Duo",
    "episode_title": "Absolute Duo Episode 8 Subtitle Indonesia",
    "episode_link": "https://otakudesu.best/episode/absdo-episode-8-sub-indo/",
    "episode_date": "6 Februari,2019",
    "server": "solidfiles",
    "quality": "360p",
    "data_content": "eyJpZCI6MzY0NzIsImkiOjAsInEiOiIzNjBwIn0=",
    "decoded_data": {
      "id": 36472,
      "i": 0,
      "q": "360p"
    },
    "stream_url": "https://www.solidfiles.com/e/PAPVxm2Xvkjd8",
    "is_default": false,
    "timestamp": "2025-09-12T08:06:19.422Z"
  },
  {
    "anime_title": "Absolute Duo",
    "episode_title": "Absolute Duo Episode 8 Subtitle Indonesia",
    "episode_link": "https://otakudesu.best/episode/absdo-episode-8-sub-indo/",
    "episode_date": "6 Februari,2019",
    "server": "mp4load",
    "quality": "360p",
    "data_content": "eyJpZCI6MzY0NzIsImkiOjEsInEiOiIzNjBwIn0=",
    "decoded_data": {
      "id": 36472,
      "i": 1,
      "q": "360p"
    },
    "stream_url": "https://www.mp4upload.com/embed-bst9omknkro5.html",
    "is_default": false,
    "timestamp": "2025-09-12T08:06:19.464Z"
  },
  {
    "anime_title": "Absolute Duo",
    "episode_title": "Absolute Duo Episode 8 Subtitle Indonesia",
    "episode_link": "https://otakudesu.best/episode/absdo-episode-8-sub-indo/",
    "episode_date": "6 Februari,2019",
    "server": "otakuwatch",
    "quality": "480p",
    "data_content": "eyJpZCI6MzY0NzIsImkiOjAsInEiOiI0ODBwIn0=",
    "decoded_data": {
      "id": 36472,
      "i": 0,
      "q": "480p"
    },
    "stream_url": "https://desustream.info/dstream/otakuwatch/v2/index.php?id=NndlUkxIZzRDcUljSHFib0I4KzJ1ZHdmTjl5dTRnbDl3RmpCczJyMFZCMD0=",
    "is_default": true,
    "timestamp": "2025-09-12T08:06:19.481Z"
  },
  {
    "anime_title": "Absolute Duo",
    "episode_title": "Absolute Duo Episode 8 Subtitle Indonesia",
    "episode_link": "https://otakudesu.best/episode/absdo-episode-8-sub-indo/",
    "episode_date": "6 Februari,2019",
    "server": "solidfiles",
    "quality": "480p",
    "data_content": "eyJpZCI6MzY0NzIsImkiOjEsInEiOiI0ODBwIn0=",
    "decoded_data": {
      "id": 36472,
      "i": 1,
      "q": "480p"
    },
    "stream_url": "https://www.solidfiles.com/e/KpdZxmAA6NPXr",
    "is_default": false,
    "timestamp": "2025-09-12T08:06:19.536Z"
  },
  {
    "anime_title": "Absolute Duo",
    "episode_title": "Absolute Duo Episode 8 Subtitle Indonesia",
    "episode_link": "https://otakudesu.best/episode/absdo-episode-8-sub-indo/",
    "episode_date": "6 Februari,2019",
    "server": "solidfiles",
    "quality": "720p",
    "data_content": "eyJpZCI6MzY0NzIsImkiOjAsInEiOiI3MjBwIn0=",
    "decoded_data": {
      "id": 36472,
      "i": 0,
      "q": "720p"
    },
    "stream_url": "https://www.solidfiles.com/e/5akeReMML2Lj2",
    "is_default": false,
    "timestamp": "2025-09-12T08:06:19.572Z"
  },
  {
    "anime_title": "Absolute Duo",
    "episode_title": "Absolute Duo Episode 8 Subtitle Indonesia",
    "episode_link": "https://otakudesu.best/episode/absdo-episode-8-sub-indo/",
    "episode_date": "6 Februari,2019",
    "server": "yourupload",
    "quality": "720p",
    "data_content": "eyJpZCI6MzY0NzIsImkiOjEsInEiOiI3MjBwIn0=",
    "decoded_data": {
      "id": 36472,
      "i": 1,
      "q": "720p"
    },
    "stream_url": "https://desudrive.com/stream/yuplod.php?id=c41r3u8Ff4SI",
    "is_default": false,
    "timestamp": "2025-09-12T08:06:19.585Z"
  },
  {
    "anime_title": "Absolute Duo",
    "episode_title": "Absolute Duo Episode 8 Subtitle Indonesia",
    "episode_link": "https://otakudesu.best/episode/absdo-episode-8-sub-indo/",
    "episode_date": "6 Februari,2019",
    "server": "solidfiles",
    "quality": "360p",
    "data_content": "eyJpZCI6MzY0NzIsImkiOjAsInEiOiIzNjBwIn0=",
    "decoded_data": {
      "id": 36472,
      "i": 0,
      "q": "360p"
    },
    "stream_url": "https://www.solidfiles.com/e/PAPVxm2Xvkjd8",
    "is_default": false,
    "timestamp": "2025-09-12T08:06:19.422Z"
  },
  {
    "anime_title": "Absolute Duo",
    "episode_title": "Absolute Duo Episode 8 Subtitle Indonesia",
    "episode_link": "https://otakudesu.best/episode/absdo-episode-8-sub-indo/",
    "episode_date": "6 Februari,2019",
    "server": "mp4load",
    "quality": "360p",
    "data_content": "eyJpZCI6MzY0NzIsImkiOjEsInEiOiIzNjBwIn0=",
    "decoded_data": {
      "id": 36472,
      "i": 1,
      "q": "360p"
    },
    "stream_url": "https://www.mp4upload.com/embed-bst9omknkro5.html",
    "is_default": false,
    "timestamp": "2025-09-12T08:06:19.464Z"
  },
  {
    "anime_title": "Absolute Duo",
    "episode_title": "Absolute Duo Episode 8 Subtitle Indonesia",
    "episode_link": "https://otakudesu.best/episode/absdo-episode-8-sub-indo/",
    "episode_date": "6 Februari,2019",
    "server": "otakuwatch",
    "quality": "480p",
    "data_content": "eyJpZCI6MzY0NzIsImkiOjAsInEiOiI0ODBwIn0=",
    "decoded_data": {
      "id": 36472,
      "i": 0,
      "q": "480p"
    },
    "stream_url": "https://desustream.info/dstream/otakuwatch/v2/index.php?id=NndlUkxIZzRDcUljSHFib0I4KzJ1ZHdmTjl5dTRnbDl3RmpCczJyMFZCMD0=",
    "is_default": true,
    "timestamp": "2025-09-12T08:06:19.481Z"
  },
  {
    "anime_title": "Absolute Duo",
    "episode_title": "Absolute Duo Episode 8 Subtitle Indonesia",
    "episode_link": "https://otakudesu.best/episode/absdo-episode-8-sub-indo/",
    "episode_date": "6 Februari,2019",
    "server": "solidfiles",
    "quality": "480p",
    "data_content": "eyJpZCI6MzY0NzIsImkiOjEsInEiOiI0ODBwIn0=",
    "decoded_data": {
      "id": 36472,
      "i": 1,
      "q": "480p"
    },
    "stream_url": "https://www.solidfiles.com/e/KpdZxmAA6NPXr",
    "is_default": false,
    "timestamp": "2025-09-12T08:06:19.536Z"
  },
  {
    "anime_title": "Absolute Duo",
    "episode_title": "Absolute Duo Episode 8 Subtitle Indonesia",
    "episode_link": "https://otakudesu.best/episode/absdo-episode-8-sub-indo/",
    "episode_date": "6 Februari,2019",
    "server": "solidfiles",
    "quality": "720p",
    "data_content": "eyJpZCI6MzY0NzIsImkiOjAsInEiOiI3MjBwIn0=",
    "decoded_data": {
      "id": 36472,
      "i": 0,
      "q": "720p"
    },
    "stream_url": "https://www.solidfiles.com/e/5akeReMML2Lj2",
    "is_default": false,
    "timestamp": "2025-09-12T08:06:19.572Z"
  },
  {
    "anime_title": "Absolute Duo",
    "episode_title": "Absolute Duo Episode 8 Subtitle Indonesia",
    "episode_link": "https://otakudesu.best/episode/absdo-episode-8-sub-indo/",
    "episode_date": "6 Februari,2019",
    "server": "yourupload",
    "quality": "720p",
    "data_content": "eyJpZCI6MzY0NzIsImkiOjEsInEiOiI3MjBwIn0=",
    "decoded_data": {
      "id": 36472,
      "i": 1,
      "q": "720p"
    },
    "stream_url": "https://desudrive.com/stream/yuplod.php?id=c41r3u8Ff4SI",
    "is_default": false,
    "timestamp": "2025-09-12T08:06:19.585Z"
  },
  {
    "anime_title": "Absolute Duo",
    "episode_title": "Absolute Duo Episode 9 Subtitle Indonesia",
    "episode_link": "https://otakudesu.best/episode/absdo-episode-9-sub-indo/",
    "episode_date": "6 Februari,2019",
    "server": "solidfiles",
    "quality": "360p",
    "data_content": "eyJpZCI6MzY0NzMsImkiOjAsInEiOiIzNjBwIn0=",
    "decoded_data": {
      "id": 36473,
      "i": 0,
      "q": "360p"
    },
    "stream_url": "https://www.solidfiles.com/e/d8AzB6yp3w8km",
    "is_default": false,
    "timestamp": "2025-09-12T08:06:20.176Z"
  },
  {
    "anime_title": "Absolute Duo",
    "episode_title": "Absolute Duo Episode 9 Subtitle Indonesia",
    "episode_link": "https://otakudesu.best/episode/absdo-episode-9-sub-indo/",
    "episode_date": "6 Februari,2019",
    "server": "mp4load",
    "quality": "360p",
    "data_content": "eyJpZCI6MzY0NzMsImkiOjEsInEiOiIzNjBwIn0=",
    "decoded_data": {
      "id": 36473,
      "i": 1,
      "q": "360p"
    },
    "stream_url": "https://www.mp4upload.com/embed-ps54xv0n0w3v.html",
    "is_default": false,
    "timestamp": "2025-09-12T08:06:20.205Z"
  },
  {
    "anime_title": "Absolute Duo",
    "episode_title": "Absolute Duo Episode 9 Subtitle Indonesia",
    "episode_link": "https://otakudesu.best/episode/absdo-episode-9-sub-indo/",
    "episode_date": "6 Februari,2019",
    "server": "otakuwatch",
    "quality": "480p",
    "data_content": "eyJpZCI6MzY0NzMsImkiOjAsInEiOiI0ODBwIn0=",
    "decoded_data": {
      "id": 36473,
      "i": 0,
      "q": "480p"
    },
    "stream_url": "https://desustream.info/dstream/otakuwatch/v2/index.php?id=OFVxZ2k0blJRS2lTRGdZQWZNOHYvQm1uLzZMaGtoZk9XVkYzNlhNYTllZz0=",
    "is_default": true,
    "timestamp": "2025-09-12T08:06:20.253Z"
  },
  {
    "anime_title": "Absolute Duo",
    "episode_title": "Absolute Duo Episode 9 Subtitle Indonesia",
    "episode_link": "https://otakudesu.best/episode/absdo-episode-9-sub-indo/",
    "episode_date": "6 Februari,2019",
    "server": "solidfiles",
    "quality": "480p",
    "data_content": "eyJpZCI6MzY0NzMsImkiOjEsInEiOiI0ODBwIn0=",
    "decoded_data": {
      "id": 36473,
      "i": 1,
      "q": "480p"
    },
    "stream_url": "https://www.solidfiles.com/e/jXVmZB52n3Mm5",
    "is_default": false,
    "timestamp": "2025-09-12T08:06:20.264Z"
  },
  {
    "anime_title": "Absolute Duo",
    "episode_title": "Absolute Duo Episode 9 Subtitle Indonesia",
    "episode_link": "https://otakudesu.best/episode/absdo-episode-9-sub-indo/",
    "episode_date": "6 Februari,2019",
    "server": "solidfiles",
    "quality": "720p",
    "data_content": "eyJpZCI6MzY0NzMsImkiOjAsInEiOiI3MjBwIn0=",
    "decoded_data": {
      "id": 36473,
      "i": 0,
      "q": "720p"
    },
    "stream_url": "https://www.solidfiles.com/e/qVNjBjZQG44aQ",
    "is_default": false,
    "timestamp": "2025-09-12T08:06:20.321Z"
  },
  {
    "anime_title": "Absolute Duo",
    "episode_title": "Absolute Duo Episode 9 Subtitle Indonesia",
    "episode_link": "https://otakudesu.best/episode/absdo-episode-9-sub-indo/",
    "episode_date": "6 Februari,2019",
    "server": "yourupload",
    "quality": "720p",
    "data_content": "eyJpZCI6MzY0NzMsImkiOjEsInEiOiI3MjBwIn0=",
    "decoded_data": {
      "id": 36473,
      "i": 1,
      "q": "720p"
    },
    "stream_url": "https://desudrive.com/stream/yuplod.php?id=gv20jN7124fQ",
    "is_default": false,
    "timestamp": "2025-09-12T08:06:20.359Z"
  },
  {
    "anime_title": "Absolute Duo",
    "episode_title": "Absolute Duo Episode 9 Subtitle Indonesia",
    "episode_link": "https://otakudesu.best/episode/absdo-episode-9-sub-indo/",
    "episode_date": "6 Februari,2019",
    "server": "solidfiles",
    "quality": "360p",
    "data_content": "eyJpZCI6MzY0NzMsImkiOjAsInEiOiIzNjBwIn0=",
    "decoded_data": {
      "id": 36473,
      "i": 0,
      "q": "360p"
    },
    "stream_url": "https://www.solidfiles.com/e/d8AzB6yp3w8km",
    "is_default": false,
    "timestamp": "2025-09-12T08:06:20.176Z"
  },
  {
    "anime_title": "Absolute Duo",
    "episode_title": "Absolute Duo Episode 9 Subtitle Indonesia",
    "episode_link": "https://otakudesu.best/episode/absdo-episode-9-sub-indo/",
    "episode_date": "6 Februari,2019",
    "server": "mp4load",
    "quality": "360p",
    "data_content": "eyJpZCI6MzY0NzMsImkiOjEsInEiOiIzNjBwIn0=",
    "decoded_data": {
      "id": 36473,
      "i": 1,
      "q": "360p"
    },
    "stream_url": "https://www.mp4upload.com/embed-ps54xv0n0w3v.html",
    "is_default": false,
    "timestamp": "2025-09-12T08:06:20.205Z"
  },
  {
    "anime_title": "Absolute Duo",
    "episode_title": "Absolute Duo Episode 9 Subtitle Indonesia",
    "episode_link": "https://otakudesu.best/episode/absdo-episode-9-sub-indo/",
    "episode_date": "6 Februari,2019",
    "server": "otakuwatch",
    "quality": "480p",
    "data_content": "eyJpZCI6MzY0NzMsImkiOjAsInEiOiI0ODBwIn0=",
    "decoded_data": {
      "id": 36473,
      "i": 0,
      "q": "480p"
    },
    "stream_url": "https://desustream.info/dstream/otakuwatch/v2/index.php?id=OFVxZ2k0blJRS2lTRGdZQWZNOHYvQm1uLzZMaGtoZk9XVkYzNlhNYTllZz0=",
    "is_default": true,
    "timestamp": "2025-09-12T08:06:20.253Z"
  },
  {
    "anime_title": "Absolute Duo",
    "episode_title": "Absolute Duo Episode 9 Subtitle Indonesia",
    "episode_link": "https://otakudesu.best/episode/absdo-episode-9-sub-indo/",
    "episode_date": "6 Februari,2019",
    "server": "solidfiles",
    "quality": "480p",
    "data_content": "eyJpZCI6MzY0NzMsImkiOjEsInEiOiI0ODBwIn0=",
    "decoded_data": {
      "id": 36473,
      "i": 1,
      "q": "480p"
    },
    "stream_url": "https://www.solidfiles.com/e/jXVmZB52n3Mm5",
    "is_default": false,
    "timestamp": "2025-09-12T08:06:20.264Z"
  },
  {
    "anime_title": "Absolute Duo",
    "episode_title": "Absolute Duo Episode 9 Subtitle Indonesia",
    "episode_link": "https://otakudesu.best/episode/absdo-episode-9-sub-indo/",
    "episode_date": "6 Februari,2019",
    "server": "solidfiles",
    "quality": "720p",
    "data_content": "eyJpZCI6MzY0NzMsImkiOjAsInEiOiI3MjBwIn0=",
    "decoded_data": {
      "id": 36473,
      "i": 0,
      "q": "720p"
    },
    "stream_url": "https://www.solidfiles.com/e/qVNjBjZQG44aQ",
    "is_default": false,
    "timestamp": "2025-09-12T08:06:20.321Z"
  },
  {
    "anime_title": "Absolute Duo",
    "episode_title": "Absolute Duo Episode 9 Subtitle Indonesia",
    "episode_link": "https://otakudesu.best/episode/absdo-episode-9-sub-indo/",
    "episode_date": "6 Februari,2019",
    "server": "yourupload",
    "quality": "720p",
    "data_content": "eyJpZCI6MzY0NzMsImkiOjEsInEiOiI3MjBwIn0=",
    "decoded_data": {
      "id": 36473,
      "i": 1,
      "q": "720p"
    },
    "stream_url": "https://desudrive.com/stream/yuplod.php?id=gv20jN7124fQ",
    "is_default": false,
    "timestamp": "2025-09-12T08:06:20.359Z"
  },
  {
    "anime_title": "Absolute Duo",
    "episode_title": "Absolute Duo Episode 10 Subtitle Indonesia",
    "episode_link": "https://otakudesu.best/episode/absdo-episode-10-sub-indo/",
    "episode_date": "6 Februari,2019",
    "server": "solidfiles",
    "quality": "360p",
    "data_content": "eyJpZCI6MzY0NzQsImkiOjAsInEiOiIzNjBwIn0=",
    "decoded_data": {
      "id": 36474,
      "i": 0,
      "q": "360p"
    },
    "stream_url": "https://www.solidfiles.com/e/KpdZxWMaKg2rr",
    "is_default": false,
    "timestamp": "2025-09-12T08:06:20.981Z"
  },
  {
    "anime_title": "Absolute Duo",
    "episode_title": "Absolute Duo Episode 10 Subtitle Indonesia",
    "episode_link": "https://otakudesu.best/episode/absdo-episode-10-sub-indo/",
    "episode_date": "6 Februari,2019",
    "server": "otakuwatch",
    "quality": "480p",
    "data_content": "eyJpZCI6MzY0NzQsImkiOjAsInEiOiI0ODBwIn0=",
    "decoded_data": {
      "id": 36474,
      "i": 0,
      "q": "480p"
    },
    "stream_url": "https://desustream.info/dstream/otakuwatch/v2/index.php?id=MldBdEkrZ3hzcjdBTFlhZG5ySEdSVmlLTkZjbHpsRldXOW5ORlJCUk8wdz0=",
    "is_default": true,
    "timestamp": "2025-09-12T08:06:21.125Z"
  },
  {
    "anime_title": "Absolute Duo",
    "episode_title": "Absolute Duo Episode 10 Subtitle Indonesia",
    "episode_link": "https://otakudesu.best/episode/absdo-episode-10-sub-indo/",
    "episode_date": "6 Februari,2019",
    "server": "yourupload",
    "quality": "720p",
    "data_content": "eyJpZCI6MzY0NzQsImkiOjEsInEiOiI3MjBwIn0=",
    "decoded_data": {
      "id": 36474,
      "i": 1,
      "q": "720p"
    },
    "stream_url": "https://desudrive.com/stream/yuplod.php?id=eq62K7q7Bj4U",
    "is_default": false,
    "timestamp": "2025-09-12T08:06:21.156Z"
  },
  {
    "anime_title": "Absolute Duo",
    "episode_title": "Absolute Duo Episode 10 Subtitle Indonesia",
    "episode_link": "https://otakudesu.best/episode/absdo-episode-10-sub-indo/",
    "episode_date": "6 Februari,2019",
    "server": "solidfiles",
    "quality": "480p",
    "data_content": "eyJpZCI6MzY0NzQsImkiOjEsInEiOiI0ODBwIn0=",
    "decoded_data": {
      "id": 36474,
      "i": 1,
      "q": "480p"
    },
    "stream_url": "https://www.solidfiles.com/e/d8AzBGBMAMR2w",
    "is_default": false,
    "timestamp": "2025-09-12T08:06:21.243Z"
  },
  {
    "anime_title": "Absolute Duo",
    "episode_title": "Absolute Duo Episode 10 Subtitle Indonesia",
    "episode_link": "https://otakudesu.best/episode/absdo-episode-10-sub-indo/",
    "episode_date": "6 Februari,2019",
    "server": "mp4load",
    "quality": "360p",
    "data_content": "eyJpZCI6MzY0NzQsImkiOjEsInEiOiIzNjBwIn0=",
    "decoded_data": {
      "id": 36474,
      "i": 1,
      "q": "360p"
    },
    "stream_url": "https://www.mp4upload.com/embed-bzigqh5ji0uc.html",
    "is_default": false,
    "timestamp": "2025-09-12T08:06:21.344Z"
  },
  {
    "anime_title": "Absolute Duo",
    "episode_title": "Absolute Duo Episode 10 Subtitle Indonesia",
    "episode_link": "https://otakudesu.best/episode/absdo-episode-10-sub-indo/",
    "episode_date": "6 Februari,2019",
    "server": "solidfiles",
    "quality": "720p",
    "data_content": "eyJpZCI6MzY0NzQsImkiOjAsInEiOiI3MjBwIn0=",
    "decoded_data": {
      "id": 36474,
      "i": 0,
      "q": "720p"
    },
    "stream_url": "https://www.solidfiles.com/e/3PkVRxjRyPVYK",
    "is_default": false,
    "timestamp": "2025-09-12T08:06:21.413Z"
  },
  {
    "anime_title": "Absolute Duo",
    "episode_title": "Absolute Duo Episode 10 Subtitle Indonesia",
    "episode_link": "https://otakudesu.best/episode/absdo-episode-10-sub-indo/",
    "episode_date": "6 Februari,2019",
    "server": "solidfiles",
    "quality": "360p",
    "data_content": "eyJpZCI6MzY0NzQsImkiOjAsInEiOiIzNjBwIn0=",
    "decoded_data": {
      "id": 36474,
      "i": 0,
      "q": "360p"
    },
    "stream_url": "https://www.solidfiles.com/e/KpdZxWMaKg2rr",
    "is_default": false,
    "timestamp": "2025-09-12T08:06:20.981Z"
  },
  {
    "anime_title": "Absolute Duo",
    "episode_title": "Absolute Duo Episode 10 Subtitle Indonesia",
    "episode_link": "https://otakudesu.best/episode/absdo-episode-10-sub-indo/",
    "episode_date": "6 Februari,2019",
    "server": "mp4load",
    "quality": "360p",
    "data_content": "eyJpZCI6MzY0NzQsImkiOjEsInEiOiIzNjBwIn0=",
    "decoded_data": {
      "id": 36474,
      "i": 1,
      "q": "360p"
    },
    "stream_url": "https://www.mp4upload.com/embed-bzigqh5ji0uc.html",
    "is_default": false,
    "timestamp": "2025-09-12T08:06:21.344Z"
  },
  {
    "anime_title": "Absolute Duo",
    "episode_title": "Absolute Duo Episode 10 Subtitle Indonesia",
    "episode_link": "https://otakudesu.best/episode/absdo-episode-10-sub-indo/",
    "episode_date": "6 Februari,2019",
    "server": "otakuwatch",
    "quality": "480p",
    "data_content": "eyJpZCI6MzY0NzQsImkiOjAsInEiOiI0ODBwIn0=",
    "decoded_data": {
      "id": 36474,
      "i": 0,
      "q": "480p"
    },
    "stream_url": "https://desustream.info/dstream/otakuwatch/v2/index.php?id=MldBdEkrZ3hzcjdBTFlhZG5ySEdSVmlLTkZjbHpsRldXOW5ORlJCUk8wdz0=",
    "is_default": true,
    "timestamp": "2025-09-12T08:06:21.125Z"
  },
  {
    "anime_title": "Absolute Duo",
    "episode_title": "Absolute Duo Episode 10 Subtitle Indonesia",
    "episode_link": "https://otakudesu.best/episode/absdo-episode-10-sub-indo/",
    "episode_date": "6 Februari,2019",
    "server": "solidfiles",
    "quality": "480p",
    "data_content": "eyJpZCI6MzY0NzQsImkiOjEsInEiOiI0ODBwIn0=",
    "decoded_data": {
      "id": 36474,
      "i": 1,
      "q": "480p"
    },
    "stream_url": "https://www.solidfiles.com/e/d8AzBGBMAMR2w",
    "is_default": false,
    "timestamp": "2025-09-12T08:06:21.243Z"
  },
  {
    "anime_title": "Absolute Duo",
    "episode_title": "Absolute Duo Episode 10 Subtitle Indonesia",
    "episode_link": "https://otakudesu.best/episode/absdo-episode-10-sub-indo/",
    "episode_date": "6 Februari,2019",
    "server": "solidfiles",
    "quality": "720p",
    "data_content": "eyJpZCI6MzY0NzQsImkiOjAsInEiOiI3MjBwIn0=",
    "decoded_data": {
      "id": 36474,
      "i": 0,
      "q": "720p"
    },
    "stream_url": "https://www.solidfiles.com/e/3PkVRxjRyPVYK",
    "is_default": false,
    "timestamp": "2025-09-12T08:06:21.413Z"
  },
  {
    "anime_title": "Absolute Duo",
    "episode_title": "Absolute Duo Episode 10 Subtitle Indonesia",
    "episode_link": "https://otakudesu.best/episode/absdo-episode-10-sub-indo/",
    "episode_date": "6 Februari,2019",
    "server": "yourupload",
    "quality": "720p",
    "data_content": "eyJpZCI6MzY0NzQsImkiOjEsInEiOiI3MjBwIn0=",
    "decoded_data": {
      "id": 36474,
      "i": 1,
      "q": "720p"
    },
    "stream_url": "https://desudrive.com/stream/yuplod.php?id=eq62K7q7Bj4U",
    "is_default": false,
    "timestamp": "2025-09-12T08:06:21.156Z"
  }
]