[
  {
    "anime_title": "Danmachi Season 3",
    "episode_title": "Danmachi Season 3 Episode 11 Subtitle Indonesia",
    "episode_link": "https://otakudesu.best/episode/dmcnh-s3-episode-11-sub-indo/",
    "episode_date": "5 Januari,2021",
    "server": "otakuplay",
    "quality": "480p",
    "data_content": "eyJpZCI6MTAyNTgyLCJpIjowLCJxIjoiNDgwcCJ9",
    "decoded_data": {
      "id": 102582,
      "i": 0,
      "q": "480p"
    },
    "stream_url": "https://desustream.info/dstream/otakuplay/v2/index.php?id=WE9oSXkzRkwrUW4xY3lEU0E3UjVCYkw0Ukp0LzBxSGR0Q0tlMWhaQ08ybz0=",
    "is_default": true,
    "timestamp": "2025-09-12T09:30:35.878Z"
  },
  {
    "anime_title": "Danmachi Season 3",
    "episode_title": "Danmachi Season 3 Episode 11 Subtitle Indonesia",
    "episode_link": "https://otakudesu.best/episode/dmcnh-s3-episode-11-sub-indo/",
    "episode_date": "5 Januari,2021",
    "server": "mp4load",
    "quality": "480p",
    "data_content": "eyJpZCI6MTAyNTgyLCJpIjoxLCJxIjoiNDgwcCJ9",
    "decoded_data": {
      "id": 102582,
      "i": 1,
      "q": "480p"
    },
    "stream_url": "https://www.mp4upload.com/embed-9kguliicb3mm.html",
    "is_default": false,
    "timestamp": "2025-09-12T09:30:35.918Z"
  },
  {
    "anime_title": "Danmachi Season 3",
    "episode_title": "Danmachi Season 3 Episode 11 Subtitle Indonesia",
    "episode_link": "https://otakudesu.best/episode/dmcnh-s3-episode-11-sub-indo/",
    "episode_date": "5 Januari,2021",
    "server": "mega",
    "quality": "480p",
    "data_content": "eyJpZCI6MTAyNTgyLCJpIjoyLCJxIjoiNDgwcCJ9",
    "decoded_data": {
      "id": 102582,
      "i": 2,
      "q": "480p"
    },
    "stream_url": "https://mega.nz/embed/JgEHFQ4a#IKcgCAdkkPKg7yNxaYV0GIlXjxVCKQNhWnT37_AM-cM",
    "is_default": false,
    "timestamp": "2025-09-12T09:30:35.955Z"
  },
  {
    "anime_title": "Danmachi Season 3",
    "episode_title": "Danmachi Season 3 Episode 11 Subtitle Indonesia",
    "episode_link": "https://otakudesu.best/episode/dmcnh-s3-episode-11-sub-indo/",
    "episode_date": "5 Januari,2021",
    "server": "otakustream",
    "quality": "720p",
    "data_content": "eyJpZCI6MTAyNTgyLCJpIjowLCJxIjoiNzIwcCJ9",
    "decoded_data": {
      "id": 102582,
      "i": 0,
      "q": "720p"
    },
    "stream_url": "https://desustream.info/dstream/otakustream/v2/index.php?id=aVg2ekZsTzhYVHBwOWM3cVRqQ0dWckFYcW9nSVhieVV5SnI1b2xPWUtuZz0=",
    "is_default": false,
    "timestamp": "2025-09-12T09:30:35.992Z"
  },
  {
    "anime_title": "Danmachi Season 3",
    "episode_title": "Danmachi Season 3 Episode 11 Subtitle Indonesia",
    "episode_link": "https://otakudesu.best/episode/dmcnh-s3-episode-11-sub-indo/",
    "episode_date": "5 Januari,2021",
    "server": "yourupload",
    "quality": "720p",
    "data_content": "eyJpZCI6MTAyNTgyLCJpIjoxLCJxIjoiNzIwcCJ9",
    "decoded_data": {
      "id": 102582,
      "i": 1,
      "q": "720p"
    },
    "stream_url": "https://desudrive.com/stream/yuplod.php?id=kgM0d0JelH1L",
    "is_default": false,
    "timestamp": "2025-09-12T09:30:36.038Z"
  },
  {
    "anime_title": "Danmachi Season 3",
    "episode_title": "Danmachi Season 3 Episode 11 Subtitle Indonesia",
    "episode_link": "https://otakudesu.best/episode/dmcnh-s3-episode-11-sub-indo/",
    "episode_date": "5 Januari,2021",
    "server": "mega",
    "quality": "720p",
    "data_content": "eyJpZCI6MTAyNTgyLCJpIjoyLCJxIjoiNzIwcCJ9",
    "decoded_data": {
      "id": 102582,
      "i": 2,
      "q": "720p"
    },
    "stream_url": "https://mega.nz/embed/JxchlCSS#Y8CBB9n4phFyi2g2vB_SrPY-utnf_iuT9mkqvhCNe2c",
    "is_default": false,
    "timestamp": "2025-09-12T09:30:36.089Z"
  },
  {
    "anime_title": "Danmachi Season 3",
    "episode_title": "Danmachi Season 3 Episode 11 Subtitle Indonesia",
    "episode_link": "https://otakudesu.best/episode/dmcnh-s3-episode-11-sub-indo/",
    "episode_date": "5 Januari,2021",
    "server": "otakuplay",
    "quality": "480p",
    "data_content": "eyJpZCI6MTAyNTgyLCJpIjowLCJxIjoiNDgwcCJ9",
    "decoded_data": {
      "id": 102582,
      "i": 0,
      "q": "480p"
    },
    "stream_url": "https://desustream.info/dstream/otakuplay/v2/index.php?id=WE9oSXkzRkwrUW4xY3lEU0E3UjVCYkw0Ukp0LzBxSGR0Q0tlMWhaQ08ybz0=",
    "is_default": true,
    "timestamp": "2025-09-12T09:30:35.878Z"
  },
  {
    "anime_title": "Danmachi Season 3",
    "episode_title": "Danmachi Season 3 Episode 11 Subtitle Indonesia",
    "episode_link": "https://otakudesu.best/episode/dmcnh-s3-episode-11-sub-indo/",
    "episode_date": "5 Januari,2021",
    "server": "mp4load",
    "quality": "480p",
    "data_content": "eyJpZCI6MTAyNTgyLCJpIjoxLCJxIjoiNDgwcCJ9",
    "decoded_data": {
      "id": 102582,
      "i": 1,
      "q": "480p"
    },
    "stream_url": "https://www.mp4upload.com/embed-9kguliicb3mm.html",
    "is_default": false,
    "timestamp": "2025-09-12T09:30:35.918Z"
  },
  {
    "anime_title": "Danmachi Season 3",
    "episode_title": "Danmachi Season 3 Episode 11 Subtitle Indonesia",
    "episode_link": "https://otakudesu.best/episode/dmcnh-s3-episode-11-sub-indo/",
    "episode_date": "5 Januari,2021",
    "server": "mega",
    "quality": "480p",
    "data_content": "eyJpZCI6MTAyNTgyLCJpIjoyLCJxIjoiNDgwcCJ9",
    "decoded_data": {
      "id": 102582,
      "i": 2,
      "q": "480p"
    },
    "stream_url": "https://mega.nz/embed/JgEHFQ4a#IKcgCAdkkPKg7yNxaYV0GIlXjxVCKQNhWnT37_AM-cM",
    "is_default": false,
    "timestamp": "2025-09-12T09:30:35.955Z"
  },
  {
    "anime_title": "Danmachi Season 3",
    "episode_title": "Danmachi Season 3 Episode 11 Subtitle Indonesia",
    "episode_link": "https://otakudesu.best/episode/dmcnh-s3-episode-11-sub-indo/",
    "episode_date": "5 Januari,2021",
    "server": "otakustream",
    "quality": "720p",
    "data_content": "eyJpZCI6MTAyNTgyLCJpIjowLCJxIjoiNzIwcCJ9",
    "decoded_data": {
      "id": 102582,
      "i": 0,
      "q": "720p"
    },
    "stream_url": "https://desustream.info/dstream/otakustream/v2/index.php?id=aVg2ekZsTzhYVHBwOWM3cVRqQ0dWckFYcW9nSVhieVV5SnI1b2xPWUtuZz0=",
    "is_default": false,
    "timestamp": "2025-09-12T09:30:35.992Z"
  },
  {
    "anime_title": "Danmachi Season 3",
    "episode_title": "Danmachi Season 3 Episode 11 Subtitle Indonesia",
    "episode_link": "https://otakudesu.best/episode/dmcnh-s3-episode-11-sub-indo/",
    "episode_date": "5 Januari,2021",
    "server": "yourupload",
    "quality": "720p",
    "data_content": "eyJpZCI6MTAyNTgyLCJpIjoxLCJxIjoiNzIwcCJ9",
    "decoded_data": {
      "id": 102582,
      "i": 1,
      "q": "720p"
    },
    "stream_url": "https://desudrive.com/stream/yuplod.php?id=kgM0d0JelH1L",
    "is_default": false,
    "timestamp": "2025-09-12T09:30:36.038Z"
  },
  {
    "anime_title": "Danmachi Season 3",
    "episode_title": "Danmachi Season 3 Episode 11 Subtitle Indonesia",
    "episode_link": "https://otakudesu.best/episode/dmcnh-s3-episode-11-sub-indo/",
    "episode_date": "5 Januari,2021",
    "server": "mega",
    "quality": "720p",
    "data_content": "eyJpZCI6MTAyNTgyLCJpIjoyLCJxIjoiNzIwcCJ9",
    "decoded_data": {
      "id": 102582,
      "i": 2,
      "q": "720p"
    },
    "stream_url": "https://mega.nz/embed/JxchlCSS#Y8CBB9n4phFyi2g2vB_SrPY-utnf_iuT9mkqvhCNe2c",
    "is_default": false,
    "timestamp": "2025-09-12T09:30:36.089Z"
  },
  {
    "anime_title": "Danmachi Season 3",
    "episode_title": "Danmachi Season 3 Episode 12 (End) Subtitle Indonesia",
    "episode_link": "https://otakudesu.best/episode/dmcnh-s3-episode-12-sub-indo/",
    "episode_date": "5 Januari,2021",
    "server": "otakuplay",
    "quality": "480p",
    "data_content": "eyJpZCI6MTAyNTgzLCJpIjowLCJxIjoiNDgwcCJ9",
    "decoded_data": {
      "id": 102583,
      "i": 0,
      "q": "480p"
    },
    "stream_url": "https://desustream.info/dstream/otakuplay/v2/index.php?id=WE9oSXkzRkwrUW4xY3lEU0E3UjVCUm5LNzljR0RPRUV2Rk5lT2NFRVozWT0=",
    "is_default": true,
    "timestamp": "2025-09-12T09:30:37.272Z"
  },
  {
    "anime_title": "Danmachi Season 3",
    "episode_title": "Danmachi Season 3 Episode 12 (End) Subtitle Indonesia",
    "episode_link": "https://otakudesu.best/episode/dmcnh-s3-episode-12-sub-indo/",
    "episode_date": "5 Januari,2021",
    "server": "mp4load",
    "quality": "480p",
    "data_content": "eyJpZCI6MTAyNTgzLCJpIjoxLCJxIjoiNDgwcCJ9",
    "decoded_data": {
      "id": 102583,
      "i": 1,
      "q": "480p"
    },
    "stream_url": "https://www.mp4upload.com/embed-aau1e8u33v5z.html",
    "is_default": false,
    "timestamp": "2025-09-12T09:30:37.312Z"
  },
  {
    "anime_title": "Danmachi Season 3",
    "episode_title": "Danmachi Season 3 Episode 12 (End) Subtitle Indonesia",
    "episode_link": "https://otakudesu.best/episode/dmcnh-s3-episode-12-sub-indo/",
    "episode_date": "5 Januari,2021",
    "server": "mega",
    "quality": "480p",
    "data_content": "eyJpZCI6MTAyNTgzLCJpIjoyLCJxIjoiNDgwcCJ9",
    "decoded_data": {
      "id": 102583,
      "i": 2,
      "q": "480p"
    },
    "stream_url": "https://mega.nz/embed/AoFHFI7D#lEfncZYOBJ_GjtnsaQRXvDh6_fXJeN6aqtLfk7U4394",
    "is_default": false,
    "timestamp": "2025-09-12T09:30:37.364Z"
  },
  {
    "anime_title": "Danmachi Season 3",
    "episode_title": "Danmachi Season 3 Episode 12 (End) Subtitle Indonesia",
    "episode_link": "https://otakudesu.best/episode/dmcnh-s3-episode-12-sub-indo/",
    "episode_date": "5 Januari,2021",
    "server": "otakustream",
    "quality": "720p",
    "data_content": "eyJpZCI6MTAyNTgzLCJpIjowLCJxIjoiNzIwcCJ9",
    "decoded_data": {
      "id": 102583,
      "i": 0,
      "q": "720p"
    },
    "stream_url": "https://desustream.info/dstream/otakustream/v2/index.php?id=aVg2ekZsTzhYVHBwOWM3cVRqQ0dWdXBwYk1HTUh1M1ZXdzE4ZXpsWnZwcz0=",
    "is_default": false,
    "timestamp": "2025-09-12T09:30:37.417Z"
  },
  {
    "anime_title": "Danmachi Season 3",
    "episode_title": "Danmachi Season 3 Episode 12 (End) Subtitle Indonesia",
    "episode_link": "https://otakudesu.best/episode/dmcnh-s3-episode-12-sub-indo/",
    "episode_date": "5 Januari,2021",
    "server": "mega",
    "quality": "720p",
    "data_content": "eyJpZCI6MTAyNTgzLCJpIjoyLCJxIjoiNzIwcCJ9",
    "decoded_data": {
      "id": 102583,
      "i": 2,
      "q": "720p"
    },
    "stream_url": "https://mega.nz/embed/0lFHQShQ#K67RLkWhjkD4NcFCXTQhqJiqqb3l_jZriLXvLCXr1-4",
    "is_default": false,
    "timestamp": "2025-09-12T09:30:37.454Z"
  },
  {
    "anime_title": "Danmachi Season 3",
    "episode_title": "Danmachi Season 3 Episode 12 (End) Subtitle Indonesia",
    "episode_link": "https://otakudesu.best/episode/dmcnh-s3-episode-12-sub-indo/",
    "episode_date": "5 Januari,2021",
    "server": "yourupload",
    "quality": "720p",
    "data_content": "eyJpZCI6MTAyNTgzLCJpIjoxLCJxIjoiNzIwcCJ9",
    "decoded_data": {
      "id": 102583,
      "i": 1,
      "q": "720p"
    },
    "stream_url": "https://desudrive.com/stream/yuplod.php?id=3LFH05780wtP",
    "is_default": false,
    "timestamp": "2025-09-12T09:30:37.491Z"
  },
  {
    "anime_title": "Danmachi Season 3",
    "episode_title": "Danmachi Season 3 Episode 12 (End) Subtitle Indonesia",
    "episode_link": "https://otakudesu.best/episode/dmcnh-s3-episode-12-sub-indo/",
    "episode_date": "5 Januari,2021",
    "server": "otakuplay",
    "quality": "480p",
    "data_content": "eyJpZCI6MTAyNTgzLCJpIjowLCJxIjoiNDgwcCJ9",
    "decoded_data": {
      "id": 102583,
      "i": 0,
      "q": "480p"
    },
    "stream_url": "https://desustream.info/dstream/otakuplay/v2/index.php?id=WE9oSXkzRkwrUW4xY3lEU0E3UjVCUm5LNzljR0RPRUV2Rk5lT2NFRVozWT0=",
    "is_default": true,
    "timestamp": "2025-09-12T09:30:37.272Z"
  },
  {
    "anime_title": "Danmachi Season 3",
    "episode_title": "Danmachi Season 3 Episode 12 (End) Subtitle Indonesia",
    "episode_link": "https://otakudesu.best/episode/dmcnh-s3-episode-12-sub-indo/",
    "episode_date": "5 Januari,2021",
    "server": "mp4load",
    "quality": "480p",
    "data_content": "eyJpZCI6MTAyNTgzLCJpIjoxLCJxIjoiNDgwcCJ9",
    "decoded_data": {
      "id": 102583,
      "i": 1,
      "q": "480p"
    },
    "stream_url": "https://www.mp4upload.com/embed-aau1e8u33v5z.html",
    "is_default": false,
    "timestamp": "2025-09-12T09:30:37.312Z"
  },
  {
    "anime_title": "Danmachi Season 3",
    "episode_title": "Danmachi Season 3 Episode 12 (End) Subtitle Indonesia",
    "episode_link": "https://otakudesu.best/episode/dmcnh-s3-episode-12-sub-indo/",
    "episode_date": "5 Januari,2021",
    "server": "mega",
    "quality": "480p",
    "data_content": "eyJpZCI6MTAyNTgzLCJpIjoyLCJxIjoiNDgwcCJ9",
    "decoded_data": {
      "id": 102583,
      "i": 2,
      "q": "480p"
    },
    "stream_url": "https://mega.nz/embed/AoFHFI7D#lEfncZYOBJ_GjtnsaQRXvDh6_fXJeN6aqtLfk7U4394",
    "is_default": false,
    "timestamp": "2025-09-12T09:30:37.364Z"
  },
  {
    "anime_title": "Danmachi Season 3",
    "episode_title": "Danmachi Season 3 Episode 12 (End) Subtitle Indonesia",
    "episode_link": "https://otakudesu.best/episode/dmcnh-s3-episode-12-sub-indo/",
    "episode_date": "5 Januari,2021",
    "server": "otakustream",
    "quality": "720p",
    "data_content": "eyJpZCI6MTAyNTgzLCJpIjowLCJxIjoiNzIwcCJ9",
    "decoded_data": {
      "id": 102583,
      "i": 0,
      "q": "720p"
    },
    "stream_url": "https://desustream.info/dstream/otakustream/v2/index.php?id=aVg2ekZsTzhYVHBwOWM3cVRqQ0dWdXBwYk1HTUh1M1ZXdzE4ZXpsWnZwcz0=",
    "is_default": false,
    "timestamp": "2025-09-12T09:30:37.417Z"
  },
  {
    "anime_title": "Danmachi Season 3",
    "episode_title": "Danmachi Season 3 Episode 12 (End) Subtitle Indonesia",
    "episode_link": "https://otakudesu.best/episode/dmcnh-s3-episode-12-sub-indo/",
    "episode_date": "5 Januari,2021",
    "server": "yourupload",
    "quality": "720p",
    "data_content": "eyJpZCI6MTAyNTgzLCJpIjoxLCJxIjoiNzIwcCJ9",
    "decoded_data": {
      "id": 102583,
      "i": 1,
      "q": "720p"
    },
    "stream_url": "https://desudrive.com/stream/yuplod.php?id=3LFH05780wtP",
    "is_default": false,
    "timestamp": "2025-09-12T09:30:37.491Z"
  },
  {
    "anime_title": "Danmachi Season 3",
    "episode_title": "Danmachi Season 3 Episode 12 (End) Subtitle Indonesia",
    "episode_link": "https://otakudesu.best/episode/dmcnh-s3-episode-12-sub-indo/",
    "episode_date": "5 Januari,2021",
    "server": "mega",
    "quality": "720p",
    "data_content": "eyJpZCI6MTAyNTgzLCJpIjoyLCJxIjoiNzIwcCJ9",
    "decoded_data": {
      "id": 102583,
      "i": 2,
      "q": "720p"
    },
    "stream_url": "https://mega.nz/embed/0lFHQShQ#K67RLkWhjkD4NcFCXTQhqJiqqb3l_jZriLXvLCXr1-4",
    "is_default": false,
    "timestamp": "2025-09-12T09:30:37.454Z"
  },
  {
    "anime_title": "Danmachi Season 4",
    "episode_title": "DanMachi Season 4 Episode 1 Subtitle Indonesia",
    "episode_link": "https://otakudesu.best/episode/dmcnh-s4-episode-1-sub-indo/",
    "episode_date": "9 Oktober,2022",
    "server": "moedesu",
    "quality": "480p",
    "data_content": "eyJpZCI6MTI3NDUyLCJpIjowLCJxIjoiNDgwcCJ9",
    "decoded_data": {
      "id": 127452,
      "i": 0,
      "q": "480p"
    },
    "stream_url": "https://desustream.info/dstream/moedesu/v2/index.php?id=cXpCRGNCcnRPR0h2OWxKUFNqWWJ5Z2R4VXV3RklhS1VZL2psVHFtR2wyVT0=",
    "is_default": true,
    "timestamp": "2025-09-12T09:30:38.410Z"
  },
  {
    "anime_title": "Danmachi Season 4",
    "episode_title": "DanMachi Season 4 Episode 1 Subtitle Indonesia",
    "episode_link": "https://otakudesu.best/episode/dmcnh-s4-episode-1-sub-indo/",
    "episode_date": "9 Oktober,2022",
    "server": "odstream",
    "quality": "480p",
    "data_content": "eyJpZCI6MTI3NDUyLCJpIjoxLCJxIjoiNDgwcCJ9",
    "decoded_data": {
      "id": 127452,
      "i": 1,
      "q": "480p"
    },
    "stream_url": "https://desustream.info/dstream/arcg/?id=TkE2U25jMis1OG8ya3NYbUZUeDZudWo0SGdCVys5VHJ5QUNIWTFQcGw5ST0=",
    "is_default": false,
    "timestamp": "2025-09-12T09:30:38.455Z"
  },
  {
    "anime_title": "Danmachi Season 4",
    "episode_title": "DanMachi Season 4 Episode 1 Subtitle Indonesia",
    "episode_link": "https://otakudesu.best/episode/dmcnh-s4-episode-1-sub-indo/",
    "episode_date": "9 Oktober,2022",
    "server": "mp4load",
    "quality": "480p",
    "data_content": "eyJpZCI6MTI3NDUyLCJpIjoyLCJxIjoiNDgwcCJ9",
    "decoded_data": {
      "id": 127452,
      "i": 2,
      "q": "480p"
    },
    "stream_url": "https://www.mp4upload.com/embed-ix5jysvv4tl5.html",
    "is_default": false,
    "timestamp": "2025-09-12T09:30:38.493Z"
  },
  {
    "anime_title": "Danmachi Season 4",
    "episode_title": "DanMachi Season 4 Episode 1 Subtitle Indonesia",
    "episode_link": "https://otakudesu.best/episode/dmcnh-s4-episode-1-sub-indo/",
    "episode_date": "9 Oktober,2022",
    "server": "mega",
    "quality": "480p",
    "data_content": "eyJpZCI6MTI3NDUyLCJpIjozLCJxIjoiNDgwcCJ9",
    "decoded_data": {
      "id": 127452,
      "i": 3,
      "q": "480p"
    },
    "stream_url": "https://mega.nz/embed/hTdxRahQ#3RB-t8wplfCx_nBXFu2MG02aFIN17zTZylnSRbeCqR0",
    "is_default": false,
    "timestamp": "2025-09-12T09:30:38.534Z"
  },
  {
    "anime_title": "Danmachi Season 4",
    "episode_title": "DanMachi Season 4 Episode 1 Subtitle Indonesia",
    "episode_link": "https://otakudesu.best/episode/dmcnh-s4-episode-1-sub-indo/",
    "episode_date": "9 Oktober,2022",
    "server": "moedesuhd",
    "quality": "720p",
    "data_content": "eyJpZCI6MTI3NDUyLCJpIjowLCJxIjoiNzIwcCJ9",
    "decoded_data": {
      "id": 127452,
      "i": 0,
      "q": "720p"
    },
    "stream_url": "https://desustream.info/dstream/moedesu/hd/v2/index.php?id=cXpCRGNCcnRPR0h2OWxKUFNqWWJ5Z2R4VXV3RklhS1VZL2psVHFtR2wyVT0=",
    "is_default": false,
    "timestamp": "2025-09-12T09:30:38.570Z"
  },
  {
    "anime_title": "Danmachi Season 4",
    "episode_title": "DanMachi Season 4 Episode 1 Subtitle Indonesia",
    "episode_link": "https://otakudesu.best/episode/dmcnh-s4-episode-1-sub-indo/",
    "episode_date": "9 Oktober,2022",
    "server": "odstreamhd",
    "quality": "720p",
    "data_content": "eyJpZCI6MTI3NDUyLCJpIjoxLCJxIjoiNzIwcCJ9",
    "decoded_data": {
      "id": 127452,
      "i": 1,
      "q": "720p"
    },
    "stream_url": "https://desustream.info/dstream/arcg/?id=TkE2U25jMis1OG8ya3NYbUZUeDZucXhOdUM2MHR6VXNUenVhbGQ4Y2cybERUaktOVCsyclBreWoxdUtzMFIzNQ==",
    "is_default": false,
    "timestamp": "2025-09-12T09:30:38.607Z"
  },
  {
    "anime_title": "Danmachi Season 4",
    "episode_title": "DanMachi Season 4 Episode 1 Subtitle Indonesia",
    "episode_link": "https://otakudesu.best/episode/dmcnh-s4-episode-1-sub-indo/",
    "episode_date": "9 Oktober,2022",
    "server": "mega",
    "quality": "720p",
    "data_content": "eyJpZCI6MTI3NDUyLCJpIjozLCJxIjoiNzIwcCJ9",
    "decoded_data": {
      "id": 127452,
      "i": 3,
      "q": "720p"
    },
    "stream_url": "https://mega.nz/embed/QaMmmTQR#u-ZSX49KuuszQ2P8zqjalt8WEfUwqua6BrNaFhfIju0",
    "is_default": false,
    "timestamp": "2025-09-12T09:30:38.859Z"
  },
  {
    "anime_title": "Danmachi Season 4",
    "episode_title": "DanMachi Season 4 Episode 1 Subtitle Indonesia",
    "episode_link": "https://otakudesu.best/episode/dmcnh-s4-episode-1-sub-indo/",
    "episode_date": "9 Oktober,2022",
    "server": "yourupload",
    "quality": "720p",
    "data_content": "eyJpZCI6MTI3NDUyLCJpIjoyLCJxIjoiNzIwcCJ9",
    "decoded_data": {
      "id": 127452,
      "i": 2,
      "q": "720p"
    },
    "stream_url": "https://desudrive.com/stream/yuplod.php?id=LsyxM2P42hLk",
    "is_default": false,
    "timestamp": "2025-09-12T09:30:38.896Z"
  },
  {
    "anime_title": "Danmachi Season 4",
    "episode_title": "DanMachi Season 4 Episode 1 Subtitle Indonesia",
    "episode_link": "https://otakudesu.best/episode/dmcnh-s4-episode-1-sub-indo/",
    "episode_date": "9 Oktober,2022",
    "server": "moedesu",
    "quality": "480p",
    "data_content": "eyJpZCI6MTI3NDUyLCJpIjowLCJxIjoiNDgwcCJ9",
    "decoded_data": {
      "id": 127452,
      "i": 0,
      "q": "480p"
    },
    "stream_url": "https://desustream.info/dstream/moedesu/v2/index.php?id=cXpCRGNCcnRPR0h2OWxKUFNqWWJ5Z2R4VXV3RklhS1VZL2psVHFtR2wyVT0=",
    "is_default": true,
    "timestamp": "2025-09-12T09:30:38.410Z"
  },
  {
    "anime_title": "Danmachi Season 4",
    "episode_title": "DanMachi Season 4 Episode 1 Subtitle Indonesia",
    "episode_link": "https://otakudesu.best/episode/dmcnh-s4-episode-1-sub-indo/",
    "episode_date": "9 Oktober,2022",
    "server": "odstream",
    "quality": "480p",
    "data_content": "eyJpZCI6MTI3NDUyLCJpIjoxLCJxIjoiNDgwcCJ9",
    "decoded_data": {
      "id": 127452,
      "i": 1,
      "q": "480p"
    },
    "stream_url": "https://desustream.info/dstream/arcg/?id=TkE2U25jMis1OG8ya3NYbUZUeDZudWo0SGdCVys5VHJ5QUNIWTFQcGw5ST0=",
    "is_default": false,
    "timestamp": "2025-09-12T09:30:38.455Z"
  },
  {
    "anime_title": "Danmachi Season 4",
    "episode_title": "DanMachi Season 4 Episode 1 Subtitle Indonesia",
    "episode_link": "https://otakudesu.best/episode/dmcnh-s4-episode-1-sub-indo/",
    "episode_date": "9 Oktober,2022",
    "server": "mp4load",
    "quality": "480p",
    "data_content": "eyJpZCI6MTI3NDUyLCJpIjoyLCJxIjoiNDgwcCJ9",
    "decoded_data": {
      "id": 127452,
      "i": 2,
      "q": "480p"
    },
    "stream_url": "https://www.mp4upload.com/embed-ix5jysvv4tl5.html",
    "is_default": false,
    "timestamp": "2025-09-12T09:30:38.493Z"
  },
  {
    "anime_title": "Danmachi Season 4",
    "episode_title": "DanMachi Season 4 Episode 1 Subtitle Indonesia",
    "episode_link": "https://otakudesu.best/episode/dmcnh-s4-episode-1-sub-indo/",
    "episode_date": "9 Oktober,2022",
    "server": "mega",
    "quality": "480p",
    "data_content": "eyJpZCI6MTI3NDUyLCJpIjozLCJxIjoiNDgwcCJ9",
    "decoded_data": {
      "id": 127452,
      "i": 3,
      "q": "480p"
    },
    "stream_url": "https://mega.nz/embed/hTdxRahQ#3RB-t8wplfCx_nBXFu2MG02aFIN17zTZylnSRbeCqR0",
    "is_default": false,
    "timestamp": "2025-09-12T09:30:38.534Z"
  },
  {
    "anime_title": "Danmachi Season 4",
    "episode_title": "DanMachi Season 4 Episode 1 Subtitle Indonesia",
    "episode_link": "https://otakudesu.best/episode/dmcnh-s4-episode-1-sub-indo/",
    "episode_date": "9 Oktober,2022",
    "server": "moedesuhd",
    "quality": "720p",
    "data_content": "eyJpZCI6MTI3NDUyLCJpIjowLCJxIjoiNzIwcCJ9",
    "decoded_data": {
      "id": 127452,
      "i": 0,
      "q": "720p"
    },
    "stream_url": "https://desustream.info/dstream/moedesu/hd/v2/index.php?id=cXpCRGNCcnRPR0h2OWxKUFNqWWJ5Z2R4VXV3RklhS1VZL2psVHFtR2wyVT0=",
    "is_default": false,
    "timestamp": "2025-09-12T09:30:38.570Z"
  },
  {
    "anime_title": "Danmachi Season 4",
    "episode_title": "DanMachi Season 4 Episode 1 Subtitle Indonesia",
    "episode_link": "https://otakudesu.best/episode/dmcnh-s4-episode-1-sub-indo/",
    "episode_date": "9 Oktober,2022",
    "server": "odstreamhd",
    "quality": "720p",
    "data_content": "eyJpZCI6MTI3NDUyLCJpIjoxLCJxIjoiNzIwcCJ9",
    "decoded_data": {
      "id": 127452,
      "i": 1,
      "q": "720p"
    },
    "stream_url": "https://desustream.info/dstream/arcg/?id=TkE2U25jMis1OG8ya3NYbUZUeDZucXhOdUM2MHR6VXNUenVhbGQ4Y2cybERUaktOVCsyclBreWoxdUtzMFIzNQ==",
    "is_default": false,
    "timestamp": "2025-09-12T09:30:38.607Z"
  },
  {
    "anime_title": "Danmachi Season 4",
    "episode_title": "DanMachi Season 4 Episode 1 Subtitle Indonesia",
    "episode_link": "https://otakudesu.best/episode/dmcnh-s4-episode-1-sub-indo/",
    "episode_date": "9 Oktober,2022",
    "server": "yourupload",
    "quality": "720p",
    "data_content": "eyJpZCI6MTI3NDUyLCJpIjoyLCJxIjoiNzIwcCJ9",
    "decoded_data": {
      "id": 127452,
      "i": 2,
      "q": "720p"
    },
    "stream_url": "https://desudrive.com/stream/yuplod.php?id=LsyxM2P42hLk",
    "is_default": false,
    "timestamp": "2025-09-12T09:30:38.896Z"
  },
  {
    "anime_title": "Danmachi Season 4",
    "episode_title": "DanMachi Season 4 Episode 1 Subtitle Indonesia",
    "episode_link": "https://otakudesu.best/episode/dmcnh-s4-episode-1-sub-indo/",
    "episode_date": "9 Oktober,2022",
    "server": "mega",
    "quality": "720p",
    "data_content": "eyJpZCI6MTI3NDUyLCJpIjozLCJxIjoiNzIwcCJ9",
    "decoded_data": {
      "id": 127452,
      "i": 3,
      "q": "720p"
    },
    "stream_url": "https://mega.nz/embed/QaMmmTQR#u-ZSX49KuuszQ2P8zqjalt8WEfUwqua6BrNaFhfIju0",
    "is_default": false,
    "timestamp": "2025-09-12T09:30:38.859Z"
  },
  {
    "anime_title": "Danmachi Season 4",
    "episode_title": "DanMachi Season 4 Episode 2 Subtitle Indonesia",
    "episode_link": "https://otakudesu.best/episode/dmcnh-s4-episode-2-sub-indo/",
    "episode_date": "9 Oktober,2022",
    "server": "moedesu",
    "quality": "480p",
    "data_content": "eyJpZCI6MTI3NDUzLCJpIjowLCJxIjoiNDgwcCJ9",
    "decoded_data": {
      "id": 127453,
      "i": 0,
      "q": "480p"
    },
    "stream_url": "https://desustream.info/dstream/moedesu/v2/index.php?id=cXpCRGNCcnRPR0h2OWxKUFNqWWJ5bGM2YWRSNk1lNDZ4V0czWDNjRUtnVT0=",
    "is_default": true,
    "timestamp": "2025-09-12T09:30:39.586Z"
  },
  {
    "anime_title": "Danmachi Season 4",
    "episode_title": "DanMachi Season 4 Episode 2 Subtitle Indonesia",
    "episode_link": "https://otakudesu.best/episode/dmcnh-s4-episode-2-sub-indo/",
    "episode_date": "9 Oktober,2022",
    "server": "odstream",
    "quality": "480p",
    "data_content": "eyJpZCI6MTI3NDUzLCJpIjoxLCJxIjoiNDgwcCJ9",
    "decoded_data": {
      "id": 127453,
      "i": 1,
      "q": "480p"
    },
    "stream_url": "https://desustream.info/dstream/arcg/?id=TkE2U25jMis1OG8ya3NYbUZUeDZubEZIWjNrMTd1QjBYZmJlUHlONTdCcz0=",
    "is_default": false,
    "timestamp": "2025-09-12T09:30:39.626Z"
  },
  {
    "anime_title": "Danmachi Season 4",
    "episode_title": "DanMachi Season 4 Episode 2 Subtitle Indonesia",
    "episode_link": "https://otakudesu.best/episode/dmcnh-s4-episode-2-sub-indo/",
    "episode_date": "9 Oktober,2022",
    "server": "mp4load",
    "quality": "480p",
    "data_content": "eyJpZCI6MTI3NDUzLCJpIjoyLCJxIjoiNDgwcCJ9",
    "decoded_data": {
      "id": 127453,
      "i": 2,
      "q": "480p"
    },
    "stream_url": "https://www.mp4upload.com/embed-u7quu0r5p1sp.html",
    "is_default": false,
    "timestamp": "2025-09-12T09:30:39.663Z"
  },
  {
    "anime_title": "Danmachi Season 4",
    "episode_title": "DanMachi Season 4 Episode 2 Subtitle Indonesia",
    "episode_link": "https://otakudesu.best/episode/dmcnh-s4-episode-2-sub-indo/",
    "episode_date": "9 Oktober,2022",
    "server": "mega",
    "quality": "480p",
    "data_content": "eyJpZCI6MTI3NDUzLCJpIjozLCJxIjoiNDgwcCJ9",
    "decoded_data": {
      "id": 127453,
      "i": 3,
      "q": "480p"
    },
    "stream_url": "https://mega.nz/embed/9PNAQZwD#XWAammTCLZY5m44_gfQQCnbB7E4Wqm4JCs4dAFHmsRQ",
    "is_default": false,
    "timestamp": "2025-09-12T09:30:39.700Z"
  },
  {
    "anime_title": "Danmachi Season 4",
    "episode_title": "DanMachi Season 4 Episode 2 Subtitle Indonesia",
    "episode_link": "https://otakudesu.best/episode/dmcnh-s4-episode-2-sub-indo/",
    "episode_date": "9 Oktober,2022",
    "server": "moedesuhd",
    "quality": "720p",
    "data_content": "eyJpZCI6MTI3NDUzLCJpIjowLCJxIjoiNzIwcCJ9",
    "decoded_data": {
      "id": 127453,
      "i": 0,
      "q": "720p"
    },
    "stream_url": "https://desustream.info/dstream/moedesu/hd/v2/index.php?id=cXpCRGNCcnRPR0h2OWxKUFNqWWJ5bGM2YWRSNk1lNDZ4V0czWDNjRUtnVT0=",
    "is_default": false,
    "timestamp": "2025-09-12T09:30:39.749Z"
  },
  {
    "anime_title": "Danmachi Season 4",
    "episode_title": "DanMachi Season 4 Episode 2 Subtitle Indonesia",
    "episode_link": "https://otakudesu.best/episode/dmcnh-s4-episode-2-sub-indo/",
    "episode_date": "9 Oktober,2022",
    "server": "odstreamhd",
    "quality": "720p",
    "data_content": "eyJpZCI6MTI3NDUzLCJpIjoxLCJxIjoiNzIwcCJ9",
    "decoded_data": {
      "id": 127453,
      "i": 1,
      "q": "720p"
    },
    "stream_url": "https://desustream.info/dstream/arcg/?id=TkE2U25jMis1OG8ya3NYbUZUeDZucXhOdUM2MHR6VXNUenVhbGQ4Y2cyaytscy91Z2g1cGtEd2F2aU5RS25FUQ==",
    "is_default": false,
    "timestamp": "2025-09-12T09:30:39.787Z"
  },
  {
    "anime_title": "Danmachi Season 4",
    "episode_title": "DanMachi Season 4 Episode 2 Subtitle Indonesia",
    "episode_link": "https://otakudesu.best/episode/dmcnh-s4-episode-2-sub-indo/",
    "episode_date": "9 Oktober,2022",
    "server": "yourupload",
    "quality": "720p",
    "data_content": "eyJpZCI6MTI3NDUzLCJpIjoyLCJxIjoiNzIwcCJ9",
    "decoded_data": {
      "id": 127453,
      "i": 2,
      "q": "720p"
    },
    "stream_url": "https://desudrive.com/stream/yuplod.php?id=5BBA8YX40PKt",
    "is_default": false,
    "timestamp": "2025-09-12T09:30:39.823Z"
  },
  {
    "anime_title": "Danmachi Season 4",
    "episode_title": "DanMachi Season 4 Episode 2 Subtitle Indonesia",
    "episode_link": "https://otakudesu.best/episode/dmcnh-s4-episode-2-sub-indo/",
    "episode_date": "9 Oktober,2022",
    "server": "mega",
    "quality": "720p",
    "data_content": "eyJpZCI6MTI3NDUzLCJpIjozLCJxIjoiNzIwcCJ9",
    "decoded_data": {
      "id": 127453,
      "i": 3,
      "q": "720p"
    },
    "stream_url": "https://mega.nz/embed/oT9SwRRI#e00h8-ZCo4-IxR3R1ldBAZCmL6pgPyi8LXcJKy5eVow",
    "is_default": false,
    "timestamp": "2025-09-12T09:30:39.861Z"
  },
  {
    "anime_title": "Danmachi Season 4",
    "episode_title": "DanMachi Season 4 Episode 2 Subtitle Indonesia",
    "episode_link": "https://otakudesu.best/episode/dmcnh-s4-episode-2-sub-indo/",
    "episode_date": "9 Oktober,2022",
    "server": "moedesu",
    "quality": "480p",
    "data_content": "eyJpZCI6MTI3NDUzLCJpIjowLCJxIjoiNDgwcCJ9",
    "decoded_data": {
      "id": 127453,
      "i": 0,
      "q": "480p"
    },
    "stream_url": "https://desustream.info/dstream/moedesu/v2/index.php?id=cXpCRGNCcnRPR0h2OWxKUFNqWWJ5bGM2YWRSNk1lNDZ4V0czWDNjRUtnVT0=",
    "is_default": true,
    "timestamp": "2025-09-12T09:30:39.586Z"
  },
  {
    "anime_title": "Danmachi Season 4",
    "episode_title": "DanMachi Season 4 Episode 2 Subtitle Indonesia",
    "episode_link": "https://otakudesu.best/episode/dmcnh-s4-episode-2-sub-indo/",
    "episode_date": "9 Oktober,2022",
    "server": "odstream",
    "quality": "480p",
    "data_content": "eyJpZCI6MTI3NDUzLCJpIjoxLCJxIjoiNDgwcCJ9",
    "decoded_data": {
      "id": 127453,
      "i": 1,
      "q": "480p"
    },
    "stream_url": "https://desustream.info/dstream/arcg/?id=TkE2U25jMis1OG8ya3NYbUZUeDZubEZIWjNrMTd1QjBYZmJlUHlONTdCcz0=",
    "is_default": false,
    "timestamp": "2025-09-12T09:30:39.626Z"
  },
  {
    "anime_title": "Danmachi Season 4",
    "episode_title": "DanMachi Season 4 Episode 2 Subtitle Indonesia",
    "episode_link": "https://otakudesu.best/episode/dmcnh-s4-episode-2-sub-indo/",
    "episode_date": "9 Oktober,2022",
    "server": "mp4load",
    "quality": "480p",
    "data_content": "eyJpZCI6MTI3NDUzLCJpIjoyLCJxIjoiNDgwcCJ9",
    "decoded_data": {
      "id": 127453,
      "i": 2,
      "q": "480p"
    },
    "stream_url": "https://www.mp4upload.com/embed-u7quu0r5p1sp.html",
    "is_default": false,
    "timestamp": "2025-09-12T09:30:39.663Z"
  },
  {
    "anime_title": "Danmachi Season 4",
    "episode_title": "DanMachi Season 4 Episode 2 Subtitle Indonesia",
    "episode_link": "https://otakudesu.best/episode/dmcnh-s4-episode-2-sub-indo/",
    "episode_date": "9 Oktober,2022",
    "server": "mega",
    "quality": "480p",
    "data_content": "eyJpZCI6MTI3NDUzLCJpIjozLCJxIjoiNDgwcCJ9",
    "decoded_data": {
      "id": 127453,
      "i": 3,
      "q": "480p"
    },
    "stream_url": "https://mega.nz/embed/9PNAQZwD#XWAammTCLZY5m44_gfQQCnbB7E4Wqm4JCs4dAFHmsRQ",
    "is_default": false,
    "timestamp": "2025-09-12T09:30:39.700Z"
  },
  {
    "anime_title": "Danmachi Season 4",
    "episode_title": "DanMachi Season 4 Episode 2 Subtitle Indonesia",
    "episode_link": "https://otakudesu.best/episode/dmcnh-s4-episode-2-sub-indo/",
    "episode_date": "9 Oktober,2022",
    "server": "moedesuhd",
    "quality": "720p",
    "data_content": "eyJpZCI6MTI3NDUzLCJpIjowLCJxIjoiNzIwcCJ9",
    "decoded_data": {
      "id": 127453,
      "i": 0,
      "q": "720p"
    },
    "stream_url": "https://desustream.info/dstream/moedesu/hd/v2/index.php?id=cXpCRGNCcnRPR0h2OWxKUFNqWWJ5bGM2YWRSNk1lNDZ4V0czWDNjRUtnVT0=",
    "is_default": false,
    "timestamp": "2025-09-12T09:30:39.749Z"
  },
  {
    "anime_title": "Danmachi Season 4",
    "episode_title": "DanMachi Season 4 Episode 2 Subtitle Indonesia",
    "episode_link": "https://otakudesu.best/episode/dmcnh-s4-episode-2-sub-indo/",
    "episode_date": "9 Oktober,2022",
    "server": "odstreamhd",
    "quality": "720p",
    "data_content": "eyJpZCI6MTI3NDUzLCJpIjoxLCJxIjoiNzIwcCJ9",
    "decoded_data": {
      "id": 127453,
      "i": 1,
      "q": "720p"
    },
    "stream_url": "https://desustream.info/dstream/arcg/?id=TkE2U25jMis1OG8ya3NYbUZUeDZucXhOdUM2MHR6VXNUenVhbGQ4Y2cyaytscy91Z2g1cGtEd2F2aU5RS25FUQ==",
    "is_default": false,
    "timestamp": "2025-09-12T09:30:39.787Z"
  },
  {
    "anime_title": "Danmachi Season 4",
    "episode_title": "DanMachi Season 4 Episode 2 Subtitle Indonesia",
    "episode_link": "https://otakudesu.best/episode/dmcnh-s4-episode-2-sub-indo/",
    "episode_date": "9 Oktober,2022",
    "server": "yourupload",
    "quality": "720p",
    "data_content": "eyJpZCI6MTI3NDUzLCJpIjoyLCJxIjoiNzIwcCJ9",
    "decoded_data": {
      "id": 127453,
      "i": 2,
      "q": "720p"
    },
    "stream_url": "https://desudrive.com/stream/yuplod.php?id=5BBA8YX40PKt",
    "is_default": false,
    "timestamp": "2025-09-12T09:30:39.823Z"
  },
  {
    "anime_title": "Danmachi Season 4",
    "episode_title": "DanMachi Season 4 Episode 2 Subtitle Indonesia",
    "episode_link": "https://otakudesu.best/episode/dmcnh-s4-episode-2-sub-indo/",
    "episode_date": "9 Oktober,2022",
    "server": "mega",
    "quality": "720p",
    "data_content": "eyJpZCI6MTI3NDUzLCJpIjozLCJxIjoiNzIwcCJ9",
    "decoded_data": {
      "id": 127453,
      "i": 3,
      "q": "720p"
    },
    "stream_url": "https://mega.nz/embed/oT9SwRRI#e00h8-ZCo4-IxR3R1ldBAZCmL6pgPyi8LXcJKy5eVow",
    "is_default": false,
    "timestamp": "2025-09-12T09:30:39.861Z"
  },
  {
    "anime_title": "Danmachi Season 4",
    "episode_title": "DanMachi Season 4 Episode 3 Subtitle Indonesia",
    "episode_link": "https://otakudesu.best/episode/dmcnh-s4-episode-3-sub-indo/",
    "episode_date": "9 Oktober,2022",
    "server": "moedesu",
    "quality": "480p",
    "data_content": "eyJpZCI6MTI3NDU0LCJpIjowLCJxIjoiNDgwcCJ9",
    "decoded_data": {
      "id": 127454,
      "i": 0,
      "q": "480p"
    },
    "stream_url": "https://desustream.info/dstream/moedesu/v2/index.php?id=cXpCRGNCcnRPR0h2OWxKUFNqWWJ5aHgzQ3Q4MXNvdG1tRlV2RGNyUC9TYz0=",
    "is_default": true,
    "timestamp": "2025-09-12T09:30:40.524Z"
  },
  {
    "anime_title": "Danmachi Season 4",
    "episode_title": "DanMachi Season 4 Episode 3 Subtitle Indonesia",
    "episode_link": "https://otakudesu.best/episode/dmcnh-s4-episode-3-sub-indo/",
    "episode_date": "9 Oktober,2022",
    "server": "odstream",
    "quality": "480p",
    "data_content": "eyJpZCI6MTI3NDU0LCJpIjoxLCJxIjoiNDgwcCJ9",
    "decoded_data": {
      "id": 127454,
      "i": 1,
      "q": "480p"
    },
    "stream_url": "https://desustream.info/dstream/arcg/?id=TkE2U25jMis1OG8ya3NYbUZUeDZubWtyUG40M1hMdi9zaWNWYUV6Mnd0ST0=",
    "is_default": false,
    "timestamp": "2025-09-12T09:30:40.564Z"
  },
  {
    "anime_title": "Danmachi Season 4",
    "episode_title": "DanMachi Season 4 Episode 3 Subtitle Indonesia",
    "episode_link": "https://otakudesu.best/episode/dmcnh-s4-episode-3-sub-indo/",
    "episode_date": "9 Oktober,2022",
    "server": "mp4load",
    "quality": "480p",
    "data_content": "eyJpZCI6MTI3NDU0LCJpIjoyLCJxIjoiNDgwcCJ9",
    "decoded_data": {
      "id": 127454,
      "i": 2,
      "q": "480p"
    },
    "stream_url": "https://www.mp4upload.com/embed-4hh98t76ic05.html",
    "is_default": false,
    "timestamp": "2025-09-12T09:30:40.602Z"
  },
  {
    "anime_title": "Danmachi Season 4",
    "episode_title": "DanMachi Season 4 Episode 3 Subtitle Indonesia",
    "episode_link": "https://otakudesu.best/episode/dmcnh-s4-episode-3-sub-indo/",
    "episode_date": "9 Oktober,2022",
    "server": "mega",
    "quality": "480p",
    "data_content": "eyJpZCI6MTI3NDU0LCJpIjozLCJxIjoiNDgwcCJ9",
    "decoded_data": {
      "id": 127454,
      "i": 3,
      "q": "480p"
    },
    "stream_url": "https://mega.nz/embed/IHMSQAoK#i_9lDIFyxXMRQgxb5zbmkN9xU6EXLRxZzs-nAzerhfg",
    "is_default": false,
    "timestamp": "2025-09-12T09:30:40.648Z"
  },
  {
    "anime_title": "Danmachi Season 4",
    "episode_title": "DanMachi Season 4 Episode 3 Subtitle Indonesia",
    "episode_link": "https://otakudesu.best/episode/dmcnh-s4-episode-3-sub-indo/",
    "episode_date": "9 Oktober,2022",
    "server": "moedesuhd",
    "quality": "720p",
    "data_content": "eyJpZCI6MTI3NDU0LCJpIjowLCJxIjoiNzIwcCJ9",
    "decoded_data": {
      "id": 127454,
      "i": 0,
      "q": "720p"
    },
    "stream_url": "https://desustream.info/dstream/moedesu/hd/v2/index.php?id=cXpCRGNCcnRPR0h2OWxKUFNqWWJ5aHgzQ3Q4MXNvdG1tRlV2RGNyUC9TYz0=",
    "is_default": false,
    "timestamp": "2025-09-12T09:30:40.700Z"
  },
  {
    "anime_title": "Danmachi Season 4",
    "episode_title": "DanMachi Season 4 Episode 3 Subtitle Indonesia",
    "episode_link": "https://otakudesu.best/episode/dmcnh-s4-episode-3-sub-indo/",
    "episode_date": "9 Oktober,2022",
    "server": "odstreamhd",
    "quality": "720p",
    "data_content": "eyJpZCI6MTI3NDU0LCJpIjoxLCJxIjoiNzIwcCJ9",
    "decoded_data": {
      "id": 127454,
      "i": 1,
      "q": "720p"
    },
    "stream_url": "https://desustream.info/dstream/arcg/?id=TkE2U25jMis1OG8ya3NYbUZUeDZucXhOdUM2MHR6VXNUenVhbGQ4Y2cybWxEQWt1WDhpNElCempEZnFzdjdGbA==",
    "is_default": false,
    "timestamp": "2025-09-12T09:30:40.739Z"
  },
  {
    "anime_title": "Danmachi Season 4",
    "episode_title": "DanMachi Season 4 Episode 3 Subtitle Indonesia",
    "episode_link": "https://otakudesu.best/episode/dmcnh-s4-episode-3-sub-indo/",
    "episode_date": "9 Oktober,2022",
    "server": "yourupload",
    "quality": "720p",
    "data_content": "eyJpZCI6MTI3NDU0LCJpIjoyLCJxIjoiNzIwcCJ9",
    "decoded_data": {
      "id": 127454,
      "i": 2,
      "q": "720p"
    },
    "stream_url": "https://desudrive.com/stream/yuplod.php?id=ELuBrly38EHB",
    "is_default": false,
    "timestamp": "2025-09-12T09:30:40.773Z"
  },
  {
    "anime_title": "Danmachi Season 4",
    "episode_title": "DanMachi Season 4 Episode 3 Subtitle Indonesia",
    "episode_link": "https://otakudesu.best/episode/dmcnh-s4-episode-3-sub-indo/",
    "episode_date": "9 Oktober,2022",
    "server": "mega",
    "quality": "720p",
    "data_content": "eyJpZCI6MTI3NDU0LCJpIjozLCJxIjoiNzIwcCJ9",
    "decoded_data": {
      "id": 127454,
      "i": 3,
      "q": "720p"
    },
    "stream_url": "https://mega.nz/embed/cXE2gYJA#oTk8wpMQSQv0SrRUFf295jqo-f5wyaRpd1ENmV5pGzg",
    "is_default": false,
    "timestamp": "2025-09-12T09:30:40.810Z"
  },
  {
    "anime_title": "Danmachi Season 4",
    "episode_title": "DanMachi Season 4 Episode 3 Subtitle Indonesia",
    "episode_link": "https://otakudesu.best/episode/dmcnh-s4-episode-3-sub-indo/",
    "episode_date": "9 Oktober,2022",
    "server": "moedesu",
    "quality": "480p",
    "data_content": "eyJpZCI6MTI3NDU0LCJpIjowLCJxIjoiNDgwcCJ9",
    "decoded_data": {
      "id": 127454,
      "i": 0,
      "q": "480p"
    },
    "stream_url": "https://desustream.info/dstream/moedesu/v2/index.php?id=cXpCRGNCcnRPR0h2OWxKUFNqWWJ5aHgzQ3Q4MXNvdG1tRlV2RGNyUC9TYz0=",
    "is_default": true,
    "timestamp": "2025-09-12T09:30:40.524Z"
  },
  {
    "anime_title": "Danmachi Season 4",
    "episode_title": "DanMachi Season 4 Episode 3 Subtitle Indonesia",
    "episode_link": "https://otakudesu.best/episode/dmcnh-s4-episode-3-sub-indo/",
    "episode_date": "9 Oktober,2022",
    "server": "odstream",
    "quality": "480p",
    "data_content": "eyJpZCI6MTI3NDU0LCJpIjoxLCJxIjoiNDgwcCJ9",
    "decoded_data": {
      "id": 127454,
      "i": 1,
      "q": "480p"
    },
    "stream_url": "https://desustream.info/dstream/arcg/?id=TkE2U25jMis1OG8ya3NYbUZUeDZubWtyUG40M1hMdi9zaWNWYUV6Mnd0ST0=",
    "is_default": false,
    "timestamp": "2025-09-12T09:30:40.564Z"
  },
  {
    "anime_title": "Danmachi Season 4",
    "episode_title": "DanMachi Season 4 Episode 3 Subtitle Indonesia",
    "episode_link": "https://otakudesu.best/episode/dmcnh-s4-episode-3-sub-indo/",
    "episode_date": "9 Oktober,2022",
    "server": "mp4load",
    "quality": "480p",
    "data_content": "eyJpZCI6MTI3NDU0LCJpIjoyLCJxIjoiNDgwcCJ9",
    "decoded_data": {
      "id": 127454,
      "i": 2,
      "q": "480p"
    },
    "stream_url": "https://www.mp4upload.com/embed-4hh98t76ic05.html",
    "is_default": false,
    "timestamp": "2025-09-12T09:30:40.602Z"
  },
  {
    "anime_title": "Danmachi Season 4",
    "episode_title": "DanMachi Season 4 Episode 3 Subtitle Indonesia",
    "episode_link": "https://otakudesu.best/episode/dmcnh-s4-episode-3-sub-indo/",
    "episode_date": "9 Oktober,2022",
    "server": "mega",
    "quality": "480p",
    "data_content": "eyJpZCI6MTI3NDU0LCJpIjozLCJxIjoiNDgwcCJ9",
    "decoded_data": {
      "id": 127454,
      "i": 3,
      "q": "480p"
    },
    "stream_url": "https://mega.nz/embed/IHMSQAoK#i_9lDIFyxXMRQgxb5zbmkN9xU6EXLRxZzs-nAzerhfg",
    "is_default": false,
    "timestamp": "2025-09-12T09:30:40.648Z"
  },
  {
    "anime_title": "Danmachi Season 4",
    "episode_title": "DanMachi Season 4 Episode 3 Subtitle Indonesia",
    "episode_link": "https://otakudesu.best/episode/dmcnh-s4-episode-3-sub-indo/",
    "episode_date": "9 Oktober,2022",
    "server": "moedesuhd",
    "quality": "720p",
    "data_content": "eyJpZCI6MTI3NDU0LCJpIjowLCJxIjoiNzIwcCJ9",
    "decoded_data": {
      "id": 127454,
      "i": 0,
      "q": "720p"
    },
    "stream_url": "https://desustream.info/dstream/moedesu/hd/v2/index.php?id=cXpCRGNCcnRPR0h2OWxKUFNqWWJ5aHgzQ3Q4MXNvdG1tRlV2RGNyUC9TYz0=",
    "is_default": false,
    "timestamp": "2025-09-12T09:30:40.700Z"
  },
  {
    "anime_title": "Danmachi Season 4",
    "episode_title": "DanMachi Season 4 Episode 3 Subtitle Indonesia",
    "episode_link": "https://otakudesu.best/episode/dmcnh-s4-episode-3-sub-indo/",
    "episode_date": "9 Oktober,2022",
    "server": "odstreamhd",
    "quality": "720p",
    "data_content": "eyJpZCI6MTI3NDU0LCJpIjoxLCJxIjoiNzIwcCJ9",
    "decoded_data": {
      "id": 127454,
      "i": 1,
      "q": "720p"
    },
    "stream_url": "https://desustream.info/dstream/arcg/?id=TkE2U25jMis1OG8ya3NYbUZUeDZucXhOdUM2MHR6VXNUenVhbGQ4Y2cybWxEQWt1WDhpNElCempEZnFzdjdGbA==",
    "is_default": false,
    "timestamp": "2025-09-12T09:30:40.739Z"
  },
  {
    "anime_title": "Danmachi Season 4",
    "episode_title": "DanMachi Season 4 Episode 3 Subtitle Indonesia",
    "episode_link": "https://otakudesu.best/episode/dmcnh-s4-episode-3-sub-indo/",
    "episode_date": "9 Oktober,2022",
    "server": "yourupload",
    "quality": "720p",
    "data_content": "eyJpZCI6MTI3NDU0LCJpIjoyLCJxIjoiNzIwcCJ9",
    "decoded_data": {
      "id": 127454,
      "i": 2,
      "q": "720p"
    },
    "stream_url": "https://desudrive.com/stream/yuplod.php?id=ELuBrly38EHB",
    "is_default": false,
    "timestamp": "2025-09-12T09:30:40.773Z"
  },
  {
    "anime_title": "Danmachi Season 4",
    "episode_title": "DanMachi Season 4 Episode 3 Subtitle Indonesia",
    "episode_link": "https://otakudesu.best/episode/dmcnh-s4-episode-3-sub-indo/",
    "episode_date": "9 Oktober,2022",
    "server": "mega",
    "quality": "720p",
    "data_content": "eyJpZCI6MTI3NDU0LCJpIjozLCJxIjoiNzIwcCJ9",
    "decoded_data": {
      "id": 127454,
      "i": 3,
      "q": "720p"
    },
    "stream_url": "https://mega.nz/embed/cXE2gYJA#oTk8wpMQSQv0SrRUFf295jqo-f5wyaRpd1ENmV5pGzg",
    "is_default": false,
    "timestamp": "2025-09-12T09:30:40.810Z"
  },
  {
    "anime_title": "Danmachi Season 4",
    "episode_title": "DanMachi Season 4 Episode 4 Subtitle Indonesia",
    "episode_link": "https://otakudesu.best/episode/dmcnh-s4-episode-4-sub-indo/",
    "episode_date": "9 Oktober,2022",
    "server": "moedesu",
    "quality": "480p",
    "data_content": "eyJpZCI6MTI3NDU1LCJpIjowLCJxIjoiNDgwcCJ9",
    "decoded_data": {
      "id": 127455,
      "i": 0,
      "q": "480p"
    },
    "stream_url": "https://desustream.info/dstream/moedesu/v2/index.php?id=cXpCRGNCcnRPR0h2OWxKUFNqWWJ5cWFic3Avcld4UndXUUUxL1pXNEg0Zz0=",
    "is_default": true,
    "timestamp": "2025-09-12T09:30:41.478Z"
  },
  {
    "anime_title": "Danmachi Season 4",
    "episode_title": "DanMachi Season 4 Episode 4 Subtitle Indonesia",
    "episode_link": "https://otakudesu.best/episode/dmcnh-s4-episode-4-sub-indo/",
    "episode_date": "9 Oktober,2022",
    "server": "odstream",
    "quality": "480p",
    "data_content": "eyJpZCI6MTI3NDU1LCJpIjoxLCJxIjoiNDgwcCJ9",
    "decoded_data": {
      "id": 127455,
      "i": 1,
      "q": "480p"
    },
    "stream_url": "https://desustream.info/dstream/arcg/?id=TkE2U25jMis1OG8ya3NYbUZUeDZudm1YTGpjQ3pmNVRXMStsTTcyODdrVT0=",
    "is_default": false,
    "timestamp": "2025-09-12T09:30:41.518Z"
  },
  {
    "anime_title": "Danmachi Season 4",
    "episode_title": "DanMachi Season 4 Episode 4 Subtitle Indonesia",
    "episode_link": "https://otakudesu.best/episode/dmcnh-s4-episode-4-sub-indo/",
    "episode_date": "9 Oktober,2022",
    "server": "mp4load",
    "quality": "480p",
    "data_content": "eyJpZCI6MTI3NDU1LCJpIjoyLCJxIjoiNDgwcCJ9",
    "decoded_data": {
      "id": 127455,
      "i": 2,
      "q": "480p"
    },
    "stream_url": "https://www.mp4upload.com/embed-rnvsqavh3qni.html",
    "is_default": false,
    "timestamp": "2025-09-12T09:30:41.560Z"
  },
  {
    "anime_title": "Danmachi Season 4",
    "episode_title": "DanMachi Season 4 Episode 4 Subtitle Indonesia",
    "episode_link": "https://otakudesu.best/episode/dmcnh-s4-episode-4-sub-indo/",
    "episode_date": "9 Oktober,2022",
    "server": "mega",
    "quality": "480p",
    "data_content": "eyJpZCI6MTI3NDU1LCJpIjozLCJxIjoiNDgwcCJ9",
    "decoded_data": {
      "id": 127455,
      "i": 3,
      "q": "480p"
    },
    "stream_url": "https://mega.nz/embed/xS9WnJCQ#K58kC7Mo3gQW8j-pl6LzdlIjE8qd9ccURpKw81-wQ-o",
    "is_default": false,
    "timestamp": "2025-09-12T09:30:41.596Z"
  },
  {
    "anime_title": "Danmachi Season 4",
    "episode_title": "DanMachi Season 4 Episode 4 Subtitle Indonesia",
    "episode_link": "https://otakudesu.best/episode/dmcnh-s4-episode-4-sub-indo/",
    "episode_date": "9 Oktober,2022",
    "server": "odstreamhd",
    "quality": "720p",
    "data_content": "eyJpZCI6MTI3NDU1LCJpIjoxLCJxIjoiNzIwcCJ9",
    "decoded_data": {
      "id": 127455,
      "i": 1,
      "q": "720p"
    },
    "stream_url": "https://desustream.info/dstream/arcg/?id=TkE2U25jMis1OG8ya3NYbUZUeDZucXhOdUM2MHR6VXNUenVhbGQ4Y2cybVoxbnUxWk9OOTFYTkpLR1ROb3EweA==",
    "is_default": false,
    "timestamp": "2025-09-12T09:30:41.647Z"
  },
  {
    "anime_title": "Danmachi Season 4",
    "episode_title": "DanMachi Season 4 Episode 4 Subtitle Indonesia",
    "episode_link": "https://otakudesu.best/episode/dmcnh-s4-episode-4-sub-indo/",
    "episode_date": "9 Oktober,2022",
    "server": "moedesuhd",
    "quality": "720p",
    "data_content": "eyJpZCI6MTI3NDU1LCJpIjowLCJxIjoiNzIwcCJ9",
    "decoded_data": {
      "id": 127455,
      "i": 0,
      "q": "720p"
    },
    "stream_url": "https://desustream.info/dstream/moedesu/hd/v2/index.php?id=cXpCRGNCcnRPR0h2OWxKUFNqWWJ5cWFic3Avcld4UndXUUUxL1pXNEg0Zz0=",
    "is_default": false,
    "timestamp": "2025-09-12T09:30:41.684Z"
  },
  {
    "anime_title": "Danmachi Season 4",
    "episode_title": "DanMachi Season 4 Episode 4 Subtitle Indonesia",
    "episode_link": "https://otakudesu.best/episode/dmcnh-s4-episode-4-sub-indo/",
    "episode_date": "9 Oktober,2022",
    "server": "yourupload",
    "quality": "720p",
    "data_content": "eyJpZCI6MTI3NDU1LCJpIjoyLCJxIjoiNzIwcCJ9",
    "decoded_data": {
      "id": 127455,
      "i": 2,
      "q": "720p"
    },
    "stream_url": "https://desudrive.com/stream/yuplod.php?id=77o26Uk3hDRn",
    "is_default": false,
    "timestamp": "2025-09-12T09:30:41.721Z"
  },
  {
    "anime_title": "Danmachi Season 4",
    "episode_title": "DanMachi Season 4 Episode 4 Subtitle Indonesia",
    "episode_link": "https://otakudesu.best/episode/dmcnh-s4-episode-4-sub-indo/",
    "episode_date": "9 Oktober,2022",
    "server": "mega",
    "quality": "720p",
    "data_content": "eyJpZCI6MTI3NDU1LCJpIjozLCJxIjoiNzIwcCJ9",
    "decoded_data": {
      "id": 127455,
      "i": 3,
      "q": "720p"
    },
    "stream_url": "https://mega.nz/embed/wSMhmLCL#rwadEVsvwMWuBT1tLweR_2l7oDHjderVS10EDrS1oGc",
    "is_default": false,
    "timestamp": "2025-09-12T09:30:41.756Z"
  },
  {
    "anime_title": "Danmachi Season 4",
    "episode_title": "DanMachi Season 4 Episode 4 Subtitle Indonesia",
    "episode_link": "https://otakudesu.best/episode/dmcnh-s4-episode-4-sub-indo/",
    "episode_date": "9 Oktober,2022",
    "server": "moedesu",
    "quality": "480p",
    "data_content": "eyJpZCI6MTI3NDU1LCJpIjowLCJxIjoiNDgwcCJ9",
    "decoded_data": {
      "id": 127455,
      "i": 0,
      "q": "480p"
    },
    "stream_url": "https://desustream.info/dstream/moedesu/v2/index.php?id=cXpCRGNCcnRPR0h2OWxKUFNqWWJ5cWFic3Avcld4UndXUUUxL1pXNEg0Zz0=",
    "is_default": true,
    "timestamp": "2025-09-12T09:30:41.478Z"
  },
  {
    "anime_title": "Danmachi Season 4",
    "episode_title": "DanMachi Season 4 Episode 4 Subtitle Indonesia",
    "episode_link": "https://otakudesu.best/episode/dmcnh-s4-episode-4-sub-indo/",
    "episode_date": "9 Oktober,2022",
    "server": "odstream",
    "quality": "480p",
    "data_content": "eyJpZCI6MTI3NDU1LCJpIjoxLCJxIjoiNDgwcCJ9",
    "decoded_data": {
      "id": 127455,
      "i": 1,
      "q": "480p"
    },
    "stream_url": "https://desustream.info/dstream/arcg/?id=TkE2U25jMis1OG8ya3NYbUZUeDZudm1YTGpjQ3pmNVRXMStsTTcyODdrVT0=",
    "is_default": false,
    "timestamp": "2025-09-12T09:30:41.518Z"
  },
  {
    "anime_title": "Danmachi Season 4",
    "episode_title": "DanMachi Season 4 Episode 4 Subtitle Indonesia",
    "episode_link": "https://otakudesu.best/episode/dmcnh-s4-episode-4-sub-indo/",
    "episode_date": "9 Oktober,2022",
    "server": "mp4load",
    "quality": "480p",
    "data_content": "eyJpZCI6MTI3NDU1LCJpIjoyLCJxIjoiNDgwcCJ9",
    "decoded_data": {
      "id": 127455,
      "i": 2,
      "q": "480p"
    },
    "stream_url": "https://www.mp4upload.com/embed-rnvsqavh3qni.html",
    "is_default": false,
    "timestamp": "2025-09-12T09:30:41.560Z"
  },
  {
    "anime_title": "Danmachi Season 4",
    "episode_title": "DanMachi Season 4 Episode 4 Subtitle Indonesia",
    "episode_link": "https://otakudesu.best/episode/dmcnh-s4-episode-4-sub-indo/",
    "episode_date": "9 Oktober,2022",
    "server": "mega",
    "quality": "480p",
    "data_content": "eyJpZCI6MTI3NDU1LCJpIjozLCJxIjoiNDgwcCJ9",
    "decoded_data": {
      "id": 127455,
      "i": 3,
      "q": "480p"
    },
    "stream_url": "https://mega.nz/embed/xS9WnJCQ#K58kC7Mo3gQW8j-pl6LzdlIjE8qd9ccURpKw81-wQ-o",
    "is_default": false,
    "timestamp": "2025-09-12T09:30:41.596Z"
  },
  {
    "anime_title": "Danmachi Season 4",
    "episode_title": "DanMachi Season 4 Episode 4 Subtitle Indonesia",
    "episode_link": "https://otakudesu.best/episode/dmcnh-s4-episode-4-sub-indo/",
    "episode_date": "9 Oktober,2022",
    "server": "moedesuhd",
    "quality": "720p",
    "data_content": "eyJpZCI6MTI3NDU1LCJpIjowLCJxIjoiNzIwcCJ9",
    "decoded_data": {
      "id": 127455,
      "i": 0,
      "q": "720p"
    },
    "stream_url": "https://desustream.info/dstream/moedesu/hd/v2/index.php?id=cXpCRGNCcnRPR0h2OWxKUFNqWWJ5cWFic3Avcld4UndXUUUxL1pXNEg0Zz0=",
    "is_default": false,
    "timestamp": "2025-09-12T09:30:41.684Z"
  },
  {
    "anime_title": "Danmachi Season 4",
    "episode_title": "DanMachi Season 4 Episode 4 Subtitle Indonesia",
    "episode_link": "https://otakudesu.best/episode/dmcnh-s4-episode-4-sub-indo/",
    "episode_date": "9 Oktober,2022",
    "server": "odstreamhd",
    "quality": "720p",
    "data_content": "eyJpZCI6MTI3NDU1LCJpIjoxLCJxIjoiNzIwcCJ9",
    "decoded_data": {
      "id": 127455,
      "i": 1,
      "q": "720p"
    },
    "stream_url": "https://desustream.info/dstream/arcg/?id=TkE2U25jMis1OG8ya3NYbUZUeDZucXhOdUM2MHR6VXNUenVhbGQ4Y2cybVoxbnUxWk9OOTFYTkpLR1ROb3EweA==",
    "is_default": false,
    "timestamp": "2025-09-12T09:30:41.647Z"
  },
  {
    "anime_title": "Danmachi Season 4",
    "episode_title": "DanMachi Season 4 Episode 4 Subtitle Indonesia",
    "episode_link": "https://otakudesu.best/episode/dmcnh-s4-episode-4-sub-indo/",
    "episode_date": "9 Oktober,2022",
    "server": "yourupload",
    "quality": "720p",
    "data_content": "eyJpZCI6MTI3NDU1LCJpIjoyLCJxIjoiNzIwcCJ9",
    "decoded_data": {
      "id": 127455,
      "i": 2,
      "q": "720p"
    },
    "stream_url": "https://desudrive.com/stream/yuplod.php?id=77o26Uk3hDRn",
    "is_default": false,
    "timestamp": "2025-09-12T09:30:41.721Z"
  },
  {
    "anime_title": "Danmachi Season 4",
    "episode_title": "DanMachi Season 4 Episode 4 Subtitle Indonesia",
    "episode_link": "https://otakudesu.best/episode/dmcnh-s4-episode-4-sub-indo/",
    "episode_date": "9 Oktober,2022",
    "server": "mega",
    "quality": "720p",
    "data_content": "eyJpZCI6MTI3NDU1LCJpIjozLCJxIjoiNzIwcCJ9",
    "decoded_data": {
      "id": 127455,
      "i": 3,
      "q": "720p"
    },
    "stream_url": "https://mega.nz/embed/wSMhmLCL#rwadEVsvwMWuBT1tLweR_2l7oDHjderVS10EDrS1oGc",
    "is_default": false,
    "timestamp": "2025-09-12T09:30:41.756Z"
  },
  {
    "anime_title": "Danmachi Season 4",
    "episode_title": "DanMachi Season 4 Episode 5 Subtitle Indonesia",
    "episode_link": "https://otakudesu.best/episode/dmcnh-s4-episode-5-sub-indo/",
    "episode_date": "9 Oktober,2022",
    "server": "moedesu",
    "quality": "480p",
    "data_content": "eyJpZCI6MTI3NDU2LCJpIjowLCJxIjoiNDgwcCJ9",
    "decoded_data": {
      "id": 127456,
      "i": 0,
      "q": "480p"
    },
    "stream_url": "https://desustream.info/dstream/moedesu/v2/index.php?id=cXpCRGNCcnRPR0h2OWxKUFNqWWJ5bVQyMThsNW1xTC9jTC9Td2lBTGkyRT0=",
    "is_default": true,
    "timestamp": "2025-09-12T09:30:42.401Z"
  },
  {
    "anime_title": "Danmachi Season 4",
    "episode_title": "DanMachi Season 4 Episode 5 Subtitle Indonesia",
    "episode_link": "https://otakudesu.best/episode/dmcnh-s4-episode-5-sub-indo/",
    "episode_date": "9 Oktober,2022",
    "server": "odstream",
    "quality": "480p",
    "data_content": "eyJpZCI6MTI3NDU2LCJpIjoxLCJxIjoiNDgwcCJ9",
    "decoded_data": {
      "id": 127456,
      "i": 1,
      "q": "480p"
    },
    "stream_url": "https://desustream.info/dstream/arcg/?id=TkE2U25jMis1OG8ya3NYbUZUeDZucExuTzlMczhNa1ppd0xUT29jNzFCdz0=",
    "is_default": false,
    "timestamp": "2025-09-12T09:30:42.444Z"
  },
  {
    "anime_title": "Danmachi Season 4",
    "episode_title": "DanMachi Season 4 Episode 5 Subtitle Indonesia",
    "episode_link": "https://otakudesu.best/episode/dmcnh-s4-episode-5-sub-indo/",
    "episode_date": "9 Oktober,2022",
    "server": "mp4load",
    "quality": "480p",
    "data_content": "eyJpZCI6MTI3NDU2LCJpIjoyLCJxIjoiNDgwcCJ9",
    "decoded_data": {
      "id": 127456,
      "i": 2,
      "q": "480p"
    },
    "stream_url": "https://www.mp4upload.com/embed-fhzjvtqexg1a.html",
    "is_default": false,
    "timestamp": "2025-09-12T09:30:42.530Z"
  },
  {
    "anime_title": "Danmachi Season 4",
    "episode_title": "DanMachi Season 4 Episode 5 Subtitle Indonesia",
    "episode_link": "https://otakudesu.best/episode/dmcnh-s4-episode-5-sub-indo/",
    "episode_date": "9 Oktober,2022",
    "server": "mega",
    "quality": "480p",
    "data_content": "eyJpZCI6MTI3NDU2LCJpIjozLCJxIjoiNDgwcCJ9",
    "decoded_data": {
      "id": 127456,
      "i": 3,
      "q": "480p"
    },
    "stream_url": "https://mega.nz/embed/NPU1GZCQ#yEQrpdSij1qcCZIdL84iadBvzmSa2QWHQDv0Ymt6nik",
    "is_default": false,
    "timestamp": "2025-09-12T09:30:42.567Z"
  },
  {
    "anime_title": "Danmachi Season 4",
    "episode_title": "DanMachi Season 4 Episode 5 Subtitle Indonesia",
    "episode_link": "https://otakudesu.best/episode/dmcnh-s4-episode-5-sub-indo/",
    "episode_date": "9 Oktober,2022",
    "server": "moedesuhd",
    "quality": "720p",
    "data_content": "eyJpZCI6MTI3NDU2LCJpIjowLCJxIjoiNzIwcCJ9",
    "decoded_data": {
      "id": 127456,
      "i": 0,
      "q": "720p"
    },
    "stream_url": "https://desustream.info/dstream/moedesu/hd/v2/index.php?id=cXpCRGNCcnRPR0h2OWxKUFNqWWJ5bVQyMThsNW1xTC9jTC9Td2lBTGkyRT0=",
    "is_default": false,
    "timestamp": "2025-09-12T09:30:42.614Z"
  },
  {
    "anime_title": "Danmachi Season 4",
    "episode_title": "DanMachi Season 4 Episode 5 Subtitle Indonesia",
    "episode_link": "https://otakudesu.best/episode/dmcnh-s4-episode-5-sub-indo/",
    "episode_date": "9 Oktober,2022",
    "server": "odstreamhd",
    "quality": "720p",
    "data_content": "eyJpZCI6MTI3NDU2LCJpIjoxLCJxIjoiNzIwcCJ9",
    "decoded_data": {
      "id": 127456,
      "i": 1,
      "q": "720p"
    },
    "stream_url": "https://desustream.info/dstream/arcg/?id=TkE2U25jMis1OG8ya3NYbUZUeDZucXhOdUM2MHR6VXNUenVhbGQ4Y2cybmFZT2Z3dEpWTkphWXVzMGdWeFBhRw==",
    "is_default": false,
    "timestamp": "2025-09-12T09:30:42.651Z"
  },
  {
    "anime_title": "Danmachi Season 4",
    "episode_title": "DanMachi Season 4 Episode 5 Subtitle Indonesia",
    "episode_link": "https://otakudesu.best/episode/dmcnh-s4-episode-5-sub-indo/",
    "episode_date": "9 Oktober,2022",
    "server": "yourupload",
    "quality": "720p",
    "data_content": "eyJpZCI6MTI3NDU2LCJpIjoyLCJxIjoiNzIwcCJ9",
    "decoded_data": {
      "id": 127456,
      "i": 2,
      "q": "720p"
    },
    "stream_url": "https://desudrive.com/stream/yuplod.php?id=nM1LGE4jAd6s",
    "is_default": false,
    "timestamp": "2025-09-12T09:30:42.686Z"
  },
  {
    "anime_title": "Danmachi Season 4",
    "episode_title": "DanMachi Season 4 Episode 5 Subtitle Indonesia",
    "episode_link": "https://otakudesu.best/episode/dmcnh-s4-episode-5-sub-indo/",
    "episode_date": "9 Oktober,2022",
    "server": "mega",
    "quality": "720p",
    "data_content": "eyJpZCI6MTI3NDU2LCJpIjozLCJxIjoiNzIwcCJ9",
    "decoded_data": {
      "id": 127456,
      "i": 3,
      "q": "720p"
    },
    "stream_url": "https://mega.nz/embed/ZaNGCDZa#t5UoyQ6lzLKcl8AoW2bUt5_mrhkSgR7G7F7kCfgLAnk",
    "is_default": false,
    "timestamp": "2025-09-12T09:30:42.723Z"
  },
  {
    "anime_title": "Danmachi Season 4",
    "episode_title": "DanMachi Season 4 Episode 5 Subtitle Indonesia",
    "episode_link": "https://otakudesu.best/episode/dmcnh-s4-episode-5-sub-indo/",
    "episode_date": "9 Oktober,2022",
    "server": "moedesu",
    "quality": "480p",
    "data_content": "eyJpZCI6MTI3NDU2LCJpIjowLCJxIjoiNDgwcCJ9",
    "decoded_data": {
      "id": 127456,
      "i": 0,
      "q": "480p"
    },
    "stream_url": "https://desustream.info/dstream/moedesu/v2/index.php?id=cXpCRGNCcnRPR0h2OWxKUFNqWWJ5bVQyMThsNW1xTC9jTC9Td2lBTGkyRT0=",
    "is_default": true,
    "timestamp": "2025-09-12T09:30:42.401Z"
  },
  {
    "anime_title": "Danmachi Season 4",
    "episode_title": "DanMachi Season 4 Episode 5 Subtitle Indonesia",
    "episode_link": "https://otakudesu.best/episode/dmcnh-s4-episode-5-sub-indo/",
    "episode_date": "9 Oktober,2022",
    "server": "odstream",
    "quality": "480p",
    "data_content": "eyJpZCI6MTI3NDU2LCJpIjoxLCJxIjoiNDgwcCJ9",
    "decoded_data": {
      "id": 127456,
      "i": 1,
      "q": "480p"
    },
    "stream_url": "https://desustream.info/dstream/arcg/?id=TkE2U25jMis1OG8ya3NYbUZUeDZucExuTzlMczhNa1ppd0xUT29jNzFCdz0=",
    "is_default": false,
    "timestamp": "2025-09-12T09:30:42.444Z"
  },
  {
    "anime_title": "Danmachi Season 4",
    "episode_title": "DanMachi Season 4 Episode 5 Subtitle Indonesia",
    "episode_link": "https://otakudesu.best/episode/dmcnh-s4-episode-5-sub-indo/",
    "episode_date": "9 Oktober,2022",
    "server": "mp4load",
    "quality": "480p",
    "data_content": "eyJpZCI6MTI3NDU2LCJpIjoyLCJxIjoiNDgwcCJ9",
    "decoded_data": {
      "id": 127456,
      "i": 2,
      "q": "480p"
    },
    "stream_url": "https://www.mp4upload.com/embed-fhzjvtqexg1a.html",
    "is_default": false,
    "timestamp": "2025-09-12T09:30:42.530Z"
  },
  {
    "anime_title": "Danmachi Season 4",
    "episode_title": "DanMachi Season 4 Episode 5 Subtitle Indonesia",
    "episode_link": "https://otakudesu.best/episode/dmcnh-s4-episode-5-sub-indo/",
    "episode_date": "9 Oktober,2022",
    "server": "mega",
    "quality": "480p",
    "data_content": "eyJpZCI6MTI3NDU2LCJpIjozLCJxIjoiNDgwcCJ9",
    "decoded_data": {
      "id": 127456,
      "i": 3,
      "q": "480p"
    },
    "stream_url": "https://mega.nz/embed/NPU1GZCQ#yEQrpdSij1qcCZIdL84iadBvzmSa2QWHQDv0Ymt6nik",
    "is_default": false,
    "timestamp": "2025-09-12T09:30:42.567Z"
  },
  {
    "anime_title": "Danmachi Season 4",
    "episode_title": "DanMachi Season 4 Episode 5 Subtitle Indonesia",
    "episode_link": "https://otakudesu.best/episode/dmcnh-s4-episode-5-sub-indo/",
    "episode_date": "9 Oktober,2022",
    "server": "moedesuhd",
    "quality": "720p",
    "data_content": "eyJpZCI6MTI3NDU2LCJpIjowLCJxIjoiNzIwcCJ9",
    "decoded_data": {
      "id": 127456,
      "i": 0,
      "q": "720p"
    },
    "stream_url": "https://desustream.info/dstream/moedesu/hd/v2/index.php?id=cXpCRGNCcnRPR0h2OWxKUFNqWWJ5bVQyMThsNW1xTC9jTC9Td2lBTGkyRT0=",
    "is_default": false,
    "timestamp": "2025-09-12T09:30:42.614Z"
  },
  {
    "anime_title": "Danmachi Season 4",
    "episode_title": "DanMachi Season 4 Episode 5 Subtitle Indonesia",
    "episode_link": "https://otakudesu.best/episode/dmcnh-s4-episode-5-sub-indo/",
    "episode_date": "9 Oktober,2022",
    "server": "odstreamhd",
    "quality": "720p",
    "data_content": "eyJpZCI6MTI3NDU2LCJpIjoxLCJxIjoiNzIwcCJ9",
    "decoded_data": {
      "id": 127456,
      "i": 1,
      "q": "720p"
    },
    "stream_url": "https://desustream.info/dstream/arcg/?id=TkE2U25jMis1OG8ya3NYbUZUeDZucXhOdUM2MHR6VXNUenVhbGQ4Y2cybmFZT2Z3dEpWTkphWXVzMGdWeFBhRw==",
    "is_default": false,
    "timestamp": "2025-09-12T09:30:42.651Z"
  },
  {
    "anime_title": "Danmachi Season 4",
    "episode_title": "DanMachi Season 4 Episode 5 Subtitle Indonesia",
    "episode_link": "https://otakudesu.best/episode/dmcnh-s4-episode-5-sub-indo/",
    "episode_date": "9 Oktober,2022",
    "server": "yourupload",
    "quality": "720p",
    "data_content": "eyJpZCI6MTI3NDU2LCJpIjoyLCJxIjoiNzIwcCJ9",
    "decoded_data": {
      "id": 127456,
      "i": 2,
      "q": "720p"
    },
    "stream_url": "https://desudrive.com/stream/yuplod.php?id=nM1LGE4jAd6s",
    "is_default": false,
    "timestamp": "2025-09-12T09:30:42.686Z"
  },
  {
    "anime_title": "Danmachi Season 4",
    "episode_title": "DanMachi Season 4 Episode 5 Subtitle Indonesia",
    "episode_link": "https://otakudesu.best/episode/dmcnh-s4-episode-5-sub-indo/",
    "episode_date": "9 Oktober,2022",
    "server": "mega",
    "quality": "720p",
    "data_content": "eyJpZCI6MTI3NDU2LCJpIjozLCJxIjoiNzIwcCJ9",
    "decoded_data": {
      "id": 127456,
      "i": 3,
      "q": "720p"
    },
    "stream_url": "https://mega.nz/embed/ZaNGCDZa#t5UoyQ6lzLKcl8AoW2bUt5_mrhkSgR7G7F7kCfgLAnk",
    "is_default": false,
    "timestamp": "2025-09-12T09:30:42.723Z"
  },
  {
    "anime_title": "Danmachi Season 4",
    "episode_title": "DanMachi Season 4 Episode 6 Subtitle Indonesia",
    "episode_link": "https://otakudesu.best/episode/dmcnh-s4-episode-6-sub-indo/",
    "episode_date": "9 Oktober,2022",
    "server": "moedesu",
    "quality": "480p",
    "data_content": "eyJpZCI6MTI3NDU3LCJpIjowLCJxIjoiNDgwcCJ9",
    "decoded_data": {
      "id": 127457,
      "i": 0,
      "q": "480p"
    },
    "stream_url": "https://desustream.info/dstream/moedesu/v2/index.php?id=cXpCRGNCcnRPR0h2OWxKUFNqWWJ5anJBckNmN1dKTU51dlo1a2diSW9qOD0=",
    "is_default": true,
    "timestamp": "2025-09-12T09:30:43.367Z"
  },
  {
    "anime_title": "Danmachi Season 4",
    "episode_title": "DanMachi Season 4 Episode 6 Subtitle Indonesia",
    "episode_link": "https://otakudesu.best/episode/dmcnh-s4-episode-6-sub-indo/",
    "episode_date": "9 Oktober,2022",
    "server": "odstream",
    "quality": "480p",
    "data_content": "eyJpZCI6MTI3NDU3LCJpIjoxLCJxIjoiNDgwcCJ9",
    "decoded_data": {
      "id": 127457,
      "i": 1,
      "q": "480p"
    },
    "stream_url": "https://desustream.info/dstream/arcg/?id=TkE2U25jMis1OG8ya3NYbUZUeDZuaVl1Wld5dlZGajBDU2t1UVAwdnNMbz0=",
    "is_default": false,
    "timestamp": "2025-09-12T09:30:43.405Z"
  },
  {
    "anime_title": "Danmachi Season 4",
    "episode_title": "DanMachi Season 4 Episode 6 Subtitle Indonesia",
    "episode_link": "https://otakudesu.best/episode/dmcnh-s4-episode-6-sub-indo/",
    "episode_date": "9 Oktober,2022",
    "server": "mp4load",
    "quality": "480p",
    "data_content": "eyJpZCI6MTI3NDU3LCJpIjoyLCJxIjoiNDgwcCJ9",
    "decoded_data": {
      "id": 127457,
      "i": 2,
      "q": "480p"
    },
    "stream_url": "https://www.mp4upload.com/embed-1z14unrr9nny.html",
    "is_default": false,
    "timestamp": "2025-09-12T09:30:43.464Z"
  },
  {
    "anime_title": "Danmachi Season 4",
    "episode_title": "DanMachi Season 4 Episode 6 Subtitle Indonesia",
    "episode_link": "https://otakudesu.best/episode/dmcnh-s4-episode-6-sub-indo/",
    "episode_date": "9 Oktober,2022",
    "server": "moedesuhd",
    "quality": "720p",
    "data_content": "eyJpZCI6MTI3NDU3LCJpIjowLCJxIjoiNzIwcCJ9",
    "decoded_data": {
      "id": 127457,
      "i": 0,
      "q": "720p"
    },
    "stream_url": "https://desustream.info/dstream/moedesu/hd/v2/index.php?id=cXpCRGNCcnRPR0h2OWxKUFNqWWJ5anJBckNmN1dKTU51dlo1a2diSW9qOD0=",
    "is_default": false,
    "timestamp": "2025-09-12T09:30:43.519Z"
  },
  {
    "anime_title": "Danmachi Season 4",
    "episode_title": "DanMachi Season 4 Episode 6 Subtitle Indonesia",
    "episode_link": "https://otakudesu.best/episode/dmcnh-s4-episode-6-sub-indo/",
    "episode_date": "9 Oktober,2022",
    "server": "mega",
    "quality": "480p",
    "data_content": "eyJpZCI6MTI3NDU3LCJpIjozLCJxIjoiNDgwcCJ9",
    "decoded_data": {
      "id": 127457,
      "i": 3,
      "q": "480p"
    },
    "stream_url": "https://mega.nz/embed/5esAwSaL#lAEt00mrvAMYgp5aFbwtroneqLZPOdhwrFJi5VLLgtk",
    "is_default": false,
    "timestamp": "2025-09-12T09:30:43.556Z"
  },
  {
    "anime_title": "Danmachi Season 4",
    "episode_title": "DanMachi Season 4 Episode 6 Subtitle Indonesia",
    "episode_link": "https://otakudesu.best/episode/dmcnh-s4-episode-6-sub-indo/",
    "episode_date": "9 Oktober,2022",
    "server": "odstreamhd",
    "quality": "720p",
    "data_content": "eyJpZCI6MTI3NDU3LCJpIjoxLCJxIjoiNzIwcCJ9",
    "decoded_data": {
      "id": 127457,
      "i": 1,
      "q": "720p"
    },
    "stream_url": "https://desustream.info/dstream/arcg/?id=TkE2U25jMis1OG8ya3NYbUZUeDZucXhOdUM2MHR6VXNUenVhbGQ4Y2cybFNiL1FCS2tOMTdhMysyNWVabFQ3dg==",
    "is_default": false,
    "timestamp": "2025-09-12T09:30:43.593Z"
  },
  {
    "anime_title": "Danmachi Season 4",
    "episode_title": "DanMachi Season 4 Episode 6 Subtitle Indonesia",
    "episode_link": "https://otakudesu.best/episode/dmcnh-s4-episode-6-sub-indo/",
    "episode_date": "9 Oktober,2022",
    "server": "yourupload",
    "quality": "720p",
    "data_content": "eyJpZCI6MTI3NDU3LCJpIjoyLCJxIjoiNzIwcCJ9",
    "decoded_data": {
      "id": 127457,
      "i": 2,
      "q": "720p"
    },
    "stream_url": "https://desudrive.com/stream/yuplod.php?id=5v44143iN1EV",
    "is_default": false,
    "timestamp": "2025-09-12T09:30:43.628Z"
  },
  {
    "anime_title": "Danmachi Season 4",
    "episode_title": "DanMachi Season 4 Episode 6 Subtitle Indonesia",
    "episode_link": "https://otakudesu.best/episode/dmcnh-s4-episode-6-sub-indo/",
    "episode_date": "9 Oktober,2022",
    "server": "mega",
    "quality": "720p",
    "data_content": "eyJpZCI6MTI3NDU3LCJpIjozLCJxIjoiNzIwcCJ9",
    "decoded_data": {
      "id": 127457,
      "i": 3,
      "q": "720p"
    },
    "stream_url": "https://mega.nz/embed/sbFzXaCZ#dZAknLXHkqaGWqGZc9mR570PmgXoCiZ8EXfdpd1taTg",
    "is_default": false,
    "timestamp": "2025-09-12T09:30:43.664Z"
  },
  {
    "anime_title": "Danmachi Season 4",
    "episode_title": "DanMachi Season 4 Episode 6 Subtitle Indonesia",
    "episode_link": "https://otakudesu.best/episode/dmcnh-s4-episode-6-sub-indo/",
    "episode_date": "9 Oktober,2022",
    "server": "moedesu",
    "quality": "480p",
    "data_content": "eyJpZCI6MTI3NDU3LCJpIjowLCJxIjoiNDgwcCJ9",
    "decoded_data": {
      "id": 127457,
      "i": 0,
      "q": "480p"
    },
    "stream_url": "https://desustream.info/dstream/moedesu/v2/index.php?id=cXpCRGNCcnRPR0h2OWxKUFNqWWJ5anJBckNmN1dKTU51dlo1a2diSW9qOD0=",
    "is_default": true,
    "timestamp": "2025-09-12T09:30:43.367Z"
  },
  {
    "anime_title": "Danmachi Season 4",
    "episode_title": "DanMachi Season 4 Episode 6 Subtitle Indonesia",
    "episode_link": "https://otakudesu.best/episode/dmcnh-s4-episode-6-sub-indo/",
    "episode_date": "9 Oktober,2022",
    "server": "odstream",
    "quality": "480p",
    "data_content": "eyJpZCI6MTI3NDU3LCJpIjoxLCJxIjoiNDgwcCJ9",
    "decoded_data": {
      "id": 127457,
      "i": 1,
      "q": "480p"
    },
    "stream_url": "https://desustream.info/dstream/arcg/?id=TkE2U25jMis1OG8ya3NYbUZUeDZuaVl1Wld5dlZGajBDU2t1UVAwdnNMbz0=",
    "is_default": false,
    "timestamp": "2025-09-12T09:30:43.405Z"
  },
  {
    "anime_title": "Danmachi Season 4",
    "episode_title": "DanMachi Season 4 Episode 6 Subtitle Indonesia",
    "episode_link": "https://otakudesu.best/episode/dmcnh-s4-episode-6-sub-indo/",
    "episode_date": "9 Oktober,2022",
    "server": "mp4load",
    "quality": "480p",
    "data_content": "eyJpZCI6MTI3NDU3LCJpIjoyLCJxIjoiNDgwcCJ9",
    "decoded_data": {
      "id": 127457,
      "i": 2,
      "q": "480p"
    },
    "stream_url": "https://www.mp4upload.com/embed-1z14unrr9nny.html",
    "is_default": false,
    "timestamp": "2025-09-12T09:30:43.464Z"
  },
  {
    "anime_title": "Danmachi Season 4",
    "episode_title": "DanMachi Season 4 Episode 6 Subtitle Indonesia",
    "episode_link": "https://otakudesu.best/episode/dmcnh-s4-episode-6-sub-indo/",
    "episode_date": "9 Oktober,2022",
    "server": "mega",
    "quality": "480p",
    "data_content": "eyJpZCI6MTI3NDU3LCJpIjozLCJxIjoiNDgwcCJ9",
    "decoded_data": {
      "id": 127457,
      "i": 3,
      "q": "480p"
    },
    "stream_url": "https://mega.nz/embed/5esAwSaL#lAEt00mrvAMYgp5aFbwtroneqLZPOdhwrFJi5VLLgtk",
    "is_default": false,
    "timestamp": "2025-09-12T09:30:43.556Z"
  },
  {
    "anime_title": "Danmachi Season 4",
    "episode_title": "DanMachi Season 4 Episode 6 Subtitle Indonesia",
    "episode_link": "https://otakudesu.best/episode/dmcnh-s4-episode-6-sub-indo/",
    "episode_date": "9 Oktober,2022",
    "server": "moedesuhd",
    "quality": "720p",
    "data_content": "eyJpZCI6MTI3NDU3LCJpIjowLCJxIjoiNzIwcCJ9",
    "decoded_data": {
      "id": 127457,
      "i": 0,
      "q": "720p"
    },
    "stream_url": "https://desustream.info/dstream/moedesu/hd/v2/index.php?id=cXpCRGNCcnRPR0h2OWxKUFNqWWJ5anJBckNmN1dKTU51dlo1a2diSW9qOD0=",
    "is_default": false,
    "timestamp": "2025-09-12T09:30:43.519Z"
  },
  {
    "anime_title": "Danmachi Season 4",
    "episode_title": "DanMachi Season 4 Episode 6 Subtitle Indonesia",
    "episode_link": "https://otakudesu.best/episode/dmcnh-s4-episode-6-sub-indo/",
    "episode_date": "9 Oktober,2022",
    "server": "odstreamhd",
    "quality": "720p",
    "data_content": "eyJpZCI6MTI3NDU3LCJpIjoxLCJxIjoiNzIwcCJ9",
    "decoded_data": {
      "id": 127457,
      "i": 1,
      "q": "720p"
    },
    "stream_url": "https://desustream.info/dstream/arcg/?id=TkE2U25jMis1OG8ya3NYbUZUeDZucXhOdUM2MHR6VXNUenVhbGQ4Y2cybFNiL1FCS2tOMTdhMysyNWVabFQ3dg==",
    "is_default": false,
    "timestamp": "2025-09-12T09:30:43.593Z"
  },
  {
    "anime_title": "Danmachi Season 4",
    "episode_title": "DanMachi Season 4 Episode 6 Subtitle Indonesia",
    "episode_link": "https://otakudesu.best/episode/dmcnh-s4-episode-6-sub-indo/",
    "episode_date": "9 Oktober,2022",
    "server": "yourupload",
    "quality": "720p",
    "data_content": "eyJpZCI6MTI3NDU3LCJpIjoyLCJxIjoiNzIwcCJ9",
    "decoded_data": {
      "id": 127457,
      "i": 2,
      "q": "720p"
    },
    "stream_url": "https://desudrive.com/stream/yuplod.php?id=5v44143iN1EV",
    "is_default": false,
    "timestamp": "2025-09-12T09:30:43.628Z"
  },
  {
    "anime_title": "Danmachi Season 4",
    "episode_title": "DanMachi Season 4 Episode 6 Subtitle Indonesia",
    "episode_link": "https://otakudesu.best/episode/dmcnh-s4-episode-6-sub-indo/",
    "episode_date": "9 Oktober,2022",
    "server": "mega",
    "quality": "720p",
    "data_content": "eyJpZCI6MTI3NDU3LCJpIjozLCJxIjoiNzIwcCJ9",
    "decoded_data": {
      "id": 127457,
      "i": 3,
      "q": "720p"
    },
    "stream_url": "https://mega.nz/embed/sbFzXaCZ#dZAknLXHkqaGWqGZc9mR570PmgXoCiZ8EXfdpd1taTg",
    "is_default": false,
    "timestamp": "2025-09-12T09:30:43.664Z"
  }
]