[
  {
    "anime_title": "Bakemonogatari",
    "episode_title": "Bakemonogatari Episode 11 Subtitle Indonesia",
    "episode_link": "https://otakudesu.best/episode/bkgtr-episode-11-sub-indo/",
    "episode_date": "20 Februari,2019",
    "server": "solidfiles",
    "quality": "360p",
    "data_content": "eyJpZCI6Mzc2MjIsImkiOjAsInEiOiIzNjBwIn0=",
    "decoded_data": {
      "id": 37622,
      "i": 0,
      "q": "360p"
    },
    "stream_url": "https://www.solidfiles.com/e/kGZrprRVgyBLP",
    "is_default": false,
    "timestamp": "2025-09-12T08:41:23.010Z"
  },
  {
    "anime_title": "Bakemonogatari",
    "episode_title": "Bakemonogatari Episode 11 Subtitle Indonesia",
    "episode_link": "https://otakudesu.best/episode/bkgtr-episode-11-sub-indo/",
    "episode_date": "20 Februari,2019",
    "server": "mp4load",
    "quality": "360p",
    "data_content": "eyJpZCI6Mzc2MjIsImkiOjEsInEiOiIzNjBwIn0=",
    "decoded_data": {
      "id": 37622,
      "i": 1,
      "q": "360p"
    },
    "stream_url": "https://www.mp4upload.com/embed-w4pmuwz9q6g9.html",
    "is_default": false,
    "timestamp": "2025-09-12T08:41:23.048Z"
  },
  {
    "anime_title": "Bakemonogatari",
    "episode_title": "Bakemonogatari Episode 11 Subtitle Indonesia",
    "episode_link": "https://otakudesu.best/episode/bkgtr-episode-11-sub-indo/",
    "episode_date": "20 Februari,2019",
    "server": "desuplay",
    "quality": "480p",
    "data_content": "eyJpZCI6Mzc2MjIsImkiOjAsInEiOiI0ODBwIn0=",
    "decoded_data": {
      "id": 37622,
      "i": 0,
      "q": "480p"
    },
    "stream_url": "https://desustream.info/dstream/desuplay/v2/index.php?id=TEUwaWdkdmNsYmtuYTZPRk53MjcxbXRXQ1VnMlcwSk45Zzl5Y3YraFlwbz0=",
    "is_default": true,
    "timestamp": "2025-09-12T08:41:23.072Z"
  },
  {
    "anime_title": "Bakemonogatari",
    "episode_title": "Bakemonogatari Episode 11 Subtitle Indonesia",
    "episode_link": "https://otakudesu.best/episode/bkgtr-episode-11-sub-indo/",
    "episode_date": "20 Februari,2019",
    "server": "solidfiles",
    "quality": "480p",
    "data_content": "eyJpZCI6Mzc2MjIsImkiOjEsInEiOiI0ODBwIn0=",
    "decoded_data": {
      "id": 37622,
      "i": 1,
      "q": "480p"
    },
    "stream_url": "https://www.solidfiles.com/e/vDqY4Zv7zpz4Y",
    "is_default": false,
    "timestamp": "2025-09-12T08:41:23.113Z"
  },
  {
    "anime_title": "Bakemonogatari",
    "episode_title": "Bakemonogatari Episode 11 Subtitle Indonesia",
    "episode_link": "https://otakudesu.best/episode/bkgtr-episode-11-sub-indo/",
    "episode_date": "20 Februari,2019",
    "server": "mega",
    "quality": "480p",
    "data_content": "eyJpZCI6Mzc2MjIsImkiOjIsInEiOiI0ODBwIn0=",
    "decoded_data": {
      "id": 37622,
      "i": 2,
      "q": "480p"
    },
    "stream_url": "https://mega.nz/embed/#!6O5DzCxL!SbdZfG06V4cK038kll-EhiDACUX_Es1nbGMHvprK1CA",
    "is_default": false,
    "timestamp": "2025-09-12T08:41:23.158Z"
  },
  {
    "anime_title": "Bakemonogatari",
    "episode_title": "Bakemonogatari Episode 11 Subtitle Indonesia",
    "episode_link": "https://otakudesu.best/episode/bkgtr-episode-11-sub-indo/",
    "episode_date": "20 Februari,2019",
    "server": "solidfiles",
    "quality": "720p",
    "data_content": "eyJpZCI6Mzc2MjIsImkiOjAsInEiOiI3MjBwIn0=",
    "decoded_data": {
      "id": 37622,
      "i": 0,
      "q": "720p"
    },
    "stream_url": "https://www.solidfiles.com/e/GGrm2vRng6B4Y",
    "is_default": false,
    "timestamp": "2025-09-12T08:41:23.192Z"
  },
  {
    "anime_title": "Bakemonogatari",
    "episode_title": "Bakemonogatari Episode 11 Subtitle Indonesia",
    "episode_link": "https://otakudesu.best/episode/bkgtr-episode-11-sub-indo/",
    "episode_date": "20 Februari,2019",
    "server": "yourupload",
    "quality": "720p",
    "data_content": "eyJpZCI6Mzc2MjIsImkiOjEsInEiOiI3MjBwIn0=",
    "decoded_data": {
      "id": 37622,
      "i": 1,
      "q": "720p"
    },
    "stream_url": "https://desudrive.com/stream/yuplod.php?id=ywFJMswiSEWf",
    "is_default": false,
    "timestamp": "2025-09-12T08:41:23.238Z"
  },
  {
    "anime_title": "Bakemonogatari",
    "episode_title": "Bakemonogatari Episode 11 Subtitle Indonesia",
    "episode_link": "https://otakudesu.best/episode/bkgtr-episode-11-sub-indo/",
    "episode_date": "20 Februari,2019",
    "server": "solidfiles",
    "quality": "360p",
    "data_content": "eyJpZCI6Mzc2MjIsImkiOjAsInEiOiIzNjBwIn0=",
    "decoded_data": {
      "id": 37622,
      "i": 0,
      "q": "360p"
    },
    "stream_url": "https://www.solidfiles.com/e/kGZrprRVgyBLP",
    "is_default": false,
    "timestamp": "2025-09-12T08:41:23.010Z"
  },
  {
    "anime_title": "Bakemonogatari",
    "episode_title": "Bakemonogatari Episode 11 Subtitle Indonesia",
    "episode_link": "https://otakudesu.best/episode/bkgtr-episode-11-sub-indo/",
    "episode_date": "20 Februari,2019",
    "server": "mp4load",
    "quality": "360p",
    "data_content": "eyJpZCI6Mzc2MjIsImkiOjEsInEiOiIzNjBwIn0=",
    "decoded_data": {
      "id": 37622,
      "i": 1,
      "q": "360p"
    },
    "stream_url": "https://www.mp4upload.com/embed-w4pmuwz9q6g9.html",
    "is_default": false,
    "timestamp": "2025-09-12T08:41:23.048Z"
  },
  {
    "anime_title": "Bakemonogatari",
    "episode_title": "Bakemonogatari Episode 11 Subtitle Indonesia",
    "episode_link": "https://otakudesu.best/episode/bkgtr-episode-11-sub-indo/",
    "episode_date": "20 Februari,2019",
    "server": "desuplay",
    "quality": "480p",
    "data_content": "eyJpZCI6Mzc2MjIsImkiOjAsInEiOiI0ODBwIn0=",
    "decoded_data": {
      "id": 37622,
      "i": 0,
      "q": "480p"
    },
    "stream_url": "https://desustream.info/dstream/desuplay/v2/index.php?id=TEUwaWdkdmNsYmtuYTZPRk53MjcxbXRXQ1VnMlcwSk45Zzl5Y3YraFlwbz0=",
    "is_default": true,
    "timestamp": "2025-09-12T08:41:23.072Z"
  },
  {
    "anime_title": "Bakemonogatari",
    "episode_title": "Bakemonogatari Episode 11 Subtitle Indonesia",
    "episode_link": "https://otakudesu.best/episode/bkgtr-episode-11-sub-indo/",
    "episode_date": "20 Februari,2019",
    "server": "solidfiles",
    "quality": "480p",
    "data_content": "eyJpZCI6Mzc2MjIsImkiOjEsInEiOiI0ODBwIn0=",
    "decoded_data": {
      "id": 37622,
      "i": 1,
      "q": "480p"
    },
    "stream_url": "https://www.solidfiles.com/e/vDqY4Zv7zpz4Y",
    "is_default": false,
    "timestamp": "2025-09-12T08:41:23.113Z"
  },
  {
    "anime_title": "Bakemonogatari",
    "episode_title": "Bakemonogatari Episode 11 Subtitle Indonesia",
    "episode_link": "https://otakudesu.best/episode/bkgtr-episode-11-sub-indo/",
    "episode_date": "20 Februari,2019",
    "server": "mega",
    "quality": "480p",
    "data_content": "eyJpZCI6Mzc2MjIsImkiOjIsInEiOiI0ODBwIn0=",
    "decoded_data": {
      "id": 37622,
      "i": 2,
      "q": "480p"
    },
    "stream_url": "https://mega.nz/embed/#!6O5DzCxL!SbdZfG06V4cK038kll-EhiDACUX_Es1nbGMHvprK1CA",
    "is_default": false,
    "timestamp": "2025-09-12T08:41:23.158Z"
  },
  {
    "anime_title": "Bakemonogatari",
    "episode_title": "Bakemonogatari Episode 11 Subtitle Indonesia",
    "episode_link": "https://otakudesu.best/episode/bkgtr-episode-11-sub-indo/",
    "episode_date": "20 Februari,2019",
    "server": "solidfiles",
    "quality": "720p",
    "data_content": "eyJpZCI6Mzc2MjIsImkiOjAsInEiOiI3MjBwIn0=",
    "decoded_data": {
      "id": 37622,
      "i": 0,
      "q": "720p"
    },
    "stream_url": "https://www.solidfiles.com/e/GGrm2vRng6B4Y",
    "is_default": false,
    "timestamp": "2025-09-12T08:41:23.192Z"
  },
  {
    "anime_title": "Bakemonogatari",
    "episode_title": "Bakemonogatari Episode 11 Subtitle Indonesia",
    "episode_link": "https://otakudesu.best/episode/bkgtr-episode-11-sub-indo/",
    "episode_date": "20 Februari,2019",
    "server": "yourupload",
    "quality": "720p",
    "data_content": "eyJpZCI6Mzc2MjIsImkiOjEsInEiOiI3MjBwIn0=",
    "decoded_data": {
      "id": 37622,
      "i": 1,
      "q": "720p"
    },
    "stream_url": "https://desudrive.com/stream/yuplod.php?id=ywFJMswiSEWf",
    "is_default": false,
    "timestamp": "2025-09-12T08:41:23.238Z"
  },
  {
    "anime_title": "Bakemonogatari",
    "episode_title": "Bakemonogatari Episode 12 Subtitle Indonesia",
    "episode_link": "https://otakudesu.best/episode/bkgtr-episode-12-sub-indo/",
    "episode_date": "20 Februari,2019",
    "server": "solidfiles",
    "quality": "360p",
    "data_content": "eyJpZCI6Mzc2MjMsImkiOjAsInEiOiIzNjBwIn0=",
    "decoded_data": {
      "id": 37623,
      "i": 0,
      "q": "360p"
    },
    "stream_url": "https://www.solidfiles.com/e/xKzGg8qK3WNje",
    "is_default": false,
    "timestamp": "2025-09-12T08:41:23.867Z"
  },
  {
    "anime_title": "Bakemonogatari",
    "episode_title": "Bakemonogatari Episode 12 Subtitle Indonesia",
    "episode_link": "https://otakudesu.best/episode/bkgtr-episode-12-sub-indo/",
    "episode_date": "20 Februari,2019",
    "server": "mp4load",
    "quality": "360p",
    "data_content": "eyJpZCI6Mzc2MjMsImkiOjEsInEiOiIzNjBwIn0=",
    "decoded_data": {
      "id": 37623,
      "i": 1,
      "q": "360p"
    },
    "stream_url": "https://www.mp4upload.com/embed-yxqs0kqq476r.html",
    "is_default": false,
    "timestamp": "2025-09-12T08:41:23.915Z"
  },
  {
    "anime_title": "Bakemonogatari",
    "episode_title": "Bakemonogatari Episode 12 Subtitle Indonesia",
    "episode_link": "https://otakudesu.best/episode/bkgtr-episode-12-sub-indo/",
    "episode_date": "20 Februari,2019",
    "server": "desuplay",
    "quality": "480p",
    "data_content": "eyJpZCI6Mzc2MjMsImkiOjAsInEiOiI0ODBwIn0=",
    "decoded_data": {
      "id": 37623,
      "i": 0,
      "q": "480p"
    },
    "stream_url": "https://desustream.info/dstream/desuplay/v2/index.php?id=M3o1WFZSOWZseTN4R1VuaUh0ZnBXblorcmh0SlNFQ1Vkd3hHQkFIdmw5bz0=",
    "is_default": true,
    "timestamp": "2025-09-12T08:41:23.952Z"
  },
  {
    "anime_title": "Bakemonogatari",
    "episode_title": "Bakemonogatari Episode 12 Subtitle Indonesia",
    "episode_link": "https://otakudesu.best/episode/bkgtr-episode-12-sub-indo/",
    "episode_date": "20 Februari,2019",
    "server": "solidfiles",
    "quality": "480p",
    "data_content": "eyJpZCI6Mzc2MjMsImkiOjEsInEiOiI0ODBwIn0=",
    "decoded_data": {
      "id": 37623,
      "i": 1,
      "q": "480p"
    },
    "stream_url": "https://www.solidfiles.com/e/nGKQMNMaeBP36",
    "is_default": false,
    "timestamp": "2025-09-12T08:41:23.990Z"
  },
  {
    "anime_title": "Bakemonogatari",
    "episode_title": "Bakemonogatari Episode 12 Subtitle Indonesia",
    "episode_link": "https://otakudesu.best/episode/bkgtr-episode-12-sub-indo/",
    "episode_date": "20 Februari,2019",
    "server": "mega",
    "quality": "480p",
    "data_content": "eyJpZCI6Mzc2MjMsImkiOjIsInEiOiI0ODBwIn0=",
    "decoded_data": {
      "id": 37623,
      "i": 2,
      "q": "480p"
    },
    "stream_url": "https://mega.nz/embed/#!XbhjTQwL!HtAwv6dE5jhsQXrbVbWkpPNxc66rKD-1G-hPykVdkR4",
    "is_default": false,
    "timestamp": "2025-09-12T08:41:24.029Z"
  },
  {
    "anime_title": "Bakemonogatari",
    "episode_title": "Bakemonogatari Episode 12 Subtitle Indonesia",
    "episode_link": "https://otakudesu.best/episode/bkgtr-episode-12-sub-indo/",
    "episode_date": "20 Februari,2019",
    "server": "solidfiles",
    "quality": "720p",
    "data_content": "eyJpZCI6Mzc2MjMsImkiOjAsInEiOiI3MjBwIn0=",
    "decoded_data": {
      "id": 37623,
      "i": 0,
      "q": "720p"
    },
    "stream_url": "https://www.solidfiles.com/e/Wqkz48GxXZ7gn",
    "is_default": false,
    "timestamp": "2025-09-12T08:41:24.079Z"
  },
  {
    "anime_title": "Bakemonogatari",
    "episode_title": "Bakemonogatari Episode 12 Subtitle Indonesia",
    "episode_link": "https://otakudesu.best/episode/bkgtr-episode-12-sub-indo/",
    "episode_date": "20 Februari,2019",
    "server": "yourupload",
    "quality": "720p",
    "data_content": "eyJpZCI6Mzc2MjMsImkiOjEsInEiOiI3MjBwIn0=",
    "decoded_data": {
      "id": 37623,
      "i": 1,
      "q": "720p"
    },
    "stream_url": "https://desudrive.com/stream/yuplod.php?id=I0Gf5WotIkdN",
    "is_default": false,
    "timestamp": "2025-09-12T08:41:24.113Z"
  },
  {
    "anime_title": "Bakemonogatari",
    "episode_title": "Bakemonogatari Episode 12 Subtitle Indonesia",
    "episode_link": "https://otakudesu.best/episode/bkgtr-episode-12-sub-indo/",
    "episode_date": "20 Februari,2019",
    "server": "solidfiles",
    "quality": "360p",
    "data_content": "eyJpZCI6Mzc2MjMsImkiOjAsInEiOiIzNjBwIn0=",
    "decoded_data": {
      "id": 37623,
      "i": 0,
      "q": "360p"
    },
    "stream_url": "https://www.solidfiles.com/e/xKzGg8qK3WNje",
    "is_default": false,
    "timestamp": "2025-09-12T08:41:23.867Z"
  },
  {
    "anime_title": "Bakemonogatari",
    "episode_title": "Bakemonogatari Episode 12 Subtitle Indonesia",
    "episode_link": "https://otakudesu.best/episode/bkgtr-episode-12-sub-indo/",
    "episode_date": "20 Februari,2019",
    "server": "mp4load",
    "quality": "360p",
    "data_content": "eyJpZCI6Mzc2MjMsImkiOjEsInEiOiIzNjBwIn0=",
    "decoded_data": {
      "id": 37623,
      "i": 1,
      "q": "360p"
    },
    "stream_url": "https://www.mp4upload.com/embed-yxqs0kqq476r.html",
    "is_default": false,
    "timestamp": "2025-09-12T08:41:23.915Z"
  },
  {
    "anime_title": "Bakemonogatari",
    "episode_title": "Bakemonogatari Episode 12 Subtitle Indonesia",
    "episode_link": "https://otakudesu.best/episode/bkgtr-episode-12-sub-indo/",
    "episode_date": "20 Februari,2019",
    "server": "desuplay",
    "quality": "480p",
    "data_content": "eyJpZCI6Mzc2MjMsImkiOjAsInEiOiI0ODBwIn0=",
    "decoded_data": {
      "id": 37623,
      "i": 0,
      "q": "480p"
    },
    "stream_url": "https://desustream.info/dstream/desuplay/v2/index.php?id=M3o1WFZSOWZseTN4R1VuaUh0ZnBXblorcmh0SlNFQ1Vkd3hHQkFIdmw5bz0=",
    "is_default": true,
    "timestamp": "2025-09-12T08:41:23.952Z"
  },
  {
    "anime_title": "Bakemonogatari",
    "episode_title": "Bakemonogatari Episode 12 Subtitle Indonesia",
    "episode_link": "https://otakudesu.best/episode/bkgtr-episode-12-sub-indo/",
    "episode_date": "20 Februari,2019",
    "server": "solidfiles",
    "quality": "480p",
    "data_content": "eyJpZCI6Mzc2MjMsImkiOjEsInEiOiI0ODBwIn0=",
    "decoded_data": {
      "id": 37623,
      "i": 1,
      "q": "480p"
    },
    "stream_url": "https://www.solidfiles.com/e/nGKQMNMaeBP36",
    "is_default": false,
    "timestamp": "2025-09-12T08:41:23.990Z"
  },
  {
    "anime_title": "Bakemonogatari",
    "episode_title": "Bakemonogatari Episode 12 Subtitle Indonesia",
    "episode_link": "https://otakudesu.best/episode/bkgtr-episode-12-sub-indo/",
    "episode_date": "20 Februari,2019",
    "server": "mega",
    "quality": "480p",
    "data_content": "eyJpZCI6Mzc2MjMsImkiOjIsInEiOiI0ODBwIn0=",
    "decoded_data": {
      "id": 37623,
      "i": 2,
      "q": "480p"
    },
    "stream_url": "https://mega.nz/embed/#!XbhjTQwL!HtAwv6dE5jhsQXrbVbWkpPNxc66rKD-1G-hPykVdkR4",
    "is_default": false,
    "timestamp": "2025-09-12T08:41:24.029Z"
  },
  {
    "anime_title": "Bakemonogatari",
    "episode_title": "Bakemonogatari Episode 12 Subtitle Indonesia",
    "episode_link": "https://otakudesu.best/episode/bkgtr-episode-12-sub-indo/",
    "episode_date": "20 Februari,2019",
    "server": "solidfiles",
    "quality": "720p",
    "data_content": "eyJpZCI6Mzc2MjMsImkiOjAsInEiOiI3MjBwIn0=",
    "decoded_data": {
      "id": 37623,
      "i": 0,
      "q": "720p"
    },
    "stream_url": "https://www.solidfiles.com/e/Wqkz48GxXZ7gn",
    "is_default": false,
    "timestamp": "2025-09-12T08:41:24.079Z"
  },
  {
    "anime_title": "Bakemonogatari",
    "episode_title": "Bakemonogatari Episode 12 Subtitle Indonesia",
    "episode_link": "https://otakudesu.best/episode/bkgtr-episode-12-sub-indo/",
    "episode_date": "20 Februari,2019",
    "server": "yourupload",
    "quality": "720p",
    "data_content": "eyJpZCI6Mzc2MjMsImkiOjEsInEiOiI3MjBwIn0=",
    "decoded_data": {
      "id": 37623,
      "i": 1,
      "q": "720p"
    },
    "stream_url": "https://desudrive.com/stream/yuplod.php?id=I0Gf5WotIkdN",
    "is_default": false,
    "timestamp": "2025-09-12T08:41:24.113Z"
  },
  {
    "anime_title": "Bakemonogatari",
    "episode_title": "Bakemonogatari Episode 13 Subtitle Indonesia",
    "episode_link": "https://otakudesu.best/episode/bkgtr-episode-13-sub-indo/",
    "episode_date": "20 Februari,2019",
    "server": "solidfiles",
    "quality": "360p",
    "data_content": "eyJpZCI6Mzc2MjUsImkiOjAsInEiOiIzNjBwIn0=",
    "decoded_data": {
      "id": 37625,
      "i": 0,
      "q": "360p"
    },
    "stream_url": "https://www.solidfiles.com/e/r6RNP2wX7g8Qk",
    "is_default": false,
    "timestamp": "2025-09-12T08:41:24.756Z"
  },
  {
    "anime_title": "Bakemonogatari",
    "episode_title": "Bakemonogatari Episode 13 Subtitle Indonesia",
    "episode_link": "https://otakudesu.best/episode/bkgtr-episode-13-sub-indo/",
    "episode_date": "20 Februari,2019",
    "server": "mp4load",
    "quality": "360p",
    "data_content": "eyJpZCI6Mzc2MjUsImkiOjEsInEiOiIzNjBwIn0=",
    "decoded_data": {
      "id": 37625,
      "i": 1,
      "q": "360p"
    },
    "stream_url": "https://www.mp4upload.com/embed-gggrzf45xmgz.html",
    "is_default": false,
    "timestamp": "2025-09-12T08:41:24.775Z"
  },
  {
    "anime_title": "Bakemonogatari",
    "episode_title": "Bakemonogatari Episode 13 Subtitle Indonesia",
    "episode_link": "https://otakudesu.best/episode/bkgtr-episode-13-sub-indo/",
    "episode_date": "20 Februari,2019",
    "server": "desuplay",
    "quality": "480p",
    "data_content": "eyJpZCI6Mzc2MjUsImkiOjAsInEiOiI0ODBwIn0=",
    "decoded_data": {
      "id": 37625,
      "i": 0,
      "q": "480p"
    },
    "stream_url": "https://desustream.info/dstream/desuplay/v2/index.php?id=b1ZXbEtGRWdpWWlKcUxCTVZ4amxuUzJYTDJwcU9QYXVZVDFnNnRTa0htOD0=",
    "is_default": true,
    "timestamp": "2025-09-12T08:41:24.799Z"
  },
  {
    "anime_title": "Bakemonogatari",
    "episode_title": "Bakemonogatari Episode 13 Subtitle Indonesia",
    "episode_link": "https://otakudesu.best/episode/bkgtr-episode-13-sub-indo/",
    "episode_date": "20 Februari,2019",
    "server": "solidfiles",
    "quality": "480p",
    "data_content": "eyJpZCI6Mzc2MjUsImkiOjEsInEiOiI0ODBwIn0=",
    "decoded_data": {
      "id": 37625,
      "i": 1,
      "q": "480p"
    },
    "stream_url": "https://www.solidfiles.com/e/RKDGrjxLqapmM",
    "is_default": false,
    "timestamp": "2025-09-12T08:41:24.858Z"
  },
  {
    "anime_title": "Bakemonogatari",
    "episode_title": "Bakemonogatari Episode 13 Subtitle Indonesia",
    "episode_link": "https://otakudesu.best/episode/bkgtr-episode-13-sub-indo/",
    "episode_date": "20 Februari,2019",
    "server": "mega",
    "quality": "480p",
    "data_content": "eyJpZCI6Mzc2MjUsImkiOjIsInEiOiI0ODBwIn0=",
    "decoded_data": {
      "id": 37625,
      "i": 2,
      "q": "480p"
    },
    "stream_url": "https://mega.nz/embed/#!ybx32KxS!ch16Yn8Xd6t4lzjrCIKnRRi9Ui9yOC7RRZJMU9ZDef0",
    "is_default": false,
    "timestamp": "2025-09-12T08:41:24.887Z"
  },
  {
    "anime_title": "Bakemonogatari",
    "episode_title": "Bakemonogatari Episode 13 Subtitle Indonesia",
    "episode_link": "https://otakudesu.best/episode/bkgtr-episode-13-sub-indo/",
    "episode_date": "20 Februari,2019",
    "server": "solidfiles",
    "quality": "720p",
    "data_content": "eyJpZCI6Mzc2MjUsImkiOjAsInEiOiI3MjBwIn0=",
    "decoded_data": {
      "id": 37625,
      "i": 0,
      "q": "720p"
    },
    "stream_url": "https://www.solidfiles.com/e/d8Z5dNqVMYkje",
    "is_default": false,
    "timestamp": "2025-09-12T08:41:24.931Z"
  },
  {
    "anime_title": "Bakemonogatari",
    "episode_title": "Bakemonogatari Episode 13 Subtitle Indonesia",
    "episode_link": "https://otakudesu.best/episode/bkgtr-episode-13-sub-indo/",
    "episode_date": "20 Februari,2019",
    "server": "yourupload",
    "quality": "720p",
    "data_content": "eyJpZCI6Mzc2MjUsImkiOjEsInEiOiI3MjBwIn0=",
    "decoded_data": {
      "id": 37625,
      "i": 1,
      "q": "720p"
    },
    "stream_url": "https://desudrive.com/stream/yuplod.php?id=844Rrg0Paa8t",
    "is_default": false,
    "timestamp": "2025-09-12T08:41:24.968Z"
  },
  {
    "anime_title": "Bakemonogatari",
    "episode_title": "Bakemonogatari Episode 13 Subtitle Indonesia",
    "episode_link": "https://otakudesu.best/episode/bkgtr-episode-13-sub-indo/",
    "episode_date": "20 Februari,2019",
    "server": "solidfiles",
    "quality": "360p",
    "data_content": "eyJpZCI6Mzc2MjUsImkiOjAsInEiOiIzNjBwIn0=",
    "decoded_data": {
      "id": 37625,
      "i": 0,
      "q": "360p"
    },
    "stream_url": "https://www.solidfiles.com/e/r6RNP2wX7g8Qk",
    "is_default": false,
    "timestamp": "2025-09-12T08:41:24.756Z"
  },
  {
    "anime_title": "Bakemonogatari",
    "episode_title": "Bakemonogatari Episode 13 Subtitle Indonesia",
    "episode_link": "https://otakudesu.best/episode/bkgtr-episode-13-sub-indo/",
    "episode_date": "20 Februari,2019",
    "server": "mp4load",
    "quality": "360p",
    "data_content": "eyJpZCI6Mzc2MjUsImkiOjEsInEiOiIzNjBwIn0=",
    "decoded_data": {
      "id": 37625,
      "i": 1,
      "q": "360p"
    },
    "stream_url": "https://www.mp4upload.com/embed-gggrzf45xmgz.html",
    "is_default": false,
    "timestamp": "2025-09-12T08:41:24.775Z"
  },
  {
    "anime_title": "Bakemonogatari",
    "episode_title": "Bakemonogatari Episode 13 Subtitle Indonesia",
    "episode_link": "https://otakudesu.best/episode/bkgtr-episode-13-sub-indo/",
    "episode_date": "20 Februari,2019",
    "server": "desuplay",
    "quality": "480p",
    "data_content": "eyJpZCI6Mzc2MjUsImkiOjAsInEiOiI0ODBwIn0=",
    "decoded_data": {
      "id": 37625,
      "i": 0,
      "q": "480p"
    },
    "stream_url": "https://desustream.info/dstream/desuplay/v2/index.php?id=b1ZXbEtGRWdpWWlKcUxCTVZ4amxuUzJYTDJwcU9QYXVZVDFnNnRTa0htOD0=",
    "is_default": true,
    "timestamp": "2025-09-12T08:41:24.799Z"
  },
  {
    "anime_title": "Bakemonogatari",
    "episode_title": "Bakemonogatari Episode 13 Subtitle Indonesia",
    "episode_link": "https://otakudesu.best/episode/bkgtr-episode-13-sub-indo/",
    "episode_date": "20 Februari,2019",
    "server": "solidfiles",
    "quality": "480p",
    "data_content": "eyJpZCI6Mzc2MjUsImkiOjEsInEiOiI0ODBwIn0=",
    "decoded_data": {
      "id": 37625,
      "i": 1,
      "q": "480p"
    },
    "stream_url": "https://www.solidfiles.com/e/RKDGrjxLqapmM",
    "is_default": false,
    "timestamp": "2025-09-12T08:41:24.858Z"
  },
  {
    "anime_title": "Bakemonogatari",
    "episode_title": "Bakemonogatari Episode 13 Subtitle Indonesia",
    "episode_link": "https://otakudesu.best/episode/bkgtr-episode-13-sub-indo/",
    "episode_date": "20 Februari,2019",
    "server": "mega",
    "quality": "480p",
    "data_content": "eyJpZCI6Mzc2MjUsImkiOjIsInEiOiI0ODBwIn0=",
    "decoded_data": {
      "id": 37625,
      "i": 2,
      "q": "480p"
    },
    "stream_url": "https://mega.nz/embed/#!ybx32KxS!ch16Yn8Xd6t4lzjrCIKnRRi9Ui9yOC7RRZJMU9ZDef0",
    "is_default": false,
    "timestamp": "2025-09-12T08:41:24.887Z"
  },
  {
    "anime_title": "Bakemonogatari",
    "episode_title": "Bakemonogatari Episode 13 Subtitle Indonesia",
    "episode_link": "https://otakudesu.best/episode/bkgtr-episode-13-sub-indo/",
    "episode_date": "20 Februari,2019",
    "server": "solidfiles",
    "quality": "720p",
    "data_content": "eyJpZCI6Mzc2MjUsImkiOjAsInEiOiI3MjBwIn0=",
    "decoded_data": {
      "id": 37625,
      "i": 0,
      "q": "720p"
    },
    "stream_url": "https://www.solidfiles.com/e/d8Z5dNqVMYkje",
    "is_default": false,
    "timestamp": "2025-09-12T08:41:24.931Z"
  },
  {
    "anime_title": "Bakemonogatari",
    "episode_title": "Bakemonogatari Episode 13 Subtitle Indonesia",
    "episode_link": "https://otakudesu.best/episode/bkgtr-episode-13-sub-indo/",
    "episode_date": "20 Februari,2019",
    "server": "yourupload",
    "quality": "720p",
    "data_content": "eyJpZCI6Mzc2MjUsImkiOjEsInEiOiI3MjBwIn0=",
    "decoded_data": {
      "id": 37625,
      "i": 1,
      "q": "720p"
    },
    "stream_url": "https://desudrive.com/stream/yuplod.php?id=844Rrg0Paa8t",
    "is_default": false,
    "timestamp": "2025-09-12T08:41:24.968Z"
  },
  {
    "anime_title": "Bakemonogatari",
    "episode_title": "Bakemonogatari Episode 14 Subtitle Indonesia",
    "episode_link": "https://otakudesu.best/episode/bkgtr-episode-14-sub-indo/",
    "episode_date": "20 Februari,2019",
    "server": "solidfiles",
    "quality": "360p",
    "data_content": "eyJpZCI6Mzc2MjYsImkiOjAsInEiOiIzNjBwIn0=",
    "decoded_data": {
      "id": 37626,
      "i": 0,
      "q": "360p"
    },
    "stream_url": "https://www.solidfiles.com/e/xKzGg8wmajXeQ",
    "is_default": false,
    "timestamp": "2025-09-12T08:41:25.605Z"
  },
  {
    "anime_title": "Bakemonogatari",
    "episode_title": "Bakemonogatari Episode 14 Subtitle Indonesia",
    "episode_link": "https://otakudesu.best/episode/bkgtr-episode-14-sub-indo/",
    "episode_date": "20 Februari,2019",
    "server": "mp4load",
    "quality": "360p",
    "data_content": "eyJpZCI6Mzc2MjYsImkiOjEsInEiOiIzNjBwIn0=",
    "decoded_data": {
      "id": 37626,
      "i": 1,
      "q": "360p"
    },
    "stream_url": "https://www.mp4upload.com/embed-4mq30pwd0ls1.html",
    "is_default": false,
    "timestamp": "2025-09-12T08:41:25.656Z"
  },
  {
    "anime_title": "Bakemonogatari",
    "episode_title": "Bakemonogatari Episode 14 Subtitle Indonesia",
    "episode_link": "https://otakudesu.best/episode/bkgtr-episode-14-sub-indo/",
    "episode_date": "20 Februari,2019",
    "server": "desuplay",
    "quality": "480p",
    "data_content": "eyJpZCI6Mzc2MjYsImkiOjAsInEiOiI0ODBwIn0=",
    "decoded_data": {
      "id": 37626,
      "i": 0,
      "q": "480p"
    },
    "stream_url": "https://desustream.info/dstream/desuplay/v2/index.php?id=ZXVTd1V0clJWcUMvdFNnUFA0b1AzSjg1WWpubS9LOE1ieUl2MXlmclhaTT0=",
    "is_default": true,
    "timestamp": "2025-09-12T08:41:25.688Z"
  },
  {
    "anime_title": "Bakemonogatari",
    "episode_title": "Bakemonogatari Episode 14 Subtitle Indonesia",
    "episode_link": "https://otakudesu.best/episode/bkgtr-episode-14-sub-indo/",
    "episode_date": "20 Februari,2019",
    "server": "solidfiles",
    "quality": "480p",
    "data_content": "eyJpZCI6Mzc2MjYsImkiOjEsInEiOiI0ODBwIn0=",
    "decoded_data": {
      "id": 37626,
      "i": 1,
      "q": "480p"
    },
    "stream_url": "https://www.solidfiles.com/e/vDqY4pj7w8WMN",
    "is_default": false,
    "timestamp": "2025-09-12T08:41:25.711Z"
  },
  {
    "anime_title": "Bakemonogatari",
    "episode_title": "Bakemonogatari Episode 14 Subtitle Indonesia",
    "episode_link": "https://otakudesu.best/episode/bkgtr-episode-14-sub-indo/",
    "episode_date": "20 Februari,2019",
    "server": "mega",
    "quality": "480p",
    "data_content": "eyJpZCI6Mzc2MjYsImkiOjIsInEiOiI0ODBwIn0=",
    "decoded_data": {
      "id": 37626,
      "i": 2,
      "q": "480p"
    },
    "stream_url": "https://mega.nz/embed/#!vSxTASSb!mm_xdIpTe8-5T1PVTcUcPSC6DtcEd3vCJj9dulBicBg",
    "is_default": false,
    "timestamp": "2025-09-12T08:41:25.744Z"
  },
  {
    "anime_title": "Bakemonogatari",
    "episode_title": "Bakemonogatari Episode 14 Subtitle Indonesia",
    "episode_link": "https://otakudesu.best/episode/bkgtr-episode-14-sub-indo/",
    "episode_date": "20 Februari,2019",
    "server": "solidfiles",
    "quality": "720p",
    "data_content": "eyJpZCI6Mzc2MjYsImkiOjAsInEiOiI3MjBwIn0=",
    "decoded_data": {
      "id": 37626,
      "i": 0,
      "q": "720p"
    },
    "stream_url": "https://www.solidfiles.com/e/d8Z5dMn22Nv4a",
    "is_default": false,
    "timestamp": "2025-09-12T08:41:25.809Z"
  },
  {
    "anime_title": "Bakemonogatari",
    "episode_title": "Bakemonogatari Episode 14 Subtitle Indonesia",
    "episode_link": "https://otakudesu.best/episode/bkgtr-episode-14-sub-indo/",
    "episode_date": "20 Februari,2019",
    "server": "yourupload",
    "quality": "720p",
    "data_content": "eyJpZCI6Mzc2MjYsImkiOjEsInEiOiI3MjBwIn0=",
    "decoded_data": {
      "id": 37626,
      "i": 1,
      "q": "720p"
    },
    "stream_url": "https://desudrive.com/stream/yuplod.php?id=4w4QOtgT4bv1",
    "is_default": false,
    "timestamp": "2025-09-12T08:41:25.828Z"
  },
  {
    "anime_title": "Bakemonogatari",
    "episode_title": "Bakemonogatari Episode 14 Subtitle Indonesia",
    "episode_link": "https://otakudesu.best/episode/bkgtr-episode-14-sub-indo/",
    "episode_date": "20 Februari,2019",
    "server": "solidfiles",
    "quality": "360p",
    "data_content": "eyJpZCI6Mzc2MjYsImkiOjAsInEiOiIzNjBwIn0=",
    "decoded_data": {
      "id": 37626,
      "i": 0,
      "q": "360p"
    },
    "stream_url": "https://www.solidfiles.com/e/xKzGg8wmajXeQ",
    "is_default": false,
    "timestamp": "2025-09-12T08:41:25.605Z"
  },
  {
    "anime_title": "Bakemonogatari",
    "episode_title": "Bakemonogatari Episode 14 Subtitle Indonesia",
    "episode_link": "https://otakudesu.best/episode/bkgtr-episode-14-sub-indo/",
    "episode_date": "20 Februari,2019",
    "server": "mp4load",
    "quality": "360p",
    "data_content": "eyJpZCI6Mzc2MjYsImkiOjEsInEiOiIzNjBwIn0=",
    "decoded_data": {
      "id": 37626,
      "i": 1,
      "q": "360p"
    },
    "stream_url": "https://www.mp4upload.com/embed-4mq30pwd0ls1.html",
    "is_default": false,
    "timestamp": "2025-09-12T08:41:25.656Z"
  },
  {
    "anime_title": "Bakemonogatari",
    "episode_title": "Bakemonogatari Episode 14 Subtitle Indonesia",
    "episode_link": "https://otakudesu.best/episode/bkgtr-episode-14-sub-indo/",
    "episode_date": "20 Februari,2019",
    "server": "desuplay",
    "quality": "480p",
    "data_content": "eyJpZCI6Mzc2MjYsImkiOjAsInEiOiI0ODBwIn0=",
    "decoded_data": {
      "id": 37626,
      "i": 0,
      "q": "480p"
    },
    "stream_url": "https://desustream.info/dstream/desuplay/v2/index.php?id=ZXVTd1V0clJWcUMvdFNnUFA0b1AzSjg1WWpubS9LOE1ieUl2MXlmclhaTT0=",
    "is_default": true,
    "timestamp": "2025-09-12T08:41:25.688Z"
  },
  {
    "anime_title": "Bakemonogatari",
    "episode_title": "Bakemonogatari Episode 14 Subtitle Indonesia",
    "episode_link": "https://otakudesu.best/episode/bkgtr-episode-14-sub-indo/",
    "episode_date": "20 Februari,2019",
    "server": "solidfiles",
    "quality": "480p",
    "data_content": "eyJpZCI6Mzc2MjYsImkiOjEsInEiOiI0ODBwIn0=",
    "decoded_data": {
      "id": 37626,
      "i": 1,
      "q": "480p"
    },
    "stream_url": "https://www.solidfiles.com/e/vDqY4pj7w8WMN",
    "is_default": false,
    "timestamp": "2025-09-12T08:41:25.711Z"
  },
  {
    "anime_title": "Bakemonogatari",
    "episode_title": "Bakemonogatari Episode 14 Subtitle Indonesia",
    "episode_link": "https://otakudesu.best/episode/bkgtr-episode-14-sub-indo/",
    "episode_date": "20 Februari,2019",
    "server": "mega",
    "quality": "480p",
    "data_content": "eyJpZCI6Mzc2MjYsImkiOjIsInEiOiI0ODBwIn0=",
    "decoded_data": {
      "id": 37626,
      "i": 2,
      "q": "480p"
    },
    "stream_url": "https://mega.nz/embed/#!vSxTASSb!mm_xdIpTe8-5T1PVTcUcPSC6DtcEd3vCJj9dulBicBg",
    "is_default": false,
    "timestamp": "2025-09-12T08:41:25.744Z"
  },
  {
    "anime_title": "Bakemonogatari",
    "episode_title": "Bakemonogatari Episode 14 Subtitle Indonesia",
    "episode_link": "https://otakudesu.best/episode/bkgtr-episode-14-sub-indo/",
    "episode_date": "20 Februari,2019",
    "server": "solidfiles",
    "quality": "720p",
    "data_content": "eyJpZCI6Mzc2MjYsImkiOjAsInEiOiI3MjBwIn0=",
    "decoded_data": {
      "id": 37626,
      "i": 0,
      "q": "720p"
    },
    "stream_url": "https://www.solidfiles.com/e/d8Z5dMn22Nv4a",
    "is_default": false,
    "timestamp": "2025-09-12T08:41:25.809Z"
  },
  {
    "anime_title": "Bakemonogatari",
    "episode_title": "Bakemonogatari Episode 14 Subtitle Indonesia",
    "episode_link": "https://otakudesu.best/episode/bkgtr-episode-14-sub-indo/",
    "episode_date": "20 Februari,2019",
    "server": "yourupload",
    "quality": "720p",
    "data_content": "eyJpZCI6Mzc2MjYsImkiOjEsInEiOiI3MjBwIn0=",
    "decoded_data": {
      "id": 37626,
      "i": 1,
      "q": "720p"
    },
    "stream_url": "https://desudrive.com/stream/yuplod.php?id=4w4QOtgT4bv1",
    "is_default": false,
    "timestamp": "2025-09-12T08:41:25.828Z"
  },
  {
    "anime_title": "Bakemonogatari",
    "episode_title": "Bakemonogatari Episode 15 (End) Subtitle Indonesia",
    "episode_link": "https://otakudesu.best/episode/bkgtr-episode-15-sub-indo/",
    "episode_date": "20 Februari,2019",
    "server": "solidfiles",
    "quality": "360p",
    "data_content": "eyJpZCI6Mzc2MjcsImkiOjAsInEiOiIzNjBwIn0=",
    "decoded_data": {
      "id": 37627,
      "i": 0,
      "q": "360p"
    },
    "stream_url": "https://www.solidfiles.com/e/Y8kZNB77QPzZX",
    "is_default": false,
    "timestamp": "2025-09-12T08:41:26.448Z"
  },
  {
    "anime_title": "Bakemonogatari",
    "episode_title": "Bakemonogatari Episode 15 (End) Subtitle Indonesia",
    "episode_link": "https://otakudesu.best/episode/bkgtr-episode-15-sub-indo/",
    "episode_date": "20 Februari,2019",
    "server": "mp4load",
    "quality": "360p",
    "data_content": "eyJpZCI6Mzc2MjcsImkiOjEsInEiOiIzNjBwIn0=",
    "decoded_data": {
      "id": 37627,
      "i": 1,
      "q": "360p"
    },
    "stream_url": "https://www.mp4upload.com/embed-9qb163f4bd1p.html",
    "is_default": false,
    "timestamp": "2025-09-12T08:41:26.471Z"
  },
  {
    "anime_title": "Bakemonogatari",
    "episode_title": "Bakemonogatari Episode 15 (End) Subtitle Indonesia",
    "episode_link": "https://otakudesu.best/episode/bkgtr-episode-15-sub-indo/",
    "episode_date": "20 Februari,2019",
    "server": "desuplay",
    "quality": "480p",
    "data_content": "eyJpZCI6Mzc2MjcsImkiOjAsInEiOiI0ODBwIn0=",
    "decoded_data": {
      "id": 37627,
      "i": 0,
      "q": "480p"
    },
    "stream_url": "https://desustream.info/dstream/desuplay/v2/index.php?id=NldNaWRKVnUxWUxyM01ZTUhiOXdYMzd2MTNtZHk3dWRyb0N3N1o2UlhTcz0=",
    "is_default": true,
    "timestamp": "2025-09-12T08:41:26.547Z"
  },
  {
    "anime_title": "Bakemonogatari",
    "episode_title": "Bakemonogatari Episode 15 (End) Subtitle Indonesia",
    "episode_link": "https://otakudesu.best/episode/bkgtr-episode-15-sub-indo/",
    "episode_date": "20 Februari,2019",
    "server": "solidfiles",
    "quality": "480p",
    "data_content": "eyJpZCI6Mzc2MjcsImkiOjEsInEiOiI0ODBwIn0=",
    "decoded_data": {
      "id": 37627,
      "i": 1,
      "q": "480p"
    },
    "stream_url": "https://www.solidfiles.com/e/8pzX4p66wG6Mv",
    "is_default": false,
    "timestamp": "2025-09-12T08:41:26.575Z"
  },
  {
    "anime_title": "Bakemonogatari",
    "episode_title": "Bakemonogatari Episode 15 (End) Subtitle Indonesia",
    "episode_link": "https://otakudesu.best/episode/bkgtr-episode-15-sub-indo/",
    "episode_date": "20 Februari,2019",
    "server": "mega",
    "quality": "480p",
    "data_content": "eyJpZCI6Mzc2MjcsImkiOjIsInEiOiI0ODBwIn0=",
    "decoded_data": {
      "id": 37627,
      "i": 2,
      "q": "480p"
    },
    "stream_url": "https://mega.nz/embed/#!aLw1GYTD!-j_pmFBVzXWi5rhTWs9zbOrMQIiLR8n6LSNnhNkIpu8",
    "is_default": false,
    "timestamp": "2025-09-12T08:41:26.636Z"
  },
  {
    "anime_title": "Bakemonogatari",
    "episode_title": "Bakemonogatari Episode 15 (End) Subtitle Indonesia",
    "episode_link": "https://otakudesu.best/episode/bkgtr-episode-15-sub-indo/",
    "episode_date": "20 Februari,2019",
    "server": "solidfiles",
    "quality": "720p",
    "data_content": "eyJpZCI6Mzc2MjcsImkiOjAsInEiOiI3MjBwIn0=",
    "decoded_data": {
      "id": 37627,
      "i": 0,
      "q": "720p"
    },
    "stream_url": "https://www.solidfiles.com/e/ZQkmWxK6XB8p6",
    "is_default": false,
    "timestamp": "2025-09-12T08:41:26.657Z"
  },
  {
    "anime_title": "Bakemonogatari",
    "episode_title": "Bakemonogatari Episode 15 (End) Subtitle Indonesia",
    "episode_link": "https://otakudesu.best/episode/bkgtr-episode-15-sub-indo/",
    "episode_date": "20 Februari,2019",
    "server": "yourupload",
    "quality": "720p",
    "data_content": "eyJpZCI6Mzc2MjcsImkiOjEsInEiOiI3MjBwIn0=",
    "decoded_data": {
      "id": 37627,
      "i": 1,
      "q": "720p"
    },
    "stream_url": "https://desudrive.com/stream/yuplod.php?id=JJ18Vp80TI0U",
    "is_default": false,
    "timestamp": "2025-09-12T08:41:26.774Z"
  },
  {
    "anime_title": "Bakemonogatari",
    "episode_title": "Bakemonogatari Episode 15 (End) Subtitle Indonesia",
    "episode_link": "https://otakudesu.best/episode/bkgtr-episode-15-sub-indo/",
    "episode_date": "20 Februari,2019",
    "server": "solidfiles",
    "quality": "360p",
    "data_content": "eyJpZCI6Mzc2MjcsImkiOjAsInEiOiIzNjBwIn0=",
    "decoded_data": {
      "id": 37627,
      "i": 0,
      "q": "360p"
    },
    "stream_url": "https://www.solidfiles.com/e/Y8kZNB77QPzZX",
    "is_default": false,
    "timestamp": "2025-09-12T08:41:26.448Z"
  },
  {
    "anime_title": "Bakemonogatari",
    "episode_title": "Bakemonogatari Episode 15 (End) Subtitle Indonesia",
    "episode_link": "https://otakudesu.best/episode/bkgtr-episode-15-sub-indo/",
    "episode_date": "20 Februari,2019",
    "server": "mp4load",
    "quality": "360p",
    "data_content": "eyJpZCI6Mzc2MjcsImkiOjEsInEiOiIzNjBwIn0=",
    "decoded_data": {
      "id": 37627,
      "i": 1,
      "q": "360p"
    },
    "stream_url": "https://www.mp4upload.com/embed-9qb163f4bd1p.html",
    "is_default": false,
    "timestamp": "2025-09-12T08:41:26.471Z"
  },
  {
    "anime_title": "Bakemonogatari",
    "episode_title": "Bakemonogatari Episode 15 (End) Subtitle Indonesia",
    "episode_link": "https://otakudesu.best/episode/bkgtr-episode-15-sub-indo/",
    "episode_date": "20 Februari,2019",
    "server": "desuplay",
    "quality": "480p",
    "data_content": "eyJpZCI6Mzc2MjcsImkiOjAsInEiOiI0ODBwIn0=",
    "decoded_data": {
      "id": 37627,
      "i": 0,
      "q": "480p"
    },
    "stream_url": "https://desustream.info/dstream/desuplay/v2/index.php?id=NldNaWRKVnUxWUxyM01ZTUhiOXdYMzd2MTNtZHk3dWRyb0N3N1o2UlhTcz0=",
    "is_default": true,
    "timestamp": "2025-09-12T08:41:26.547Z"
  },
  {
    "anime_title": "Bakemonogatari",
    "episode_title": "Bakemonogatari Episode 15 (End) Subtitle Indonesia",
    "episode_link": "https://otakudesu.best/episode/bkgtr-episode-15-sub-indo/",
    "episode_date": "20 Februari,2019",
    "server": "solidfiles",
    "quality": "480p",
    "data_content": "eyJpZCI6Mzc2MjcsImkiOjEsInEiOiI0ODBwIn0=",
    "decoded_data": {
      "id": 37627,
      "i": 1,
      "q": "480p"
    },
    "stream_url": "https://www.solidfiles.com/e/8pzX4p66wG6Mv",
    "is_default": false,
    "timestamp": "2025-09-12T08:41:26.575Z"
  },
  {
    "anime_title": "Bakemonogatari",
    "episode_title": "Bakemonogatari Episode 15 (End) Subtitle Indonesia",
    "episode_link": "https://otakudesu.best/episode/bkgtr-episode-15-sub-indo/",
    "episode_date": "20 Februari,2019",
    "server": "mega",
    "quality": "480p",
    "data_content": "eyJpZCI6Mzc2MjcsImkiOjIsInEiOiI0ODBwIn0=",
    "decoded_data": {
      "id": 37627,
      "i": 2,
      "q": "480p"
    },
    "stream_url": "https://mega.nz/embed/#!aLw1GYTD!-j_pmFBVzXWi5rhTWs9zbOrMQIiLR8n6LSNnhNkIpu8",
    "is_default": false,
    "timestamp": "2025-09-12T08:41:26.636Z"
  },
  {
    "anime_title": "Bakemonogatari",
    "episode_title": "Bakemonogatari Episode 15 (End) Subtitle Indonesia",
    "episode_link": "https://otakudesu.best/episode/bkgtr-episode-15-sub-indo/",
    "episode_date": "20 Februari,2019",
    "server": "solidfiles",
    "quality": "720p",
    "data_content": "eyJpZCI6Mzc2MjcsImkiOjAsInEiOiI3MjBwIn0=",
    "decoded_data": {
      "id": 37627,
      "i": 0,
      "q": "720p"
    },
    "stream_url": "https://www.solidfiles.com/e/ZQkmWxK6XB8p6",
    "is_default": false,
    "timestamp": "2025-09-12T08:41:26.657Z"
  },
  {
    "anime_title": "Bakemonogatari",
    "episode_title": "Bakemonogatari Episode 15 (End) Subtitle Indonesia",
    "episode_link": "https://otakudesu.best/episode/bkgtr-episode-15-sub-indo/",
    "episode_date": "20 Februari,2019",
    "server": "yourupload",
    "quality": "720p",
    "data_content": "eyJpZCI6Mzc2MjcsImkiOjEsInEiOiI3MjBwIn0=",
    "decoded_data": {
      "id": 37627,
      "i": 1,
      "q": "720p"
    },
    "stream_url": "https://desudrive.com/stream/yuplod.php?id=JJ18Vp80TI0U",
    "is_default": false,
    "timestamp": "2025-09-12T08:41:26.774Z"
  },
  {
    "anime_title": "Baki",
    "episode_title": "Baki Episode 1 Subtitle Indonesia",
    "episode_link": "https://otakudesu.best/episode/bk-episode-1-sub-indo/",
    "episode_date": "9 Januari,2019",
    "server": "solidfiles",
    "quality": "360p",
    "data_content": "eyJpZCI6MzQ4NjgsImkiOjAsInEiOiIzNjBwIn0=",
    "decoded_data": {
      "id": 34868,
      "i": 0,
      "q": "360p"
    },
    "stream_url": "https://www.solidfiles.com/e/RKPd8zyRWL8kx",
    "is_default": false,
    "timestamp": "2025-09-12T08:41:27.678Z"
  },
  {
    "anime_title": "Baki",
    "episode_title": "Baki Episode 1 Subtitle Indonesia",
    "episode_link": "https://otakudesu.best/episode/bk-episode-1-sub-indo/",
    "episode_date": "9 Januari,2019",
    "server": "mp4load",
    "quality": "360p",
    "data_content": "eyJpZCI6MzQ4NjgsImkiOjEsInEiOiIzNjBwIn0=",
    "decoded_data": {
      "id": 34868,
      "i": 1,
      "q": "360p"
    },
    "stream_url": "https://www.mp4upload.com/embed-5kra0a0xxeii.html",
    "is_default": false,
    "timestamp": "2025-09-12T08:41:27.701Z"
  },
  {
    "anime_title": "Baki",
    "episode_title": "Baki Episode 1 Subtitle Indonesia",
    "episode_link": "https://otakudesu.best/episode/bk-episode-1-sub-indo/",
    "episode_date": "9 Januari,2019",
    "server": "playdesu",
    "quality": "480p",
    "data_content": "eyJpZCI6MzQ4NjgsImkiOjAsInEiOiI0ODBwIn0=",
    "decoded_data": {
      "id": 34868,
      "i": 0,
      "q": "480p"
    },
    "stream_url": "https://desustream.info/dstream/playdesu/v2/index.php?id=VnZLQkFEMktZaGpqV0x1RFM4SWN3dz09",
    "is_default": true,
    "timestamp": "2025-09-12T08:41:27.751Z"
  },
  {
    "anime_title": "Baki",
    "episode_title": "Baki Episode 1 Subtitle Indonesia",
    "episode_link": "https://otakudesu.best/episode/bk-episode-1-sub-indo/",
    "episode_date": "9 Januari,2019",
    "server": "solidfiles",
    "quality": "480p",
    "data_content": "eyJpZCI6MzQ4NjgsImkiOjEsInEiOiI0ODBwIn0=",
    "decoded_data": {
      "id": 34868,
      "i": 1,
      "q": "480p"
    },
    "stream_url": "https://www.solidfiles.com/e/M2MjGzQqGje5x",
    "is_default": false,
    "timestamp": "2025-09-12T08:41:27.791Z"
  },
  {
    "anime_title": "Baki",
    "episode_title": "Baki Episode 1 Subtitle Indonesia",
    "episode_link": "https://otakudesu.best/episode/bk-episode-1-sub-indo/",
    "episode_date": "9 Januari,2019",
    "server": "solidfiles",
    "quality": "720p",
    "data_content": "eyJpZCI6MzQ4NjgsImkiOjAsInEiOiI3MjBwIn0=",
    "decoded_data": {
      "id": 34868,
      "i": 0,
      "q": "720p"
    },
    "stream_url": "https://www.solidfiles.com/e/GGnNA4QQmDjK7",
    "is_default": false,
    "timestamp": "2025-09-12T08:41:27.822Z"
  },
  {
    "anime_title": "Baki",
    "episode_title": "Baki Episode 1 Subtitle Indonesia",
    "episode_link": "https://otakudesu.best/episode/bk-episode-1-sub-indo/",
    "episode_date": "9 Januari,2019",
    "server": "yourupload",
    "quality": "720p",
    "data_content": "eyJpZCI6MzQ4NjgsImkiOjEsInEiOiI3MjBwIn0=",
    "decoded_data": {
      "id": 34868,
      "i": 1,
      "q": "720p"
    },
    "stream_url": "https://desudrive.com/stream/yuplod.php?id=TJONJqSCbAcB",
    "is_default": false,
    "timestamp": "2025-09-12T08:41:27.844Z"
  },
  {
    "anime_title": "Baki",
    "episode_title": "Baki Episode 1 Subtitle Indonesia",
    "episode_link": "https://otakudesu.best/episode/bk-episode-1-sub-indo/",
    "episode_date": "9 Januari,2019",
    "server": "solidfiles",
    "quality": "360p",
    "data_content": "eyJpZCI6MzQ4NjgsImkiOjAsInEiOiIzNjBwIn0=",
    "decoded_data": {
      "id": 34868,
      "i": 0,
      "q": "360p"
    },
    "stream_url": "https://www.solidfiles.com/e/RKPd8zyRWL8kx",
    "is_default": false,
    "timestamp": "2025-09-12T08:41:27.678Z"
  },
  {
    "anime_title": "Baki",
    "episode_title": "Baki Episode 1 Subtitle Indonesia",
    "episode_link": "https://otakudesu.best/episode/bk-episode-1-sub-indo/",
    "episode_date": "9 Januari,2019",
    "server": "mp4load",
    "quality": "360p",
    "data_content": "eyJpZCI6MzQ4NjgsImkiOjEsInEiOiIzNjBwIn0=",
    "decoded_data": {
      "id": 34868,
      "i": 1,
      "q": "360p"
    },
    "stream_url": "https://www.mp4upload.com/embed-5kra0a0xxeii.html",
    "is_default": false,
    "timestamp": "2025-09-12T08:41:27.701Z"
  },
  {
    "anime_title": "Baki",
    "episode_title": "Baki Episode 1 Subtitle Indonesia",
    "episode_link": "https://otakudesu.best/episode/bk-episode-1-sub-indo/",
    "episode_date": "9 Januari,2019",
    "server": "playdesu",
    "quality": "480p",
    "data_content": "eyJpZCI6MzQ4NjgsImkiOjAsInEiOiI0ODBwIn0=",
    "decoded_data": {
      "id": 34868,
      "i": 0,
      "q": "480p"
    },
    "stream_url": "https://desustream.info/dstream/playdesu/v2/index.php?id=VnZLQkFEMktZaGpqV0x1RFM4SWN3dz09",
    "is_default": true,
    "timestamp": "2025-09-12T08:41:27.751Z"
  },
  {
    "anime_title": "Baki",
    "episode_title": "Baki Episode 1 Subtitle Indonesia",
    "episode_link": "https://otakudesu.best/episode/bk-episode-1-sub-indo/",
    "episode_date": "9 Januari,2019",
    "server": "solidfiles",
    "quality": "480p",
    "data_content": "eyJpZCI6MzQ4NjgsImkiOjEsInEiOiI0ODBwIn0=",
    "decoded_data": {
      "id": 34868,
      "i": 1,
      "q": "480p"
    },
    "stream_url": "https://www.solidfiles.com/e/M2MjGzQqGje5x",
    "is_default": false,
    "timestamp": "2025-09-12T08:41:27.791Z"
  },
  {
    "anime_title": "Baki",
    "episode_title": "Baki Episode 1 Subtitle Indonesia",
    "episode_link": "https://otakudesu.best/episode/bk-episode-1-sub-indo/",
    "episode_date": "9 Januari,2019",
    "server": "solidfiles",
    "quality": "720p",
    "data_content": "eyJpZCI6MzQ4NjgsImkiOjAsInEiOiI3MjBwIn0=",
    "decoded_data": {
      "id": 34868,
      "i": 0,
      "q": "720p"
    },
    "stream_url": "https://www.solidfiles.com/e/GGnNA4QQmDjK7",
    "is_default": false,
    "timestamp": "2025-09-12T08:41:27.822Z"
  },
  {
    "anime_title": "Baki",
    "episode_title": "Baki Episode 1 Subtitle Indonesia",
    "episode_link": "https://otakudesu.best/episode/bk-episode-1-sub-indo/",
    "episode_date": "9 Januari,2019",
    "server": "yourupload",
    "quality": "720p",
    "data_content": "eyJpZCI6MzQ4NjgsImkiOjEsInEiOiI3MjBwIn0=",
    "decoded_data": {
      "id": 34868,
      "i": 1,
      "q": "720p"
    },
    "stream_url": "https://desudrive.com/stream/yuplod.php?id=TJONJqSCbAcB",
    "is_default": false,
    "timestamp": "2025-09-12T08:41:27.844Z"
  },
  {
    "anime_title": "Baki",
    "episode_title": "Baki Episode 2 Subtitle Indonesia",
    "episode_link": "https://otakudesu.best/episode/bk-episode-2-sub-indo/",
    "episode_date": "9 Januari,2019",
    "server": "solidfiles",
    "quality": "360p",
    "data_content": "eyJpZCI6MzQ4NjksImkiOjAsInEiOiIzNjBwIn0=",
    "decoded_data": {
      "id": 34869,
      "i": 0,
      "q": "360p"
    },
    "stream_url": "https://www.solidfiles.com/e/d8MnLBjMQmZmm",
    "is_default": false,
    "timestamp": "2025-09-12T08:41:28.483Z"
  },
  {
    "anime_title": "Baki",
    "episode_title": "Baki Episode 2 Subtitle Indonesia",
    "episode_link": "https://otakudesu.best/episode/bk-episode-2-sub-indo/",
    "episode_date": "9 Januari,2019",
    "server": "mp4load",
    "quality": "360p",
    "data_content": "eyJpZCI6MzQ4NjksImkiOjEsInEiOiIzNjBwIn0=",
    "decoded_data": {
      "id": 34869,
      "i": 1,
      "q": "360p"
    },
    "stream_url": "https://www.mp4upload.com/embed-jldejeixkbx3.html",
    "is_default": false,
    "timestamp": "2025-09-12T08:41:28.504Z"
  },
  {
    "anime_title": "Baki",
    "episode_title": "Baki Episode 2 Subtitle Indonesia",
    "episode_link": "https://otakudesu.best/episode/bk-episode-2-sub-indo/",
    "episode_date": "9 Januari,2019",
    "server": "playdesu",
    "quality": "480p",
    "data_content": "eyJpZCI6MzQ4NjksImkiOjAsInEiOiI0ODBwIn0=",
    "decoded_data": {
      "id": 34869,
      "i": 0,
      "q": "480p"
    },
    "stream_url": "https://desustream.info/dstream/playdesu/v2/index.php?id=SkVYdnZ0anNad3l5SzdyZVJiVkdJZz09",
    "is_default": true,
    "timestamp": "2025-09-12T08:41:28.539Z"
  },
  {
    "anime_title": "Baki",
    "episode_title": "Baki Episode 2 Subtitle Indonesia",
    "episode_link": "https://otakudesu.best/episode/bk-episode-2-sub-indo/",
    "episode_date": "9 Januari,2019",
    "server": "solidfiles",
    "quality": "480p",
    "data_content": "eyJpZCI6MzQ4NjksImkiOjEsInEiOiI0ODBwIn0=",
    "decoded_data": {
      "id": 34869,
      "i": 1,
      "q": "480p"
    },
    "stream_url": "https://www.solidfiles.com/e/RKPd82vmyAMvG",
    "is_default": false,
    "timestamp": "2025-09-12T08:41:28.596Z"
  },
  {
    "anime_title": "Baki",
    "episode_title": "Baki Episode 2 Subtitle Indonesia",
    "episode_link": "https://otakudesu.best/episode/bk-episode-2-sub-indo/",
    "episode_date": "9 Januari,2019",
    "server": "solidfiles",
    "quality": "720p",
    "data_content": "eyJpZCI6MzQ4NjksImkiOjAsInEiOiI3MjBwIn0=",
    "decoded_data": {
      "id": 34869,
      "i": 0,
      "q": "720p"
    },
    "stream_url": "https://www.solidfiles.com/e/2GYyzW3xgrKvz",
    "is_default": false,
    "timestamp": "2025-09-12T08:41:28.623Z"
  },
  {
    "anime_title": "Baki",
    "episode_title": "Baki Episode 2 Subtitle Indonesia",
    "episode_link": "https://otakudesu.best/episode/bk-episode-2-sub-indo/",
    "episode_date": "9 Januari,2019",
    "server": "yourupload",
    "quality": "720p",
    "data_content": "eyJpZCI6MzQ4NjksImkiOjEsInEiOiI3MjBwIn0=",
    "decoded_data": {
      "id": 34869,
      "i": 1,
      "q": "720p"
    },
    "stream_url": "https://desudrive.com/stream/yuplod.php?id=64orE4CvYacO",
    "is_default": false,
    "timestamp": "2025-09-12T08:41:28.662Z"
  },
  {
    "anime_title": "Baki",
    "episode_title": "Baki Episode 2 Subtitle Indonesia",
    "episode_link": "https://otakudesu.best/episode/bk-episode-2-sub-indo/",
    "episode_date": "9 Januari,2019",
    "server": "solidfiles",
    "quality": "360p",
    "data_content": "eyJpZCI6MzQ4NjksImkiOjAsInEiOiIzNjBwIn0=",
    "decoded_data": {
      "id": 34869,
      "i": 0,
      "q": "360p"
    },
    "stream_url": "https://www.solidfiles.com/e/d8MnLBjMQmZmm",
    "is_default": false,
    "timestamp": "2025-09-12T08:41:28.483Z"
  },
  {
    "anime_title": "Baki",
    "episode_title": "Baki Episode 2 Subtitle Indonesia",
    "episode_link": "https://otakudesu.best/episode/bk-episode-2-sub-indo/",
    "episode_date": "9 Januari,2019",
    "server": "mp4load",
    "quality": "360p",
    "data_content": "eyJpZCI6MzQ4NjksImkiOjEsInEiOiIzNjBwIn0=",
    "decoded_data": {
      "id": 34869,
      "i": 1,
      "q": "360p"
    },
    "stream_url": "https://www.mp4upload.com/embed-jldejeixkbx3.html",
    "is_default": false,
    "timestamp": "2025-09-12T08:41:28.504Z"
  },
  {
    "anime_title": "Baki",
    "episode_title": "Baki Episode 2 Subtitle Indonesia",
    "episode_link": "https://otakudesu.best/episode/bk-episode-2-sub-indo/",
    "episode_date": "9 Januari,2019",
    "server": "playdesu",
    "quality": "480p",
    "data_content": "eyJpZCI6MzQ4NjksImkiOjAsInEiOiI0ODBwIn0=",
    "decoded_data": {
      "id": 34869,
      "i": 0,
      "q": "480p"
    },
    "stream_url": "https://desustream.info/dstream/playdesu/v2/index.php?id=SkVYdnZ0anNad3l5SzdyZVJiVkdJZz09",
    "is_default": true,
    "timestamp": "2025-09-12T08:41:28.539Z"
  },
  {
    "anime_title": "Baki",
    "episode_title": "Baki Episode 2 Subtitle Indonesia",
    "episode_link": "https://otakudesu.best/episode/bk-episode-2-sub-indo/",
    "episode_date": "9 Januari,2019",
    "server": "solidfiles",
    "quality": "480p",
    "data_content": "eyJpZCI6MzQ4NjksImkiOjEsInEiOiI0ODBwIn0=",
    "decoded_data": {
      "id": 34869,
      "i": 1,
      "q": "480p"
    },
    "stream_url": "https://www.solidfiles.com/e/RKPd82vmyAMvG",
    "is_default": false,
    "timestamp": "2025-09-12T08:41:28.596Z"
  },
  {
    "anime_title": "Baki",
    "episode_title": "Baki Episode 2 Subtitle Indonesia",
    "episode_link": "https://otakudesu.best/episode/bk-episode-2-sub-indo/",
    "episode_date": "9 Januari,2019",
    "server": "solidfiles",
    "quality": "720p",
    "data_content": "eyJpZCI6MzQ4NjksImkiOjAsInEiOiI3MjBwIn0=",
    "decoded_data": {
      "id": 34869,
      "i": 0,
      "q": "720p"
    },
    "stream_url": "https://www.solidfiles.com/e/2GYyzW3xgrKvz",
    "is_default": false,
    "timestamp": "2025-09-12T08:41:28.623Z"
  },
  {
    "anime_title": "Baki",
    "episode_title": "Baki Episode 2 Subtitle Indonesia",
    "episode_link": "https://otakudesu.best/episode/bk-episode-2-sub-indo/",
    "episode_date": "9 Januari,2019",
    "server": "yourupload",
    "quality": "720p",
    "data_content": "eyJpZCI6MzQ4NjksImkiOjEsInEiOiI3MjBwIn0=",
    "decoded_data": {
      "id": 34869,
      "i": 1,
      "q": "720p"
    },
    "stream_url": "https://desudrive.com/stream/yuplod.php?id=64orE4CvYacO",
    "is_default": false,
    "timestamp": "2025-09-12T08:41:28.662Z"
  },
  {
    "anime_title": "Baki",
    "episode_title": "Baki Episode 3 Subtitle Indonesia",
    "episode_link": "https://otakudesu.best/episode/bk-episode-3-sub-indo/",
    "episode_date": "9 Januari,2019",
    "server": "solidfiles",
    "quality": "360p",
    "data_content": "eyJpZCI6MzQ4NzAsImkiOjAsInEiOiIzNjBwIn0=",
    "decoded_data": {
      "id": 34870,
      "i": 0,
      "q": "360p"
    },
    "stream_url": "https://www.solidfiles.com/e/mXWaLQrNZanKP",
    "is_default": false,
    "timestamp": "2025-09-12T08:41:29.305Z"
  },
  {
    "anime_title": "Baki",
    "episode_title": "Baki Episode 3 Subtitle Indonesia",
    "episode_link": "https://otakudesu.best/episode/bk-episode-3-sub-indo/",
    "episode_date": "9 Januari,2019",
    "server": "mp4load",
    "quality": "360p",
    "data_content": "eyJpZCI6MzQ4NzAsImkiOjEsInEiOiIzNjBwIn0=",
    "decoded_data": {
      "id": 34870,
      "i": 1,
      "q": "360p"
    },
    "stream_url": "https://www.mp4upload.com/embed-lbsbrzfnl6uq.html",
    "is_default": false,
    "timestamp": "2025-09-12T08:41:29.342Z"
  },
  {
    "anime_title": "Baki",
    "episode_title": "Baki Episode 3 Subtitle Indonesia",
    "episode_link": "https://otakudesu.best/episode/bk-episode-3-sub-indo/",
    "episode_date": "9 Januari,2019",
    "server": "playdesu",
    "quality": "480p",
    "data_content": "eyJpZCI6MzQ4NzAsImkiOjAsInEiOiI0ODBwIn0=",
    "decoded_data": {
      "id": 34870,
      "i": 0,
      "q": "480p"
    },
    "stream_url": "https://desustream.info/dstream/playdesu/v2/index.php?id=RUIwVXEwTkZQREJzQWF5TkNOM3ovUT09",
    "is_default": true,
    "timestamp": "2025-09-12T08:41:29.377Z"
  },
  {
    "anime_title": "Baki",
    "episode_title": "Baki Episode 3 Subtitle Indonesia",
    "episode_link": "https://otakudesu.best/episode/bk-episode-3-sub-indo/",
    "episode_date": "9 Januari,2019",
    "server": "solidfiles",
    "quality": "480p",
    "data_content": "eyJpZCI6MzQ4NzAsImkiOjEsInEiOiI0ODBwIn0=",
    "decoded_data": {
      "id": 34870,
      "i": 1,
      "q": "480p"
    },
    "stream_url": "https://www.solidfiles.com/e/8pyvPegGYDvL6",
    "is_default": false,
    "timestamp": "2025-09-12T08:41:29.408Z"
  },
  {
    "anime_title": "Baki",
    "episode_title": "Baki Episode 3 Subtitle Indonesia",
    "episode_link": "https://otakudesu.best/episode/bk-episode-3-sub-indo/",
    "episode_date": "9 Januari,2019",
    "server": "solidfiles",
    "quality": "720p",
    "data_content": "eyJpZCI6MzQ4NzAsImkiOjAsInEiOiI3MjBwIn0=",
    "decoded_data": {
      "id": 34870,
      "i": 0,
      "q": "720p"
    },
    "stream_url": "https://www.solidfiles.com/e/ZQxDp4vXVR45r",
    "is_default": false,
    "timestamp": "2025-09-12T08:41:29.465Z"
  },
  {
    "anime_title": "Baki",
    "episode_title": "Baki Episode 3 Subtitle Indonesia",
    "episode_link": "https://otakudesu.best/episode/bk-episode-3-sub-indo/",
    "episode_date": "9 Januari,2019",
    "server": "yourupload",
    "quality": "720p",
    "data_content": "eyJpZCI6MzQ4NzAsImkiOjEsInEiOiI3MjBwIn0=",
    "decoded_data": {
      "id": 34870,
      "i": 1,
      "q": "720p"
    },
    "stream_url": "https://desudrive.com/stream/yuplod.php?id=OLaJ0n7e5f6D",
    "is_default": false,
    "timestamp": "2025-09-12T08:41:29.487Z"
  },
  {
    "anime_title": "Baki",
    "episode_title": "Baki Episode 3 Subtitle Indonesia",
    "episode_link": "https://otakudesu.best/episode/bk-episode-3-sub-indo/",
    "episode_date": "9 Januari,2019",
    "server": "solidfiles",
    "quality": "360p",
    "data_content": "eyJpZCI6MzQ4NzAsImkiOjAsInEiOiIzNjBwIn0=",
    "decoded_data": {
      "id": 34870,
      "i": 0,
      "q": "360p"
    },
    "stream_url": "https://www.solidfiles.com/e/mXWaLQrNZanKP",
    "is_default": false,
    "timestamp": "2025-09-12T08:41:29.305Z"
  },
  {
    "anime_title": "Baki",
    "episode_title": "Baki Episode 3 Subtitle Indonesia",
    "episode_link": "https://otakudesu.best/episode/bk-episode-3-sub-indo/",
    "episode_date": "9 Januari,2019",
    "server": "mp4load",
    "quality": "360p",
    "data_content": "eyJpZCI6MzQ4NzAsImkiOjEsInEiOiIzNjBwIn0=",
    "decoded_data": {
      "id": 34870,
      "i": 1,
      "q": "360p"
    },
    "stream_url": "https://www.mp4upload.com/embed-lbsbrzfnl6uq.html",
    "is_default": false,
    "timestamp": "2025-09-12T08:41:29.342Z"
  },
  {
    "anime_title": "Baki",
    "episode_title": "Baki Episode 3 Subtitle Indonesia",
    "episode_link": "https://otakudesu.best/episode/bk-episode-3-sub-indo/",
    "episode_date": "9 Januari,2019",
    "server": "playdesu",
    "quality": "480p",
    "data_content": "eyJpZCI6MzQ4NzAsImkiOjAsInEiOiI0ODBwIn0=",
    "decoded_data": {
      "id": 34870,
      "i": 0,
      "q": "480p"
    },
    "stream_url": "https://desustream.info/dstream/playdesu/v2/index.php?id=RUIwVXEwTkZQREJzQWF5TkNOM3ovUT09",
    "is_default": true,
    "timestamp": "2025-09-12T08:41:29.377Z"
  },
  {
    "anime_title": "Baki",
    "episode_title": "Baki Episode 3 Subtitle Indonesia",
    "episode_link": "https://otakudesu.best/episode/bk-episode-3-sub-indo/",
    "episode_date": "9 Januari,2019",
    "server": "solidfiles",
    "quality": "480p",
    "data_content": "eyJpZCI6MzQ4NzAsImkiOjEsInEiOiI0ODBwIn0=",
    "decoded_data": {
      "id": 34870,
      "i": 1,
      "q": "480p"
    },
    "stream_url": "https://www.solidfiles.com/e/8pyvPegGYDvL6",
    "is_default": false,
    "timestamp": "2025-09-12T08:41:29.408Z"
  },
  {
    "anime_title": "Baki",
    "episode_title": "Baki Episode 3 Subtitle Indonesia",
    "episode_link": "https://otakudesu.best/episode/bk-episode-3-sub-indo/",
    "episode_date": "9 Januari,2019",
    "server": "solidfiles",
    "quality": "720p",
    "data_content": "eyJpZCI6MzQ4NzAsImkiOjAsInEiOiI3MjBwIn0=",
    "decoded_data": {
      "id": 34870,
      "i": 0,
      "q": "720p"
    },
    "stream_url": "https://www.solidfiles.com/e/ZQxDp4vXVR45r",
    "is_default": false,
    "timestamp": "2025-09-12T08:41:29.465Z"
  },
  {
    "anime_title": "Baki",
    "episode_title": "Baki Episode 3 Subtitle Indonesia",
    "episode_link": "https://otakudesu.best/episode/bk-episode-3-sub-indo/",
    "episode_date": "9 Januari,2019",
    "server": "yourupload",
    "quality": "720p",
    "data_content": "eyJpZCI6MzQ4NzAsImkiOjEsInEiOiI3MjBwIn0=",
    "decoded_data": {
      "id": 34870,
      "i": 1,
      "q": "720p"
    },
    "stream_url": "https://desudrive.com/stream/yuplod.php?id=OLaJ0n7e5f6D",
    "is_default": false,
    "timestamp": "2025-09-12T08:41:29.487Z"
  },
  {
    "anime_title": "Baki",
    "episode_title": "Baki Episode 4 Subtitle Indonesia",
    "episode_link": "https://otakudesu.best/episode/bk-episode-4-sub-indo/",
    "episode_date": "9 Januari,2019",
    "server": "solidfiles",
    "quality": "360p",
    "data_content": "eyJpZCI6MzQ4NzEsImkiOjAsInEiOiIzNjBwIn0=",
    "decoded_data": {
      "id": 34871,
      "i": 0,
      "q": "360p"
    },
    "stream_url": "https://www.solidfiles.com/e/jXYdLKPRRg4y8",
    "is_default": false,
    "timestamp": "2025-09-12T08:41:30.132Z"
  },
  {
    "anime_title": "Baki",
    "episode_title": "Baki Episode 4 Subtitle Indonesia",
    "episode_link": "https://otakudesu.best/episode/bk-episode-4-sub-indo/",
    "episode_date": "9 Januari,2019",
    "server": "mp4load",
    "quality": "360p",
    "data_content": "eyJpZCI6MzQ4NzEsImkiOjEsInEiOiIzNjBwIn0=",
    "decoded_data": {
      "id": 34871,
      "i": 1,
      "q": "360p"
    },
    "stream_url": "https://www.mp4upload.com/embed-apt7n84rh2fz.html",
    "is_default": false,
    "timestamp": "2025-09-12T08:41:30.155Z"
  },
  {
    "anime_title": "Baki",
    "episode_title": "Baki Episode 4 Subtitle Indonesia",
    "episode_link": "https://otakudesu.best/episode/bk-episode-4-sub-indo/",
    "episode_date": "9 Januari,2019",
    "server": "playdesu",
    "quality": "480p",
    "data_content": "eyJpZCI6MzQ4NzEsImkiOjAsInEiOiI0ODBwIn0=",
    "decoded_data": {
      "id": 34871,
      "i": 0,
      "q": "480p"
    },
    "stream_url": "https://desustream.info/dstream/playdesu/v2/index.php?id=MkdVd3BvMFBKRm1tVHU1Z1B1NTVIdz09",
    "is_default": true,
    "timestamp": "2025-09-12T08:41:30.210Z"
  },
  {
    "anime_title": "Baki",
    "episode_title": "Baki Episode 4 Subtitle Indonesia",
    "episode_link": "https://otakudesu.best/episode/bk-episode-4-sub-indo/",
    "episode_date": "9 Januari,2019",
    "server": "solidfiles",
    "quality": "480p",
    "data_content": "eyJpZCI6MzQ4NzEsImkiOjEsInEiOiI0ODBwIn0=",
    "decoded_data": {
      "id": 34871,
      "i": 1,
      "q": "480p"
    },
    "stream_url": "https://www.solidfiles.com/e/8pyvPePQV83Ng",
    "is_default": false,
    "timestamp": "2025-09-12T08:41:30.246Z"
  },
  {
    "anime_title": "Baki",
    "episode_title": "Baki Episode 4 Subtitle Indonesia",
    "episode_link": "https://otakudesu.best/episode/bk-episode-4-sub-indo/",
    "episode_date": "9 Januari,2019",
    "server": "solidfiles",
    "quality": "720p",
    "data_content": "eyJpZCI6MzQ4NzEsImkiOjAsInEiOiI3MjBwIn0=",
    "decoded_data": {
      "id": 34871,
      "i": 0,
      "q": "720p"
    },
    "stream_url": "https://www.solidfiles.com/e/4aQgWmdnyQjey",
    "is_default": false,
    "timestamp": "2025-09-12T08:41:30.268Z"
  },
  {
    "anime_title": "Baki",
    "episode_title": "Baki Episode 4 Subtitle Indonesia",
    "episode_link": "https://otakudesu.best/episode/bk-episode-4-sub-indo/",
    "episode_date": "9 Januari,2019",
    "server": "yourupload",
    "quality": "720p",
    "data_content": "eyJpZCI6MzQ4NzEsImkiOjEsInEiOiI3MjBwIn0=",
    "decoded_data": {
      "id": 34871,
      "i": 1,
      "q": "720p"
    },
    "stream_url": "https://desudrive.com/stream/yuplod.php?id=Hu6sQSxBE6r6",
    "is_default": false,
    "timestamp": "2025-09-12T08:41:30.311Z"
  },
  {
    "anime_title": "Baki",
    "episode_title": "Baki Episode 4 Subtitle Indonesia",
    "episode_link": "https://otakudesu.best/episode/bk-episode-4-sub-indo/",
    "episode_date": "9 Januari,2019",
    "server": "solidfiles",
    "quality": "360p",
    "data_content": "eyJpZCI6MzQ4NzEsImkiOjAsInEiOiIzNjBwIn0=",
    "decoded_data": {
      "id": 34871,
      "i": 0,
      "q": "360p"
    },
    "stream_url": "https://www.solidfiles.com/e/jXYdLKPRRg4y8",
    "is_default": false,
    "timestamp": "2025-09-12T08:41:30.132Z"
  },
  {
    "anime_title": "Baki",
    "episode_title": "Baki Episode 4 Subtitle Indonesia",
    "episode_link": "https://otakudesu.best/episode/bk-episode-4-sub-indo/",
    "episode_date": "9 Januari,2019",
    "server": "mp4load",
    "quality": "360p",
    "data_content": "eyJpZCI6MzQ4NzEsImkiOjEsInEiOiIzNjBwIn0=",
    "decoded_data": {
      "id": 34871,
      "i": 1,
      "q": "360p"
    },
    "stream_url": "https://www.mp4upload.com/embed-apt7n84rh2fz.html",
    "is_default": false,
    "timestamp": "2025-09-12T08:41:30.155Z"
  },
  {
    "anime_title": "Baki",
    "episode_title": "Baki Episode 4 Subtitle Indonesia",
    "episode_link": "https://otakudesu.best/episode/bk-episode-4-sub-indo/",
    "episode_date": "9 Januari,2019",
    "server": "playdesu",
    "quality": "480p",
    "data_content": "eyJpZCI6MzQ4NzEsImkiOjAsInEiOiI0ODBwIn0=",
    "decoded_data": {
      "id": 34871,
      "i": 0,
      "q": "480p"
    },
    "stream_url": "https://desustream.info/dstream/playdesu/v2/index.php?id=MkdVd3BvMFBKRm1tVHU1Z1B1NTVIdz09",
    "is_default": true,
    "timestamp": "2025-09-12T08:41:30.210Z"
  },
  {
    "anime_title": "Baki",
    "episode_title": "Baki Episode 4 Subtitle Indonesia",
    "episode_link": "https://otakudesu.best/episode/bk-episode-4-sub-indo/",
    "episode_date": "9 Januari,2019",
    "server": "solidfiles",
    "quality": "480p",
    "data_content": "eyJpZCI6MzQ4NzEsImkiOjEsInEiOiI0ODBwIn0=",
    "decoded_data": {
      "id": 34871,
      "i": 1,
      "q": "480p"
    },
    "stream_url": "https://www.solidfiles.com/e/8pyvPePQV83Ng",
    "is_default": false,
    "timestamp": "2025-09-12T08:41:30.246Z"
  },
  {
    "anime_title": "Baki",
    "episode_title": "Baki Episode 4 Subtitle Indonesia",
    "episode_link": "https://otakudesu.best/episode/bk-episode-4-sub-indo/",
    "episode_date": "9 Januari,2019",
    "server": "solidfiles",
    "quality": "720p",
    "data_content": "eyJpZCI6MzQ4NzEsImkiOjAsInEiOiI3MjBwIn0=",
    "decoded_data": {
      "id": 34871,
      "i": 0,
      "q": "720p"
    },
    "stream_url": "https://www.solidfiles.com/e/4aQgWmdnyQjey",
    "is_default": false,
    "timestamp": "2025-09-12T08:41:30.268Z"
  },
  {
    "anime_title": "Baki",
    "episode_title": "Baki Episode 4 Subtitle Indonesia",
    "episode_link": "https://otakudesu.best/episode/bk-episode-4-sub-indo/",
    "episode_date": "9 Januari,2019",
    "server": "yourupload",
    "quality": "720p",
    "data_content": "eyJpZCI6MzQ4NzEsImkiOjEsInEiOiI3MjBwIn0=",
    "decoded_data": {
      "id": 34871,
      "i": 1,
      "q": "720p"
    },
    "stream_url": "https://desudrive.com/stream/yuplod.php?id=Hu6sQSxBE6r6",
    "is_default": false,
    "timestamp": "2025-09-12T08:41:30.311Z"
  },
  {
    "anime_title": "Baki",
    "episode_title": "Baki Episode 5 Subtitle Indonesia",
    "episode_link": "https://otakudesu.best/episode/bk-episode-5-sub-indo/",
    "episode_date": "9 Januari,2019",
    "server": "solidfiles",
    "quality": "360p",
    "data_content": "eyJpZCI6MzQ4NzIsImkiOjAsInEiOiIzNjBwIn0=",
    "decoded_data": {
      "id": 34872,
      "i": 0,
      "q": "360p"
    },
    "stream_url": "https://www.solidfiles.com/e/aZMVyrjxGz6Ve",
    "is_default": false,
    "timestamp": "2025-09-12T08:41:31.139Z"
  },
  {
    "anime_title": "Baki",
    "episode_title": "Baki Episode 5 Subtitle Indonesia",
    "episode_link": "https://otakudesu.best/episode/bk-episode-5-sub-indo/",
    "episode_date": "9 Januari,2019",
    "server": "mp4load",
    "quality": "360p",
    "data_content": "eyJpZCI6MzQ4NzIsImkiOjEsInEiOiIzNjBwIn0=",
    "decoded_data": {
      "id": 34872,
      "i": 1,
      "q": "360p"
    },
    "stream_url": "https://www.mp4upload.com/embed-dtht9xw7akk0.html",
    "is_default": false,
    "timestamp": "2025-09-12T08:41:31.203Z"
  },
  {
    "anime_title": "Baki",
    "episode_title": "Baki Episode 5 Subtitle Indonesia",
    "episode_link": "https://otakudesu.best/episode/bk-episode-5-sub-indo/",
    "episode_date": "9 Januari,2019",
    "server": "playdesu",
    "quality": "480p",
    "data_content": "eyJpZCI6MzQ4NzIsImkiOjAsInEiOiI0ODBwIn0=",
    "decoded_data": {
      "id": 34872,
      "i": 0,
      "q": "480p"
    },
    "stream_url": "https://desustream.info/dstream/playdesu/v2/index.php?id=QzRvaXhWQkE3cXZtMm1CSDhSZVVZdz09",
    "is_default": true,
    "timestamp": "2025-09-12T08:41:31.235Z"
  },
  {
    "anime_title": "Baki",
    "episode_title": "Baki Episode 5 Subtitle Indonesia",
    "episode_link": "https://otakudesu.best/episode/bk-episode-5-sub-indo/",
    "episode_date": "9 Januari,2019",
    "server": "solidfiles",
    "quality": "480p",
    "data_content": "eyJpZCI6MzQ4NzIsImkiOjEsInEiOiI0ODBwIn0=",
    "decoded_data": {
      "id": 34872,
      "i": 1,
      "q": "480p"
    },
    "stream_url": "https://www.solidfiles.com/e/kG7QLyazVv5mY",
    "is_default": false,
    "timestamp": "2025-09-12T08:41:31.259Z"
  },
  {
    "anime_title": "Baki",
    "episode_title": "Baki Episode 5 Subtitle Indonesia",
    "episode_link": "https://otakudesu.best/episode/bk-episode-5-sub-indo/",
    "episode_date": "9 Januari,2019",
    "server": "solidfiles",
    "quality": "720p",
    "data_content": "eyJpZCI6MzQ4NzIsImkiOjAsInEiOiI3MjBwIn0=",
    "decoded_data": {
      "id": 34872,
      "i": 0,
      "q": "720p"
    },
    "stream_url": "https://www.solidfiles.com/e/M2MjAznG4xjx8",
    "is_default": false,
    "timestamp": "2025-09-12T08:41:31.306Z"
  },
  {
    "anime_title": "Baki",
    "episode_title": "Baki Episode 5 Subtitle Indonesia",
    "episode_link": "https://otakudesu.best/episode/bk-episode-5-sub-indo/",
    "episode_date": "9 Januari,2019",
    "server": "yourupload",
    "quality": "720p",
    "data_content": "eyJpZCI6MzQ4NzIsImkiOjEsInEiOiI3MjBwIn0=",
    "decoded_data": {
      "id": 34872,
      "i": 1,
      "q": "720p"
    },
    "stream_url": "https://desudrive.com/stream/yuplod.php?id=uuGv76m6rDaS",
    "is_default": false,
    "timestamp": "2025-09-12T08:41:31.336Z"
  },
  {
    "anime_title": "Baki",
    "episode_title": "Baki Episode 5 Subtitle Indonesia",
    "episode_link": "https://otakudesu.best/episode/bk-episode-5-sub-indo/",
    "episode_date": "9 Januari,2019",
    "server": "solidfiles",
    "quality": "360p",
    "data_content": "eyJpZCI6MzQ4NzIsImkiOjAsInEiOiIzNjBwIn0=",
    "decoded_data": {
      "id": 34872,
      "i": 0,
      "q": "360p"
    },
    "stream_url": "https://www.solidfiles.com/e/aZMVyrjxGz6Ve",
    "is_default": false,
    "timestamp": "2025-09-12T08:41:31.139Z"
  },
  {
    "anime_title": "Baki",
    "episode_title": "Baki Episode 5 Subtitle Indonesia",
    "episode_link": "https://otakudesu.best/episode/bk-episode-5-sub-indo/",
    "episode_date": "9 Januari,2019",
    "server": "mp4load",
    "quality": "360p",
    "data_content": "eyJpZCI6MzQ4NzIsImkiOjEsInEiOiIzNjBwIn0=",
    "decoded_data": {
      "id": 34872,
      "i": 1,
      "q": "360p"
    },
    "stream_url": "https://www.mp4upload.com/embed-dtht9xw7akk0.html",
    "is_default": false,
    "timestamp": "2025-09-12T08:41:31.203Z"
  },
  {
    "anime_title": "Baki",
    "episode_title": "Baki Episode 5 Subtitle Indonesia",
    "episode_link": "https://otakudesu.best/episode/bk-episode-5-sub-indo/",
    "episode_date": "9 Januari,2019",
    "server": "playdesu",
    "quality": "480p",
    "data_content": "eyJpZCI6MzQ4NzIsImkiOjAsInEiOiI0ODBwIn0=",
    "decoded_data": {
      "id": 34872,
      "i": 0,
      "q": "480p"
    },
    "stream_url": "https://desustream.info/dstream/playdesu/v2/index.php?id=QzRvaXhWQkE3cXZtMm1CSDhSZVVZdz09",
    "is_default": true,
    "timestamp": "2025-09-12T08:41:31.235Z"
  },
  {
    "anime_title": "Baki",
    "episode_title": "Baki Episode 5 Subtitle Indonesia",
    "episode_link": "https://otakudesu.best/episode/bk-episode-5-sub-indo/",
    "episode_date": "9 Januari,2019",
    "server": "solidfiles",
    "quality": "480p",
    "data_content": "eyJpZCI6MzQ4NzIsImkiOjEsInEiOiI0ODBwIn0=",
    "decoded_data": {
      "id": 34872,
      "i": 1,
      "q": "480p"
    },
    "stream_url": "https://www.solidfiles.com/e/kG7QLyazVv5mY",
    "is_default": false,
    "timestamp": "2025-09-12T08:41:31.259Z"
  },
  {
    "anime_title": "Baki",
    "episode_title": "Baki Episode 5 Subtitle Indonesia",
    "episode_link": "https://otakudesu.best/episode/bk-episode-5-sub-indo/",
    "episode_date": "9 Januari,2019",
    "server": "solidfiles",
    "quality": "720p",
    "data_content": "eyJpZCI6MzQ4NzIsImkiOjAsInEiOiI3MjBwIn0=",
    "decoded_data": {
      "id": 34872,
      "i": 0,
      "q": "720p"
    },
    "stream_url": "https://www.solidfiles.com/e/M2MjAznG4xjx8",
    "is_default": false,
    "timestamp": "2025-09-12T08:41:31.306Z"
  },
  {
    "anime_title": "Baki",
    "episode_title": "Baki Episode 5 Subtitle Indonesia",
    "episode_link": "https://otakudesu.best/episode/bk-episode-5-sub-indo/",
    "episode_date": "9 Januari,2019",
    "server": "yourupload",
    "quality": "720p",
    "data_content": "eyJpZCI6MzQ4NzIsImkiOjEsInEiOiI3MjBwIn0=",
    "decoded_data": {
      "id": 34872,
      "i": 1,
      "q": "720p"
    },
    "stream_url": "https://desudrive.com/stream/yuplod.php?id=uuGv76m6rDaS",
    "is_default": false,
    "timestamp": "2025-09-12T08:41:31.336Z"
  }
]