[
  {
    "anime_title": "Boruto On-Going",
    "episode_title": "Boruto: Naruto Next Generations Episode 119 Subtitle Indonesia",
    "episode_link": "https://otakudesu.best/episode/btr-nng-episode-119-sub-indo/",
    "episode_date": "31 Mei,2020",
    "server": "otakuplay",
    "quality": "480p",
    "data_content": "eyJpZCI6OTMwMDAsImkiOjAsInEiOiI0ODBwIn0=",
    "decoded_data": {
      "id": 93000,
      "i": 0,
      "q": "480p"
    },
    "stream_url": "https://desustream.info/dstream/otakuplay/v2/index.php?id=dWQ1K0lKRzNiMGxXMUtwSXNaajh1WE9oTHVHdndITE1kaCtCdGNLUUNiUT0=",
    "is_default": true,
    "timestamp": "2025-09-12T09:06:56.484Z"
  },
  {
    "anime_title": "Boruto On-Going",
    "episode_title": "Boruto: Naruto Next Generations Episode 119 Subtitle Indonesia",
    "episode_link": "https://otakudesu.best/episode/btr-nng-episode-119-sub-indo/",
    "episode_date": "31 Mei,2020",
    "server": "desudrive",
    "quality": "480p",
    "data_content": "eyJpZCI6OTMwMDAsImkiOjEsInEiOiI0ODBwIn0=",
    "decoded_data": {
      "id": 93000,
      "i": 1,
      "q": "480p"
    },
    "stream_url": "https://desustream.info/dstream/desudrive/player.php?id=Q0FxWVczKzI5U3FkK1JNbnVzSk9oL245KzViWkRJRzh5aFVCZWMweDYxWHR2MTJQYnVMbjF3R01GUkxIOXlWMg==",
    "is_default": false,
    "timestamp": "2025-09-12T09:06:56.507Z"
  },
  {
    "anime_title": "Boruto On-Going",
    "episode_title": "Boruto: Naruto Next Generations Episode 119 Subtitle Indonesia",
    "episode_link": "https://otakudesu.best/episode/btr-nng-episode-119-sub-indo/",
    "episode_date": "31 Mei,2020",
    "server": "hadestream",
    "quality": "480p",
    "data_content": "eyJpZCI6OTMwMDAsImkiOjIsInEiOiI0ODBwIn0=",
    "decoded_data": {
      "id": 93000,
      "i": 2,
      "q": "480p"
    },
    "stream_url": "https://files.im/embed-ihs8jxq144w2.html",
    "is_default": false,
    "timestamp": "2025-09-12T09:06:56.533Z"
  },
  {
    "anime_title": "Boruto On-Going",
    "episode_title": "Boruto: Naruto Next Generations Episode 119 Subtitle Indonesia",
    "episode_link": "https://otakudesu.best/episode/btr-nng-episode-119-sub-indo/",
    "episode_date": "31 Mei,2020",
    "server": "mp4load",
    "quality": "480p",
    "data_content": "eyJpZCI6OTMwMDAsImkiOjMsInEiOiI0ODBwIn0=",
    "decoded_data": {
      "id": 93000,
      "i": 3,
      "q": "480p"
    },
    "stream_url": "https://www.mp4upload.com/embed-vmbfe8mgm60d.html",
    "is_default": false,
    "timestamp": "2025-09-12T09:06:56.562Z"
  },
  {
    "anime_title": "Boruto On-Going",
    "episode_title": "Boruto: Naruto Next Generations Episode 119 Subtitle Indonesia",
    "episode_link": "https://otakudesu.best/episode/btr-nng-episode-119-sub-indo/",
    "episode_date": "31 Mei,2020",
    "server": "mega",
    "quality": "480p",
    "data_content": "eyJpZCI6OTMwMDAsImkiOjQsInEiOiI0ODBwIn0=",
    "decoded_data": {
      "id": 93000,
      "i": 4,
      "q": "480p"
    },
    "stream_url": "https://mega.nz/embed/3BJhmKRR#OcsGMRBT1KuiK950Tu-SbYWFv4f7YqHwGnTaoxYHN2I",
    "is_default": false,
    "timestamp": "2025-09-12T09:06:56.603Z"
  },
  {
    "anime_title": "Boruto On-Going",
    "episode_title": "Boruto: Naruto Next Generations Episode 119 Subtitle Indonesia",
    "episode_link": "https://otakudesu.best/episode/btr-nng-episode-119-sub-indo/",
    "episode_date": "31 Mei,2020",
    "server": "otakustream",
    "quality": "720p",
    "data_content": "eyJpZCI6OTMwMDAsImkiOjAsInEiOiI3MjBwIn0=",
    "decoded_data": {
      "id": 93000,
      "i": 0,
      "q": "720p"
    },
    "stream_url": "https://desustream.info/dstream/otakustream/v2/index.php?id=VVZiTGhEckFvR250NDJ1YTV1czlNKy9jbFBoZ1R6ZDd2bU9icFpoTHVqYz0=",
    "is_default": false,
    "timestamp": "2025-09-12T09:06:56.659Z"
  },
  {
    "anime_title": "Boruto On-Going",
    "episode_title": "Boruto: Naruto Next Generations Episode 119 Subtitle Indonesia",
    "episode_link": "https://otakudesu.best/episode/btr-nng-episode-119-sub-indo/",
    "episode_date": "31 Mei,2020",
    "server": "desudrive",
    "quality": "720p",
    "data_content": "eyJpZCI6OTMwMDAsImkiOjEsInEiOiI3MjBwIn0=",
    "decoded_data": {
      "id": 93000,
      "i": 1,
      "q": "720p"
    },
    "stream_url": "https://desustream.info/dstream/desudrive/player.php?id=TmRJNXZtK00yNnRVRFI4RkxyTEpreDJqdzJFdHg1M3hIUEN5YzlCN1lva05XdmlxTUt2dTdBWXpWeU9POFVySA==",
    "is_default": false,
    "timestamp": "2025-09-12T09:06:56.689Z"
  },
  {
    "anime_title": "Boruto On-Going",
    "episode_title": "Boruto: Naruto Next Generations Episode 119 Subtitle Indonesia",
    "episode_link": "https://otakudesu.best/episode/btr-nng-episode-119-sub-indo/",
    "episode_date": "31 Mei,2020",
    "server": "hadestream",
    "quality": "720p",
    "data_content": "eyJpZCI6OTMwMDAsImkiOjIsInEiOiI3MjBwIn0=",
    "decoded_data": {
      "id": 93000,
      "i": 2,
      "q": "720p"
    },
    "stream_url": "https://files.im/embed-37fhbkb9dd2m.html",
    "is_default": false,
    "timestamp": "2025-09-12T09:06:56.714Z"
  },
  {
    "anime_title": "Boruto On-Going",
    "episode_title": "Boruto: Naruto Next Generations Episode 119 Subtitle Indonesia",
    "episode_link": "https://otakudesu.best/episode/btr-nng-episode-119-sub-indo/",
    "episode_date": "31 Mei,2020",
    "server": "yourupload",
    "quality": "720p",
    "data_content": "eyJpZCI6OTMwMDAsImkiOjMsInEiOiI3MjBwIn0=",
    "decoded_data": {
      "id": 93000,
      "i": 3,
      "q": "720p"
    },
    "stream_url": "https://desudrive.com/stream/yuplod.php?id=0U3ie50iRp5B",
    "is_default": false,
    "timestamp": "2025-09-12T09:06:56.769Z"
  },
  {
    "anime_title": "Boruto On-Going",
    "episode_title": "Boruto: Naruto Next Generations Episode 119 Subtitle Indonesia",
    "episode_link": "https://otakudesu.best/episode/btr-nng-episode-119-sub-indo/",
    "episode_date": "31 Mei,2020",
    "server": "mega",
    "quality": "720p",
    "data_content": "eyJpZCI6OTMwMDAsImkiOjQsInEiOiI3MjBwIn0=",
    "decoded_data": {
      "id": 93000,
      "i": 4,
      "q": "720p"
    },
    "stream_url": "https://mega.nz/embed/mEQBkaTB#MyhDS1GwRNTLCQnw3LErTlJZ5wJfUBDmUpSyakobDIU",
    "is_default": false,
    "timestamp": "2025-09-12T09:06:56.824Z"
  },
  {
    "anime_title": "Boruto On-Going",
    "episode_title": "Boruto: Naruto Next Generations Episode 119 Subtitle Indonesia",
    "episode_link": "https://otakudesu.best/episode/btr-nng-episode-119-sub-indo/",
    "episode_date": "31 Mei,2020",
    "server": "otakuplay",
    "quality": "480p",
    "data_content": "eyJpZCI6OTMwMDAsImkiOjAsInEiOiI0ODBwIn0=",
    "decoded_data": {
      "id": 93000,
      "i": 0,
      "q": "480p"
    },
    "stream_url": "https://desustream.info/dstream/otakuplay/v2/index.php?id=dWQ1K0lKRzNiMGxXMUtwSXNaajh1WE9oTHVHdndITE1kaCtCdGNLUUNiUT0=",
    "is_default": true,
    "timestamp": "2025-09-12T09:06:56.484Z"
  },
  {
    "anime_title": "Boruto On-Going",
    "episode_title": "Boruto: Naruto Next Generations Episode 119 Subtitle Indonesia",
    "episode_link": "https://otakudesu.best/episode/btr-nng-episode-119-sub-indo/",
    "episode_date": "31 Mei,2020",
    "server": "desudrive",
    "quality": "480p",
    "data_content": "eyJpZCI6OTMwMDAsImkiOjEsInEiOiI0ODBwIn0=",
    "decoded_data": {
      "id": 93000,
      "i": 1,
      "q": "480p"
    },
    "stream_url": "https://desustream.info/dstream/desudrive/player.php?id=Q0FxWVczKzI5U3FkK1JNbnVzSk9oL245KzViWkRJRzh5aFVCZWMweDYxWHR2MTJQYnVMbjF3R01GUkxIOXlWMg==",
    "is_default": false,
    "timestamp": "2025-09-12T09:06:56.507Z"
  },
  {
    "anime_title": "Boruto On-Going",
    "episode_title": "Boruto: Naruto Next Generations Episode 119 Subtitle Indonesia",
    "episode_link": "https://otakudesu.best/episode/btr-nng-episode-119-sub-indo/",
    "episode_date": "31 Mei,2020",
    "server": "hadestream",
    "quality": "480p",
    "data_content": "eyJpZCI6OTMwMDAsImkiOjIsInEiOiI0ODBwIn0=",
    "decoded_data": {
      "id": 93000,
      "i": 2,
      "q": "480p"
    },
    "stream_url": "https://files.im/embed-ihs8jxq144w2.html",
    "is_default": false,
    "timestamp": "2025-09-12T09:06:56.533Z"
  },
  {
    "anime_title": "Boruto On-Going",
    "episode_title": "Boruto: Naruto Next Generations Episode 119 Subtitle Indonesia",
    "episode_link": "https://otakudesu.best/episode/btr-nng-episode-119-sub-indo/",
    "episode_date": "31 Mei,2020",
    "server": "mp4load",
    "quality": "480p",
    "data_content": "eyJpZCI6OTMwMDAsImkiOjMsInEiOiI0ODBwIn0=",
    "decoded_data": {
      "id": 93000,
      "i": 3,
      "q": "480p"
    },
    "stream_url": "https://www.mp4upload.com/embed-vmbfe8mgm60d.html",
    "is_default": false,
    "timestamp": "2025-09-12T09:06:56.562Z"
  },
  {
    "anime_title": "Boruto On-Going",
    "episode_title": "Boruto: Naruto Next Generations Episode 119 Subtitle Indonesia",
    "episode_link": "https://otakudesu.best/episode/btr-nng-episode-119-sub-indo/",
    "episode_date": "31 Mei,2020",
    "server": "mega",
    "quality": "480p",
    "data_content": "eyJpZCI6OTMwMDAsImkiOjQsInEiOiI0ODBwIn0=",
    "decoded_data": {
      "id": 93000,
      "i": 4,
      "q": "480p"
    },
    "stream_url": "https://mega.nz/embed/3BJhmKRR#OcsGMRBT1KuiK950Tu-SbYWFv4f7YqHwGnTaoxYHN2I",
    "is_default": false,
    "timestamp": "2025-09-12T09:06:56.603Z"
  },
  {
    "anime_title": "Boruto On-Going",
    "episode_title": "Boruto: Naruto Next Generations Episode 119 Subtitle Indonesia",
    "episode_link": "https://otakudesu.best/episode/btr-nng-episode-119-sub-indo/",
    "episode_date": "31 Mei,2020",
    "server": "otakustream",
    "quality": "720p",
    "data_content": "eyJpZCI6OTMwMDAsImkiOjAsInEiOiI3MjBwIn0=",
    "decoded_data": {
      "id": 93000,
      "i": 0,
      "q": "720p"
    },
    "stream_url": "https://desustream.info/dstream/otakustream/v2/index.php?id=VVZiTGhEckFvR250NDJ1YTV1czlNKy9jbFBoZ1R6ZDd2bU9icFpoTHVqYz0=",
    "is_default": false,
    "timestamp": "2025-09-12T09:06:56.659Z"
  },
  {
    "anime_title": "Boruto On-Going",
    "episode_title": "Boruto: Naruto Next Generations Episode 119 Subtitle Indonesia",
    "episode_link": "https://otakudesu.best/episode/btr-nng-episode-119-sub-indo/",
    "episode_date": "31 Mei,2020",
    "server": "desudrive",
    "quality": "720p",
    "data_content": "eyJpZCI6OTMwMDAsImkiOjEsInEiOiI3MjBwIn0=",
    "decoded_data": {
      "id": 93000,
      "i": 1,
      "q": "720p"
    },
    "stream_url": "https://desustream.info/dstream/desudrive/player.php?id=TmRJNXZtK00yNnRVRFI4RkxyTEpreDJqdzJFdHg1M3hIUEN5YzlCN1lva05XdmlxTUt2dTdBWXpWeU9POFVySA==",
    "is_default": false,
    "timestamp": "2025-09-12T09:06:56.689Z"
  },
  {
    "anime_title": "Boruto On-Going",
    "episode_title": "Boruto: Naruto Next Generations Episode 119 Subtitle Indonesia",
    "episode_link": "https://otakudesu.best/episode/btr-nng-episode-119-sub-indo/",
    "episode_date": "31 Mei,2020",
    "server": "hadestream",
    "quality": "720p",
    "data_content": "eyJpZCI6OTMwMDAsImkiOjIsInEiOiI3MjBwIn0=",
    "decoded_data": {
      "id": 93000,
      "i": 2,
      "q": "720p"
    },
    "stream_url": "https://files.im/embed-37fhbkb9dd2m.html",
    "is_default": false,
    "timestamp": "2025-09-12T09:06:56.714Z"
  },
  {
    "anime_title": "Boruto On-Going",
    "episode_title": "Boruto: Naruto Next Generations Episode 119 Subtitle Indonesia",
    "episode_link": "https://otakudesu.best/episode/btr-nng-episode-119-sub-indo/",
    "episode_date": "31 Mei,2020",
    "server": "yourupload",
    "quality": "720p",
    "data_content": "eyJpZCI6OTMwMDAsImkiOjMsInEiOiI3MjBwIn0=",
    "decoded_data": {
      "id": 93000,
      "i": 3,
      "q": "720p"
    },
    "stream_url": "https://desudrive.com/stream/yuplod.php?id=0U3ie50iRp5B",
    "is_default": false,
    "timestamp": "2025-09-12T09:06:56.769Z"
  },
  {
    "anime_title": "Boruto On-Going",
    "episode_title": "Boruto: Naruto Next Generations Episode 119 Subtitle Indonesia",
    "episode_link": "https://otakudesu.best/episode/btr-nng-episode-119-sub-indo/",
    "episode_date": "31 Mei,2020",
    "server": "mega",
    "quality": "720p",
    "data_content": "eyJpZCI6OTMwMDAsImkiOjQsInEiOiI3MjBwIn0=",
    "decoded_data": {
      "id": 93000,
      "i": 4,
      "q": "720p"
    },
    "stream_url": "https://mega.nz/embed/mEQBkaTB#MyhDS1GwRNTLCQnw3LErTlJZ5wJfUBDmUpSyakobDIU",
    "is_default": false,
    "timestamp": "2025-09-12T09:06:56.824Z"
  },
  {
    "anime_title": "Boruto On-Going",
    "episode_title": "Boruto: Naruto Next Generations Episode 120 Subtitle Indonesia",
    "episode_link": "https://otakudesu.best/episode/btr-nng-episode-120-sub-indo/",
    "episode_date": "31 Mei,2020",
    "server": "otakuplay",
    "quality": "480p",
    "data_content": "eyJpZCI6OTI5OTQsImkiOjAsInEiOiI0ODBwIn0=",
    "decoded_data": {
      "id": 92994,
      "i": 0,
      "q": "480p"
    },
    "stream_url": "https://desustream.info/dstream/otakuplay/v2/index.php?id=ZE40Zmh3ZjR6bDBWbnFDVWFLbzg2K0pxaVg4dHY0c0R0QmJNVlhNL1ZQUT0=",
    "is_default": true,
    "timestamp": "2025-09-12T09:06:57.643Z"
  },
  {
    "anime_title": "Boruto On-Going",
    "episode_title": "Boruto: Naruto Next Generations Episode 120 Subtitle Indonesia",
    "episode_link": "https://otakudesu.best/episode/btr-nng-episode-120-sub-indo/",
    "episode_date": "31 Mei,2020",
    "server": "desudrive",
    "quality": "480p",
    "data_content": "eyJpZCI6OTI5OTQsImkiOjEsInEiOiI0ODBwIn0=",
    "decoded_data": {
      "id": 92994,
      "i": 1,
      "q": "480p"
    },
    "stream_url": "https://desustream.info/dstream/desudrive/player.php?id=eW51amVjUEtUeDl0SU52aUhMTEk4UnBXOXYyWVFMSy9XbCsxMFNRSU81amxwOVRqemdqdVcvbjhpYVAveStGQg==",
    "is_default": false,
    "timestamp": "2025-09-12T09:06:57.702Z"
  },
  {
    "anime_title": "Boruto On-Going",
    "episode_title": "Boruto: Naruto Next Generations Episode 120 Subtitle Indonesia",
    "episode_link": "https://otakudesu.best/episode/btr-nng-episode-120-sub-indo/",
    "episode_date": "31 Mei,2020",
    "server": "hadestream",
    "quality": "480p",
    "data_content": "eyJpZCI6OTI5OTQsImkiOjIsInEiOiI0ODBwIn0=",
    "decoded_data": {
      "id": 92994,
      "i": 2,
      "q": "480p"
    },
    "stream_url": "https://files.im/embed-q3bzitzc2eko.html",
    "is_default": false,
    "timestamp": "2025-09-12T09:06:57.727Z"
  },
  {
    "anime_title": "Boruto On-Going",
    "episode_title": "Boruto: Naruto Next Generations Episode 120 Subtitle Indonesia",
    "episode_link": "https://otakudesu.best/episode/btr-nng-episode-120-sub-indo/",
    "episode_date": "31 Mei,2020",
    "server": "mp4load",
    "quality": "480p",
    "data_content": "eyJpZCI6OTI5OTQsImkiOjMsInEiOiI0ODBwIn0=",
    "decoded_data": {
      "id": 92994,
      "i": 3,
      "q": "480p"
    },
    "stream_url": "https://www.mp4upload.com/embed-clnijw2ztc8d.html",
    "is_default": false,
    "timestamp": "2025-09-12T09:06:57.754Z"
  },
  {
    "anime_title": "Boruto On-Going",
    "episode_title": "Boruto: Naruto Next Generations Episode 120 Subtitle Indonesia",
    "episode_link": "https://otakudesu.best/episode/btr-nng-episode-120-sub-indo/",
    "episode_date": "31 Mei,2020",
    "server": "mega",
    "quality": "480p",
    "data_content": "eyJpZCI6OTI5OTQsImkiOjQsInEiOiI0ODBwIn0=",
    "decoded_data": {
      "id": 92994,
      "i": 4,
      "q": "480p"
    },
    "stream_url": "https://mega.nz/embed/bVQnhKaI#tmi_P75EaU3Kmyss54Fj6jLNdAdv4_BaN4D6rOp7fY0",
    "is_default": false,
    "timestamp": "2025-09-12T09:06:57.835Z"
  },
  {
    "anime_title": "Boruto On-Going",
    "episode_title": "Boruto: Naruto Next Generations Episode 120 Subtitle Indonesia",
    "episode_link": "https://otakudesu.best/episode/btr-nng-episode-120-sub-indo/",
    "episode_date": "31 Mei,2020",
    "server": "otakustream",
    "quality": "720p",
    "data_content": "eyJpZCI6OTI5OTQsImkiOjAsInEiOiI3MjBwIn0=",
    "decoded_data": {
      "id": 92994,
      "i": 0,
      "q": "720p"
    },
    "stream_url": "https://desustream.info/dstream/otakustream/v2/index.php?id=c0ZhT1BQZWNKbXM2QzI4cG54SFlnYTJOV3NnOVUrdDlUYnBIQ0hsTmh4cz0=",
    "is_default": false,
    "timestamp": "2025-09-12T09:06:57.856Z"
  },
  {
    "anime_title": "Boruto On-Going",
    "episode_title": "Boruto: Naruto Next Generations Episode 120 Subtitle Indonesia",
    "episode_link": "https://otakudesu.best/episode/btr-nng-episode-120-sub-indo/",
    "episode_date": "31 Mei,2020",
    "server": "desudrive",
    "quality": "720p",
    "data_content": "eyJpZCI6OTI5OTQsImkiOjEsInEiOiI3MjBwIn0=",
    "decoded_data": {
      "id": 92994,
      "i": 1,
      "q": "720p"
    },
    "stream_url": "https://desustream.info/dstream/desudrive/player.php?id=SVVMWE1nTElBR1lrc3hndWpPTEdyNjIyVDR5Y2dsSlc0Y3Q0M2Q5Q3RvQTcvOUJPNlFJeWwvSjVVYTBIcGo1OQ==",
    "is_default": false,
    "timestamp": "2025-09-12T09:06:57.889Z"
  },
  {
    "anime_title": "Boruto On-Going",
    "episode_title": "Boruto: Naruto Next Generations Episode 120 Subtitle Indonesia",
    "episode_link": "https://otakudesu.best/episode/btr-nng-episode-120-sub-indo/",
    "episode_date": "31 Mei,2020",
    "server": "hadestream",
    "quality": "720p",
    "data_content": "eyJpZCI6OTI5OTQsImkiOjIsInEiOiI3MjBwIn0=",
    "decoded_data": {
      "id": 92994,
      "i": 2,
      "q": "720p"
    },
    "stream_url": "https://files.im/embed-sxaj48yzi0mb.html",
    "is_default": false,
    "timestamp": "2025-09-12T09:06:57.940Z"
  },
  {
    "anime_title": "Boruto On-Going",
    "episode_title": "Boruto: Naruto Next Generations Episode 120 Subtitle Indonesia",
    "episode_link": "https://otakudesu.best/episode/btr-nng-episode-120-sub-indo/",
    "episode_date": "31 Mei,2020",
    "server": "yourupload",
    "quality": "720p",
    "data_content": "eyJpZCI6OTI5OTQsImkiOjMsInEiOiI3MjBwIn0=",
    "decoded_data": {
      "id": 92994,
      "i": 3,
      "q": "720p"
    },
    "stream_url": "https://desudrive.com/stream/yuplod.php?id=q0x8YE3hsKJ2",
    "is_default": false,
    "timestamp": "2025-09-12T09:06:57.973Z"
  },
  {
    "anime_title": "Boruto On-Going",
    "episode_title": "Boruto: Naruto Next Generations Episode 120 Subtitle Indonesia",
    "episode_link": "https://otakudesu.best/episode/btr-nng-episode-120-sub-indo/",
    "episode_date": "31 Mei,2020",
    "server": "mega",
    "quality": "720p",
    "data_content": "eyJpZCI6OTI5OTQsImkiOjQsInEiOiI3MjBwIn0=",
    "decoded_data": {
      "id": 92994,
      "i": 4,
      "q": "720p"
    },
    "stream_url": "https://mega.nz/embed/TARHSabL#0044oiASdzsZIc9wzq7Wfr2JM38anWOen4Z7o9UMDtA",
    "is_default": false,
    "timestamp": "2025-09-12T09:06:58.323Z"
  },
  {
    "anime_title": "Boruto On-Going",
    "episode_title": "Boruto: Naruto Next Generations Episode 120 Subtitle Indonesia",
    "episode_link": "https://otakudesu.best/episode/btr-nng-episode-120-sub-indo/",
    "episode_date": "31 Mei,2020",
    "server": "otakuplay",
    "quality": "480p",
    "data_content": "eyJpZCI6OTI5OTQsImkiOjAsInEiOiI0ODBwIn0=",
    "decoded_data": {
      "id": 92994,
      "i": 0,
      "q": "480p"
    },
    "stream_url": "https://desustream.info/dstream/otakuplay/v2/index.php?id=ZE40Zmh3ZjR6bDBWbnFDVWFLbzg2K0pxaVg4dHY0c0R0QmJNVlhNL1ZQUT0=",
    "is_default": true,
    "timestamp": "2025-09-12T09:06:57.643Z"
  },
  {
    "anime_title": "Boruto On-Going",
    "episode_title": "Boruto: Naruto Next Generations Episode 120 Subtitle Indonesia",
    "episode_link": "https://otakudesu.best/episode/btr-nng-episode-120-sub-indo/",
    "episode_date": "31 Mei,2020",
    "server": "desudrive",
    "quality": "480p",
    "data_content": "eyJpZCI6OTI5OTQsImkiOjEsInEiOiI0ODBwIn0=",
    "decoded_data": {
      "id": 92994,
      "i": 1,
      "q": "480p"
    },
    "stream_url": "https://desustream.info/dstream/desudrive/player.php?id=eW51amVjUEtUeDl0SU52aUhMTEk4UnBXOXYyWVFMSy9XbCsxMFNRSU81amxwOVRqemdqdVcvbjhpYVAveStGQg==",
    "is_default": false,
    "timestamp": "2025-09-12T09:06:57.702Z"
  },
  {
    "anime_title": "Boruto On-Going",
    "episode_title": "Boruto: Naruto Next Generations Episode 120 Subtitle Indonesia",
    "episode_link": "https://otakudesu.best/episode/btr-nng-episode-120-sub-indo/",
    "episode_date": "31 Mei,2020",
    "server": "hadestream",
    "quality": "480p",
    "data_content": "eyJpZCI6OTI5OTQsImkiOjIsInEiOiI0ODBwIn0=",
    "decoded_data": {
      "id": 92994,
      "i": 2,
      "q": "480p"
    },
    "stream_url": "https://files.im/embed-q3bzitzc2eko.html",
    "is_default": false,
    "timestamp": "2025-09-12T09:06:57.727Z"
  },
  {
    "anime_title": "Boruto On-Going",
    "episode_title": "Boruto: Naruto Next Generations Episode 120 Subtitle Indonesia",
    "episode_link": "https://otakudesu.best/episode/btr-nng-episode-120-sub-indo/",
    "episode_date": "31 Mei,2020",
    "server": "mp4load",
    "quality": "480p",
    "data_content": "eyJpZCI6OTI5OTQsImkiOjMsInEiOiI0ODBwIn0=",
    "decoded_data": {
      "id": 92994,
      "i": 3,
      "q": "480p"
    },
    "stream_url": "https://www.mp4upload.com/embed-clnijw2ztc8d.html",
    "is_default": false,
    "timestamp": "2025-09-12T09:06:57.754Z"
  },
  {
    "anime_title": "Boruto On-Going",
    "episode_title": "Boruto: Naruto Next Generations Episode 120 Subtitle Indonesia",
    "episode_link": "https://otakudesu.best/episode/btr-nng-episode-120-sub-indo/",
    "episode_date": "31 Mei,2020",
    "server": "mega",
    "quality": "480p",
    "data_content": "eyJpZCI6OTI5OTQsImkiOjQsInEiOiI0ODBwIn0=",
    "decoded_data": {
      "id": 92994,
      "i": 4,
      "q": "480p"
    },
    "stream_url": "https://mega.nz/embed/bVQnhKaI#tmi_P75EaU3Kmyss54Fj6jLNdAdv4_BaN4D6rOp7fY0",
    "is_default": false,
    "timestamp": "2025-09-12T09:06:57.835Z"
  },
  {
    "anime_title": "Boruto On-Going",
    "episode_title": "Boruto: Naruto Next Generations Episode 120 Subtitle Indonesia",
    "episode_link": "https://otakudesu.best/episode/btr-nng-episode-120-sub-indo/",
    "episode_date": "31 Mei,2020",
    "server": "otakustream",
    "quality": "720p",
    "data_content": "eyJpZCI6OTI5OTQsImkiOjAsInEiOiI3MjBwIn0=",
    "decoded_data": {
      "id": 92994,
      "i": 0,
      "q": "720p"
    },
    "stream_url": "https://desustream.info/dstream/otakustream/v2/index.php?id=c0ZhT1BQZWNKbXM2QzI4cG54SFlnYTJOV3NnOVUrdDlUYnBIQ0hsTmh4cz0=",
    "is_default": false,
    "timestamp": "2025-09-12T09:06:57.856Z"
  },
  {
    "anime_title": "Boruto On-Going",
    "episode_title": "Boruto: Naruto Next Generations Episode 120 Subtitle Indonesia",
    "episode_link": "https://otakudesu.best/episode/btr-nng-episode-120-sub-indo/",
    "episode_date": "31 Mei,2020",
    "server": "desudrive",
    "quality": "720p",
    "data_content": "eyJpZCI6OTI5OTQsImkiOjEsInEiOiI3MjBwIn0=",
    "decoded_data": {
      "id": 92994,
      "i": 1,
      "q": "720p"
    },
    "stream_url": "https://desustream.info/dstream/desudrive/player.php?id=SVVMWE1nTElBR1lrc3hndWpPTEdyNjIyVDR5Y2dsSlc0Y3Q0M2Q5Q3RvQTcvOUJPNlFJeWwvSjVVYTBIcGo1OQ==",
    "is_default": false,
    "timestamp": "2025-09-12T09:06:57.889Z"
  },
  {
    "anime_title": "Boruto On-Going",
    "episode_title": "Boruto: Naruto Next Generations Episode 120 Subtitle Indonesia",
    "episode_link": "https://otakudesu.best/episode/btr-nng-episode-120-sub-indo/",
    "episode_date": "31 Mei,2020",
    "server": "hadestream",
    "quality": "720p",
    "data_content": "eyJpZCI6OTI5OTQsImkiOjIsInEiOiI3MjBwIn0=",
    "decoded_data": {
      "id": 92994,
      "i": 2,
      "q": "720p"
    },
    "stream_url": "https://files.im/embed-sxaj48yzi0mb.html",
    "is_default": false,
    "timestamp": "2025-09-12T09:06:57.940Z"
  },
  {
    "anime_title": "Boruto On-Going",
    "episode_title": "Boruto: Naruto Next Generations Episode 120 Subtitle Indonesia",
    "episode_link": "https://otakudesu.best/episode/btr-nng-episode-120-sub-indo/",
    "episode_date": "31 Mei,2020",
    "server": "yourupload",
    "quality": "720p",
    "data_content": "eyJpZCI6OTI5OTQsImkiOjMsInEiOiI3MjBwIn0=",
    "decoded_data": {
      "id": 92994,
      "i": 3,
      "q": "720p"
    },
    "stream_url": "https://desudrive.com/stream/yuplod.php?id=q0x8YE3hsKJ2",
    "is_default": false,
    "timestamp": "2025-09-12T09:06:57.973Z"
  },
  {
    "anime_title": "Boruto On-Going",
    "episode_title": "Boruto: Naruto Next Generations Episode 120 Subtitle Indonesia",
    "episode_link": "https://otakudesu.best/episode/btr-nng-episode-120-sub-indo/",
    "episode_date": "31 Mei,2020",
    "server": "mega",
    "quality": "720p",
    "data_content": "eyJpZCI6OTI5OTQsImkiOjQsInEiOiI3MjBwIn0=",
    "decoded_data": {
      "id": 92994,
      "i": 4,
      "q": "720p"
    },
    "stream_url": "https://mega.nz/embed/TARHSabL#0044oiASdzsZIc9wzq7Wfr2JM38anWOen4Z7o9UMDtA",
    "is_default": false,
    "timestamp": "2025-09-12T09:06:58.323Z"
  },
  {
    "anime_title": "Boruto On-Going",
    "episode_title": "Boruto: Naruto Next Generations Episode 121 Subtitle Indonesia",
    "episode_link": "https://otakudesu.best/episode/btr-nng-episode-121-sub-indo/",
    "episode_date": "31 Mei,2020",
    "server": "otakuplay",
    "quality": "480p",
    "data_content": "eyJpZCI6OTI5OTUsImkiOjAsInEiOiI0ODBwIn0=",
    "decoded_data": {
      "id": 92995,
      "i": 0,
      "q": "480p"
    },
    "stream_url": "https://desustream.info/dstream/otakuplay/v2/index.php?id=ZE40Zmh3ZjR6bDBWbnFDVWFLbzg2M25uQnp2Q05ESWF5b3d1WTg2UmZNTT0=",
    "is_default": true,
    "timestamp": "2025-09-12T09:06:59.205Z"
  },
  {
    "anime_title": "Boruto On-Going",
    "episode_title": "Boruto: Naruto Next Generations Episode 121 Subtitle Indonesia",
    "episode_link": "https://otakudesu.best/episode/btr-nng-episode-121-sub-indo/",
    "episode_date": "31 Mei,2020",
    "server": "hadestream",
    "quality": "480p",
    "data_content": "eyJpZCI6OTI5OTUsImkiOjIsInEiOiI0ODBwIn0=",
    "decoded_data": {
      "id": 92995,
      "i": 2,
      "q": "480p"
    },
    "stream_url": "https://files.im/embed-k12ticvszrj4.html",
    "is_default": false,
    "timestamp": "2025-09-12T09:06:59.364Z"
  },
  {
    "anime_title": "Boruto On-Going",
    "episode_title": "Boruto: Naruto Next Generations Episode 121 Subtitle Indonesia",
    "episode_link": "https://otakudesu.best/episode/btr-nng-episode-121-sub-indo/",
    "episode_date": "31 Mei,2020",
    "server": "desudrive",
    "quality": "720p",
    "data_content": "eyJpZCI6OTI5OTUsImkiOjEsInEiOiI3MjBwIn0=",
    "decoded_data": {
      "id": 92995,
      "i": 1,
      "q": "720p"
    },
    "stream_url": "https://desustream.info/dstream/desudrive/player.php?id=bkxSTVhCaWlWWkw2YUorYmdXd0hhREVoMDc2Y0xqZlJkOW0xS0JOZC9ZTjdrWkYrVDdpUCtldFJIQ3E4ZkdHOQ==",
    "is_default": false,
    "timestamp": "2025-09-12T09:06:59.404Z"
  },
  {
    "anime_title": "Boruto On-Going",
    "episode_title": "Boruto: Naruto Next Generations Episode 121 Subtitle Indonesia",
    "episode_link": "https://otakudesu.best/episode/btr-nng-episode-121-sub-indo/",
    "episode_date": "31 Mei,2020",
    "server": "mega",
    "quality": "480p",
    "data_content": "eyJpZCI6OTI5OTUsImkiOjQsInEiOiI0ODBwIn0=",
    "decoded_data": {
      "id": 92995,
      "i": 4,
      "q": "480p"
    },
    "stream_url": "https://mega.nz/embed/6cZnjAbL#J7Wi5-yKV90CEbREdsT9ZnH4Dgpv_y4BQu0Fev8LC48",
    "is_default": false,
    "timestamp": "2025-09-12T09:06:59.431Z"
  },
  {
    "anime_title": "Boruto On-Going",
    "episode_title": "Boruto: Naruto Next Generations Episode 121 Subtitle Indonesia",
    "episode_link": "https://otakudesu.best/episode/btr-nng-episode-121-sub-indo/",
    "episode_date": "31 Mei,2020",
    "server": "hadestream",
    "quality": "720p",
    "data_content": "eyJpZCI6OTI5OTUsImkiOjIsInEiOiI3MjBwIn0=",
    "decoded_data": {
      "id": 92995,
      "i": 2,
      "q": "720p"
    },
    "stream_url": "https://files.im/embed-5rzf4glxahve.html",
    "is_default": false,
    "timestamp": "2025-09-12T09:06:59.455Z"
  },
  {
    "anime_title": "Boruto On-Going",
    "episode_title": "Boruto: Naruto Next Generations Episode 121 Subtitle Indonesia",
    "episode_link": "https://otakudesu.best/episode/btr-nng-episode-121-sub-indo/",
    "episode_date": "31 Mei,2020",
    "server": "otakustream",
    "quality": "720p",
    "data_content": "eyJpZCI6OTI5OTUsImkiOjAsInEiOiI3MjBwIn0=",
    "decoded_data": {
      "id": 92995,
      "i": 0,
      "q": "720p"
    },
    "stream_url": "https://desustream.info/dstream/otakustream/v2/index.php?id=c0ZhT1BQZWNKbXM2QzI4cG54SFlnV3c5TXpuK0U4dGFJZjRJNEFRd0UxVT0=",
    "is_default": false,
    "timestamp": "2025-09-12T09:06:59.476Z"
  },
  {
    "anime_title": "Boruto On-Going",
    "episode_title": "Boruto: Naruto Next Generations Episode 121 Subtitle Indonesia",
    "episode_link": "https://otakudesu.best/episode/btr-nng-episode-121-sub-indo/",
    "episode_date": "31 Mei,2020",
    "server": "yourupload",
    "quality": "720p",
    "data_content": "eyJpZCI6OTI5OTUsImkiOjMsInEiOiI3MjBwIn0=",
    "decoded_data": {
      "id": 92995,
      "i": 3,
      "q": "720p"
    },
    "stream_url": "https://desudrive.com/stream/yuplod.php?id=MT7nOGERB2b7",
    "is_default": false,
    "timestamp": "2025-09-12T09:06:59.502Z"
  },
  {
    "anime_title": "Boruto On-Going",
    "episode_title": "Boruto: Naruto Next Generations Episode 121 Subtitle Indonesia",
    "episode_link": "https://otakudesu.best/episode/btr-nng-episode-121-sub-indo/",
    "episode_date": "31 Mei,2020",
    "server": "mega",
    "quality": "720p",
    "data_content": "eyJpZCI6OTI5OTUsImkiOjQsInEiOiI3MjBwIn0=",
    "decoded_data": {
      "id": 92995,
      "i": 4,
      "q": "720p"
    },
    "stream_url": "https://mega.nz/embed/SRBlTapY#xofSTNIQmlaU-iewHDK340pqF-hkGTzs0ASStbSggU0",
    "is_default": false,
    "timestamp": "2025-09-12T09:06:59.534Z"
  },
  {
    "anime_title": "Boruto On-Going",
    "episode_title": "Boruto: Naruto Next Generations Episode 121 Subtitle Indonesia",
    "episode_link": "https://otakudesu.best/episode/btr-nng-episode-121-sub-indo/",
    "episode_date": "31 Mei,2020",
    "server": "desudrive",
    "quality": "480p",
    "data_content": "eyJpZCI6OTI5OTUsImkiOjEsInEiOiI0ODBwIn0=",
    "decoded_data": {
      "id": 92995,
      "i": 1,
      "q": "480p"
    },
    "stream_url": "https://desustream.info/dstream/desudrive/player.php?id=WkhQUkZOekVILytQSWt2M1B3MER2c3JLVkZJQW04ekh3cEI2UnZsclZibDN2U3piS3lZcXN3Z1lEallQejBaRg==",
    "is_default": false,
    "timestamp": "2025-09-12T09:06:59.576Z"
  },
  {
    "anime_title": "Boruto On-Going",
    "episode_title": "Boruto: Naruto Next Generations Episode 121 Subtitle Indonesia",
    "episode_link": "https://otakudesu.best/episode/btr-nng-episode-121-sub-indo/",
    "episode_date": "31 Mei,2020",
    "server": "mp4load",
    "quality": "480p",
    "data_content": "eyJpZCI6OTI5OTUsImkiOjMsInEiOiI0ODBwIn0=",
    "decoded_data": {
      "id": 92995,
      "i": 3,
      "q": "480p"
    },
    "stream_url": "https://www.mp4upload.com/embed-an3rrq4c8umi.html",
    "is_default": false,
    "timestamp": "2025-09-12T09:06:59.597Z"
  },
  {
    "anime_title": "Boruto On-Going",
    "episode_title": "Boruto: Naruto Next Generations Episode 121 Subtitle Indonesia",
    "episode_link": "https://otakudesu.best/episode/btr-nng-episode-121-sub-indo/",
    "episode_date": "31 Mei,2020",
    "server": "otakuplay",
    "quality": "480p",
    "data_content": "eyJpZCI6OTI5OTUsImkiOjAsInEiOiI0ODBwIn0=",
    "decoded_data": {
      "id": 92995,
      "i": 0,
      "q": "480p"
    },
    "stream_url": "https://desustream.info/dstream/otakuplay/v2/index.php?id=ZE40Zmh3ZjR6bDBWbnFDVWFLbzg2M25uQnp2Q05ESWF5b3d1WTg2UmZNTT0=",
    "is_default": true,
    "timestamp": "2025-09-12T09:06:59.205Z"
  },
  {
    "anime_title": "Boruto On-Going",
    "episode_title": "Boruto: Naruto Next Generations Episode 121 Subtitle Indonesia",
    "episode_link": "https://otakudesu.best/episode/btr-nng-episode-121-sub-indo/",
    "episode_date": "31 Mei,2020",
    "server": "desudrive",
    "quality": "480p",
    "data_content": "eyJpZCI6OTI5OTUsImkiOjEsInEiOiI0ODBwIn0=",
    "decoded_data": {
      "id": 92995,
      "i": 1,
      "q": "480p"
    },
    "stream_url": "https://desustream.info/dstream/desudrive/player.php?id=WkhQUkZOekVILytQSWt2M1B3MER2c3JLVkZJQW04ekh3cEI2UnZsclZibDN2U3piS3lZcXN3Z1lEallQejBaRg==",
    "is_default": false,
    "timestamp": "2025-09-12T09:06:59.576Z"
  },
  {
    "anime_title": "Boruto On-Going",
    "episode_title": "Boruto: Naruto Next Generations Episode 121 Subtitle Indonesia",
    "episode_link": "https://otakudesu.best/episode/btr-nng-episode-121-sub-indo/",
    "episode_date": "31 Mei,2020",
    "server": "hadestream",
    "quality": "480p",
    "data_content": "eyJpZCI6OTI5OTUsImkiOjIsInEiOiI0ODBwIn0=",
    "decoded_data": {
      "id": 92995,
      "i": 2,
      "q": "480p"
    },
    "stream_url": "https://files.im/embed-k12ticvszrj4.html",
    "is_default": false,
    "timestamp": "2025-09-12T09:06:59.364Z"
  },
  {
    "anime_title": "Boruto On-Going",
    "episode_title": "Boruto: Naruto Next Generations Episode 121 Subtitle Indonesia",
    "episode_link": "https://otakudesu.best/episode/btr-nng-episode-121-sub-indo/",
    "episode_date": "31 Mei,2020",
    "server": "mp4load",
    "quality": "480p",
    "data_content": "eyJpZCI6OTI5OTUsImkiOjMsInEiOiI0ODBwIn0=",
    "decoded_data": {
      "id": 92995,
      "i": 3,
      "q": "480p"
    },
    "stream_url": "https://www.mp4upload.com/embed-an3rrq4c8umi.html",
    "is_default": false,
    "timestamp": "2025-09-12T09:06:59.597Z"
  },
  {
    "anime_title": "Boruto On-Going",
    "episode_title": "Boruto: Naruto Next Generations Episode 121 Subtitle Indonesia",
    "episode_link": "https://otakudesu.best/episode/btr-nng-episode-121-sub-indo/",
    "episode_date": "31 Mei,2020",
    "server": "mega",
    "quality": "480p",
    "data_content": "eyJpZCI6OTI5OTUsImkiOjQsInEiOiI0ODBwIn0=",
    "decoded_data": {
      "id": 92995,
      "i": 4,
      "q": "480p"
    },
    "stream_url": "https://mega.nz/embed/6cZnjAbL#J7Wi5-yKV90CEbREdsT9ZnH4Dgpv_y4BQu0Fev8LC48",
    "is_default": false,
    "timestamp": "2025-09-12T09:06:59.431Z"
  },
  {
    "anime_title": "Boruto On-Going",
    "episode_title": "Boruto: Naruto Next Generations Episode 121 Subtitle Indonesia",
    "episode_link": "https://otakudesu.best/episode/btr-nng-episode-121-sub-indo/",
    "episode_date": "31 Mei,2020",
    "server": "otakustream",
    "quality": "720p",
    "data_content": "eyJpZCI6OTI5OTUsImkiOjAsInEiOiI3MjBwIn0=",
    "decoded_data": {
      "id": 92995,
      "i": 0,
      "q": "720p"
    },
    "stream_url": "https://desustream.info/dstream/otakustream/v2/index.php?id=c0ZhT1BQZWNKbXM2QzI4cG54SFlnV3c5TXpuK0U4dGFJZjRJNEFRd0UxVT0=",
    "is_default": false,
    "timestamp": "2025-09-12T09:06:59.476Z"
  },
  {
    "anime_title": "Boruto On-Going",
    "episode_title": "Boruto: Naruto Next Generations Episode 121 Subtitle Indonesia",
    "episode_link": "https://otakudesu.best/episode/btr-nng-episode-121-sub-indo/",
    "episode_date": "31 Mei,2020",
    "server": "desudrive",
    "quality": "720p",
    "data_content": "eyJpZCI6OTI5OTUsImkiOjEsInEiOiI3MjBwIn0=",
    "decoded_data": {
      "id": 92995,
      "i": 1,
      "q": "720p"
    },
    "stream_url": "https://desustream.info/dstream/desudrive/player.php?id=bkxSTVhCaWlWWkw2YUorYmdXd0hhREVoMDc2Y0xqZlJkOW0xS0JOZC9ZTjdrWkYrVDdpUCtldFJIQ3E4ZkdHOQ==",
    "is_default": false,
    "timestamp": "2025-09-12T09:06:59.404Z"
  },
  {
    "anime_title": "Boruto On-Going",
    "episode_title": "Boruto: Naruto Next Generations Episode 121 Subtitle Indonesia",
    "episode_link": "https://otakudesu.best/episode/btr-nng-episode-121-sub-indo/",
    "episode_date": "31 Mei,2020",
    "server": "hadestream",
    "quality": "720p",
    "data_content": "eyJpZCI6OTI5OTUsImkiOjIsInEiOiI3MjBwIn0=",
    "decoded_data": {
      "id": 92995,
      "i": 2,
      "q": "720p"
    },
    "stream_url": "https://files.im/embed-5rzf4glxahve.html",
    "is_default": false,
    "timestamp": "2025-09-12T09:06:59.455Z"
  },
  {
    "anime_title": "Boruto On-Going",
    "episode_title": "Boruto: Naruto Next Generations Episode 121 Subtitle Indonesia",
    "episode_link": "https://otakudesu.best/episode/btr-nng-episode-121-sub-indo/",
    "episode_date": "31 Mei,2020",
    "server": "yourupload",
    "quality": "720p",
    "data_content": "eyJpZCI6OTI5OTUsImkiOjMsInEiOiI3MjBwIn0=",
    "decoded_data": {
      "id": 92995,
      "i": 3,
      "q": "720p"
    },
    "stream_url": "https://desudrive.com/stream/yuplod.php?id=MT7nOGERB2b7",
    "is_default": false,
    "timestamp": "2025-09-12T09:06:59.502Z"
  },
  {
    "anime_title": "Boruto On-Going",
    "episode_title": "Boruto: Naruto Next Generations Episode 121 Subtitle Indonesia",
    "episode_link": "https://otakudesu.best/episode/btr-nng-episode-121-sub-indo/",
    "episode_date": "31 Mei,2020",
    "server": "mega",
    "quality": "720p",
    "data_content": "eyJpZCI6OTI5OTUsImkiOjQsInEiOiI3MjBwIn0=",
    "decoded_data": {
      "id": 92995,
      "i": 4,
      "q": "720p"
    },
    "stream_url": "https://mega.nz/embed/SRBlTapY#xofSTNIQmlaU-iewHDK340pqF-hkGTzs0ASStbSggU0",
    "is_default": false,
    "timestamp": "2025-09-12T09:06:59.534Z"
  },
  {
    "anime_title": "Boruto On-Going",
    "episode_title": "Boruto: Naruto Next Generations Episode 122 Subtitle Indonesia",
    "episode_link": "https://otakudesu.best/episode/btr-nng-episode-122-sub-indo/",
    "episode_date": "31 Mei,2020",
    "server": "otakuplay",
    "quality": "480p",
    "data_content": "eyJpZCI6OTI5OTYsImkiOjAsInEiOiI0ODBwIn0=",
    "decoded_data": {
      "id": 92996,
      "i": 0,
      "q": "480p"
    },
    "stream_url": "https://desustream.info/dstream/otakuplay/v2/index.php?id=ZE40Zmh3ZjR6bDBWbnFDVWFLbzg2N3ZGRDZCVWM5cVlIamhDSHNnNGxmcz0=",
    "is_default": true,
    "timestamp": "2025-09-12T09:07:00.864Z"
  },
  {
    "anime_title": "Boruto On-Going",
    "episode_title": "Boruto: Naruto Next Generations Episode 122 Subtitle Indonesia",
    "episode_link": "https://otakudesu.best/episode/btr-nng-episode-122-sub-indo/",
    "episode_date": "31 Mei,2020",
    "server": "desudrive",
    "quality": "480p",
    "data_content": "eyJpZCI6OTI5OTYsImkiOjEsInEiOiI0ODBwIn0=",
    "decoded_data": {
      "id": 92996,
      "i": 1,
      "q": "480p"
    },
    "stream_url": "https://desustream.info/dstream/desudrive/player.php?id=ZHE3VDJmeHpvNjNSMFlTY29FTXpqZXZqRVZtbHpQcG1kc001WkRMR0hTSk5wZEtXTnBzYmloOWNxcDlNenFjQQ==",
    "is_default": false,
    "timestamp": "2025-09-12T09:07:00.915Z"
  },
  {
    "anime_title": "Boruto On-Going",
    "episode_title": "Boruto: Naruto Next Generations Episode 122 Subtitle Indonesia",
    "episode_link": "https://otakudesu.best/episode/btr-nng-episode-122-sub-indo/",
    "episode_date": "31 Mei,2020",
    "server": "hadestream",
    "quality": "480p",
    "data_content": "eyJpZCI6OTI5OTYsImkiOjIsInEiOiI0ODBwIn0=",
    "decoded_data": {
      "id": 92996,
      "i": 2,
      "q": "480p"
    },
    "stream_url": "https://files.im/embed-0s1pbxwnhvd7.html",
    "is_default": false,
    "timestamp": "2025-09-12T09:07:00.946Z"
  },
  {
    "anime_title": "Boruto On-Going",
    "episode_title": "Boruto: Naruto Next Generations Episode 122 Subtitle Indonesia",
    "episode_link": "https://otakudesu.best/episode/btr-nng-episode-122-sub-indo/",
    "episode_date": "31 Mei,2020",
    "server": "mp4load",
    "quality": "480p",
    "data_content": "eyJpZCI6OTI5OTYsImkiOjMsInEiOiI0ODBwIn0=",
    "decoded_data": {
      "id": 92996,
      "i": 3,
      "q": "480p"
    },
    "stream_url": "https://www.mp4upload.com/embed-car90x757mbs.html",
    "is_default": false,
    "timestamp": "2025-09-12T09:07:00.984Z"
  },
  {
    "anime_title": "Boruto On-Going",
    "episode_title": "Boruto: Naruto Next Generations Episode 122 Subtitle Indonesia",
    "episode_link": "https://otakudesu.best/episode/btr-nng-episode-122-sub-indo/",
    "episode_date": "31 Mei,2020",
    "server": "mega",
    "quality": "480p",
    "data_content": "eyJpZCI6OTI5OTYsImkiOjQsInEiOiI0ODBwIn0=",
    "decoded_data": {
      "id": 92996,
      "i": 4,
      "q": "480p"
    },
    "stream_url": "https://mega.nz/embed/aMYzHaLD#zZHGM7zPNxKmIdcWZUdPVlXLhyyMkYCLUmwsrQtr7MU",
    "is_default": false,
    "timestamp": "2025-09-12T09:07:01.015Z"
  },
  {
    "anime_title": "Boruto On-Going",
    "episode_title": "Boruto: Naruto Next Generations Episode 122 Subtitle Indonesia",
    "episode_link": "https://otakudesu.best/episode/btr-nng-episode-122-sub-indo/",
    "episode_date": "31 Mei,2020",
    "server": "otakustream",
    "quality": "720p",
    "data_content": "eyJpZCI6OTI5OTYsImkiOjAsInEiOiI3MjBwIn0=",
    "decoded_data": {
      "id": 92996,
      "i": 0,
      "q": "720p"
    },
    "stream_url": "https://desustream.info/dstream/otakustream/v2/index.php?id=c0ZhT1BQZWNKbXM2QzI4cG54SFlnY0FKQzh1TnIyNndIZmtQbWNtVkRMMD0=",
    "is_default": false,
    "timestamp": "2025-09-12T09:07:01.075Z"
  },
  {
    "anime_title": "Boruto On-Going",
    "episode_title": "Boruto: Naruto Next Generations Episode 122 Subtitle Indonesia",
    "episode_link": "https://otakudesu.best/episode/btr-nng-episode-122-sub-indo/",
    "episode_date": "31 Mei,2020",
    "server": "desudrive",
    "quality": "720p",
    "data_content": "eyJpZCI6OTI5OTYsImkiOjEsInEiOiI3MjBwIn0=",
    "decoded_data": {
      "id": 92996,
      "i": 1,
      "q": "720p"
    },
    "stream_url": "https://desustream.info/dstream/desudrive/player.php?id=eDhtWG9ITFBUdStWN3h3K3I5SG1Kb3FLN1NIYWxrMzFUVEFNemlGdmZSeDlWNU4wQXFZdXBESFAxanhiSmo5QQ==",
    "is_default": false,
    "timestamp": "2025-09-12T09:07:01.100Z"
  },
  {
    "anime_title": "Boruto On-Going",
    "episode_title": "Boruto: Naruto Next Generations Episode 122 Subtitle Indonesia",
    "episode_link": "https://otakudesu.best/episode/btr-nng-episode-122-sub-indo/",
    "episode_date": "31 Mei,2020",
    "server": "hadestream",
    "quality": "720p",
    "data_content": "eyJpZCI6OTI5OTYsImkiOjIsInEiOiI3MjBwIn0=",
    "decoded_data": {
      "id": 92996,
      "i": 2,
      "q": "720p"
    },
    "stream_url": "https://files.im/embed-7wkrdktct4ta.html",
    "is_default": false,
    "timestamp": "2025-09-12T09:07:01.135Z"
  },
  {
    "anime_title": "Boruto On-Going",
    "episode_title": "Boruto: Naruto Next Generations Episode 122 Subtitle Indonesia",
    "episode_link": "https://otakudesu.best/episode/btr-nng-episode-122-sub-indo/",
    "episode_date": "31 Mei,2020",
    "server": "yourupload",
    "quality": "720p",
    "data_content": "eyJpZCI6OTI5OTYsImkiOjMsInEiOiI3MjBwIn0=",
    "decoded_data": {
      "id": 92996,
      "i": 3,
      "q": "720p"
    },
    "stream_url": "https://desudrive.com/stream/yuplod.php?id=6amnF34lrAAJ",
    "is_default": false,
    "timestamp": "2025-09-12T09:07:01.179Z"
  },
  {
    "anime_title": "Boruto On-Going",
    "episode_title": "Boruto: Naruto Next Generations Episode 122 Subtitle Indonesia",
    "episode_link": "https://otakudesu.best/episode/btr-nng-episode-122-sub-indo/",
    "episode_date": "31 Mei,2020",
    "server": "mega",
    "quality": "720p",
    "data_content": "eyJpZCI6OTI5OTYsImkiOjQsInEiOiI3MjBwIn0=",
    "decoded_data": {
      "id": 92996,
      "i": 4,
      "q": "720p"
    },
    "stream_url": "https://mega.nz/embed/adQR1ITK#8Mir1l6C6PiKO1MVKFxYuGrSRD0fwXkYbcgCtSb2JIc",
    "is_default": false,
    "timestamp": "2025-09-12T09:07:01.212Z"
  },
  {
    "anime_title": "Boruto On-Going",
    "episode_title": "Boruto: Naruto Next Generations Episode 122 Subtitle Indonesia",
    "episode_link": "https://otakudesu.best/episode/btr-nng-episode-122-sub-indo/",
    "episode_date": "31 Mei,2020",
    "server": "otakuplay",
    "quality": "480p",
    "data_content": "eyJpZCI6OTI5OTYsImkiOjAsInEiOiI0ODBwIn0=",
    "decoded_data": {
      "id": 92996,
      "i": 0,
      "q": "480p"
    },
    "stream_url": "https://desustream.info/dstream/otakuplay/v2/index.php?id=ZE40Zmh3ZjR6bDBWbnFDVWFLbzg2N3ZGRDZCVWM5cVlIamhDSHNnNGxmcz0=",
    "is_default": true,
    "timestamp": "2025-09-12T09:07:00.864Z"
  },
  {
    "anime_title": "Boruto On-Going",
    "episode_title": "Boruto: Naruto Next Generations Episode 122 Subtitle Indonesia",
    "episode_link": "https://otakudesu.best/episode/btr-nng-episode-122-sub-indo/",
    "episode_date": "31 Mei,2020",
    "server": "desudrive",
    "quality": "480p",
    "data_content": "eyJpZCI6OTI5OTYsImkiOjEsInEiOiI0ODBwIn0=",
    "decoded_data": {
      "id": 92996,
      "i": 1,
      "q": "480p"
    },
    "stream_url": "https://desustream.info/dstream/desudrive/player.php?id=ZHE3VDJmeHpvNjNSMFlTY29FTXpqZXZqRVZtbHpQcG1kc001WkRMR0hTSk5wZEtXTnBzYmloOWNxcDlNenFjQQ==",
    "is_default": false,
    "timestamp": "2025-09-12T09:07:00.915Z"
  },
  {
    "anime_title": "Boruto On-Going",
    "episode_title": "Boruto: Naruto Next Generations Episode 122 Subtitle Indonesia",
    "episode_link": "https://otakudesu.best/episode/btr-nng-episode-122-sub-indo/",
    "episode_date": "31 Mei,2020",
    "server": "hadestream",
    "quality": "480p",
    "data_content": "eyJpZCI6OTI5OTYsImkiOjIsInEiOiI0ODBwIn0=",
    "decoded_data": {
      "id": 92996,
      "i": 2,
      "q": "480p"
    },
    "stream_url": "https://files.im/embed-0s1pbxwnhvd7.html",
    "is_default": false,
    "timestamp": "2025-09-12T09:07:00.946Z"
  },
  {
    "anime_title": "Boruto On-Going",
    "episode_title": "Boruto: Naruto Next Generations Episode 122 Subtitle Indonesia",
    "episode_link": "https://otakudesu.best/episode/btr-nng-episode-122-sub-indo/",
    "episode_date": "31 Mei,2020",
    "server": "mp4load",
    "quality": "480p",
    "data_content": "eyJpZCI6OTI5OTYsImkiOjMsInEiOiI0ODBwIn0=",
    "decoded_data": {
      "id": 92996,
      "i": 3,
      "q": "480p"
    },
    "stream_url": "https://www.mp4upload.com/embed-car90x757mbs.html",
    "is_default": false,
    "timestamp": "2025-09-12T09:07:00.984Z"
  },
  {
    "anime_title": "Boruto On-Going",
    "episode_title": "Boruto: Naruto Next Generations Episode 122 Subtitle Indonesia",
    "episode_link": "https://otakudesu.best/episode/btr-nng-episode-122-sub-indo/",
    "episode_date": "31 Mei,2020",
    "server": "mega",
    "quality": "480p",
    "data_content": "eyJpZCI6OTI5OTYsImkiOjQsInEiOiI0ODBwIn0=",
    "decoded_data": {
      "id": 92996,
      "i": 4,
      "q": "480p"
    },
    "stream_url": "https://mega.nz/embed/aMYzHaLD#zZHGM7zPNxKmIdcWZUdPVlXLhyyMkYCLUmwsrQtr7MU",
    "is_default": false,
    "timestamp": "2025-09-12T09:07:01.015Z"
  },
  {
    "anime_title": "Boruto On-Going",
    "episode_title": "Boruto: Naruto Next Generations Episode 122 Subtitle Indonesia",
    "episode_link": "https://otakudesu.best/episode/btr-nng-episode-122-sub-indo/",
    "episode_date": "31 Mei,2020",
    "server": "otakustream",
    "quality": "720p",
    "data_content": "eyJpZCI6OTI5OTYsImkiOjAsInEiOiI3MjBwIn0=",
    "decoded_data": {
      "id": 92996,
      "i": 0,
      "q": "720p"
    },
    "stream_url": "https://desustream.info/dstream/otakustream/v2/index.php?id=c0ZhT1BQZWNKbXM2QzI4cG54SFlnY0FKQzh1TnIyNndIZmtQbWNtVkRMMD0=",
    "is_default": false,
    "timestamp": "2025-09-12T09:07:01.075Z"
  },
  {
    "anime_title": "Boruto On-Going",
    "episode_title": "Boruto: Naruto Next Generations Episode 122 Subtitle Indonesia",
    "episode_link": "https://otakudesu.best/episode/btr-nng-episode-122-sub-indo/",
    "episode_date": "31 Mei,2020",
    "server": "desudrive",
    "quality": "720p",
    "data_content": "eyJpZCI6OTI5OTYsImkiOjEsInEiOiI3MjBwIn0=",
    "decoded_data": {
      "id": 92996,
      "i": 1,
      "q": "720p"
    },
    "stream_url": "https://desustream.info/dstream/desudrive/player.php?id=eDhtWG9ITFBUdStWN3h3K3I5SG1Kb3FLN1NIYWxrMzFUVEFNemlGdmZSeDlWNU4wQXFZdXBESFAxanhiSmo5QQ==",
    "is_default": false,
    "timestamp": "2025-09-12T09:07:01.100Z"
  },
  {
    "anime_title": "Boruto On-Going",
    "episode_title": "Boruto: Naruto Next Generations Episode 122 Subtitle Indonesia",
    "episode_link": "https://otakudesu.best/episode/btr-nng-episode-122-sub-indo/",
    "episode_date": "31 Mei,2020",
    "server": "hadestream",
    "quality": "720p",
    "data_content": "eyJpZCI6OTI5OTYsImkiOjIsInEiOiI3MjBwIn0=",
    "decoded_data": {
      "id": 92996,
      "i": 2,
      "q": "720p"
    },
    "stream_url": "https://files.im/embed-7wkrdktct4ta.html",
    "is_default": false,
    "timestamp": "2025-09-12T09:07:01.135Z"
  },
  {
    "anime_title": "Boruto On-Going",
    "episode_title": "Boruto: Naruto Next Generations Episode 122 Subtitle Indonesia",
    "episode_link": "https://otakudesu.best/episode/btr-nng-episode-122-sub-indo/",
    "episode_date": "31 Mei,2020",
    "server": "yourupload",
    "quality": "720p",
    "data_content": "eyJpZCI6OTI5OTYsImkiOjMsInEiOiI3MjBwIn0=",
    "decoded_data": {
      "id": 92996,
      "i": 3,
      "q": "720p"
    },
    "stream_url": "https://desudrive.com/stream/yuplod.php?id=6amnF34lrAAJ",
    "is_default": false,
    "timestamp": "2025-09-12T09:07:01.179Z"
  },
  {
    "anime_title": "Boruto On-Going",
    "episode_title": "Boruto: Naruto Next Generations Episode 122 Subtitle Indonesia",
    "episode_link": "https://otakudesu.best/episode/btr-nng-episode-122-sub-indo/",
    "episode_date": "31 Mei,2020",
    "server": "mega",
    "quality": "720p",
    "data_content": "eyJpZCI6OTI5OTYsImkiOjQsInEiOiI3MjBwIn0=",
    "decoded_data": {
      "id": 92996,
      "i": 4,
      "q": "720p"
    },
    "stream_url": "https://mega.nz/embed/adQR1ITK#8Mir1l6C6PiKO1MVKFxYuGrSRD0fwXkYbcgCtSb2JIc",
    "is_default": false,
    "timestamp": "2025-09-12T09:07:01.212Z"
  },
  {
    "anime_title": "Boruto On-Going",
    "episode_title": "Boruto: Naruto Next Generations Episode 123 Subtitle Indonesia",
    "episode_link": "https://otakudesu.best/episode/btr-nng-episode-123-sub-indo/",
    "episode_date": "31 Mei,2020",
    "server": "otakuplay",
    "quality": "480p",
    "data_content": "eyJpZCI6OTI5OTcsImkiOjAsInEiOiI0ODBwIn0=",
    "decoded_data": {
      "id": 92997,
      "i": 0,
      "q": "480p"
    },
    "stream_url": "https://desustream.info/dstream/otakuplay/v2/index.php?id=ZE40Zmh3ZjR6bDBWbnFDVWFLbzg2MFpCNEhvczM0TGVvZlZYSkVSSlE4az0=",
    "is_default": true,
    "timestamp": "2025-09-12T09:07:02.116Z"
  },
  {
    "anime_title": "Boruto On-Going",
    "episode_title": "Boruto: Naruto Next Generations Episode 123 Subtitle Indonesia",
    "episode_link": "https://otakudesu.best/episode/btr-nng-episode-123-sub-indo/",
    "episode_date": "31 Mei,2020",
    "server": "desudrive",
    "quality": "480p",
    "data_content": "eyJpZCI6OTI5OTcsImkiOjEsInEiOiI0ODBwIn0=",
    "decoded_data": {
      "id": 92997,
      "i": 1,
      "q": "480p"
    },
    "stream_url": "https://desustream.info/dstream/desudrive/player.php?id=QnJkcUdORUp1WTNkL1V2M0Y0QUpIZjlYdWVDUEJ2MGFYWld4SEMxNGxiRUxwUm8zL0c3L1A2cjJXd2p5Nkg5RQ==",
    "is_default": false,
    "timestamp": "2025-09-12T09:07:02.171Z"
  },
  {
    "anime_title": "Boruto On-Going",
    "episode_title": "Boruto: Naruto Next Generations Episode 123 Subtitle Indonesia",
    "episode_link": "https://otakudesu.best/episode/btr-nng-episode-123-sub-indo/",
    "episode_date": "31 Mei,2020",
    "server": "hadestream",
    "quality": "480p",
    "data_content": "eyJpZCI6OTI5OTcsImkiOjIsInEiOiI0ODBwIn0=",
    "decoded_data": {
      "id": 92997,
      "i": 2,
      "q": "480p"
    },
    "stream_url": "https://files.im/embed-0olhb5oyrcky.html",
    "is_default": false,
    "timestamp": "2025-09-12T09:07:02.194Z"
  },
  {
    "anime_title": "Boruto On-Going",
    "episode_title": "Boruto: Naruto Next Generations Episode 123 Subtitle Indonesia",
    "episode_link": "https://otakudesu.best/episode/btr-nng-episode-123-sub-indo/",
    "episode_date": "31 Mei,2020",
    "server": "mp4load",
    "quality": "480p",
    "data_content": "eyJpZCI6OTI5OTcsImkiOjMsInEiOiI0ODBwIn0=",
    "decoded_data": {
      "id": 92997,
      "i": 3,
      "q": "480p"
    },
    "stream_url": "https://www.mp4upload.com/embed-sw6niv3y2dpt.html",
    "is_default": false,
    "timestamp": "2025-09-12T09:07:02.222Z"
  },
  {
    "anime_title": "Boruto On-Going",
    "episode_title": "Boruto: Naruto Next Generations Episode 123 Subtitle Indonesia",
    "episode_link": "https://otakudesu.best/episode/btr-nng-episode-123-sub-indo/",
    "episode_date": "31 Mei,2020",
    "server": "mega",
    "quality": "480p",
    "data_content": "eyJpZCI6OTI5OTcsImkiOjQsInEiOiI0ODBwIn0=",
    "decoded_data": {
      "id": 92997,
      "i": 4,
      "q": "480p"
    },
    "stream_url": "https://mega.nz/embed/mFYRGaxI#WjfXIanCrGmuV6V9OvgXJM9TKEVJy74-XTot-gNBUaY",
    "is_default": false,
    "timestamp": "2025-09-12T09:07:02.274Z"
  },
  {
    "anime_title": "Boruto On-Going",
    "episode_title": "Boruto: Naruto Next Generations Episode 123 Subtitle Indonesia",
    "episode_link": "https://otakudesu.best/episode/btr-nng-episode-123-sub-indo/",
    "episode_date": "31 Mei,2020",
    "server": "desudrive",
    "quality": "720p",
    "data_content": "eyJpZCI6OTI5OTcsImkiOjEsInEiOiI3MjBwIn0=",
    "decoded_data": {
      "id": 92997,
      "i": 1,
      "q": "720p"
    },
    "stream_url": "https://desustream.info/dstream/desudrive/player.php?id=eWdyL3lCLzdOWkkxcjJCWWVBK054U2V2eWd4N05wS2lMWXFnNHNVbHIrYmVrQ0l0SWFqQStTSEs0UkJoOXpDMA==",
    "is_default": false,
    "timestamp": "2025-09-12T09:07:02.354Z"
  },
  {
    "anime_title": "Boruto On-Going",
    "episode_title": "Boruto: Naruto Next Generations Episode 123 Subtitle Indonesia",
    "episode_link": "https://otakudesu.best/episode/btr-nng-episode-123-sub-indo/",
    "episode_date": "31 Mei,2020",
    "server": "hadestream",
    "quality": "720p",
    "data_content": "eyJpZCI6OTI5OTcsImkiOjIsInEiOiI3MjBwIn0=",
    "decoded_data": {
      "id": 92997,
      "i": 2,
      "q": "720p"
    },
    "stream_url": "https://files.im/embed-ov1f3xifh03h.html",
    "is_default": false,
    "timestamp": "2025-09-12T09:07:02.397Z"
  },
  {
    "anime_title": "Boruto On-Going",
    "episode_title": "Boruto: Naruto Next Generations Episode 123 Subtitle Indonesia",
    "episode_link": "https://otakudesu.best/episode/btr-nng-episode-123-sub-indo/",
    "episode_date": "31 Mei,2020",
    "server": "otakustream",
    "quality": "720p",
    "data_content": "eyJpZCI6OTI5OTcsImkiOjAsInEiOiI3MjBwIn0=",
    "decoded_data": {
      "id": 92997,
      "i": 0,
      "q": "720p"
    },
    "stream_url": "https://desustream.info/dstream/otakustream/v2/index.php?id=c0ZhT1BQZWNKbXM2QzI4cG54SFlnWGlDQnE4RmxIK1V6dXprK2Rncjhwcz0=",
    "is_default": false,
    "timestamp": "2025-09-12T09:07:02.438Z"
  },
  {
    "anime_title": "Boruto On-Going",
    "episode_title": "Boruto: Naruto Next Generations Episode 123 Subtitle Indonesia",
    "episode_link": "https://otakudesu.best/episode/btr-nng-episode-123-sub-indo/",
    "episode_date": "31 Mei,2020",
    "server": "yourupload",
    "quality": "720p",
    "data_content": "eyJpZCI6OTI5OTcsImkiOjMsInEiOiI3MjBwIn0=",
    "decoded_data": {
      "id": 92997,
      "i": 3,
      "q": "720p"
    },
    "stream_url": "https://desudrive.com/stream/yuplod.php?id=X7X8yOCw7jX1",
    "is_default": false,
    "timestamp": "2025-09-12T09:07:02.463Z"
  },
  {
    "anime_title": "Boruto On-Going",
    "episode_title": "Boruto: Naruto Next Generations Episode 123 Subtitle Indonesia",
    "episode_link": "https://otakudesu.best/episode/btr-nng-episode-123-sub-indo/",
    "episode_date": "31 Mei,2020",
    "server": "mega",
    "quality": "720p",
    "data_content": "eyJpZCI6OTI5OTcsImkiOjQsInEiOiI3MjBwIn0=",
    "decoded_data": {
      "id": 92997,
      "i": 4,
      "q": "720p"
    },
    "stream_url": "https://mega.nz/embed/mNQnyY5J#5td6mrbIFZgCwF3YWywTR993ts3WdL4Cj1x_n2sRzrU",
    "is_default": false,
    "timestamp": "2025-09-12T09:07:02.501Z"
  },
  {
    "anime_title": "Boruto On-Going",
    "episode_title": "Boruto: Naruto Next Generations Episode 123 Subtitle Indonesia",
    "episode_link": "https://otakudesu.best/episode/btr-nng-episode-123-sub-indo/",
    "episode_date": "31 Mei,2020",
    "server": "otakuplay",
    "quality": "480p",
    "data_content": "eyJpZCI6OTI5OTcsImkiOjAsInEiOiI0ODBwIn0=",
    "decoded_data": {
      "id": 92997,
      "i": 0,
      "q": "480p"
    },
    "stream_url": "https://desustream.info/dstream/otakuplay/v2/index.php?id=ZE40Zmh3ZjR6bDBWbnFDVWFLbzg2MFpCNEhvczM0TGVvZlZYSkVSSlE4az0=",
    "is_default": true,
    "timestamp": "2025-09-12T09:07:02.116Z"
  },
  {
    "anime_title": "Boruto On-Going",
    "episode_title": "Boruto: Naruto Next Generations Episode 123 Subtitle Indonesia",
    "episode_link": "https://otakudesu.best/episode/btr-nng-episode-123-sub-indo/",
    "episode_date": "31 Mei,2020",
    "server": "desudrive",
    "quality": "480p",
    "data_content": "eyJpZCI6OTI5OTcsImkiOjEsInEiOiI0ODBwIn0=",
    "decoded_data": {
      "id": 92997,
      "i": 1,
      "q": "480p"
    },
    "stream_url": "https://desustream.info/dstream/desudrive/player.php?id=QnJkcUdORUp1WTNkL1V2M0Y0QUpIZjlYdWVDUEJ2MGFYWld4SEMxNGxiRUxwUm8zL0c3L1A2cjJXd2p5Nkg5RQ==",
    "is_default": false,
    "timestamp": "2025-09-12T09:07:02.171Z"
  },
  {
    "anime_title": "Boruto On-Going",
    "episode_title": "Boruto: Naruto Next Generations Episode 123 Subtitle Indonesia",
    "episode_link": "https://otakudesu.best/episode/btr-nng-episode-123-sub-indo/",
    "episode_date": "31 Mei,2020",
    "server": "hadestream",
    "quality": "480p",
    "data_content": "eyJpZCI6OTI5OTcsImkiOjIsInEiOiI0ODBwIn0=",
    "decoded_data": {
      "id": 92997,
      "i": 2,
      "q": "480p"
    },
    "stream_url": "https://files.im/embed-0olhb5oyrcky.html",
    "is_default": false,
    "timestamp": "2025-09-12T09:07:02.194Z"
  },
  {
    "anime_title": "Boruto On-Going",
    "episode_title": "Boruto: Naruto Next Generations Episode 123 Subtitle Indonesia",
    "episode_link": "https://otakudesu.best/episode/btr-nng-episode-123-sub-indo/",
    "episode_date": "31 Mei,2020",
    "server": "mp4load",
    "quality": "480p",
    "data_content": "eyJpZCI6OTI5OTcsImkiOjMsInEiOiI0ODBwIn0=",
    "decoded_data": {
      "id": 92997,
      "i": 3,
      "q": "480p"
    },
    "stream_url": "https://www.mp4upload.com/embed-sw6niv3y2dpt.html",
    "is_default": false,
    "timestamp": "2025-09-12T09:07:02.222Z"
  },
  {
    "anime_title": "Boruto On-Going",
    "episode_title": "Boruto: Naruto Next Generations Episode 123 Subtitle Indonesia",
    "episode_link": "https://otakudesu.best/episode/btr-nng-episode-123-sub-indo/",
    "episode_date": "31 Mei,2020",
    "server": "mega",
    "quality": "480p",
    "data_content": "eyJpZCI6OTI5OTcsImkiOjQsInEiOiI0ODBwIn0=",
    "decoded_data": {
      "id": 92997,
      "i": 4,
      "q": "480p"
    },
    "stream_url": "https://mega.nz/embed/mFYRGaxI#WjfXIanCrGmuV6V9OvgXJM9TKEVJy74-XTot-gNBUaY",
    "is_default": false,
    "timestamp": "2025-09-12T09:07:02.274Z"
  },
  {
    "anime_title": "Boruto On-Going",
    "episode_title": "Boruto: Naruto Next Generations Episode 123 Subtitle Indonesia",
    "episode_link": "https://otakudesu.best/episode/btr-nng-episode-123-sub-indo/",
    "episode_date": "31 Mei,2020",
    "server": "otakustream",
    "quality": "720p",
    "data_content": "eyJpZCI6OTI5OTcsImkiOjAsInEiOiI3MjBwIn0=",
    "decoded_data": {
      "id": 92997,
      "i": 0,
      "q": "720p"
    },
    "stream_url": "https://desustream.info/dstream/otakustream/v2/index.php?id=c0ZhT1BQZWNKbXM2QzI4cG54SFlnWGlDQnE4RmxIK1V6dXprK2Rncjhwcz0=",
    "is_default": false,
    "timestamp": "2025-09-12T09:07:02.438Z"
  },
  {
    "anime_title": "Boruto On-Going",
    "episode_title": "Boruto: Naruto Next Generations Episode 123 Subtitle Indonesia",
    "episode_link": "https://otakudesu.best/episode/btr-nng-episode-123-sub-indo/",
    "episode_date": "31 Mei,2020",
    "server": "desudrive",
    "quality": "720p",
    "data_content": "eyJpZCI6OTI5OTcsImkiOjEsInEiOiI3MjBwIn0=",
    "decoded_data": {
      "id": 92997,
      "i": 1,
      "q": "720p"
    },
    "stream_url": "https://desustream.info/dstream/desudrive/player.php?id=eWdyL3lCLzdOWkkxcjJCWWVBK054U2V2eWd4N05wS2lMWXFnNHNVbHIrYmVrQ0l0SWFqQStTSEs0UkJoOXpDMA==",
    "is_default": false,
    "timestamp": "2025-09-12T09:07:02.354Z"
  },
  {
    "anime_title": "Boruto On-Going",
    "episode_title": "Boruto: Naruto Next Generations Episode 123 Subtitle Indonesia",
    "episode_link": "https://otakudesu.best/episode/btr-nng-episode-123-sub-indo/",
    "episode_date": "31 Mei,2020",
    "server": "hadestream",
    "quality": "720p",
    "data_content": "eyJpZCI6OTI5OTcsImkiOjIsInEiOiI3MjBwIn0=",
    "decoded_data": {
      "id": 92997,
      "i": 2,
      "q": "720p"
    },
    "stream_url": "https://files.im/embed-ov1f3xifh03h.html",
    "is_default": false,
    "timestamp": "2025-09-12T09:07:02.397Z"
  },
  {
    "anime_title": "Boruto On-Going",
    "episode_title": "Boruto: Naruto Next Generations Episode 123 Subtitle Indonesia",
    "episode_link": "https://otakudesu.best/episode/btr-nng-episode-123-sub-indo/",
    "episode_date": "31 Mei,2020",
    "server": "yourupload",
    "quality": "720p",
    "data_content": "eyJpZCI6OTI5OTcsImkiOjMsInEiOiI3MjBwIn0=",
    "decoded_data": {
      "id": 92997,
      "i": 3,
      "q": "720p"
    },
    "stream_url": "https://desudrive.com/stream/yuplod.php?id=X7X8yOCw7jX1",
    "is_default": false,
    "timestamp": "2025-09-12T09:07:02.463Z"
  },
  {
    "anime_title": "Boruto On-Going",
    "episode_title": "Boruto: Naruto Next Generations Episode 123 Subtitle Indonesia",
    "episode_link": "https://otakudesu.best/episode/btr-nng-episode-123-sub-indo/",
    "episode_date": "31 Mei,2020",
    "server": "mega",
    "quality": "720p",
    "data_content": "eyJpZCI6OTI5OTcsImkiOjQsInEiOiI3MjBwIn0=",
    "decoded_data": {
      "id": 92997,
      "i": 4,
      "q": "720p"
    },
    "stream_url": "https://mega.nz/embed/mNQnyY5J#5td6mrbIFZgCwF3YWywTR993ts3WdL4Cj1x_n2sRzrU",
    "is_default": false,
    "timestamp": "2025-09-12T09:07:02.501Z"
  },
  {
    "anime_title": "Boruto On-Going",
    "episode_title": "Boruto: Naruto Next Generations Episode 124 Subtitle Indonesia",
    "episode_link": "https://otakudesu.best/episode/btr-nng-episode-124-sub-indo/",
    "episode_date": "31 Mei,2020",
    "server": "desudrive",
    "quality": "720p",
    "data_content": "eyJpZCI6OTI5OTksImkiOjEsInEiOiI3MjBwIn0=",
    "decoded_data": {
      "id": 92999,
      "i": 1,
      "q": "720p"
    },
    "stream_url": "https://desustream.info/dstream/desudrive/player.php?id=akxpR0I3Q2JIUVF4K0ZFOHBKVTNNQUo4cFpPZE9LTlpNS2FoOFVaZVJzaVluVmk5V2VmT2dGVSttSUJzenFlUQ==",
    "is_default": false,
    "timestamp": "2025-09-12T09:07:03.592Z"
  },
  {
    "anime_title": "Boruto On-Going",
    "episode_title": "Boruto: Naruto Next Generations Episode 124 Subtitle Indonesia",
    "episode_link": "https://otakudesu.best/episode/btr-nng-episode-124-sub-indo/",
    "episode_date": "31 Mei,2020",
    "server": "otakustream",
    "quality": "720p",
    "data_content": "eyJpZCI6OTI5OTksImkiOjAsInEiOiI3MjBwIn0=",
    "decoded_data": {
      "id": 92999,
      "i": 0,
      "q": "720p"
    },
    "stream_url": "https://desustream.info/dstream/otakustream/v2/index.php?id=c0ZhT1BQZWNKbXM2QzI4cG54SFlnU1IzTTRVWFNxTDEzandraHVpM0pVND0=",
    "is_default": false,
    "timestamp": "2025-09-12T09:07:03.617Z"
  },
  {
    "anime_title": "Boruto On-Going",
    "episode_title": "Boruto: Naruto Next Generations Episode 124 Subtitle Indonesia",
    "episode_link": "https://otakudesu.best/episode/btr-nng-episode-124-sub-indo/",
    "episode_date": "31 Mei,2020",
    "server": "hadestream",
    "quality": "720p",
    "data_content": "eyJpZCI6OTI5OTksImkiOjIsInEiOiI3MjBwIn0=",
    "decoded_data": {
      "id": 92999,
      "i": 2,
      "q": "720p"
    },
    "stream_url": "https://files.im/embed-iibi232i0xua.html",
    "is_default": false,
    "timestamp": "2025-09-12T09:07:03.639Z"
  },
  {
    "anime_title": "Boruto On-Going",
    "episode_title": "Boruto: Naruto Next Generations Episode 124 Subtitle Indonesia",
    "episode_link": "https://otakudesu.best/episode/btr-nng-episode-124-sub-indo/",
    "episode_date": "31 Mei,2020",
    "server": "yourupload",
    "quality": "720p",
    "data_content": "eyJpZCI6OTI5OTksImkiOjMsInEiOiI3MjBwIn0=",
    "decoded_data": {
      "id": 92999,
      "i": 3,
      "q": "720p"
    },
    "stream_url": "https://desudrive.com/stream/yuplod.php?id=WvTeAILV7shl",
    "is_default": false,
    "timestamp": "2025-09-12T09:07:03.670Z"
  },
  {
    "anime_title": "Boruto On-Going",
    "episode_title": "Boruto: Naruto Next Generations Episode 124 Subtitle Indonesia",
    "episode_link": "https://otakudesu.best/episode/btr-nng-episode-124-sub-indo/",
    "episode_date": "31 Mei,2020",
    "server": "desudrive",
    "quality": "480p",
    "data_content": "eyJpZCI6OTI5OTksImkiOjEsInEiOiI0ODBwIn0=",
    "decoded_data": {
      "id": 92999,
      "i": 1,
      "q": "480p"
    },
    "stream_url": "https://desustream.info/dstream/desudrive/player.php?id=T1VKdFhFQ1JrQTFDbEw4QkpNUUF0NjZxcWlYMzNzRUFueXg5NXlwUkc2VEkyVmRMbjc1azZLd2xLQWZXWGVkSQ==",
    "is_default": false,
    "timestamp": "2025-09-12T09:07:03.697Z"
  },
  {
    "anime_title": "Boruto On-Going",
    "episode_title": "Boruto: Naruto Next Generations Episode 124 Subtitle Indonesia",
    "episode_link": "https://otakudesu.best/episode/btr-nng-episode-124-sub-indo/",
    "episode_date": "31 Mei,2020",
    "server": "otakuplay",
    "quality": "480p",
    "data_content": "eyJpZCI6OTI5OTksImkiOjAsInEiOiI0ODBwIn0=",
    "decoded_data": {
      "id": 92999,
      "i": 0,
      "q": "480p"
    },
    "stream_url": "https://desustream.info/dstream/otakuplay/v2/index.php?id=ZE40Zmh3ZjR6bDBWbnFDVWFLbzg2MWdTZldsUncwYk5xUEdiNVlIRUZHTT0=",
    "is_default": true,
    "timestamp": "2025-09-12T09:07:03.718Z"
  },
  {
    "anime_title": "Boruto On-Going",
    "episode_title": "Boruto: Naruto Next Generations Episode 124 Subtitle Indonesia",
    "episode_link": "https://otakudesu.best/episode/btr-nng-episode-124-sub-indo/",
    "episode_date": "31 Mei,2020",
    "server": "mega",
    "quality": "720p",
    "data_content": "eyJpZCI6OTI5OTksImkiOjQsInEiOiI3MjBwIn0=",
    "decoded_data": {
      "id": 92999,
      "i": 4,
      "q": "720p"
    },
    "stream_url": "https://mega.nz/embed/KJAVzYyJ#0nZoZLxul4o2NZD8MbSlI_GkXyHz_hwyudVK2SByH00",
    "is_default": false,
    "timestamp": "2025-09-12T09:07:03.739Z"
  },
  {
    "anime_title": "Boruto On-Going",
    "episode_title": "Boruto: Naruto Next Generations Episode 124 Subtitle Indonesia",
    "episode_link": "https://otakudesu.best/episode/btr-nng-episode-124-sub-indo/",
    "episode_date": "31 Mei,2020",
    "server": "hadestream",
    "quality": "480p",
    "data_content": "eyJpZCI6OTI5OTksImkiOjIsInEiOiI0ODBwIn0=",
    "decoded_data": {
      "id": 92999,
      "i": 2,
      "q": "480p"
    },
    "stream_url": "https://files.im/embed-gtjlon1fhtie.html",
    "is_default": false,
    "timestamp": "2025-09-12T09:07:03.761Z"
  },
  {
    "anime_title": "Boruto On-Going",
    "episode_title": "Boruto: Naruto Next Generations Episode 124 Subtitle Indonesia",
    "episode_link": "https://otakudesu.best/episode/btr-nng-episode-124-sub-indo/",
    "episode_date": "31 Mei,2020",
    "server": "mp4load",
    "quality": "480p",
    "data_content": "eyJpZCI6OTI5OTksImkiOjMsInEiOiI0ODBwIn0=",
    "decoded_data": {
      "id": 92999,
      "i": 3,
      "q": "480p"
    },
    "stream_url": "https://www.mp4upload.com/embed-fovmrme52kbv.html",
    "is_default": false,
    "timestamp": "2025-09-12T09:07:03.787Z"
  },
  {
    "anime_title": "Boruto On-Going",
    "episode_title": "Boruto: Naruto Next Generations Episode 124 Subtitle Indonesia",
    "episode_link": "https://otakudesu.best/episode/btr-nng-episode-124-sub-indo/",
    "episode_date": "31 Mei,2020",
    "server": "mega",
    "quality": "480p",
    "data_content": "eyJpZCI6OTI5OTksImkiOjQsInEiOiI0ODBwIn0=",
    "decoded_data": {
      "id": 92999,
      "i": 4,
      "q": "480p"
    },
    "stream_url": "https://mega.nz/embed/CNQ3EKyL#wFKZv4BvXsIEGxsgbUskPQl5Etryg0A21yEPt8zO6rg",
    "is_default": false,
    "timestamp": "2025-09-12T09:07:03.811Z"
  },
  {
    "anime_title": "Boruto On-Going",
    "episode_title": "Boruto: Naruto Next Generations Episode 124 Subtitle Indonesia",
    "episode_link": "https://otakudesu.best/episode/btr-nng-episode-124-sub-indo/",
    "episode_date": "31 Mei,2020",
    "server": "otakuplay",
    "quality": "480p",
    "data_content": "eyJpZCI6OTI5OTksImkiOjAsInEiOiI0ODBwIn0=",
    "decoded_data": {
      "id": 92999,
      "i": 0,
      "q": "480p"
    },
    "stream_url": "https://desustream.info/dstream/otakuplay/v2/index.php?id=ZE40Zmh3ZjR6bDBWbnFDVWFLbzg2MWdTZldsUncwYk5xUEdiNVlIRUZHTT0=",
    "is_default": true,
    "timestamp": "2025-09-12T09:07:03.718Z"
  },
  {
    "anime_title": "Boruto On-Going",
    "episode_title": "Boruto: Naruto Next Generations Episode 124 Subtitle Indonesia",
    "episode_link": "https://otakudesu.best/episode/btr-nng-episode-124-sub-indo/",
    "episode_date": "31 Mei,2020",
    "server": "desudrive",
    "quality": "480p",
    "data_content": "eyJpZCI6OTI5OTksImkiOjEsInEiOiI0ODBwIn0=",
    "decoded_data": {
      "id": 92999,
      "i": 1,
      "q": "480p"
    },
    "stream_url": "https://desustream.info/dstream/desudrive/player.php?id=T1VKdFhFQ1JrQTFDbEw4QkpNUUF0NjZxcWlYMzNzRUFueXg5NXlwUkc2VEkyVmRMbjc1azZLd2xLQWZXWGVkSQ==",
    "is_default": false,
    "timestamp": "2025-09-12T09:07:03.697Z"
  },
  {
    "anime_title": "Boruto On-Going",
    "episode_title": "Boruto: Naruto Next Generations Episode 124 Subtitle Indonesia",
    "episode_link": "https://otakudesu.best/episode/btr-nng-episode-124-sub-indo/",
    "episode_date": "31 Mei,2020",
    "server": "hadestream",
    "quality": "480p",
    "data_content": "eyJpZCI6OTI5OTksImkiOjIsInEiOiI0ODBwIn0=",
    "decoded_data": {
      "id": 92999,
      "i": 2,
      "q": "480p"
    },
    "stream_url": "https://files.im/embed-gtjlon1fhtie.html",
    "is_default": false,
    "timestamp": "2025-09-12T09:07:03.761Z"
  },
  {
    "anime_title": "Boruto On-Going",
    "episode_title": "Boruto: Naruto Next Generations Episode 124 Subtitle Indonesia",
    "episode_link": "https://otakudesu.best/episode/btr-nng-episode-124-sub-indo/",
    "episode_date": "31 Mei,2020",
    "server": "mp4load",
    "quality": "480p",
    "data_content": "eyJpZCI6OTI5OTksImkiOjMsInEiOiI0ODBwIn0=",
    "decoded_data": {
      "id": 92999,
      "i": 3,
      "q": "480p"
    },
    "stream_url": "https://www.mp4upload.com/embed-fovmrme52kbv.html",
    "is_default": false,
    "timestamp": "2025-09-12T09:07:03.787Z"
  },
  {
    "anime_title": "Boruto On-Going",
    "episode_title": "Boruto: Naruto Next Generations Episode 124 Subtitle Indonesia",
    "episode_link": "https://otakudesu.best/episode/btr-nng-episode-124-sub-indo/",
    "episode_date": "31 Mei,2020",
    "server": "mega",
    "quality": "480p",
    "data_content": "eyJpZCI6OTI5OTksImkiOjQsInEiOiI0ODBwIn0=",
    "decoded_data": {
      "id": 92999,
      "i": 4,
      "q": "480p"
    },
    "stream_url": "https://mega.nz/embed/CNQ3EKyL#wFKZv4BvXsIEGxsgbUskPQl5Etryg0A21yEPt8zO6rg",
    "is_default": false,
    "timestamp": "2025-09-12T09:07:03.811Z"
  },
  {
    "anime_title": "Boruto On-Going",
    "episode_title": "Boruto: Naruto Next Generations Episode 124 Subtitle Indonesia",
    "episode_link": "https://otakudesu.best/episode/btr-nng-episode-124-sub-indo/",
    "episode_date": "31 Mei,2020",
    "server": "otakustream",
    "quality": "720p",
    "data_content": "eyJpZCI6OTI5OTksImkiOjAsInEiOiI3MjBwIn0=",
    "decoded_data": {
      "id": 92999,
      "i": 0,
      "q": "720p"
    },
    "stream_url": "https://desustream.info/dstream/otakustream/v2/index.php?id=c0ZhT1BQZWNKbXM2QzI4cG54SFlnU1IzTTRVWFNxTDEzandraHVpM0pVND0=",
    "is_default": false,
    "timestamp": "2025-09-12T09:07:03.617Z"
  },
  {
    "anime_title": "Boruto On-Going",
    "episode_title": "Boruto: Naruto Next Generations Episode 124 Subtitle Indonesia",
    "episode_link": "https://otakudesu.best/episode/btr-nng-episode-124-sub-indo/",
    "episode_date": "31 Mei,2020",
    "server": "desudrive",
    "quality": "720p",
    "data_content": "eyJpZCI6OTI5OTksImkiOjEsInEiOiI3MjBwIn0=",
    "decoded_data": {
      "id": 92999,
      "i": 1,
      "q": "720p"
    },
    "stream_url": "https://desustream.info/dstream/desudrive/player.php?id=akxpR0I3Q2JIUVF4K0ZFOHBKVTNNQUo4cFpPZE9LTlpNS2FoOFVaZVJzaVluVmk5V2VmT2dGVSttSUJzenFlUQ==",
    "is_default": false,
    "timestamp": "2025-09-12T09:07:03.592Z"
  },
  {
    "anime_title": "Boruto On-Going",
    "episode_title": "Boruto: Naruto Next Generations Episode 124 Subtitle Indonesia",
    "episode_link": "https://otakudesu.best/episode/btr-nng-episode-124-sub-indo/",
    "episode_date": "31 Mei,2020",
    "server": "hadestream",
    "quality": "720p",
    "data_content": "eyJpZCI6OTI5OTksImkiOjIsInEiOiI3MjBwIn0=",
    "decoded_data": {
      "id": 92999,
      "i": 2,
      "q": "720p"
    },
    "stream_url": "https://files.im/embed-iibi232i0xua.html",
    "is_default": false,
    "timestamp": "2025-09-12T09:07:03.639Z"
  },
  {
    "anime_title": "Boruto On-Going",
    "episode_title": "Boruto: Naruto Next Generations Episode 124 Subtitle Indonesia",
    "episode_link": "https://otakudesu.best/episode/btr-nng-episode-124-sub-indo/",
    "episode_date": "31 Mei,2020",
    "server": "yourupload",
    "quality": "720p",
    "data_content": "eyJpZCI6OTI5OTksImkiOjMsInEiOiI3MjBwIn0=",
    "decoded_data": {
      "id": 92999,
      "i": 3,
      "q": "720p"
    },
    "stream_url": "https://desudrive.com/stream/yuplod.php?id=WvTeAILV7shl",
    "is_default": false,
    "timestamp": "2025-09-12T09:07:03.670Z"
  },
  {
    "anime_title": "Boruto On-Going",
    "episode_title": "Boruto: Naruto Next Generations Episode 124 Subtitle Indonesia",
    "episode_link": "https://otakudesu.best/episode/btr-nng-episode-124-sub-indo/",
    "episode_date": "31 Mei,2020",
    "server": "mega",
    "quality": "720p",
    "data_content": "eyJpZCI6OTI5OTksImkiOjQsInEiOiI3MjBwIn0=",
    "decoded_data": {
      "id": 92999,
      "i": 4,
      "q": "720p"
    },
    "stream_url": "https://mega.nz/embed/KJAVzYyJ#0nZoZLxul4o2NZD8MbSlI_GkXyHz_hwyudVK2SByH00",
    "is_default": false,
    "timestamp": "2025-09-12T09:07:03.739Z"
  }
]