[
  {
    "anime_title": "Centaur no Nayami",
    "episode_title": "Centaur no Nayami Episode 12 (End) Subtitle Indonesia",
    "episode_link": "https://otakudesu.best/episode/ctrnym-episode-12-sub-indo/",
    "episode_date": "27 April,2021",
    "server": "moedesu",
    "quality": "480p",
    "data_content": "eyJpZCI6MTA3NDA0LCJpIjowLCJxIjoiNDgwcCJ9",
    "decoded_data": {
      "id": 107404,
      "i": 0,
      "q": "480p"
    },
    "stream_url": "https://desustream.info/dstream/moedesu/v2/index.php?id=V0dlczUyby9YdW5NcjdGekdEWWFDZz09",
    "is_default": true,
    "timestamp": "2025-09-12T09:18:03.024Z"
  },
  {
    "anime_title": "Centaur no Nayami",
    "episode_title": "Centaur no Nayami Episode 12 (End) Subtitle Indonesia",
    "episode_link": "https://otakudesu.best/episode/ctrnym-episode-12-sub-indo/",
    "episode_date": "27 April,2021",
    "server": "mp4load",
    "quality": "480p",
    "data_content": "eyJpZCI6MTA3NDA0LCJpIjoxLCJxIjoiNDgwcCJ9",
    "decoded_data": {
      "id": 107404,
      "i": 1,
      "q": "480p"
    },
    "stream_url": "https://www.mp4upload.com/embed-9jaknpmxg92s.html",
    "is_default": false,
    "timestamp": "2025-09-12T09:18:03.077Z"
  },
  {
    "anime_title": "Centaur no Nayami",
    "episode_title": "Centaur no Nayami Episode 12 (End) Subtitle Indonesia",
    "episode_link": "https://otakudesu.best/episode/ctrnym-episode-12-sub-indo/",
    "episode_date": "27 April,2021",
    "server": "mega",
    "quality": "480p",
    "data_content": "eyJpZCI6MTA3NDA0LCJpIjoyLCJxIjoiNDgwcCJ9",
    "decoded_data": {
      "id": 107404,
      "i": 2,
      "q": "480p"
    },
    "stream_url": "https://mega.nz/embed/vgpmkIKb#_ZdDbB2MuhsbGXsWC_WHPjYWCMZSvdIyvUN1OE4qK2Q",
    "is_default": false,
    "timestamp": "2025-09-12T09:18:03.112Z"
  },
  {
    "anime_title": "Centaur no Nayami",
    "episode_title": "Centaur no Nayami Episode 12 (End) Subtitle Indonesia",
    "episode_link": "https://otakudesu.best/episode/ctrnym-episode-12-sub-indo/",
    "episode_date": "27 April,2021",
    "server": "moedesuhd",
    "quality": "720p",
    "data_content": "eyJpZCI6MTA3NDA0LCJpIjowLCJxIjoiNzIwcCJ9",
    "decoded_data": {
      "id": 107404,
      "i": 0,
      "q": "720p"
    },
    "stream_url": "https://desustream.info/dstream/moedesu/hd/v2/index.php?id=V0dlczUyby9YdW5NcjdGekdEWWFDZz09",
    "is_default": false,
    "timestamp": "2025-09-12T09:18:03.159Z"
  },
  {
    "anime_title": "Centaur no Nayami",
    "episode_title": "Centaur no Nayami Episode 12 (End) Subtitle Indonesia",
    "episode_link": "https://otakudesu.best/episode/ctrnym-episode-12-sub-indo/",
    "episode_date": "27 April,2021",
    "server": "yourupload",
    "quality": "720p",
    "data_content": "eyJpZCI6MTA3NDA0LCJpIjoxLCJxIjoiNzIwcCJ9",
    "decoded_data": {
      "id": 107404,
      "i": 1,
      "q": "720p"
    },
    "stream_url": "https://desudrive.com/stream/yuplod.php?id=AtJtVhSNyH3r",
    "is_default": false,
    "timestamp": "2025-09-12T09:18:03.195Z"
  },
  {
    "anime_title": "Centaur no Nayami",
    "episode_title": "Centaur no Nayami Episode 12 (End) Subtitle Indonesia",
    "episode_link": "https://otakudesu.best/episode/ctrnym-episode-12-sub-indo/",
    "episode_date": "27 April,2021",
    "server": "mega",
    "quality": "720p",
    "data_content": "eyJpZCI6MTA3NDA0LCJpIjoyLCJxIjoiNzIwcCJ9",
    "decoded_data": {
      "id": 107404,
      "i": 2,
      "q": "720p"
    },
    "stream_url": "https://mega.nz/embed/294izSxR#AqO8XpTJvthiEIxKAAv5cnV896cpLOPsYWNzdXF7NFQ",
    "is_default": false,
    "timestamp": "2025-09-12T09:18:03.249Z"
  },
  {
    "anime_title": "Centaur no Nayami",
    "episode_title": "Centaur no Nayami Episode 12 (End) Subtitle Indonesia",
    "episode_link": "https://otakudesu.best/episode/ctrnym-episode-12-sub-indo/",
    "episode_date": "27 April,2021",
    "server": "moedesu",
    "quality": "480p",
    "data_content": "eyJpZCI6MTA3NDA0LCJpIjowLCJxIjoiNDgwcCJ9",
    "decoded_data": {
      "id": 107404,
      "i": 0,
      "q": "480p"
    },
    "stream_url": "https://desustream.info/dstream/moedesu/v2/index.php?id=V0dlczUyby9YdW5NcjdGekdEWWFDZz09",
    "is_default": true,
    "timestamp": "2025-09-12T09:18:03.024Z"
  },
  {
    "anime_title": "Centaur no Nayami",
    "episode_title": "Centaur no Nayami Episode 12 (End) Subtitle Indonesia",
    "episode_link": "https://otakudesu.best/episode/ctrnym-episode-12-sub-indo/",
    "episode_date": "27 April,2021",
    "server": "mp4load",
    "quality": "480p",
    "data_content": "eyJpZCI6MTA3NDA0LCJpIjoxLCJxIjoiNDgwcCJ9",
    "decoded_data": {
      "id": 107404,
      "i": 1,
      "q": "480p"
    },
    "stream_url": "https://www.mp4upload.com/embed-9jaknpmxg92s.html",
    "is_default": false,
    "timestamp": "2025-09-12T09:18:03.077Z"
  },
  {
    "anime_title": "Centaur no Nayami",
    "episode_title": "Centaur no Nayami Episode 12 (End) Subtitle Indonesia",
    "episode_link": "https://otakudesu.best/episode/ctrnym-episode-12-sub-indo/",
    "episode_date": "27 April,2021",
    "server": "mega",
    "quality": "480p",
    "data_content": "eyJpZCI6MTA3NDA0LCJpIjoyLCJxIjoiNDgwcCJ9",
    "decoded_data": {
      "id": 107404,
      "i": 2,
      "q": "480p"
    },
    "stream_url": "https://mega.nz/embed/vgpmkIKb#_ZdDbB2MuhsbGXsWC_WHPjYWCMZSvdIyvUN1OE4qK2Q",
    "is_default": false,
    "timestamp": "2025-09-12T09:18:03.112Z"
  },
  {
    "anime_title": "Centaur no Nayami",
    "episode_title": "Centaur no Nayami Episode 12 (End) Subtitle Indonesia",
    "episode_link": "https://otakudesu.best/episode/ctrnym-episode-12-sub-indo/",
    "episode_date": "27 April,2021",
    "server": "moedesuhd",
    "quality": "720p",
    "data_content": "eyJpZCI6MTA3NDA0LCJpIjowLCJxIjoiNzIwcCJ9",
    "decoded_data": {
      "id": 107404,
      "i": 0,
      "q": "720p"
    },
    "stream_url": "https://desustream.info/dstream/moedesu/hd/v2/index.php?id=V0dlczUyby9YdW5NcjdGekdEWWFDZz09",
    "is_default": false,
    "timestamp": "2025-09-12T09:18:03.159Z"
  },
  {
    "anime_title": "Centaur no Nayami",
    "episode_title": "Centaur no Nayami Episode 12 (End) Subtitle Indonesia",
    "episode_link": "https://otakudesu.best/episode/ctrnym-episode-12-sub-indo/",
    "episode_date": "27 April,2021",
    "server": "yourupload",
    "quality": "720p",
    "data_content": "eyJpZCI6MTA3NDA0LCJpIjoxLCJxIjoiNzIwcCJ9",
    "decoded_data": {
      "id": 107404,
      "i": 1,
      "q": "720p"
    },
    "stream_url": "https://desudrive.com/stream/yuplod.php?id=AtJtVhSNyH3r",
    "is_default": false,
    "timestamp": "2025-09-12T09:18:03.195Z"
  },
  {
    "anime_title": "Centaur no Nayami",
    "episode_title": "Centaur no Nayami Episode 12 (End) Subtitle Indonesia",
    "episode_link": "https://otakudesu.best/episode/ctrnym-episode-12-sub-indo/",
    "episode_date": "27 April,2021",
    "server": "mega",
    "quality": "720p",
    "data_content": "eyJpZCI6MTA3NDA0LCJpIjoyLCJxIjoiNzIwcCJ9",
    "decoded_data": {
      "id": 107404,
      "i": 2,
      "q": "720p"
    },
    "stream_url": "https://mega.nz/embed/294izSxR#AqO8XpTJvthiEIxKAAv5cnV896cpLOPsYWNzdXF7NFQ",
    "is_default": false,
    "timestamp": "2025-09-12T09:18:03.249Z"
  },
  {
    "anime_title": "Chain Chronicle",
    "episode_title": "Chain Chronicle: Haecceitas no Hikari Episode 1 Subtitle Indonesia",
    "episode_link": "https://otakudesu.best/episode/chacicle-hh-episode-1/",
    "episode_date": "10 November,2018",
    "server": "solidfiles",
    "quality": "360p",
    "data_content": "eyJpZCI6Mjk5NzYsImkiOjAsInEiOiIzNjBwIn0=",
    "decoded_data": {
      "id": 29976,
      "i": 0,
      "q": "360p"
    },
    "stream_url": "https://www.solidfiles.com/e/d8QwWkGQL8xPQ",
    "is_default": false,
    "timestamp": "2025-09-12T09:18:04.196Z"
  },
  {
    "anime_title": "Chain Chronicle",
    "episode_title": "Chain Chronicle: Haecceitas no Hikari Episode 1 Subtitle Indonesia",
    "episode_link": "https://otakudesu.best/episode/chacicle-hh-episode-1/",
    "episode_date": "10 November,2018",
    "server": "moeplay",
    "quality": "480p",
    "data_content": "eyJpZCI6Mjk5NzYsImkiOjAsInEiOiI0ODBwIn0=",
    "decoded_data": {
      "id": 29976,
      "i": 0,
      "q": "480p"
    },
    "stream_url": "https://desustream.info/dstream/moeplay/v2/index.php?id=2019/06/chachronicle-1",
    "is_default": true,
    "timestamp": "2025-09-12T09:18:04.238Z"
  },
  {
    "anime_title": "Chain Chronicle",
    "episode_title": "Chain Chronicle: Haecceitas no Hikari Episode 1 Subtitle Indonesia",
    "episode_link": "https://otakudesu.best/episode/chacicle-hh-episode-1/",
    "episode_date": "10 November,2018",
    "server": "solidfiles",
    "quality": "480p",
    "data_content": "eyJpZCI6Mjk5NzYsImkiOjEsInEiOiI0ODBwIn0=",
    "decoded_data": {
      "id": 29976,
      "i": 1,
      "q": "480p"
    },
    "stream_url": "https://www.solidfiles.com/e/WqyBPGY4PRvW5",
    "is_default": false,
    "timestamp": "2025-09-12T09:18:04.273Z"
  },
  {
    "anime_title": "Chain Chronicle",
    "episode_title": "Chain Chronicle: Haecceitas no Hikari Episode 1 Subtitle Indonesia",
    "episode_link": "https://otakudesu.best/episode/chacicle-hh-episode-1/",
    "episode_date": "10 November,2018",
    "server": "solidfiles",
    "quality": "720p",
    "data_content": "eyJpZCI6Mjk5NzYsImkiOjAsInEiOiI3MjBwIn0=",
    "decoded_data": {
      "id": 29976,
      "i": 0,
      "q": "720p"
    },
    "stream_url": "https://www.solidfiles.com/e/M2rYvD5LdxvGj",
    "is_default": false,
    "timestamp": "2025-09-12T09:18:04.311Z"
  },
  {
    "anime_title": "Chain Chronicle",
    "episode_title": "Chain Chronicle: Haecceitas no Hikari Episode 1 Subtitle Indonesia",
    "episode_link": "https://otakudesu.best/episode/chacicle-hh-episode-1/",
    "episode_date": "10 November,2018",
    "server": "solidfiles",
    "quality": "360p",
    "data_content": "eyJpZCI6Mjk5NzYsImkiOjAsInEiOiIzNjBwIn0=",
    "decoded_data": {
      "id": 29976,
      "i": 0,
      "q": "360p"
    },
    "stream_url": "https://www.solidfiles.com/e/d8QwWkGQL8xPQ",
    "is_default": false,
    "timestamp": "2025-09-12T09:18:04.196Z"
  },
  {
    "anime_title": "Chain Chronicle",
    "episode_title": "Chain Chronicle: Haecceitas no Hikari Episode 1 Subtitle Indonesia",
    "episode_link": "https://otakudesu.best/episode/chacicle-hh-episode-1/",
    "episode_date": "10 November,2018",
    "server": "moeplay",
    "quality": "480p",
    "data_content": "eyJpZCI6Mjk5NzYsImkiOjAsInEiOiI0ODBwIn0=",
    "decoded_data": {
      "id": 29976,
      "i": 0,
      "q": "480p"
    },
    "stream_url": "https://desustream.info/dstream/moeplay/v2/index.php?id=2019/06/chachronicle-1",
    "is_default": true,
    "timestamp": "2025-09-12T09:18:04.238Z"
  },
  {
    "anime_title": "Chain Chronicle",
    "episode_title": "Chain Chronicle: Haecceitas no Hikari Episode 1 Subtitle Indonesia",
    "episode_link": "https://otakudesu.best/episode/chacicle-hh-episode-1/",
    "episode_date": "10 November,2018",
    "server": "solidfiles",
    "quality": "480p",
    "data_content": "eyJpZCI6Mjk5NzYsImkiOjEsInEiOiI0ODBwIn0=",
    "decoded_data": {
      "id": 29976,
      "i": 1,
      "q": "480p"
    },
    "stream_url": "https://www.solidfiles.com/e/WqyBPGY4PRvW5",
    "is_default": false,
    "timestamp": "2025-09-12T09:18:04.273Z"
  },
  {
    "anime_title": "Chain Chronicle",
    "episode_title": "Chain Chronicle: Haecceitas no Hikari Episode 1 Subtitle Indonesia",
    "episode_link": "https://otakudesu.best/episode/chacicle-hh-episode-1/",
    "episode_date": "10 November,2018",
    "server": "solidfiles",
    "quality": "720p",
    "data_content": "eyJpZCI6Mjk5NzYsImkiOjAsInEiOiI3MjBwIn0=",
    "decoded_data": {
      "id": 29976,
      "i": 0,
      "q": "720p"
    },
    "stream_url": "https://www.solidfiles.com/e/M2rYvD5LdxvGj",
    "is_default": false,
    "timestamp": "2025-09-12T09:18:04.311Z"
  },
  {
    "anime_title": "Chain Chronicle",
    "episode_title": "Chain Chronicle: Haecceitas no Hikari Episode 2 Subtitle Indonesia",
    "episode_link": "https://otakudesu.best/episode/chacicle-hh-episode-2/",
    "episode_date": "10 November,2018",
    "server": "solidfiles",
    "quality": "360p",
    "data_content": "eyJpZCI6Mjk5NzcsImkiOjAsInEiOiIzNjBwIn0=",
    "decoded_data": {
      "id": 29977,
      "i": 0,
      "q": "360p"
    },
    "stream_url": "https://www.solidfiles.com/e/WqyBPqkZVy7jd",
    "is_default": false,
    "timestamp": "2025-09-12T09:18:05.007Z"
  },
  {
    "anime_title": "Chain Chronicle",
    "episode_title": "Chain Chronicle: Haecceitas no Hikari Episode 2 Subtitle Indonesia",
    "episode_link": "https://otakudesu.best/episode/chacicle-hh-episode-2/",
    "episode_date": "10 November,2018",
    "server": "moeplay",
    "quality": "480p",
    "data_content": "eyJpZCI6Mjk5NzcsImkiOjAsInEiOiI0ODBwIn0=",
    "decoded_data": {
      "id": 29977,
      "i": 0,
      "q": "480p"
    },
    "stream_url": "https://desustream.info/dstream/moeplay/v2/index.php?id=2019/06/chachronicle-2",
    "is_default": true,
    "timestamp": "2025-09-12T09:18:05.045Z"
  },
  {
    "anime_title": "Chain Chronicle",
    "episode_title": "Chain Chronicle: Haecceitas no Hikari Episode 2 Subtitle Indonesia",
    "episode_link": "https://otakudesu.best/episode/chacicle-hh-episode-2/",
    "episode_date": "10 November,2018",
    "server": "solidfiles",
    "quality": "480p",
    "data_content": "eyJpZCI6Mjk5NzcsImkiOjEsInEiOiI0ODBwIn0=",
    "decoded_data": {
      "id": 29977,
      "i": 1,
      "q": "480p"
    },
    "stream_url": "https://www.solidfiles.com/e/DKYmjeqYgYr5y",
    "is_default": false,
    "timestamp": "2025-09-12T09:18:05.077Z"
  },
  {
    "anime_title": "Chain Chronicle",
    "episode_title": "Chain Chronicle: Haecceitas no Hikari Episode 2 Subtitle Indonesia",
    "episode_link": "https://otakudesu.best/episode/chacicle-hh-episode-2/",
    "episode_date": "10 November,2018",
    "server": "solidfiles",
    "quality": "720p",
    "data_content": "eyJpZCI6Mjk5NzcsImkiOjAsInEiOiI3MjBwIn0=",
    "decoded_data": {
      "id": 29977,
      "i": 0,
      "q": "720p"
    },
    "stream_url": "https://www.solidfiles.com/e/r6envjRK4kWVp",
    "is_default": false,
    "timestamp": "2025-09-12T09:18:05.134Z"
  },
  {
    "anime_title": "Chain Chronicle",
    "episode_title": "Chain Chronicle: Haecceitas no Hikari Episode 2 Subtitle Indonesia",
    "episode_link": "https://otakudesu.best/episode/chacicle-hh-episode-2/",
    "episode_date": "10 November,2018",
    "server": "solidfiles",
    "quality": "360p",
    "data_content": "eyJpZCI6Mjk5NzcsImkiOjAsInEiOiIzNjBwIn0=",
    "decoded_data": {
      "id": 29977,
      "i": 0,
      "q": "360p"
    },
    "stream_url": "https://www.solidfiles.com/e/WqyBPqkZVy7jd",
    "is_default": false,
    "timestamp": "2025-09-12T09:18:05.007Z"
  },
  {
    "anime_title": "Chain Chronicle",
    "episode_title": "Chain Chronicle: Haecceitas no Hikari Episode 2 Subtitle Indonesia",
    "episode_link": "https://otakudesu.best/episode/chacicle-hh-episode-2/",
    "episode_date": "10 November,2018",
    "server": "moeplay",
    "quality": "480p",
    "data_content": "eyJpZCI6Mjk5NzcsImkiOjAsInEiOiI0ODBwIn0=",
    "decoded_data": {
      "id": 29977,
      "i": 0,
      "q": "480p"
    },
    "stream_url": "https://desustream.info/dstream/moeplay/v2/index.php?id=2019/06/chachronicle-2",
    "is_default": true,
    "timestamp": "2025-09-12T09:18:05.045Z"
  },
  {
    "anime_title": "Chain Chronicle",
    "episode_title": "Chain Chronicle: Haecceitas no Hikari Episode 2 Subtitle Indonesia",
    "episode_link": "https://otakudesu.best/episode/chacicle-hh-episode-2/",
    "episode_date": "10 November,2018",
    "server": "solidfiles",
    "quality": "480p",
    "data_content": "eyJpZCI6Mjk5NzcsImkiOjEsInEiOiI0ODBwIn0=",
    "decoded_data": {
      "id": 29977,
      "i": 1,
      "q": "480p"
    },
    "stream_url": "https://www.solidfiles.com/e/DKYmjeqYgYr5y",
    "is_default": false,
    "timestamp": "2025-09-12T09:18:05.077Z"
  },
  {
    "anime_title": "Chain Chronicle",
    "episode_title": "Chain Chronicle: Haecceitas no Hikari Episode 2 Subtitle Indonesia",
    "episode_link": "https://otakudesu.best/episode/chacicle-hh-episode-2/",
    "episode_date": "10 November,2018",
    "server": "solidfiles",
    "quality": "720p",
    "data_content": "eyJpZCI6Mjk5NzcsImkiOjAsInEiOiI3MjBwIn0=",
    "decoded_data": {
      "id": 29977,
      "i": 0,
      "q": "720p"
    },
    "stream_url": "https://www.solidfiles.com/e/r6envjRK4kWVp",
    "is_default": false,
    "timestamp": "2025-09-12T09:18:05.134Z"
  },
  {
    "anime_title": "Chain Chronicle",
    "episode_title": "Chain Chronicle: Haecceitas no Hikari Episode 3 Subtitle Indonesia",
    "episode_link": "https://otakudesu.best/episode/chacicle-hh-episode-3/",
    "episode_date": "10 November,2018",
    "server": "solidfiles",
    "quality": "360p",
    "data_content": "eyJpZCI6Mjk5NzgsImkiOjAsInEiOiIzNjBwIn0=",
    "decoded_data": {
      "id": 29978,
      "i": 0,
      "q": "360p"
    },
    "stream_url": "https://www.solidfiles.com/e/XByRZ8eKQXqrV",
    "is_default": false,
    "timestamp": "2025-09-12T09:18:05.818Z"
  },
  {
    "anime_title": "Chain Chronicle",
    "episode_title": "Chain Chronicle: Haecceitas no Hikari Episode 3 Subtitle Indonesia",
    "episode_link": "https://otakudesu.best/episode/chacicle-hh-episode-3/",
    "episode_date": "10 November,2018",
    "server": "moeplay",
    "quality": "480p",
    "data_content": "eyJpZCI6Mjk5NzgsImkiOjAsInEiOiI0ODBwIn0=",
    "decoded_data": {
      "id": 29978,
      "i": 0,
      "q": "480p"
    },
    "stream_url": "https://desustream.info/dstream/moeplay/v2/index.php?id=2019/06/chachronicle-3",
    "is_default": true,
    "timestamp": "2025-09-12T09:18:05.855Z"
  },
  {
    "anime_title": "Chain Chronicle",
    "episode_title": "Chain Chronicle: Haecceitas no Hikari Episode 3 Subtitle Indonesia",
    "episode_link": "https://otakudesu.best/episode/chacicle-hh-episode-3/",
    "episode_date": "10 November,2018",
    "server": "solidfiles",
    "quality": "480p",
    "data_content": "eyJpZCI6Mjk5NzgsImkiOjEsInEiOiI0ODBwIn0=",
    "decoded_data": {
      "id": 29978,
      "i": 1,
      "q": "480p"
    },
    "stream_url": "https://www.solidfiles.com/e/PA5dBkngRPW84",
    "is_default": false,
    "timestamp": "2025-09-12T09:18:05.889Z"
  },
  {
    "anime_title": "Chain Chronicle",
    "episode_title": "Chain Chronicle: Haecceitas no Hikari Episode 3 Subtitle Indonesia",
    "episode_link": "https://otakudesu.best/episode/chacicle-hh-episode-3/",
    "episode_date": "10 November,2018",
    "server": "solidfiles",
    "quality": "720p",
    "data_content": "eyJpZCI6Mjk5NzgsImkiOjAsInEiOiI3MjBwIn0=",
    "decoded_data": {
      "id": 29978,
      "i": 0,
      "q": "720p"
    },
    "stream_url": "https://www.solidfiles.com/e/Y8Aw74wAZdzxx",
    "is_default": false,
    "timestamp": "2025-09-12T09:18:05.925Z"
  },
  {
    "anime_title": "Chain Chronicle",
    "episode_title": "Chain Chronicle: Haecceitas no Hikari Episode 3 Subtitle Indonesia",
    "episode_link": "https://otakudesu.best/episode/chacicle-hh-episode-3/",
    "episode_date": "10 November,2018",
    "server": "solidfiles",
    "quality": "360p",
    "data_content": "eyJpZCI6Mjk5NzgsImkiOjAsInEiOiIzNjBwIn0=",
    "decoded_data": {
      "id": 29978,
      "i": 0,
      "q": "360p"
    },
    "stream_url": "https://www.solidfiles.com/e/XByRZ8eKQXqrV",
    "is_default": false,
    "timestamp": "2025-09-12T09:18:05.818Z"
  },
  {
    "anime_title": "Chain Chronicle",
    "episode_title": "Chain Chronicle: Haecceitas no Hikari Episode 3 Subtitle Indonesia",
    "episode_link": "https://otakudesu.best/episode/chacicle-hh-episode-3/",
    "episode_date": "10 November,2018",
    "server": "moeplay",
    "quality": "480p",
    "data_content": "eyJpZCI6Mjk5NzgsImkiOjAsInEiOiI0ODBwIn0=",
    "decoded_data": {
      "id": 29978,
      "i": 0,
      "q": "480p"
    },
    "stream_url": "https://desustream.info/dstream/moeplay/v2/index.php?id=2019/06/chachronicle-3",
    "is_default": true,
    "timestamp": "2025-09-12T09:18:05.855Z"
  },
  {
    "anime_title": "Chain Chronicle",
    "episode_title": "Chain Chronicle: Haecceitas no Hikari Episode 3 Subtitle Indonesia",
    "episode_link": "https://otakudesu.best/episode/chacicle-hh-episode-3/",
    "episode_date": "10 November,2018",
    "server": "solidfiles",
    "quality": "480p",
    "data_content": "eyJpZCI6Mjk5NzgsImkiOjEsInEiOiI0ODBwIn0=",
    "decoded_data": {
      "id": 29978,
      "i": 1,
      "q": "480p"
    },
    "stream_url": "https://www.solidfiles.com/e/PA5dBkngRPW84",
    "is_default": false,
    "timestamp": "2025-09-12T09:18:05.889Z"
  },
  {
    "anime_title": "Chain Chronicle",
    "episode_title": "Chain Chronicle: Haecceitas no Hikari Episode 3 Subtitle Indonesia",
    "episode_link": "https://otakudesu.best/episode/chacicle-hh-episode-3/",
    "episode_date": "10 November,2018",
    "server": "solidfiles",
    "quality": "720p",
    "data_content": "eyJpZCI6Mjk5NzgsImkiOjAsInEiOiI3MjBwIn0=",
    "decoded_data": {
      "id": 29978,
      "i": 0,
      "q": "720p"
    },
    "stream_url": "https://www.solidfiles.com/e/Y8Aw74wAZdzxx",
    "is_default": false,
    "timestamp": "2025-09-12T09:18:05.925Z"
  },
  {
    "anime_title": "Chain Chronicle",
    "episode_title": "Chain Chronicle: Haecceitas no Hikari Episode 4 Subtitle Indonesia",
    "episode_link": "https://otakudesu.best/episode/chacicle-hh-episode-4/",
    "episode_date": "10 November,2018",
    "server": "solidfiles",
    "quality": "360p",
    "data_content": "eyJpZCI6Mjk5NzksImkiOjAsInEiOiIzNjBwIn0=",
    "decoded_data": {
      "id": 29979,
      "i": 0,
      "q": "360p"
    },
    "stream_url": "https://www.solidfiles.com/e/mXjN5DMRn3Q7g",
    "is_default": false,
    "timestamp": "2025-09-12T09:18:06.593Z"
  },
  {
    "anime_title": "Chain Chronicle",
    "episode_title": "Chain Chronicle: Haecceitas no Hikari Episode 4 Subtitle Indonesia",
    "episode_link": "https://otakudesu.best/episode/chacicle-hh-episode-4/",
    "episode_date": "10 November,2018",
    "server": "moeplay",
    "quality": "480p",
    "data_content": "eyJpZCI6Mjk5NzksImkiOjAsInEiOiI0ODBwIn0=",
    "decoded_data": {
      "id": 29979,
      "i": 0,
      "q": "480p"
    },
    "stream_url": "https://desustream.info/dstream/moeplay/v2/index.php?id=2019/06/chachronicle-4",
    "is_default": true,
    "timestamp": "2025-09-12T09:18:06.628Z"
  },
  {
    "anime_title": "Chain Chronicle",
    "episode_title": "Chain Chronicle: Haecceitas no Hikari Episode 4 Subtitle Indonesia",
    "episode_link": "https://otakudesu.best/episode/chacicle-hh-episode-4/",
    "episode_date": "10 November,2018",
    "server": "solidfiles",
    "quality": "480p",
    "data_content": "eyJpZCI6Mjk5NzksImkiOjEsInEiOiI0ODBwIn0=",
    "decoded_data": {
      "id": 29979,
      "i": 1,
      "q": "480p"
    },
    "stream_url": "https://www.solidfiles.com/e/e8MwV74j3qxNy",
    "is_default": false,
    "timestamp": "2025-09-12T09:18:06.666Z"
  },
  {
    "anime_title": "Chain Chronicle",
    "episode_title": "Chain Chronicle: Haecceitas no Hikari Episode 4 Subtitle Indonesia",
    "episode_link": "https://otakudesu.best/episode/chacicle-hh-episode-4/",
    "episode_date": "10 November,2018",
    "server": "solidfiles",
    "quality": "720p",
    "data_content": "eyJpZCI6Mjk5NzksImkiOjAsInEiOiI3MjBwIn0=",
    "decoded_data": {
      "id": 29979,
      "i": 0,
      "q": "720p"
    },
    "stream_url": "https://www.solidfiles.com/e/L5qDap4Gnanp2",
    "is_default": false,
    "timestamp": "2025-09-12T09:18:06.702Z"
  },
  {
    "anime_title": "Chain Chronicle",
    "episode_title": "Chain Chronicle: Haecceitas no Hikari Episode 4 Subtitle Indonesia",
    "episode_link": "https://otakudesu.best/episode/chacicle-hh-episode-4/",
    "episode_date": "10 November,2018",
    "server": "solidfiles",
    "quality": "360p",
    "data_content": "eyJpZCI6Mjk5NzksImkiOjAsInEiOiIzNjBwIn0=",
    "decoded_data": {
      "id": 29979,
      "i": 0,
      "q": "360p"
    },
    "stream_url": "https://www.solidfiles.com/e/mXjN5DMRn3Q7g",
    "is_default": false,
    "timestamp": "2025-09-12T09:18:06.593Z"
  },
  {
    "anime_title": "Chain Chronicle",
    "episode_title": "Chain Chronicle: Haecceitas no Hikari Episode 4 Subtitle Indonesia",
    "episode_link": "https://otakudesu.best/episode/chacicle-hh-episode-4/",
    "episode_date": "10 November,2018",
    "server": "moeplay",
    "quality": "480p",
    "data_content": "eyJpZCI6Mjk5NzksImkiOjAsInEiOiI0ODBwIn0=",
    "decoded_data": {
      "id": 29979,
      "i": 0,
      "q": "480p"
    },
    "stream_url": "https://desustream.info/dstream/moeplay/v2/index.php?id=2019/06/chachronicle-4",
    "is_default": true,
    "timestamp": "2025-09-12T09:18:06.628Z"
  },
  {
    "anime_title": "Chain Chronicle",
    "episode_title": "Chain Chronicle: Haecceitas no Hikari Episode 4 Subtitle Indonesia",
    "episode_link": "https://otakudesu.best/episode/chacicle-hh-episode-4/",
    "episode_date": "10 November,2018",
    "server": "solidfiles",
    "quality": "480p",
    "data_content": "eyJpZCI6Mjk5NzksImkiOjEsInEiOiI0ODBwIn0=",
    "decoded_data": {
      "id": 29979,
      "i": 1,
      "q": "480p"
    },
    "stream_url": "https://www.solidfiles.com/e/e8MwV74j3qxNy",
    "is_default": false,
    "timestamp": "2025-09-12T09:18:06.666Z"
  },
  {
    "anime_title": "Chain Chronicle",
    "episode_title": "Chain Chronicle: Haecceitas no Hikari Episode 4 Subtitle Indonesia",
    "episode_link": "https://otakudesu.best/episode/chacicle-hh-episode-4/",
    "episode_date": "10 November,2018",
    "server": "solidfiles",
    "quality": "720p",
    "data_content": "eyJpZCI6Mjk5NzksImkiOjAsInEiOiI3MjBwIn0=",
    "decoded_data": {
      "id": 29979,
      "i": 0,
      "q": "720p"
    },
    "stream_url": "https://www.solidfiles.com/e/L5qDap4Gnanp2",
    "is_default": false,
    "timestamp": "2025-09-12T09:18:06.702Z"
  },
  {
    "anime_title": "Chain Chronicle",
    "episode_title": "Chain Chronicle: Haecceitas no Hikari Episode 5 Subtitle Indonesia",
    "episode_link": "https://otakudesu.best/episode/chacicle-hh-episode-5/",
    "episode_date": "10 November,2018",
    "server": "solidfiles",
    "quality": "360p",
    "data_content": "eyJpZCI6Mjk5ODcsImkiOjAsInEiOiIzNjBwIn0=",
    "decoded_data": {
      "id": 29987,
      "i": 0,
      "q": "360p"
    },
    "stream_url": "https://www.solidfiles.com/e/d8QwWN7yXPZV4",
    "is_default": false,
    "timestamp": "2025-09-12T09:18:07.363Z"
  },
  {
    "anime_title": "Chain Chronicle",
    "episode_title": "Chain Chronicle: Haecceitas no Hikari Episode 5 Subtitle Indonesia",
    "episode_link": "https://otakudesu.best/episode/chacicle-hh-episode-5/",
    "episode_date": "10 November,2018",
    "server": "moeplay",
    "quality": "480p",
    "data_content": "eyJpZCI6Mjk5ODcsImkiOjAsInEiOiI0ODBwIn0=",
    "decoded_data": {
      "id": 29987,
      "i": 0,
      "q": "480p"
    },
    "stream_url": "https://desustream.info/dstream/moeplay/v2/index.php?id=2019/06/chachronicle-5",
    "is_default": true,
    "timestamp": "2025-09-12T09:18:07.393Z"
  },
  {
    "anime_title": "Chain Chronicle",
    "episode_title": "Chain Chronicle: Haecceitas no Hikari Episode 5 Subtitle Indonesia",
    "episode_link": "https://otakudesu.best/episode/chacicle-hh-episode-5/",
    "episode_date": "10 November,2018",
    "server": "solidfiles",
    "quality": "480p",
    "data_content": "eyJpZCI6Mjk5ODcsImkiOjEsInEiOiI0ODBwIn0=",
    "decoded_data": {
      "id": 29987,
      "i": 1,
      "q": "480p"
    },
    "stream_url": "https://www.solidfiles.com/e/vD83RBdZQrpAg",
    "is_default": false,
    "timestamp": "2025-09-12T09:18:07.446Z"
  },
  {
    "anime_title": "Chain Chronicle",
    "episode_title": "Chain Chronicle: Haecceitas no Hikari Episode 5 Subtitle Indonesia",
    "episode_link": "https://otakudesu.best/episode/chacicle-hh-episode-5/",
    "episode_date": "10 November,2018",
    "server": "solidfiles",
    "quality": "720p",
    "data_content": "eyJpZCI6Mjk5ODcsImkiOjAsInEiOiI3MjBwIn0=",
    "decoded_data": {
      "id": 29987,
      "i": 0,
      "q": "720p"
    },
    "stream_url": "https://www.solidfiles.com/e/QdgGRjpKGKNwB",
    "is_default": false,
    "timestamp": "2025-09-12T09:18:07.475Z"
  },
  {
    "anime_title": "Chain Chronicle",
    "episode_title": "Chain Chronicle: Haecceitas no Hikari Episode 5 Subtitle Indonesia",
    "episode_link": "https://otakudesu.best/episode/chacicle-hh-episode-5/",
    "episode_date": "10 November,2018",
    "server": "solidfiles",
    "quality": "360p",
    "data_content": "eyJpZCI6Mjk5ODcsImkiOjAsInEiOiIzNjBwIn0=",
    "decoded_data": {
      "id": 29987,
      "i": 0,
      "q": "360p"
    },
    "stream_url": "https://www.solidfiles.com/e/d8QwWN7yXPZV4",
    "is_default": false,
    "timestamp": "2025-09-12T09:18:07.363Z"
  },
  {
    "anime_title": "Chain Chronicle",
    "episode_title": "Chain Chronicle: Haecceitas no Hikari Episode 5 Subtitle Indonesia",
    "episode_link": "https://otakudesu.best/episode/chacicle-hh-episode-5/",
    "episode_date": "10 November,2018",
    "server": "moeplay",
    "quality": "480p",
    "data_content": "eyJpZCI6Mjk5ODcsImkiOjAsInEiOiI0ODBwIn0=",
    "decoded_data": {
      "id": 29987,
      "i": 0,
      "q": "480p"
    },
    "stream_url": "https://desustream.info/dstream/moeplay/v2/index.php?id=2019/06/chachronicle-5",
    "is_default": true,
    "timestamp": "2025-09-12T09:18:07.393Z"
  },
  {
    "anime_title": "Chain Chronicle",
    "episode_title": "Chain Chronicle: Haecceitas no Hikari Episode 5 Subtitle Indonesia",
    "episode_link": "https://otakudesu.best/episode/chacicle-hh-episode-5/",
    "episode_date": "10 November,2018",
    "server": "solidfiles",
    "quality": "480p",
    "data_content": "eyJpZCI6Mjk5ODcsImkiOjEsInEiOiI0ODBwIn0=",
    "decoded_data": {
      "id": 29987,
      "i": 1,
      "q": "480p"
    },
    "stream_url": "https://www.solidfiles.com/e/vD83RBdZQrpAg",
    "is_default": false,
    "timestamp": "2025-09-12T09:18:07.446Z"
  },
  {
    "anime_title": "Chain Chronicle",
    "episode_title": "Chain Chronicle: Haecceitas no Hikari Episode 5 Subtitle Indonesia",
    "episode_link": "https://otakudesu.best/episode/chacicle-hh-episode-5/",
    "episode_date": "10 November,2018",
    "server": "solidfiles",
    "quality": "720p",
    "data_content": "eyJpZCI6Mjk5ODcsImkiOjAsInEiOiI3MjBwIn0=",
    "decoded_data": {
      "id": 29987,
      "i": 0,
      "q": "720p"
    },
    "stream_url": "https://www.solidfiles.com/e/QdgGRjpKGKNwB",
    "is_default": false,
    "timestamp": "2025-09-12T09:18:07.475Z"
  },
  {
    "anime_title": "Chain Chronicle",
    "episode_title": "Chain Chronicle: Haecceitas no Hikari Episode 6 Subtitle Indonesia",
    "episode_link": "https://otakudesu.best/episode/chacicle-hh-episode-6/",
    "episode_date": "10 November,2018",
    "server": "solidfiles",
    "quality": "360p",
    "data_content": "eyJpZCI6Mjk5ODAsImkiOjAsInEiOiIzNjBwIn0=",
    "decoded_data": {
      "id": 29980,
      "i": 0,
      "q": "360p"
    },
    "stream_url": "https://www.solidfiles.com/e/vD83RN7jYzmwy",
    "is_default": false,
    "timestamp": "2025-09-12T09:18:08.133Z"
  },
  {
    "anime_title": "Chain Chronicle",
    "episode_title": "Chain Chronicle: Haecceitas no Hikari Episode 6 Subtitle Indonesia",
    "episode_link": "https://otakudesu.best/episode/chacicle-hh-episode-6/",
    "episode_date": "10 November,2018",
    "server": "moeplay",
    "quality": "480p",
    "data_content": "eyJpZCI6Mjk5ODAsImkiOjAsInEiOiI0ODBwIn0=",
    "decoded_data": {
      "id": 29980,
      "i": 0,
      "q": "480p"
    },
    "stream_url": "https://desustream.info/dstream/moeplay/v2/index.php?id=2019/06/chachronicle-6",
    "is_default": true,
    "timestamp": "2025-09-12T09:18:08.168Z"
  },
  {
    "anime_title": "Chain Chronicle",
    "episode_title": "Chain Chronicle: Haecceitas no Hikari Episode 6 Subtitle Indonesia",
    "episode_link": "https://otakudesu.best/episode/chacicle-hh-episode-6/",
    "episode_date": "10 November,2018",
    "server": "solidfiles",
    "quality": "480p",
    "data_content": "eyJpZCI6Mjk5ODAsImkiOjEsInEiOiI0ODBwIn0=",
    "decoded_data": {
      "id": 29980,
      "i": 1,
      "q": "480p"
    },
    "stream_url": "https://www.solidfiles.com/e/aZxwkPgpwPng3",
    "is_default": false,
    "timestamp": "2025-09-12T09:18:08.207Z"
  },
  {
    "anime_title": "Chain Chronicle",
    "episode_title": "Chain Chronicle: Haecceitas no Hikari Episode 6 Subtitle Indonesia",
    "episode_link": "https://otakudesu.best/episode/chacicle-hh-episode-6/",
    "episode_date": "10 November,2018",
    "server": "solidfiles",
    "quality": "720p",
    "data_content": "eyJpZCI6Mjk5ODAsImkiOjAsInEiOiI3MjBwIn0=",
    "decoded_data": {
      "id": 29980,
      "i": 0,
      "q": "720p"
    },
    "stream_url": "https://www.solidfiles.com/e/8p2mw5XvjQNgX",
    "is_default": false,
    "timestamp": "2025-09-12T09:18:08.240Z"
  },
  {
    "anime_title": "Chain Chronicle",
    "episode_title": "Chain Chronicle: Haecceitas no Hikari Episode 6 Subtitle Indonesia",
    "episode_link": "https://otakudesu.best/episode/chacicle-hh-episode-6/",
    "episode_date": "10 November,2018",
    "server": "solidfiles",
    "quality": "360p",
    "data_content": "eyJpZCI6Mjk5ODAsImkiOjAsInEiOiIzNjBwIn0=",
    "decoded_data": {
      "id": 29980,
      "i": 0,
      "q": "360p"
    },
    "stream_url": "https://www.solidfiles.com/e/vD83RN7jYzmwy",
    "is_default": false,
    "timestamp": "2025-09-12T09:18:08.133Z"
  },
  {
    "anime_title": "Chain Chronicle",
    "episode_title": "Chain Chronicle: Haecceitas no Hikari Episode 6 Subtitle Indonesia",
    "episode_link": "https://otakudesu.best/episode/chacicle-hh-episode-6/",
    "episode_date": "10 November,2018",
    "server": "moeplay",
    "quality": "480p",
    "data_content": "eyJpZCI6Mjk5ODAsImkiOjAsInEiOiI0ODBwIn0=",
    "decoded_data": {
      "id": 29980,
      "i": 0,
      "q": "480p"
    },
    "stream_url": "https://desustream.info/dstream/moeplay/v2/index.php?id=2019/06/chachronicle-6",
    "is_default": true,
    "timestamp": "2025-09-12T09:18:08.168Z"
  },
  {
    "anime_title": "Chain Chronicle",
    "episode_title": "Chain Chronicle: Haecceitas no Hikari Episode 6 Subtitle Indonesia",
    "episode_link": "https://otakudesu.best/episode/chacicle-hh-episode-6/",
    "episode_date": "10 November,2018",
    "server": "solidfiles",
    "quality": "480p",
    "data_content": "eyJpZCI6Mjk5ODAsImkiOjEsInEiOiI0ODBwIn0=",
    "decoded_data": {
      "id": 29980,
      "i": 1,
      "q": "480p"
    },
    "stream_url": "https://www.solidfiles.com/e/aZxwkPgpwPng3",
    "is_default": false,
    "timestamp": "2025-09-12T09:18:08.207Z"
  },
  {
    "anime_title": "Chain Chronicle",
    "episode_title": "Chain Chronicle: Haecceitas no Hikari Episode 6 Subtitle Indonesia",
    "episode_link": "https://otakudesu.best/episode/chacicle-hh-episode-6/",
    "episode_date": "10 November,2018",
    "server": "solidfiles",
    "quality": "720p",
    "data_content": "eyJpZCI6Mjk5ODAsImkiOjAsInEiOiI3MjBwIn0=",
    "decoded_data": {
      "id": 29980,
      "i": 0,
      "q": "720p"
    },
    "stream_url": "https://www.solidfiles.com/e/8p2mw5XvjQNgX",
    "is_default": false,
    "timestamp": "2025-09-12T09:18:08.240Z"
  },
  {
    "anime_title": "Chain Chronicle",
    "episode_title": "Chain Chronicle: Haecceitas no Hikari Episode 7 Subtitle Indonesia",
    "episode_link": "https://otakudesu.best/episode/chacicle-hh-episode-7/",
    "episode_date": "10 November,2018",
    "server": "solidfiles",
    "quality": "360p",
    "data_content": "eyJpZCI6Mjk5ODEsImkiOjAsInEiOiIzNjBwIn0=",
    "decoded_data": {
      "id": 29981,
      "i": 0,
      "q": "360p"
    },
    "stream_url": "https://www.solidfiles.com/e/WqyBPQDRPj7YM",
    "is_default": false,
    "timestamp": "2025-09-12T09:18:08.920Z"
  },
  {
    "anime_title": "Chain Chronicle",
    "episode_title": "Chain Chronicle: Haecceitas no Hikari Episode 7 Subtitle Indonesia",
    "episode_link": "https://otakudesu.best/episode/chacicle-hh-episode-7/",
    "episode_date": "10 November,2018",
    "server": "moeplay",
    "quality": "480p",
    "data_content": "eyJpZCI6Mjk5ODEsImkiOjAsInEiOiI0ODBwIn0=",
    "decoded_data": {
      "id": 29981,
      "i": 0,
      "q": "480p"
    },
    "stream_url": "https://desustream.info/dstream/moeplay/v2/index.php?id=2019/06/chachronicle-7",
    "is_default": true,
    "timestamp": "2025-09-12T09:18:08.955Z"
  },
  {
    "anime_title": "Chain Chronicle",
    "episode_title": "Chain Chronicle: Haecceitas no Hikari Episode 7 Subtitle Indonesia",
    "episode_link": "https://otakudesu.best/episode/chacicle-hh-episode-7/",
    "episode_date": "10 November,2018",
    "server": "solidfiles",
    "quality": "480p",
    "data_content": "eyJpZCI6Mjk5ODEsImkiOjEsInEiOiI0ODBwIn0=",
    "decoded_data": {
      "id": 29981,
      "i": 1,
      "q": "480p"
    },
    "stream_url": "https://www.solidfiles.com/e/Kprj2NGNenwYZ",
    "is_default": false,
    "timestamp": "2025-09-12T09:18:08.986Z"
  },
  {
    "anime_title": "Chain Chronicle",
    "episode_title": "Chain Chronicle: Haecceitas no Hikari Episode 7 Subtitle Indonesia",
    "episode_link": "https://otakudesu.best/episode/chacicle-hh-episode-7/",
    "episode_date": "10 November,2018",
    "server": "solidfiles",
    "quality": "720p",
    "data_content": "eyJpZCI6Mjk5ODEsImkiOjAsInEiOiI3MjBwIn0=",
    "decoded_data": {
      "id": 29981,
      "i": 0,
      "q": "720p"
    },
    "stream_url": "https://www.solidfiles.com/e/7pywQgMx3BPaQ",
    "is_default": false,
    "timestamp": "2025-09-12T09:18:09.033Z"
  },
  {
    "anime_title": "Chain Chronicle",
    "episode_title": "Chain Chronicle: Haecceitas no Hikari Episode 7 Subtitle Indonesia",
    "episode_link": "https://otakudesu.best/episode/chacicle-hh-episode-7/",
    "episode_date": "10 November,2018",
    "server": "solidfiles",
    "quality": "360p",
    "data_content": "eyJpZCI6Mjk5ODEsImkiOjAsInEiOiIzNjBwIn0=",
    "decoded_data": {
      "id": 29981,
      "i": 0,
      "q": "360p"
    },
    "stream_url": "https://www.solidfiles.com/e/WqyBPQDRPj7YM",
    "is_default": false,
    "timestamp": "2025-09-12T09:18:08.920Z"
  },
  {
    "anime_title": "Chain Chronicle",
    "episode_title": "Chain Chronicle: Haecceitas no Hikari Episode 7 Subtitle Indonesia",
    "episode_link": "https://otakudesu.best/episode/chacicle-hh-episode-7/",
    "episode_date": "10 November,2018",
    "server": "moeplay",
    "quality": "480p",
    "data_content": "eyJpZCI6Mjk5ODEsImkiOjAsInEiOiI0ODBwIn0=",
    "decoded_data": {
      "id": 29981,
      "i": 0,
      "q": "480p"
    },
    "stream_url": "https://desustream.info/dstream/moeplay/v2/index.php?id=2019/06/chachronicle-7",
    "is_default": true,
    "timestamp": "2025-09-12T09:18:08.955Z"
  },
  {
    "anime_title": "Chain Chronicle",
    "episode_title": "Chain Chronicle: Haecceitas no Hikari Episode 7 Subtitle Indonesia",
    "episode_link": "https://otakudesu.best/episode/chacicle-hh-episode-7/",
    "episode_date": "10 November,2018",
    "server": "solidfiles",
    "quality": "480p",
    "data_content": "eyJpZCI6Mjk5ODEsImkiOjEsInEiOiI0ODBwIn0=",
    "decoded_data": {
      "id": 29981,
      "i": 1,
      "q": "480p"
    },
    "stream_url": "https://www.solidfiles.com/e/Kprj2NGNenwYZ",
    "is_default": false,
    "timestamp": "2025-09-12T09:18:08.986Z"
  },
  {
    "anime_title": "Chain Chronicle",
    "episode_title": "Chain Chronicle: Haecceitas no Hikari Episode 7 Subtitle Indonesia",
    "episode_link": "https://otakudesu.best/episode/chacicle-hh-episode-7/",
    "episode_date": "10 November,2018",
    "server": "solidfiles",
    "quality": "720p",
    "data_content": "eyJpZCI6Mjk5ODEsImkiOjAsInEiOiI3MjBwIn0=",
    "decoded_data": {
      "id": 29981,
      "i": 0,
      "q": "720p"
    },
    "stream_url": "https://www.solidfiles.com/e/7pywQgMx3BPaQ",
    "is_default": false,
    "timestamp": "2025-09-12T09:18:09.033Z"
  },
  {
    "anime_title": "Chain Chronicle",
    "episode_title": "Chain Chronicle: Haecceitas no Hikari Episode 8 Subtitle Indonesia",
    "episode_link": "https://otakudesu.best/episode/chacicle-hh-episode-8/",
    "episode_date": "10 November,2018",
    "server": "moeplay",
    "quality": "480p",
    "data_content": "eyJpZCI6Mjk5ODIsImkiOjAsInEiOiI0ODBwIn0=",
    "decoded_data": {
      "id": 29982,
      "i": 0,
      "q": "480p"
    },
    "stream_url": "https://desustream.info/dstream/moeplay/v2/index.php?id=2019/06/chachronicle-8",
    "is_default": true,
    "timestamp": "2025-09-12T09:18:09.726Z"
  },
  {
    "anime_title": "Chain Chronicle",
    "episode_title": "Chain Chronicle: Haecceitas no Hikari Episode 8 Subtitle Indonesia",
    "episode_link": "https://otakudesu.best/episode/chacicle-hh-episode-8/",
    "episode_date": "10 November,2018",
    "server": "solidfiles",
    "quality": "720p",
    "data_content": "eyJpZCI6Mjk5ODIsImkiOjAsInEiOiI3MjBwIn0=",
    "decoded_data": {
      "id": 29982,
      "i": 0,
      "q": "720p"
    },
    "stream_url": "https://www.solidfiles.com/e/wRdKAvjqBvzZZ",
    "is_default": false,
    "timestamp": "2025-09-12T09:18:09.830Z"
  },
  {
    "anime_title": "Chain Chronicle",
    "episode_title": "Chain Chronicle: Haecceitas no Hikari Episode 8 Subtitle Indonesia",
    "episode_link": "https://otakudesu.best/episode/chacicle-hh-episode-8/",
    "episode_date": "10 November,2018",
    "server": "solidfiles",
    "quality": "480p",
    "data_content": "eyJpZCI6Mjk5ODIsImkiOjEsInEiOiI0ODBwIn0=",
    "decoded_data": {
      "id": 29982,
      "i": 1,
      "q": "480p"
    },
    "stream_url": "https://www.solidfiles.com/e/pWV62gwaxPYWX",
    "is_default": false,
    "timestamp": "2025-09-12T09:18:09.910Z"
  },
  {
    "anime_title": "Chain Chronicle",
    "episode_title": "Chain Chronicle: Haecceitas no Hikari Episode 8 Subtitle Indonesia",
    "episode_link": "https://otakudesu.best/episode/chacicle-hh-episode-8/",
    "episode_date": "10 November,2018",
    "server": "solidfiles",
    "quality": "360p",
    "data_content": "eyJpZCI6Mjk5ODIsImkiOjAsInEiOiIzNjBwIn0=",
    "decoded_data": {
      "id": 29982,
      "i": 0,
      "q": "360p"
    },
    "stream_url": "https://www.solidfiles.com/e/ZQBwKxqkAnaMD",
    "is_default": false,
    "timestamp": "2025-09-12T09:18:10.044Z"
  },
  {
    "anime_title": "Chain Chronicle",
    "episode_title": "Chain Chronicle: Haecceitas no Hikari Episode 8 Subtitle Indonesia",
    "episode_link": "https://otakudesu.best/episode/chacicle-hh-episode-8/",
    "episode_date": "10 November,2018",
    "server": "solidfiles",
    "quality": "360p",
    "data_content": "eyJpZCI6Mjk5ODIsImkiOjAsInEiOiIzNjBwIn0=",
    "decoded_data": {
      "id": 29982,
      "i": 0,
      "q": "360p"
    },
    "stream_url": "https://www.solidfiles.com/e/ZQBwKxqkAnaMD",
    "is_default": false,
    "timestamp": "2025-09-12T09:18:10.044Z"
  },
  {
    "anime_title": "Chain Chronicle",
    "episode_title": "Chain Chronicle: Haecceitas no Hikari Episode 8 Subtitle Indonesia",
    "episode_link": "https://otakudesu.best/episode/chacicle-hh-episode-8/",
    "episode_date": "10 November,2018",
    "server": "moeplay",
    "quality": "480p",
    "data_content": "eyJpZCI6Mjk5ODIsImkiOjAsInEiOiI0ODBwIn0=",
    "decoded_data": {
      "id": 29982,
      "i": 0,
      "q": "480p"
    },
    "stream_url": "https://desustream.info/dstream/moeplay/v2/index.php?id=2019/06/chachronicle-8",
    "is_default": true,
    "timestamp": "2025-09-12T09:18:09.726Z"
  },
  {
    "anime_title": "Chain Chronicle",
    "episode_title": "Chain Chronicle: Haecceitas no Hikari Episode 8 Subtitle Indonesia",
    "episode_link": "https://otakudesu.best/episode/chacicle-hh-episode-8/",
    "episode_date": "10 November,2018",
    "server": "solidfiles",
    "quality": "480p",
    "data_content": "eyJpZCI6Mjk5ODIsImkiOjEsInEiOiI0ODBwIn0=",
    "decoded_data": {
      "id": 29982,
      "i": 1,
      "q": "480p"
    },
    "stream_url": "https://www.solidfiles.com/e/pWV62gwaxPYWX",
    "is_default": false,
    "timestamp": "2025-09-12T09:18:09.910Z"
  },
  {
    "anime_title": "Chain Chronicle",
    "episode_title": "Chain Chronicle: Haecceitas no Hikari Episode 8 Subtitle Indonesia",
    "episode_link": "https://otakudesu.best/episode/chacicle-hh-episode-8/",
    "episode_date": "10 November,2018",
    "server": "solidfiles",
    "quality": "720p",
    "data_content": "eyJpZCI6Mjk5ODIsImkiOjAsInEiOiI3MjBwIn0=",
    "decoded_data": {
      "id": 29982,
      "i": 0,
      "q": "720p"
    },
    "stream_url": "https://www.solidfiles.com/e/wRdKAvjqBvzZZ",
    "is_default": false,
    "timestamp": "2025-09-12T09:18:09.830Z"
  },
  {
    "anime_title": "Chain Chronicle",
    "episode_title": "Chain Chronicle: Haecceitas no Hikari Episode 9 Subtitle Indonesia",
    "episode_link": "https://otakudesu.best/episode/chacicle-hh-episode-9/",
    "episode_date": "10 November,2018",
    "server": "moeplay",
    "quality": "480p",
    "data_content": "eyJpZCI6Mjk5ODMsImkiOjAsInEiOiI0ODBwIn0=",
    "decoded_data": {
      "id": 29983,
      "i": 0,
      "q": "480p"
    },
    "stream_url": "https://desustream.info/dstream/moeplay/v2/index.php?id=2019/06/chachronicle-9",
    "is_default": true,
    "timestamp": "2025-09-12T09:18:10.723Z"
  },
  {
    "anime_title": "Chain Chronicle",
    "episode_title": "Chain Chronicle: Haecceitas no Hikari Episode 9 Subtitle Indonesia",
    "episode_link": "https://otakudesu.best/episode/chacicle-hh-episode-9/",
    "episode_date": "10 November,2018",
    "server": "solidfiles",
    "quality": "480p",
    "data_content": "eyJpZCI6Mjk5ODMsImkiOjEsInEiOiI0ODBwIn0=",
    "decoded_data": {
      "id": 29983,
      "i": 1,
      "q": "480p"
    },
    "stream_url": "https://www.solidfiles.com/e/RK52AdxVPwZ6Y",
    "is_default": false,
    "timestamp": "2025-09-12T09:18:10.767Z"
  },
  {
    "anime_title": "Chain Chronicle",
    "episode_title": "Chain Chronicle: Haecceitas no Hikari Episode 9 Subtitle Indonesia",
    "episode_link": "https://otakudesu.best/episode/chacicle-hh-episode-9/",
    "episode_date": "10 November,2018",
    "server": "solidfiles",
    "quality": "720p",
    "data_content": "eyJpZCI6Mjk5ODMsImkiOjAsInEiOiI3MjBwIn0=",
    "decoded_data": {
      "id": 29983,
      "i": 0,
      "q": "720p"
    },
    "stream_url": "https://www.solidfiles.com/e/wRdKA47B3ya46",
    "is_default": false,
    "timestamp": "2025-09-12T09:18:10.817Z"
  },
  {
    "anime_title": "Chain Chronicle",
    "episode_title": "Chain Chronicle: Haecceitas no Hikari Episode 9 Subtitle Indonesia",
    "episode_link": "https://otakudesu.best/episode/chacicle-hh-episode-9/",
    "episode_date": "10 November,2018",
    "server": "solidfiles",
    "quality": "360p",
    "data_content": "eyJpZCI6Mjk5ODMsImkiOjAsInEiOiIzNjBwIn0=",
    "decoded_data": {
      "id": 29983,
      "i": 0,
      "q": "360p"
    },
    "stream_url": "https://www.solidfiles.com/e/aZxwk2vxmg3PK",
    "is_default": false,
    "timestamp": "2025-09-12T09:18:11.047Z"
  },
  {
    "anime_title": "Chain Chronicle",
    "episode_title": "Chain Chronicle: Haecceitas no Hikari Episode 9 Subtitle Indonesia",
    "episode_link": "https://otakudesu.best/episode/chacicle-hh-episode-9/",
    "episode_date": "10 November,2018",
    "server": "solidfiles",
    "quality": "360p",
    "data_content": "eyJpZCI6Mjk5ODMsImkiOjAsInEiOiIzNjBwIn0=",
    "decoded_data": {
      "id": 29983,
      "i": 0,
      "q": "360p"
    },
    "stream_url": "https://www.solidfiles.com/e/aZxwk2vxmg3PK",
    "is_default": false,
    "timestamp": "2025-09-12T09:18:11.047Z"
  },
  {
    "anime_title": "Chain Chronicle",
    "episode_title": "Chain Chronicle: Haecceitas no Hikari Episode 9 Subtitle Indonesia",
    "episode_link": "https://otakudesu.best/episode/chacicle-hh-episode-9/",
    "episode_date": "10 November,2018",
    "server": "moeplay",
    "quality": "480p",
    "data_content": "eyJpZCI6Mjk5ODMsImkiOjAsInEiOiI0ODBwIn0=",
    "decoded_data": {
      "id": 29983,
      "i": 0,
      "q": "480p"
    },
    "stream_url": "https://desustream.info/dstream/moeplay/v2/index.php?id=2019/06/chachronicle-9",
    "is_default": true,
    "timestamp": "2025-09-12T09:18:10.723Z"
  },
  {
    "anime_title": "Chain Chronicle",
    "episode_title": "Chain Chronicle: Haecceitas no Hikari Episode 9 Subtitle Indonesia",
    "episode_link": "https://otakudesu.best/episode/chacicle-hh-episode-9/",
    "episode_date": "10 November,2018",
    "server": "solidfiles",
    "quality": "480p",
    "data_content": "eyJpZCI6Mjk5ODMsImkiOjEsInEiOiI0ODBwIn0=",
    "decoded_data": {
      "id": 29983,
      "i": 1,
      "q": "480p"
    },
    "stream_url": "https://www.solidfiles.com/e/RK52AdxVPwZ6Y",
    "is_default": false,
    "timestamp": "2025-09-12T09:18:10.767Z"
  },
  {
    "anime_title": "Chain Chronicle",
    "episode_title": "Chain Chronicle: Haecceitas no Hikari Episode 9 Subtitle Indonesia",
    "episode_link": "https://otakudesu.best/episode/chacicle-hh-episode-9/",
    "episode_date": "10 November,2018",
    "server": "solidfiles",
    "quality": "720p",
    "data_content": "eyJpZCI6Mjk5ODMsImkiOjAsInEiOiI3MjBwIn0=",
    "decoded_data": {
      "id": 29983,
      "i": 0,
      "q": "720p"
    },
    "stream_url": "https://www.solidfiles.com/e/wRdKA47B3ya46",
    "is_default": false,
    "timestamp": "2025-09-12T09:18:10.817Z"
  },
  {
    "anime_title": "Chain Chronicle",
    "episode_title": "Chain Chronicle: Haecceitas no Hikari Episode 10 Subtitle Indonesia",
    "episode_link": "https://otakudesu.best/episode/chacicle-hh-episode-10/",
    "episode_date": "10 November,2018",
    "server": "solidfiles",
    "quality": "360p",
    "data_content": "eyJpZCI6Mjk5ODQsImkiOjAsInEiOiIzNjBwIn0=",
    "decoded_data": {
      "id": 29984,
      "i": 0,
      "q": "360p"
    },
    "stream_url": "https://www.solidfiles.com/e/ZQBwKvmwz55mQ",
    "is_default": false,
    "timestamp": "2025-09-12T09:18:11.711Z"
  },
  {
    "anime_title": "Chain Chronicle",
    "episode_title": "Chain Chronicle: Haecceitas no Hikari Episode 10 Subtitle Indonesia",
    "episode_link": "https://otakudesu.best/episode/chacicle-hh-episode-10/",
    "episode_date": "10 November,2018",
    "server": "moeplay",
    "quality": "480p",
    "data_content": "eyJpZCI6Mjk5ODQsImkiOjAsInEiOiI0ODBwIn0=",
    "decoded_data": {
      "id": 29984,
      "i": 0,
      "q": "480p"
    },
    "stream_url": "https://desustream.info/dstream/moeplay/v2/index.php?id=2019/06/chachronicle-10",
    "is_default": true,
    "timestamp": "2025-09-12T09:18:11.745Z"
  },
  {
    "anime_title": "Chain Chronicle",
    "episode_title": "Chain Chronicle: Haecceitas no Hikari Episode 10 Subtitle Indonesia",
    "episode_link": "https://otakudesu.best/episode/chacicle-hh-episode-10/",
    "episode_date": "10 November,2018",
    "server": "solidfiles",
    "quality": "480p",
    "data_content": "eyJpZCI6Mjk5ODQsImkiOjEsInEiOiI0ODBwIn0=",
    "decoded_data": {
      "id": 29984,
      "i": 1,
      "q": "480p"
    },
    "stream_url": "https://www.solidfiles.com/e/QdgGRWQePMY8k",
    "is_default": false,
    "timestamp": "2025-09-12T09:18:11.779Z"
  },
  {
    "anime_title": "Chain Chronicle",
    "episode_title": "Chain Chronicle: Haecceitas no Hikari Episode 10 Subtitle Indonesia",
    "episode_link": "https://otakudesu.best/episode/chacicle-hh-episode-10/",
    "episode_date": "10 November,2018",
    "server": "solidfiles",
    "quality": "720p",
    "data_content": "eyJpZCI6Mjk5ODQsImkiOjAsInEiOiI3MjBwIn0=",
    "decoded_data": {
      "id": 29984,
      "i": 0,
      "q": "720p"
    },
    "stream_url": "https://www.solidfiles.com/e/Naq3pzkjRLZ3A",
    "is_default": false,
    "timestamp": "2025-09-12T09:18:11.820Z"
  },
  {
    "anime_title": "Chain Chronicle",
    "episode_title": "Chain Chronicle: Haecceitas no Hikari Episode 10 Subtitle Indonesia",
    "episode_link": "https://otakudesu.best/episode/chacicle-hh-episode-10/",
    "episode_date": "10 November,2018",
    "server": "solidfiles",
    "quality": "360p",
    "data_content": "eyJpZCI6Mjk5ODQsImkiOjAsInEiOiIzNjBwIn0=",
    "decoded_data": {
      "id": 29984,
      "i": 0,
      "q": "360p"
    },
    "stream_url": "https://www.solidfiles.com/e/ZQBwKvmwz55mQ",
    "is_default": false,
    "timestamp": "2025-09-12T09:18:11.711Z"
  },
  {
    "anime_title": "Chain Chronicle",
    "episode_title": "Chain Chronicle: Haecceitas no Hikari Episode 10 Subtitle Indonesia",
    "episode_link": "https://otakudesu.best/episode/chacicle-hh-episode-10/",
    "episode_date": "10 November,2018",
    "server": "moeplay",
    "quality": "480p",
    "data_content": "eyJpZCI6Mjk5ODQsImkiOjAsInEiOiI0ODBwIn0=",
    "decoded_data": {
      "id": 29984,
      "i": 0,
      "q": "480p"
    },
    "stream_url": "https://desustream.info/dstream/moeplay/v2/index.php?id=2019/06/chachronicle-10",
    "is_default": true,
    "timestamp": "2025-09-12T09:18:11.745Z"
  },
  {
    "anime_title": "Chain Chronicle",
    "episode_title": "Chain Chronicle: Haecceitas no Hikari Episode 10 Subtitle Indonesia",
    "episode_link": "https://otakudesu.best/episode/chacicle-hh-episode-10/",
    "episode_date": "10 November,2018",
    "server": "solidfiles",
    "quality": "480p",
    "data_content": "eyJpZCI6Mjk5ODQsImkiOjEsInEiOiI0ODBwIn0=",
    "decoded_data": {
      "id": 29984,
      "i": 1,
      "q": "480p"
    },
    "stream_url": "https://www.solidfiles.com/e/QdgGRWQePMY8k",
    "is_default": false,
    "timestamp": "2025-09-12T09:18:11.779Z"
  },
  {
    "anime_title": "Chain Chronicle",
    "episode_title": "Chain Chronicle: Haecceitas no Hikari Episode 10 Subtitle Indonesia",
    "episode_link": "https://otakudesu.best/episode/chacicle-hh-episode-10/",
    "episode_date": "10 November,2018",
    "server": "solidfiles",
    "quality": "720p",
    "data_content": "eyJpZCI6Mjk5ODQsImkiOjAsInEiOiI3MjBwIn0=",
    "decoded_data": {
      "id": 29984,
      "i": 0,
      "q": "720p"
    },
    "stream_url": "https://www.solidfiles.com/e/Naq3pzkjRLZ3A",
    "is_default": false,
    "timestamp": "2025-09-12T09:18:11.820Z"
  },
  {
    "anime_title": "Chain Chronicle",
    "episode_title": "Chain Chronicle: Haecceitas no Hikari Episode 11 Subtitle Indonesia",
    "episode_link": "https://otakudesu.best/episode/chacicle-hh-episode-11/",
    "episode_date": "10 November,2018",
    "server": "solidfiles",
    "quality": "360p",
    "data_content": "eyJpZCI6Mjk5ODUsImkiOjAsInEiOiIzNjBwIn0=",
    "decoded_data": {
      "id": 29985,
      "i": 0,
      "q": "360p"
    },
    "stream_url": "https://www.solidfiles.com/e/Naq3pBKgeqazR",
    "is_default": false,
    "timestamp": "2025-09-12T09:18:12.804Z"
  },
  {
    "anime_title": "Chain Chronicle",
    "episode_title": "Chain Chronicle: Haecceitas no Hikari Episode 11 Subtitle Indonesia",
    "episode_link": "https://otakudesu.best/episode/chacicle-hh-episode-11/",
    "episode_date": "10 November,2018",
    "server": "solidfiles",
    "quality": "480p",
    "data_content": "eyJpZCI6Mjk5ODUsImkiOjEsInEiOiI0ODBwIn0=",
    "decoded_data": {
      "id": 29985,
      "i": 1,
      "q": "480p"
    },
    "stream_url": "https://www.solidfiles.com/e/mXjN56R3j3N8G",
    "is_default": false,
    "timestamp": "2025-09-12T09:18:12.878Z"
  },
  {
    "anime_title": "Chain Chronicle",
    "episode_title": "Chain Chronicle: Haecceitas no Hikari Episode 11 Subtitle Indonesia",
    "episode_link": "https://otakudesu.best/episode/chacicle-hh-episode-11/",
    "episode_date": "10 November,2018",
    "server": "solidfiles",
    "quality": "720p",
    "data_content": "eyJpZCI6Mjk5ODUsImkiOjAsInEiOiI3MjBwIn0=",
    "decoded_data": {
      "id": 29985,
      "i": 0,
      "q": "720p"
    },
    "stream_url": "https://www.solidfiles.com/e/vD83RVeKmrX3D",
    "is_default": false,
    "timestamp": "2025-09-12T09:18:12.909Z"
  },
  {
    "anime_title": "Chain Chronicle",
    "episode_title": "Chain Chronicle: Haecceitas no Hikari Episode 11 Subtitle Indonesia",
    "episode_link": "https://otakudesu.best/episode/chacicle-hh-episode-11/",
    "episode_date": "10 November,2018",
    "server": "moeplay",
    "quality": "480p",
    "data_content": "eyJpZCI6Mjk5ODUsImkiOjAsInEiOiI0ODBwIn0=",
    "decoded_data": {
      "id": 29985,
      "i": 0,
      "q": "480p"
    },
    "stream_url": "https://desustream.info/dstream/moeplay/v2/index.php?id=2019/06/chachronicle-11",
    "is_default": true,
    "timestamp": "2025-09-12T09:18:13.259Z"
  },
  {
    "anime_title": "Chain Chronicle",
    "episode_title": "Chain Chronicle: Haecceitas no Hikari Episode 11 Subtitle Indonesia",
    "episode_link": "https://otakudesu.best/episode/chacicle-hh-episode-11/",
    "episode_date": "10 November,2018",
    "server": "solidfiles",
    "quality": "360p",
    "data_content": "eyJpZCI6Mjk5ODUsImkiOjAsInEiOiIzNjBwIn0=",
    "decoded_data": {
      "id": 29985,
      "i": 0,
      "q": "360p"
    },
    "stream_url": "https://www.solidfiles.com/e/Naq3pBKgeqazR",
    "is_default": false,
    "timestamp": "2025-09-12T09:18:12.804Z"
  },
  {
    "anime_title": "Chain Chronicle",
    "episode_title": "Chain Chronicle: Haecceitas no Hikari Episode 11 Subtitle Indonesia",
    "episode_link": "https://otakudesu.best/episode/chacicle-hh-episode-11/",
    "episode_date": "10 November,2018",
    "server": "moeplay",
    "quality": "480p",
    "data_content": "eyJpZCI6Mjk5ODUsImkiOjAsInEiOiI0ODBwIn0=",
    "decoded_data": {
      "id": 29985,
      "i": 0,
      "q": "480p"
    },
    "stream_url": "https://desustream.info/dstream/moeplay/v2/index.php?id=2019/06/chachronicle-11",
    "is_default": true,
    "timestamp": "2025-09-12T09:18:13.259Z"
  },
  {
    "anime_title": "Chain Chronicle",
    "episode_title": "Chain Chronicle: Haecceitas no Hikari Episode 11 Subtitle Indonesia",
    "episode_link": "https://otakudesu.best/episode/chacicle-hh-episode-11/",
    "episode_date": "10 November,2018",
    "server": "solidfiles",
    "quality": "480p",
    "data_content": "eyJpZCI6Mjk5ODUsImkiOjEsInEiOiI0ODBwIn0=",
    "decoded_data": {
      "id": 29985,
      "i": 1,
      "q": "480p"
    },
    "stream_url": "https://www.solidfiles.com/e/mXjN56R3j3N8G",
    "is_default": false,
    "timestamp": "2025-09-12T09:18:12.878Z"
  },
  {
    "anime_title": "Chain Chronicle",
    "episode_title": "Chain Chronicle: Haecceitas no Hikari Episode 11 Subtitle Indonesia",
    "episode_link": "https://otakudesu.best/episode/chacicle-hh-episode-11/",
    "episode_date": "10 November,2018",
    "server": "solidfiles",
    "quality": "720p",
    "data_content": "eyJpZCI6Mjk5ODUsImkiOjAsInEiOiI3MjBwIn0=",
    "decoded_data": {
      "id": 29985,
      "i": 0,
      "q": "720p"
    },
    "stream_url": "https://www.solidfiles.com/e/vD83RVeKmrX3D",
    "is_default": false,
    "timestamp": "2025-09-12T09:18:12.909Z"
  },
  {
    "anime_title": "Chain Chronicle",
    "episode_title": "Chain Chronicle: Haecceitas no Hikari Episode 12 (End) Subtitle Indonesia",
    "episode_link": "https://otakudesu.best/episode/chacicle-hh-episode-12/",
    "episode_date": "10 November,2018",
    "server": "solidfiles",
    "quality": "360p",
    "data_content": "eyJpZCI6Mjk5ODYsImkiOjAsInEiOiIzNjBwIn0=",
    "decoded_data": {
      "id": 29986,
      "i": 0,
      "q": "360p"
    },
    "stream_url": "https://www.solidfiles.com/e/5awLmP2PmWkvY",
    "is_default": false,
    "timestamp": "2025-09-12T09:18:13.919Z"
  },
  {
    "anime_title": "Chain Chronicle",
    "episode_title": "Chain Chronicle: Haecceitas no Hikari Episode 12 (End) Subtitle Indonesia",
    "episode_link": "https://otakudesu.best/episode/chacicle-hh-episode-12/",
    "episode_date": "10 November,2018",
    "server": "moeplay",
    "quality": "480p",
    "data_content": "eyJpZCI6Mjk5ODYsImkiOjAsInEiOiI0ODBwIn0=",
    "decoded_data": {
      "id": 29986,
      "i": 0,
      "q": "480p"
    },
    "stream_url": "https://desustream.info/dstream/moeplay/v2/index.php?id=2019/06/chachronicle-12",
    "is_default": true,
    "timestamp": "2025-09-12T09:18:13.962Z"
  },
  {
    "anime_title": "Chain Chronicle",
    "episode_title": "Chain Chronicle: Haecceitas no Hikari Episode 12 (End) Subtitle Indonesia",
    "episode_link": "https://otakudesu.best/episode/chacicle-hh-episode-12/",
    "episode_date": "10 November,2018",
    "server": "solidfiles",
    "quality": "720p",
    "data_content": "eyJpZCI6Mjk5ODYsImkiOjAsInEiOiI3MjBwIn0=",
    "decoded_data": {
      "id": 29986,
      "i": 0,
      "q": "720p"
    },
    "stream_url": "https://www.solidfiles.com/e/Kprj27YznmgMA",
    "is_default": false,
    "timestamp": "2025-09-12T09:18:14.023Z"
  },
  {
    "anime_title": "Chain Chronicle",
    "episode_title": "Chain Chronicle: Haecceitas no Hikari Episode 12 (End) Subtitle Indonesia",
    "episode_link": "https://otakudesu.best/episode/chacicle-hh-episode-12/",
    "episode_date": "10 November,2018",
    "server": "solidfiles",
    "quality": "480p",
    "data_content": "eyJpZCI6Mjk5ODYsImkiOjEsInEiOiI0ODBwIn0=",
    "decoded_data": {
      "id": 29986,
      "i": 1,
      "q": "480p"
    },
    "stream_url": "https://www.solidfiles.com/e/WqyBPY7zpLp3j",
    "is_default": false,
    "timestamp": "2025-09-12T09:18:14.052Z"
  },
  {
    "anime_title": "Chain Chronicle",
    "episode_title": "Chain Chronicle: Haecceitas no Hikari Episode 12 (End) Subtitle Indonesia",
    "episode_link": "https://otakudesu.best/episode/chacicle-hh-episode-12/",
    "episode_date": "10 November,2018",
    "server": "solidfiles",
    "quality": "360p",
    "data_content": "eyJpZCI6Mjk5ODYsImkiOjAsInEiOiIzNjBwIn0=",
    "decoded_data": {
      "id": 29986,
      "i": 0,
      "q": "360p"
    },
    "stream_url": "https://www.solidfiles.com/e/5awLmP2PmWkvY",
    "is_default": false,
    "timestamp": "2025-09-12T09:18:13.919Z"
  },
  {
    "anime_title": "Chain Chronicle",
    "episode_title": "Chain Chronicle: Haecceitas no Hikari Episode 12 (End) Subtitle Indonesia",
    "episode_link": "https://otakudesu.best/episode/chacicle-hh-episode-12/",
    "episode_date": "10 November,2018",
    "server": "moeplay",
    "quality": "480p",
    "data_content": "eyJpZCI6Mjk5ODYsImkiOjAsInEiOiI0ODBwIn0=",
    "decoded_data": {
      "id": 29986,
      "i": 0,
      "q": "480p"
    },
    "stream_url": "https://desustream.info/dstream/moeplay/v2/index.php?id=2019/06/chachronicle-12",
    "is_default": true,
    "timestamp": "2025-09-12T09:18:13.962Z"
  },
  {
    "anime_title": "Chain Chronicle",
    "episode_title": "Chain Chronicle: Haecceitas no Hikari Episode 12 (End) Subtitle Indonesia",
    "episode_link": "https://otakudesu.best/episode/chacicle-hh-episode-12/",
    "episode_date": "10 November,2018",
    "server": "solidfiles",
    "quality": "480p",
    "data_content": "eyJpZCI6Mjk5ODYsImkiOjEsInEiOiI0ODBwIn0=",
    "decoded_data": {
      "id": 29986,
      "i": 1,
      "q": "480p"
    },
    "stream_url": "https://www.solidfiles.com/e/WqyBPY7zpLp3j",
    "is_default": false,
    "timestamp": "2025-09-12T09:18:14.052Z"
  },
  {
    "anime_title": "Chain Chronicle",
    "episode_title": "Chain Chronicle: Haecceitas no Hikari Episode 12 (End) Subtitle Indonesia",
    "episode_link": "https://otakudesu.best/episode/chacicle-hh-episode-12/",
    "episode_date": "10 November,2018",
    "server": "solidfiles",
    "quality": "720p",
    "data_content": "eyJpZCI6Mjk5ODYsImkiOjAsInEiOiI3MjBwIn0=",
    "decoded_data": {
      "id": 29986,
      "i": 0,
      "q": "720p"
    },
    "stream_url": "https://www.solidfiles.com/e/Kprj27YznmgMA",
    "is_default": false,
    "timestamp": "2025-09-12T09:18:14.023Z"
  },
  {
    "anime_title": "Chainsaw Man",
    "episode_title": "Chainsaw Man Episode 1 Subtitle Indonesia",
    "episode_link": "https://otakudesu.best/episode/cm-episode-1-sub-indo/",
    "episode_date": "4 Januari,2023",
    "server": "moedesu",
    "quality": "480p",
    "data_content": "eyJpZCI6MTMwOTE0LCJpIjowLCJxIjoiNDgwcCJ9",
    "decoded_data": {
      "id": 130914,
      "i": 0,
      "q": "480p"
    },
    "stream_url": "https://desustream.info/dstream/moedesu/v2/index.php?id=NjlJMnZCTFJGUGFKcStQOTdkMkhLdz09",
    "is_default": true,
    "timestamp": "2025-09-12T09:18:14.962Z"
  },
  {
    "anime_title": "Chainsaw Man",
    "episode_title": "Chainsaw Man Episode 1 Subtitle Indonesia",
    "episode_link": "https://otakudesu.best/episode/cm-episode-1-sub-indo/",
    "episode_date": "4 Januari,2023",
    "server": "odstream",
    "quality": "480p",
    "data_content": "eyJpZCI6MTMwOTE0LCJpIjoxLCJxIjoiNDgwcCJ9",
    "decoded_data": {
      "id": 130914,
      "i": 1,
      "q": "480p"
    },
    "stream_url": "https://desustream.info/dstream/arcg/?id=SmdwallkUEpUWDFJcG1YK0Y1VzFOMUlCTHFWNzZwcmR4KzFrczhFNXk1b1p5Q1I4ZzAwRWE5ZnBUbS9EU3pmeQ==",
    "is_default": false,
    "timestamp": "2025-09-12T09:18:14.999Z"
  },
  {
    "anime_title": "Chainsaw Man",
    "episode_title": "Chainsaw Man Episode 1 Subtitle Indonesia",
    "episode_link": "https://otakudesu.best/episode/cm-episode-1-sub-indo/",
    "episode_date": "4 Januari,2023",
    "server": "mp4load",
    "quality": "480p",
    "data_content": "eyJpZCI6MTMwOTE0LCJpIjoyLCJxIjoiNDgwcCJ9",
    "decoded_data": {
      "id": 130914,
      "i": 2,
      "q": "480p"
    },
    "stream_url": "https://www.mp4upload.com/embed-tsnwmkjyzfs7.html",
    "is_default": false,
    "timestamp": "2025-09-12T09:18:15.028Z"
  },
  {
    "anime_title": "Chainsaw Man",
    "episode_title": "Chainsaw Man Episode 1 Subtitle Indonesia",
    "episode_link": "https://otakudesu.best/episode/cm-episode-1-sub-indo/",
    "episode_date": "4 Januari,2023",
    "server": "mega",
    "quality": "480p",
    "data_content": "eyJpZCI6MTMwOTE0LCJpIjozLCJxIjoiNDgwcCJ9",
    "decoded_data": {
      "id": 130914,
      "i": 3,
      "q": "480p"
    },
    "stream_url": "https://mega.nz/embed/evgiSTrB#6doCG8IxlcrS0y4EvoXSnBcNATshVf_k5D-ol8yoFEI",
    "is_default": false,
    "timestamp": "2025-09-12T09:18:15.076Z"
  },
  {
    "anime_title": "Chainsaw Man",
    "episode_title": "Chainsaw Man Episode 1 Subtitle Indonesia",
    "episode_link": "https://otakudesu.best/episode/cm-episode-1-sub-indo/",
    "episode_date": "4 Januari,2023",
    "server": "odstreamhd",
    "quality": "720p",
    "data_content": "eyJpZCI6MTMwOTE0LCJpIjoxLCJxIjoiNzIwcCJ9",
    "decoded_data": {
      "id": 130914,
      "i": 1,
      "q": "720p"
    },
    "stream_url": "https://desustream.info/dstream/arcg/?id=SmdwallkUEpUWDFJcG1YK0Y1VzFOMUlCTHFWNzZwcmR4KzFrczhFNXk1cHhKQ0drYnVpSHg4aGtYTVpiUTM4MA==",
    "is_default": false,
    "timestamp": "2025-09-12T09:18:15.234Z"
  },
  {
    "anime_title": "Chainsaw Man",
    "episode_title": "Chainsaw Man Episode 1 Subtitle Indonesia",
    "episode_link": "https://otakudesu.best/episode/cm-episode-1-sub-indo/",
    "episode_date": "4 Januari,2023",
    "server": "moedesuhd",
    "quality": "720p",
    "data_content": "eyJpZCI6MTMwOTE0LCJpIjowLCJxIjoiNzIwcCJ9",
    "decoded_data": {
      "id": 130914,
      "i": 0,
      "q": "720p"
    },
    "stream_url": "https://desustream.info/dstream/moedesu/hd/v2/index.php?id=NjlJMnZCTFJGUGFKcStQOTdkMkhLdz09",
    "is_default": false,
    "timestamp": "2025-09-12T09:18:15.262Z"
  },
  {
    "anime_title": "Chainsaw Man",
    "episode_title": "Chainsaw Man Episode 1 Subtitle Indonesia",
    "episode_link": "https://otakudesu.best/episode/cm-episode-1-sub-indo/",
    "episode_date": "4 Januari,2023",
    "server": "yourupload",
    "quality": "720p",
    "data_content": "eyJpZCI6MTMwOTE0LCJpIjoyLCJxIjoiNzIwcCJ9",
    "decoded_data": {
      "id": 130914,
      "i": 2,
      "q": "720p"
    },
    "stream_url": "https://desudrive.com/stream/yuplod.php?id=X0AI517kTK88",
    "is_default": false,
    "timestamp": "2025-09-12T09:18:15.292Z"
  },
  {
    "anime_title": "Chainsaw Man",
    "episode_title": "Chainsaw Man Episode 1 Subtitle Indonesia",
    "episode_link": "https://otakudesu.best/episode/cm-episode-1-sub-indo/",
    "episode_date": "4 Januari,2023",
    "server": "mega",
    "quality": "720p",
    "data_content": "eyJpZCI6MTMwOTE0LCJpIjozLCJxIjoiNzIwcCJ9",
    "decoded_data": {
      "id": 130914,
      "i": 3,
      "q": "720p"
    },
    "stream_url": "https://mega.nz/embed/TnxT3DZS#3R9Xi_gRRc8uQV1HmR3FeL1FliGFIqydtjqnJb_3sXk",
    "is_default": false,
    "timestamp": "2025-09-12T09:18:15.352Z"
  },
  {
    "anime_title": "Chainsaw Man",
    "episode_title": "Chainsaw Man Episode 1 Subtitle Indonesia",
    "episode_link": "https://otakudesu.best/episode/cm-episode-1-sub-indo/",
    "episode_date": "4 Januari,2023",
    "server": "moedesu",
    "quality": "480p",
    "data_content": "eyJpZCI6MTMwOTE0LCJpIjowLCJxIjoiNDgwcCJ9",
    "decoded_data": {
      "id": 130914,
      "i": 0,
      "q": "480p"
    },
    "stream_url": "https://desustream.info/dstream/moedesu/v2/index.php?id=NjlJMnZCTFJGUGFKcStQOTdkMkhLdz09",
    "is_default": true,
    "timestamp": "2025-09-12T09:18:14.962Z"
  },
  {
    "anime_title": "Chainsaw Man",
    "episode_title": "Chainsaw Man Episode 1 Subtitle Indonesia",
    "episode_link": "https://otakudesu.best/episode/cm-episode-1-sub-indo/",
    "episode_date": "4 Januari,2023",
    "server": "odstream",
    "quality": "480p",
    "data_content": "eyJpZCI6MTMwOTE0LCJpIjoxLCJxIjoiNDgwcCJ9",
    "decoded_data": {
      "id": 130914,
      "i": 1,
      "q": "480p"
    },
    "stream_url": "https://desustream.info/dstream/arcg/?id=SmdwallkUEpUWDFJcG1YK0Y1VzFOMUlCTHFWNzZwcmR4KzFrczhFNXk1b1p5Q1I4ZzAwRWE5ZnBUbS9EU3pmeQ==",
    "is_default": false,
    "timestamp": "2025-09-12T09:18:14.999Z"
  },
  {
    "anime_title": "Chainsaw Man",
    "episode_title": "Chainsaw Man Episode 1 Subtitle Indonesia",
    "episode_link": "https://otakudesu.best/episode/cm-episode-1-sub-indo/",
    "episode_date": "4 Januari,2023",
    "server": "mp4load",
    "quality": "480p",
    "data_content": "eyJpZCI6MTMwOTE0LCJpIjoyLCJxIjoiNDgwcCJ9",
    "decoded_data": {
      "id": 130914,
      "i": 2,
      "q": "480p"
    },
    "stream_url": "https://www.mp4upload.com/embed-tsnwmkjyzfs7.html",
    "is_default": false,
    "timestamp": "2025-09-12T09:18:15.028Z"
  },
  {
    "anime_title": "Chainsaw Man",
    "episode_title": "Chainsaw Man Episode 1 Subtitle Indonesia",
    "episode_link": "https://otakudesu.best/episode/cm-episode-1-sub-indo/",
    "episode_date": "4 Januari,2023",
    "server": "mega",
    "quality": "480p",
    "data_content": "eyJpZCI6MTMwOTE0LCJpIjozLCJxIjoiNDgwcCJ9",
    "decoded_data": {
      "id": 130914,
      "i": 3,
      "q": "480p"
    },
    "stream_url": "https://mega.nz/embed/evgiSTrB#6doCG8IxlcrS0y4EvoXSnBcNATshVf_k5D-ol8yoFEI",
    "is_default": false,
    "timestamp": "2025-09-12T09:18:15.076Z"
  },
  {
    "anime_title": "Chainsaw Man",
    "episode_title": "Chainsaw Man Episode 1 Subtitle Indonesia",
    "episode_link": "https://otakudesu.best/episode/cm-episode-1-sub-indo/",
    "episode_date": "4 Januari,2023",
    "server": "moedesuhd",
    "quality": "720p",
    "data_content": "eyJpZCI6MTMwOTE0LCJpIjowLCJxIjoiNzIwcCJ9",
    "decoded_data": {
      "id": 130914,
      "i": 0,
      "q": "720p"
    },
    "stream_url": "https://desustream.info/dstream/moedesu/hd/v2/index.php?id=NjlJMnZCTFJGUGFKcStQOTdkMkhLdz09",
    "is_default": false,
    "timestamp": "2025-09-12T09:18:15.262Z"
  },
  {
    "anime_title": "Chainsaw Man",
    "episode_title": "Chainsaw Man Episode 1 Subtitle Indonesia",
    "episode_link": "https://otakudesu.best/episode/cm-episode-1-sub-indo/",
    "episode_date": "4 Januari,2023",
    "server": "odstreamhd",
    "quality": "720p",
    "data_content": "eyJpZCI6MTMwOTE0LCJpIjoxLCJxIjoiNzIwcCJ9",
    "decoded_data": {
      "id": 130914,
      "i": 1,
      "q": "720p"
    },
    "stream_url": "https://desustream.info/dstream/arcg/?id=SmdwallkUEpUWDFJcG1YK0Y1VzFOMUlCTHFWNzZwcmR4KzFrczhFNXk1cHhKQ0drYnVpSHg4aGtYTVpiUTM4MA==",
    "is_default": false,
    "timestamp": "2025-09-12T09:18:15.234Z"
  },
  {
    "anime_title": "Chainsaw Man",
    "episode_title": "Chainsaw Man Episode 1 Subtitle Indonesia",
    "episode_link": "https://otakudesu.best/episode/cm-episode-1-sub-indo/",
    "episode_date": "4 Januari,2023",
    "server": "yourupload",
    "quality": "720p",
    "data_content": "eyJpZCI6MTMwOTE0LCJpIjoyLCJxIjoiNzIwcCJ9",
    "decoded_data": {
      "id": 130914,
      "i": 2,
      "q": "720p"
    },
    "stream_url": "https://desudrive.com/stream/yuplod.php?id=X0AI517kTK88",
    "is_default": false,
    "timestamp": "2025-09-12T09:18:15.292Z"
  },
  {
    "anime_title": "Chainsaw Man",
    "episode_title": "Chainsaw Man Episode 1 Subtitle Indonesia",
    "episode_link": "https://otakudesu.best/episode/cm-episode-1-sub-indo/",
    "episode_date": "4 Januari,2023",
    "server": "mega",
    "quality": "720p",
    "data_content": "eyJpZCI6MTMwOTE0LCJpIjozLCJxIjoiNzIwcCJ9",
    "decoded_data": {
      "id": 130914,
      "i": 3,
      "q": "720p"
    },
    "stream_url": "https://mega.nz/embed/TnxT3DZS#3R9Xi_gRRc8uQV1HmR3FeL1FliGFIqydtjqnJb_3sXk",
    "is_default": false,
    "timestamp": "2025-09-12T09:18:15.352Z"
  }
]