[
  {
    "anime_title": "Boruto On-Going",
    "episode_title": "Boruto: Naruto Next Generations Episode 242 Subtitle Indonesia",
    "episode_link": "https://otakudesu.best/episode/btr-nng-episode-242-sub-indo/",
    "episode_date": "27 Maret,2022",
    "server": "filesim",
    "quality": "360p",
    "data_content": "eyJpZCI6MTE5Mjc5LCJpIjowLCJxIjoiMzYwcCJ9",
    "decoded_data": {
      "id": 119279,
      "i": 0,
      "q": "360p"
    },
    "stream_url": "https://files.im/embed-qc7kztarexyr.html",
    "is_default": false,
    "timestamp": "2025-09-12T09:10:06.736Z"
  },
  {
    "anime_title": "Boruto On-Going",
    "episode_title": "Boruto: Naruto Next Generations Episode 242 Subtitle Indonesia",
    "episode_link": "https://otakudesu.best/episode/btr-nng-episode-242-sub-indo/",
    "episode_date": "27 Maret,2022",
    "server": "mp4load",
    "quality": "360p",
    "data_content": "eyJpZCI6MTE5Mjc5LCJpIjoxLCJxIjoiMzYwcCJ9",
    "decoded_data": {
      "id": 119279,
      "i": 1,
      "q": "360p"
    },
    "stream_url": "https://www.mp4upload.com/embed-sbylz8xevtr2.html",
    "is_default": false,
    "timestamp": "2025-09-12T09:10:06.783Z"
  },
  {
    "anime_title": "Boruto On-Going",
    "episode_title": "Boruto: Naruto Next Generations Episode 242 Subtitle Indonesia",
    "episode_link": "https://otakudesu.best/episode/btr-nng-episode-242-sub-indo/",
    "episode_date": "27 Maret,2022",
    "server": "mega",
    "quality": "360p",
    "data_content": "eyJpZCI6MTE5Mjc5LCJpIjoyLCJxIjoiMzYwcCJ9",
    "decoded_data": {
      "id": 119279,
      "i": 2,
      "q": "360p"
    },
    "stream_url": "https://mega.nz/embed/RI8yXQ4D#C6i2WLnce0EiqyFPjndqxN0BLxoO1L4x-idBdgY39_A",
    "is_default": false,
    "timestamp": "2025-09-12T09:10:06.828Z"
  },
  {
    "anime_title": "Boruto On-Going",
    "episode_title": "Boruto: Naruto Next Generations Episode 242 Subtitle Indonesia",
    "episode_link": "https://otakudesu.best/episode/btr-nng-episode-242-sub-indo/",
    "episode_date": "27 Maret,2022",
    "server": "GDrive",
    "quality": "360p",
    "data_content": "eyJpZCI6MTE5Mjc5LCJpIjozLCJxIjoiMzYwcCJ9",
    "decoded_data": {
      "id": 119279,
      "i": 3,
      "q": "360p"
    },
    "stream_url": "https://gdriveplayer.me/embed2.php?link=https://drive.google.com/open?id=1r_c8GrAeTkY7KkDiisoVtUv8juRUrymh",
    "is_default": false,
    "timestamp": "2025-09-12T09:10:06.886Z"
  },
  {
    "anime_title": "Boruto On-Going",
    "episode_title": "Boruto: Naruto Next Generations Episode 242 Subtitle Indonesia",
    "episode_link": "https://otakudesu.best/episode/btr-nng-episode-242-sub-indo/",
    "episode_date": "27 Maret,2022",
    "server": "filesim",
    "quality": "480p",
    "data_content": "eyJpZCI6MTE5Mjc5LCJpIjoxLCJxIjoiNDgwcCJ9",
    "decoded_data": {
      "id": 119279,
      "i": 1,
      "q": "480p"
    },
    "stream_url": "https://files.im/embed-j9f1kyoxlpie.html",
    "is_default": false,
    "timestamp": "2025-09-12T09:10:06.983Z"
  },
  {
    "anime_title": "Boruto On-Going",
    "episode_title": "Boruto: Naruto Next Generations Episode 242 Subtitle Indonesia",
    "episode_link": "https://otakudesu.best/episode/btr-nng-episode-242-sub-indo/",
    "episode_date": "27 Maret,2022",
    "server": "mp4load",
    "quality": "480p",
    "data_content": "eyJpZCI6MTE5Mjc5LCJpIjoyLCJxIjoiNDgwcCJ9",
    "decoded_data": {
      "id": 119279,
      "i": 2,
      "q": "480p"
    },
    "stream_url": "https://www.mp4upload.com/embed-q408vz8uzlfs.html",
    "is_default": false,
    "timestamp": "2025-09-12T09:10:07.032Z"
  },
  {
    "anime_title": "Boruto On-Going",
    "episode_title": "Boruto: Naruto Next Generations Episode 242 Subtitle Indonesia",
    "episode_link": "https://otakudesu.best/episode/btr-nng-episode-242-sub-indo/",
    "episode_date": "27 Maret,2022",
    "server": "ondesu",
    "quality": "480p",
    "data_content": "eyJpZCI6MTE5Mjc5LCJpIjowLCJxIjoiNDgwcCJ9",
    "decoded_data": {
      "id": 119279,
      "i": 0,
      "q": "480p"
    },
    "stream_url": "https://desustream.info/dstream/ondesu/v5/index.php?id=SkZ3eURlL2pOeUxnU3BSODFtdFBRMTREcTEzdHcvRUYwQWxzVC9zRlIwTT0=",
    "is_default": true,
    "timestamp": "2025-09-12T09:10:07.063Z"
  },
  {
    "anime_title": "Boruto On-Going",
    "episode_title": "Boruto: Naruto Next Generations Episode 242 Subtitle Indonesia",
    "episode_link": "https://otakudesu.best/episode/btr-nng-episode-242-sub-indo/",
    "episode_date": "27 Maret,2022",
    "server": "mega",
    "quality": "480p",
    "data_content": "eyJpZCI6MTE5Mjc5LCJpIjozLCJxIjoiNDgwcCJ9",
    "decoded_data": {
      "id": 119279,
      "i": 3,
      "q": "480p"
    },
    "stream_url": "https://mega.nz/embed/cB8wgISC#p1-g0DvYLB-6FRDyn8wpAZiAKbsViYbb3v-adebqkaI",
    "is_default": false,
    "timestamp": "2025-09-12T09:10:07.092Z"
  },
  {
    "anime_title": "Boruto On-Going",
    "episode_title": "Boruto: Naruto Next Generations Episode 242 Subtitle Indonesia",
    "episode_link": "https://otakudesu.best/episode/btr-nng-episode-242-sub-indo/",
    "episode_date": "27 Maret,2022",
    "server": "GDrive",
    "quality": "480p",
    "data_content": "eyJpZCI6MTE5Mjc5LCJpIjo0LCJxIjoiNDgwcCJ9",
    "decoded_data": {
      "id": 119279,
      "i": 4,
      "q": "480p"
    },
    "stream_url": "https://gdriveplayer.me/embed2.php?link=https://drive.google.com/open?id=1rRvuYAbVTEbeFBaxqW-cr4i_3XGse0Yw",
    "is_default": false,
    "timestamp": "2025-09-12T09:10:07.120Z"
  },
  {
    "anime_title": "Boruto On-Going",
    "episode_title": "Boruto: Naruto Next Generations Episode 242 Subtitle Indonesia",
    "episode_link": "https://otakudesu.best/episode/btr-nng-episode-242-sub-indo/",
    "episode_date": "27 Maret,2022",
    "server": "filesim",
    "quality": "720p",
    "data_content": "eyJpZCI6MTE5Mjc5LCJpIjowLCJxIjoiNzIwcCJ9",
    "decoded_data": {
      "id": 119279,
      "i": 0,
      "q": "720p"
    },
    "stream_url": "https://files.im/embed-5vp9cyyn1327.html",
    "is_default": false,
    "timestamp": "2025-09-12T09:10:07.199Z"
  },
  {
    "anime_title": "Boruto On-Going",
    "episode_title": "Boruto: Naruto Next Generations Episode 242 Subtitle Indonesia",
    "episode_link": "https://otakudesu.best/episode/btr-nng-episode-242-sub-indo/",
    "episode_date": "27 Maret,2022",
    "server": "mp4load",
    "quality": "720p",
    "data_content": "eyJpZCI6MTE5Mjc5LCJpIjoxLCJxIjoiNzIwcCJ9",
    "decoded_data": {
      "id": 119279,
      "i": 1,
      "q": "720p"
    },
    "stream_url": "https://www.mp4upload.com/embed-r9ylrl7wsw91.html",
    "is_default": false,
    "timestamp": "2025-09-12T09:10:07.229Z"
  },
  {
    "anime_title": "Boruto On-Going",
    "episode_title": "Boruto: Naruto Next Generations Episode 242 Subtitle Indonesia",
    "episode_link": "https://otakudesu.best/episode/btr-nng-episode-242-sub-indo/",
    "episode_date": "27 Maret,2022",
    "server": "mega",
    "quality": "720p",
    "data_content": "eyJpZCI6MTE5Mjc5LCJpIjoyLCJxIjoiNzIwcCJ9",
    "decoded_data": {
      "id": 119279,
      "i": 2,
      "q": "720p"
    },
    "stream_url": "https://mega.nz/embed/MMM2DRLT#1it6MOLRNDMjraCo9Bwx92TkxgTilMPP6bRA-9hPmI8",
    "is_default": false,
    "timestamp": "2025-09-12T09:10:07.257Z"
  },
  {
    "anime_title": "Boruto On-Going",
    "episode_title": "Boruto: Naruto Next Generations Episode 242 Subtitle Indonesia",
    "episode_link": "https://otakudesu.best/episode/btr-nng-episode-242-sub-indo/",
    "episode_date": "27 Maret,2022",
    "server": "filesim",
    "quality": "360p",
    "data_content": "eyJpZCI6MTE5Mjc5LCJpIjowLCJxIjoiMzYwcCJ9",
    "decoded_data": {
      "id": 119279,
      "i": 0,
      "q": "360p"
    },
    "stream_url": "https://files.im/embed-qc7kztarexyr.html",
    "is_default": false,
    "timestamp": "2025-09-12T09:10:06.736Z"
  },
  {
    "anime_title": "Boruto On-Going",
    "episode_title": "Boruto: Naruto Next Generations Episode 242 Subtitle Indonesia",
    "episode_link": "https://otakudesu.best/episode/btr-nng-episode-242-sub-indo/",
    "episode_date": "27 Maret,2022",
    "server": "mp4load",
    "quality": "360p",
    "data_content": "eyJpZCI6MTE5Mjc5LCJpIjoxLCJxIjoiMzYwcCJ9",
    "decoded_data": {
      "id": 119279,
      "i": 1,
      "q": "360p"
    },
    "stream_url": "https://www.mp4upload.com/embed-sbylz8xevtr2.html",
    "is_default": false,
    "timestamp": "2025-09-12T09:10:06.783Z"
  },
  {
    "anime_title": "Boruto On-Going",
    "episode_title": "Boruto: Naruto Next Generations Episode 242 Subtitle Indonesia",
    "episode_link": "https://otakudesu.best/episode/btr-nng-episode-242-sub-indo/",
    "episode_date": "27 Maret,2022",
    "server": "mega",
    "quality": "360p",
    "data_content": "eyJpZCI6MTE5Mjc5LCJpIjoyLCJxIjoiMzYwcCJ9",
    "decoded_data": {
      "id": 119279,
      "i": 2,
      "q": "360p"
    },
    "stream_url": "https://mega.nz/embed/RI8yXQ4D#C6i2WLnce0EiqyFPjndqxN0BLxoO1L4x-idBdgY39_A",
    "is_default": false,
    "timestamp": "2025-09-12T09:10:06.828Z"
  },
  {
    "anime_title": "Boruto On-Going",
    "episode_title": "Boruto: Naruto Next Generations Episode 242 Subtitle Indonesia",
    "episode_link": "https://otakudesu.best/episode/btr-nng-episode-242-sub-indo/",
    "episode_date": "27 Maret,2022",
    "server": "GDrive",
    "quality": "360p",
    "data_content": "eyJpZCI6MTE5Mjc5LCJpIjozLCJxIjoiMzYwcCJ9",
    "decoded_data": {
      "id": 119279,
      "i": 3,
      "q": "360p"
    },
    "stream_url": "https://gdriveplayer.me/embed2.php?link=https://drive.google.com/open?id=1r_c8GrAeTkY7KkDiisoVtUv8juRUrymh",
    "is_default": false,
    "timestamp": "2025-09-12T09:10:06.886Z"
  },
  {
    "anime_title": "Boruto On-Going",
    "episode_title": "Boruto: Naruto Next Generations Episode 242 Subtitle Indonesia",
    "episode_link": "https://otakudesu.best/episode/btr-nng-episode-242-sub-indo/",
    "episode_date": "27 Maret,2022",
    "server": "ondesu",
    "quality": "480p",
    "data_content": "eyJpZCI6MTE5Mjc5LCJpIjowLCJxIjoiNDgwcCJ9",
    "decoded_data": {
      "id": 119279,
      "i": 0,
      "q": "480p"
    },
    "stream_url": "https://desustream.info/dstream/ondesu/v5/index.php?id=SkZ3eURlL2pOeUxnU3BSODFtdFBRMTREcTEzdHcvRUYwQWxzVC9zRlIwTT0=",
    "is_default": true,
    "timestamp": "2025-09-12T09:10:07.063Z"
  },
  {
    "anime_title": "Boruto On-Going",
    "episode_title": "Boruto: Naruto Next Generations Episode 242 Subtitle Indonesia",
    "episode_link": "https://otakudesu.best/episode/btr-nng-episode-242-sub-indo/",
    "episode_date": "27 Maret,2022",
    "server": "filesim",
    "quality": "480p",
    "data_content": "eyJpZCI6MTE5Mjc5LCJpIjoxLCJxIjoiNDgwcCJ9",
    "decoded_data": {
      "id": 119279,
      "i": 1,
      "q": "480p"
    },
    "stream_url": "https://files.im/embed-j9f1kyoxlpie.html",
    "is_default": false,
    "timestamp": "2025-09-12T09:10:06.983Z"
  },
  {
    "anime_title": "Boruto On-Going",
    "episode_title": "Boruto: Naruto Next Generations Episode 242 Subtitle Indonesia",
    "episode_link": "https://otakudesu.best/episode/btr-nng-episode-242-sub-indo/",
    "episode_date": "27 Maret,2022",
    "server": "mp4load",
    "quality": "480p",
    "data_content": "eyJpZCI6MTE5Mjc5LCJpIjoyLCJxIjoiNDgwcCJ9",
    "decoded_data": {
      "id": 119279,
      "i": 2,
      "q": "480p"
    },
    "stream_url": "https://www.mp4upload.com/embed-q408vz8uzlfs.html",
    "is_default": false,
    "timestamp": "2025-09-12T09:10:07.032Z"
  },
  {
    "anime_title": "Boruto On-Going",
    "episode_title": "Boruto: Naruto Next Generations Episode 242 Subtitle Indonesia",
    "episode_link": "https://otakudesu.best/episode/btr-nng-episode-242-sub-indo/",
    "episode_date": "27 Maret,2022",
    "server": "mega",
    "quality": "480p",
    "data_content": "eyJpZCI6MTE5Mjc5LCJpIjozLCJxIjoiNDgwcCJ9",
    "decoded_data": {
      "id": 119279,
      "i": 3,
      "q": "480p"
    },
    "stream_url": "https://mega.nz/embed/cB8wgISC#p1-g0DvYLB-6FRDyn8wpAZiAKbsViYbb3v-adebqkaI",
    "is_default": false,
    "timestamp": "2025-09-12T09:10:07.092Z"
  },
  {
    "anime_title": "Boruto On-Going",
    "episode_title": "Boruto: Naruto Next Generations Episode 242 Subtitle Indonesia",
    "episode_link": "https://otakudesu.best/episode/btr-nng-episode-242-sub-indo/",
    "episode_date": "27 Maret,2022",
    "server": "GDrive",
    "quality": "480p",
    "data_content": "eyJpZCI6MTE5Mjc5LCJpIjo0LCJxIjoiNDgwcCJ9",
    "decoded_data": {
      "id": 119279,
      "i": 4,
      "q": "480p"
    },
    "stream_url": "https://gdriveplayer.me/embed2.php?link=https://drive.google.com/open?id=1rRvuYAbVTEbeFBaxqW-cr4i_3XGse0Yw",
    "is_default": false,
    "timestamp": "2025-09-12T09:10:07.120Z"
  },
  {
    "anime_title": "Boruto On-Going",
    "episode_title": "Boruto: Naruto Next Generations Episode 242 Subtitle Indonesia",
    "episode_link": "https://otakudesu.best/episode/btr-nng-episode-242-sub-indo/",
    "episode_date": "27 Maret,2022",
    "server": "filesim",
    "quality": "720p",
    "data_content": "eyJpZCI6MTE5Mjc5LCJpIjowLCJxIjoiNzIwcCJ9",
    "decoded_data": {
      "id": 119279,
      "i": 0,
      "q": "720p"
    },
    "stream_url": "https://files.im/embed-5vp9cyyn1327.html",
    "is_default": false,
    "timestamp": "2025-09-12T09:10:07.199Z"
  },
  {
    "anime_title": "Boruto On-Going",
    "episode_title": "Boruto: Naruto Next Generations Episode 242 Subtitle Indonesia",
    "episode_link": "https://otakudesu.best/episode/btr-nng-episode-242-sub-indo/",
    "episode_date": "27 Maret,2022",
    "server": "mp4load",
    "quality": "720p",
    "data_content": "eyJpZCI6MTE5Mjc5LCJpIjoxLCJxIjoiNzIwcCJ9",
    "decoded_data": {
      "id": 119279,
      "i": 1,
      "q": "720p"
    },
    "stream_url": "https://www.mp4upload.com/embed-r9ylrl7wsw91.html",
    "is_default": false,
    "timestamp": "2025-09-12T09:10:07.229Z"
  },
  {
    "anime_title": "Boruto On-Going",
    "episode_title": "Boruto: Naruto Next Generations Episode 242 Subtitle Indonesia",
    "episode_link": "https://otakudesu.best/episode/btr-nng-episode-242-sub-indo/",
    "episode_date": "27 Maret,2022",
    "server": "mega",
    "quality": "720p",
    "data_content": "eyJpZCI6MTE5Mjc5LCJpIjoyLCJxIjoiNzIwcCJ9",
    "decoded_data": {
      "id": 119279,
      "i": 2,
      "q": "720p"
    },
    "stream_url": "https://mega.nz/embed/MMM2DRLT#1it6MOLRNDMjraCo9Bwx92TkxgTilMPP6bRA-9hPmI8",
    "is_default": false,
    "timestamp": "2025-09-12T09:10:07.257Z"
  },
  {
    "anime_title": "Boruto On-Going",
    "episode_title": "Boruto: Naruto Next Generations Episode 243 Subtitle Indonesia",
    "episode_link": "https://otakudesu.best/episode/btr-nng-episode-243-sub-indo/",
    "episode_date": "3 April,2022",
    "server": "mega",
    "quality": "360p",
    "data_content": "eyJpZCI6MTE5NjQxLCJpIjoyLCJxIjoiMzYwcCJ9",
    "decoded_data": {
      "id": 119641,
      "i": 2,
      "q": "360p"
    },
    "stream_url": "https://mega.nz/embed/AENQRCQQ#LMG91tRVFvCHRA-AZBC8x94cwJnlvn6JG23h2C-RqJE",
    "is_default": false,
    "timestamp": "2025-09-12T09:10:08.178Z"
  },
  {
    "anime_title": "Boruto On-Going",
    "episode_title": "Boruto: Naruto Next Generations Episode 243 Subtitle Indonesia",
    "episode_link": "https://otakudesu.best/episode/btr-nng-episode-243-sub-indo/",
    "episode_date": "3 April,2022",
    "server": "mp4load",
    "quality": "360p",
    "data_content": "eyJpZCI6MTE5NjQxLCJpIjozLCJxIjoiMzYwcCJ9",
    "decoded_data": {
      "id": 119641,
      "i": 3,
      "q": "360p"
    },
    "stream_url": "https://www.mp4upload.com/embed-k5p7xeiw2usa.html",
    "is_default": false,
    "timestamp": "2025-09-12T09:10:08.217Z"
  },
  {
    "anime_title": "Boruto On-Going",
    "episode_title": "Boruto: Naruto Next Generations Episode 243 Subtitle Indonesia",
    "episode_link": "https://otakudesu.best/episode/btr-nng-episode-243-sub-indo/",
    "episode_date": "3 April,2022",
    "server": "filesim",
    "quality": "360p",
    "data_content": "eyJpZCI6MTE5NjQxLCJpIjowLCJxIjoiMzYwcCJ9",
    "decoded_data": {
      "id": 119641,
      "i": 0,
      "q": "360p"
    },
    "stream_url": "https://files.im/embed-maw8qftpu29y.html",
    "is_default": false,
    "timestamp": "2025-09-12T09:10:08.254Z"
  },
  {
    "anime_title": "Boruto On-Going",
    "episode_title": "Boruto: Naruto Next Generations Episode 243 Subtitle Indonesia",
    "episode_link": "https://otakudesu.best/episode/btr-nng-episode-243-sub-indo/",
    "episode_date": "3 April,2022",
    "server": "ondesu",
    "quality": "480p",
    "data_content": "eyJpZCI6MTE5NjQxLCJpIjowLCJxIjoiNDgwcCJ9",
    "decoded_data": {
      "id": 119641,
      "i": 0,
      "q": "480p"
    },
    "stream_url": "https://desustream.info/dstream/ondesu/v5/index.php?id=Mk5CYkpnTnpOOGIvNTFBZmFrQUdVL2h5d2JZNUxNOXc2Y3J4eS8ybEdXRT0=",
    "is_default": true,
    "timestamp": "2025-09-12T09:10:08.281Z"
  },
  {
    "anime_title": "Boruto On-Going",
    "episode_title": "Boruto: Naruto Next Generations Episode 243 Subtitle Indonesia",
    "episode_link": "https://otakudesu.best/episode/btr-nng-episode-243-sub-indo/",
    "episode_date": "3 April,2022",
    "server": "filesim",
    "quality": "480p",
    "data_content": "eyJpZCI6MTE5NjQxLCJpIjoxLCJxIjoiNDgwcCJ9",
    "decoded_data": {
      "id": 119641,
      "i": 1,
      "q": "480p"
    },
    "stream_url": "https://files.im/embed-1yjw7meyi44s.html",
    "is_default": false,
    "timestamp": "2025-09-12T09:10:08.310Z"
  },
  {
    "anime_title": "Boruto On-Going",
    "episode_title": "Boruto: Naruto Next Generations Episode 243 Subtitle Indonesia",
    "episode_link": "https://otakudesu.best/episode/btr-nng-episode-243-sub-indo/",
    "episode_date": "3 April,2022",
    "server": "yourupload",
    "quality": "480p",
    "data_content": "eyJpZCI6MTE5NjQxLCJpIjoyLCJxIjoiNDgwcCJ9",
    "decoded_data": {
      "id": 119641,
      "i": 2,
      "q": "480p"
    },
    "stream_url": "https://desudrive.com/stream/yuplod.php?id=Ymf30y3JqK13",
    "is_default": false,
    "timestamp": "2025-09-12T09:10:08.339Z"
  },
  {
    "anime_title": "Boruto On-Going",
    "episode_title": "Boruto: Naruto Next Generations Episode 243 Subtitle Indonesia",
    "episode_link": "https://otakudesu.best/episode/btr-nng-episode-243-sub-indo/",
    "episode_date": "3 April,2022",
    "server": "mega",
    "quality": "480p",
    "data_content": "eyJpZCI6MTE5NjQxLCJpIjozLCJxIjoiNDgwcCJ9",
    "decoded_data": {
      "id": 119641,
      "i": 3,
      "q": "480p"
    },
    "stream_url": "https://mega.nz/embed/8BMkRZTI#43cDRKFaaXoxPw_0IMTrTFgixnk83sEJjw4IQliuno4",
    "is_default": false,
    "timestamp": "2025-09-12T09:10:08.367Z"
  },
  {
    "anime_title": "Boruto On-Going",
    "episode_title": "Boruto: Naruto Next Generations Episode 243 Subtitle Indonesia",
    "episode_link": "https://otakudesu.best/episode/btr-nng-episode-243-sub-indo/",
    "episode_date": "3 April,2022",
    "server": "mp4load",
    "quality": "480p",
    "data_content": "eyJpZCI6MTE5NjQxLCJpIjo0LCJxIjoiNDgwcCJ9",
    "decoded_data": {
      "id": 119641,
      "i": 4,
      "q": "480p"
    },
    "stream_url": "https://www.mp4upload.com/embed-smznb1le746i.html",
    "is_default": false,
    "timestamp": "2025-09-12T09:10:08.418Z"
  },
  {
    "anime_title": "Boruto On-Going",
    "episode_title": "Boruto: Naruto Next Generations Episode 243 Subtitle Indonesia",
    "episode_link": "https://otakudesu.best/episode/btr-nng-episode-243-sub-indo/",
    "episode_date": "3 April,2022",
    "server": "yourupload",
    "quality": "360p",
    "data_content": "eyJpZCI6MTE5NjQxLCJpIjoxLCJxIjoiMzYwcCJ9",
    "decoded_data": {
      "id": 119641,
      "i": 1,
      "q": "360p"
    },
    "stream_url": "https://desudrive.com/stream/yuplod.php?id=DTP6W3AF18g7",
    "is_default": false,
    "timestamp": "2025-09-12T09:10:08.449Z"
  },
  {
    "anime_title": "Boruto On-Going",
    "episode_title": "Boruto: Naruto Next Generations Episode 243 Subtitle Indonesia",
    "episode_link": "https://otakudesu.best/episode/btr-nng-episode-243-sub-indo/",
    "episode_date": "3 April,2022",
    "server": "filesim",
    "quality": "720p",
    "data_content": "eyJpZCI6MTE5NjQxLCJpIjowLCJxIjoiNzIwcCJ9",
    "decoded_data": {
      "id": 119641,
      "i": 0,
      "q": "720p"
    },
    "stream_url": "https://files.im/embed-b31619k0cvx4.html",
    "is_default": false,
    "timestamp": "2025-09-12T09:10:08.478Z"
  },
  {
    "anime_title": "Boruto On-Going",
    "episode_title": "Boruto: Naruto Next Generations Episode 243 Subtitle Indonesia",
    "episode_link": "https://otakudesu.best/episode/btr-nng-episode-243-sub-indo/",
    "episode_date": "3 April,2022",
    "server": "mega",
    "quality": "720p",
    "data_content": "eyJpZCI6MTE5NjQxLCJpIjoyLCJxIjoiNzIwcCJ9",
    "decoded_data": {
      "id": 119641,
      "i": 2,
      "q": "720p"
    },
    "stream_url": "https://mega.nz/embed/lRcRgAbb#kNums301LIU7RrZ8F_MP0Gy1C_2xIP54fIkGYYPjLMg",
    "is_default": false,
    "timestamp": "2025-09-12T09:10:08.565Z"
  },
  {
    "anime_title": "Boruto On-Going",
    "episode_title": "Boruto: Naruto Next Generations Episode 243 Subtitle Indonesia",
    "episode_link": "https://otakudesu.best/episode/btr-nng-episode-243-sub-indo/",
    "episode_date": "3 April,2022",
    "server": "mp4load",
    "quality": "720p",
    "data_content": "eyJpZCI6MTE5NjQxLCJpIjozLCJxIjoiNzIwcCJ9",
    "decoded_data": {
      "id": 119641,
      "i": 3,
      "q": "720p"
    },
    "stream_url": "https://www.mp4upload.com/embed-1e02p6uk3r95.html",
    "is_default": false,
    "timestamp": "2025-09-12T09:10:08.595Z"
  },
  {
    "anime_title": "Boruto On-Going",
    "episode_title": "Boruto: Naruto Next Generations Episode 243 Subtitle Indonesia",
    "episode_link": "https://otakudesu.best/episode/btr-nng-episode-243-sub-indo/",
    "episode_date": "3 April,2022",
    "server": "yourupload",
    "quality": "720p",
    "data_content": "eyJpZCI6MTE5NjQxLCJpIjoxLCJxIjoiNzIwcCJ9",
    "decoded_data": {
      "id": 119641,
      "i": 1,
      "q": "720p"
    },
    "stream_url": "https://desudrive.com/stream/yuplod.php?id=LjSjExH853DK",
    "is_default": false,
    "timestamp": "2025-09-12T09:10:08.622Z"
  },
  {
    "anime_title": "Boruto On-Going",
    "episode_title": "Boruto: Naruto Next Generations Episode 243 Subtitle Indonesia",
    "episode_link": "https://otakudesu.best/episode/btr-nng-episode-243-sub-indo/",
    "episode_date": "3 April,2022",
    "server": "filesim",
    "quality": "360p",
    "data_content": "eyJpZCI6MTE5NjQxLCJpIjowLCJxIjoiMzYwcCJ9",
    "decoded_data": {
      "id": 119641,
      "i": 0,
      "q": "360p"
    },
    "stream_url": "https://files.im/embed-maw8qftpu29y.html",
    "is_default": false,
    "timestamp": "2025-09-12T09:10:08.254Z"
  },
  {
    "anime_title": "Boruto On-Going",
    "episode_title": "Boruto: Naruto Next Generations Episode 243 Subtitle Indonesia",
    "episode_link": "https://otakudesu.best/episode/btr-nng-episode-243-sub-indo/",
    "episode_date": "3 April,2022",
    "server": "yourupload",
    "quality": "360p",
    "data_content": "eyJpZCI6MTE5NjQxLCJpIjoxLCJxIjoiMzYwcCJ9",
    "decoded_data": {
      "id": 119641,
      "i": 1,
      "q": "360p"
    },
    "stream_url": "https://desudrive.com/stream/yuplod.php?id=DTP6W3AF18g7",
    "is_default": false,
    "timestamp": "2025-09-12T09:10:08.449Z"
  },
  {
    "anime_title": "Boruto On-Going",
    "episode_title": "Boruto: Naruto Next Generations Episode 243 Subtitle Indonesia",
    "episode_link": "https://otakudesu.best/episode/btr-nng-episode-243-sub-indo/",
    "episode_date": "3 April,2022",
    "server": "mega",
    "quality": "360p",
    "data_content": "eyJpZCI6MTE5NjQxLCJpIjoyLCJxIjoiMzYwcCJ9",
    "decoded_data": {
      "id": 119641,
      "i": 2,
      "q": "360p"
    },
    "stream_url": "https://mega.nz/embed/AENQRCQQ#LMG91tRVFvCHRA-AZBC8x94cwJnlvn6JG23h2C-RqJE",
    "is_default": false,
    "timestamp": "2025-09-12T09:10:08.178Z"
  },
  {
    "anime_title": "Boruto On-Going",
    "episode_title": "Boruto: Naruto Next Generations Episode 243 Subtitle Indonesia",
    "episode_link": "https://otakudesu.best/episode/btr-nng-episode-243-sub-indo/",
    "episode_date": "3 April,2022",
    "server": "mp4load",
    "quality": "360p",
    "data_content": "eyJpZCI6MTE5NjQxLCJpIjozLCJxIjoiMzYwcCJ9",
    "decoded_data": {
      "id": 119641,
      "i": 3,
      "q": "360p"
    },
    "stream_url": "https://www.mp4upload.com/embed-k5p7xeiw2usa.html",
    "is_default": false,
    "timestamp": "2025-09-12T09:10:08.217Z"
  },
  {
    "anime_title": "Boruto On-Going",
    "episode_title": "Boruto: Naruto Next Generations Episode 243 Subtitle Indonesia",
    "episode_link": "https://otakudesu.best/episode/btr-nng-episode-243-sub-indo/",
    "episode_date": "3 April,2022",
    "server": "ondesu",
    "quality": "480p",
    "data_content": "eyJpZCI6MTE5NjQxLCJpIjowLCJxIjoiNDgwcCJ9",
    "decoded_data": {
      "id": 119641,
      "i": 0,
      "q": "480p"
    },
    "stream_url": "https://desustream.info/dstream/ondesu/v5/index.php?id=Mk5CYkpnTnpOOGIvNTFBZmFrQUdVL2h5d2JZNUxNOXc2Y3J4eS8ybEdXRT0=",
    "is_default": true,
    "timestamp": "2025-09-12T09:10:08.281Z"
  },
  {
    "anime_title": "Boruto On-Going",
    "episode_title": "Boruto: Naruto Next Generations Episode 243 Subtitle Indonesia",
    "episode_link": "https://otakudesu.best/episode/btr-nng-episode-243-sub-indo/",
    "episode_date": "3 April,2022",
    "server": "filesim",
    "quality": "480p",
    "data_content": "eyJpZCI6MTE5NjQxLCJpIjoxLCJxIjoiNDgwcCJ9",
    "decoded_data": {
      "id": 119641,
      "i": 1,
      "q": "480p"
    },
    "stream_url": "https://files.im/embed-1yjw7meyi44s.html",
    "is_default": false,
    "timestamp": "2025-09-12T09:10:08.310Z"
  },
  {
    "anime_title": "Boruto On-Going",
    "episode_title": "Boruto: Naruto Next Generations Episode 243 Subtitle Indonesia",
    "episode_link": "https://otakudesu.best/episode/btr-nng-episode-243-sub-indo/",
    "episode_date": "3 April,2022",
    "server": "yourupload",
    "quality": "480p",
    "data_content": "eyJpZCI6MTE5NjQxLCJpIjoyLCJxIjoiNDgwcCJ9",
    "decoded_data": {
      "id": 119641,
      "i": 2,
      "q": "480p"
    },
    "stream_url": "https://desudrive.com/stream/yuplod.php?id=Ymf30y3JqK13",
    "is_default": false,
    "timestamp": "2025-09-12T09:10:08.339Z"
  },
  {
    "anime_title": "Boruto On-Going",
    "episode_title": "Boruto: Naruto Next Generations Episode 243 Subtitle Indonesia",
    "episode_link": "https://otakudesu.best/episode/btr-nng-episode-243-sub-indo/",
    "episode_date": "3 April,2022",
    "server": "mega",
    "quality": "480p",
    "data_content": "eyJpZCI6MTE5NjQxLCJpIjozLCJxIjoiNDgwcCJ9",
    "decoded_data": {
      "id": 119641,
      "i": 3,
      "q": "480p"
    },
    "stream_url": "https://mega.nz/embed/8BMkRZTI#43cDRKFaaXoxPw_0IMTrTFgixnk83sEJjw4IQliuno4",
    "is_default": false,
    "timestamp": "2025-09-12T09:10:08.367Z"
  },
  {
    "anime_title": "Boruto On-Going",
    "episode_title": "Boruto: Naruto Next Generations Episode 243 Subtitle Indonesia",
    "episode_link": "https://otakudesu.best/episode/btr-nng-episode-243-sub-indo/",
    "episode_date": "3 April,2022",
    "server": "mp4load",
    "quality": "480p",
    "data_content": "eyJpZCI6MTE5NjQxLCJpIjo0LCJxIjoiNDgwcCJ9",
    "decoded_data": {
      "id": 119641,
      "i": 4,
      "q": "480p"
    },
    "stream_url": "https://www.mp4upload.com/embed-smznb1le746i.html",
    "is_default": false,
    "timestamp": "2025-09-12T09:10:08.418Z"
  },
  {
    "anime_title": "Boruto On-Going",
    "episode_title": "Boruto: Naruto Next Generations Episode 243 Subtitle Indonesia",
    "episode_link": "https://otakudesu.best/episode/btr-nng-episode-243-sub-indo/",
    "episode_date": "3 April,2022",
    "server": "filesim",
    "quality": "720p",
    "data_content": "eyJpZCI6MTE5NjQxLCJpIjowLCJxIjoiNzIwcCJ9",
    "decoded_data": {
      "id": 119641,
      "i": 0,
      "q": "720p"
    },
    "stream_url": "https://files.im/embed-b31619k0cvx4.html",
    "is_default": false,
    "timestamp": "2025-09-12T09:10:08.478Z"
  },
  {
    "anime_title": "Boruto On-Going",
    "episode_title": "Boruto: Naruto Next Generations Episode 243 Subtitle Indonesia",
    "episode_link": "https://otakudesu.best/episode/btr-nng-episode-243-sub-indo/",
    "episode_date": "3 April,2022",
    "server": "yourupload",
    "quality": "720p",
    "data_content": "eyJpZCI6MTE5NjQxLCJpIjoxLCJxIjoiNzIwcCJ9",
    "decoded_data": {
      "id": 119641,
      "i": 1,
      "q": "720p"
    },
    "stream_url": "https://desudrive.com/stream/yuplod.php?id=LjSjExH853DK",
    "is_default": false,
    "timestamp": "2025-09-12T09:10:08.622Z"
  },
  {
    "anime_title": "Boruto On-Going",
    "episode_title": "Boruto: Naruto Next Generations Episode 243 Subtitle Indonesia",
    "episode_link": "https://otakudesu.best/episode/btr-nng-episode-243-sub-indo/",
    "episode_date": "3 April,2022",
    "server": "mega",
    "quality": "720p",
    "data_content": "eyJpZCI6MTE5NjQxLCJpIjoyLCJxIjoiNzIwcCJ9",
    "decoded_data": {
      "id": 119641,
      "i": 2,
      "q": "720p"
    },
    "stream_url": "https://mega.nz/embed/lRcRgAbb#kNums301LIU7RrZ8F_MP0Gy1C_2xIP54fIkGYYPjLMg",
    "is_default": false,
    "timestamp": "2025-09-12T09:10:08.565Z"
  },
  {
    "anime_title": "Boruto On-Going",
    "episode_title": "Boruto: Naruto Next Generations Episode 243 Subtitle Indonesia",
    "episode_link": "https://otakudesu.best/episode/btr-nng-episode-243-sub-indo/",
    "episode_date": "3 April,2022",
    "server": "mp4load",
    "quality": "720p",
    "data_content": "eyJpZCI6MTE5NjQxLCJpIjozLCJxIjoiNzIwcCJ9",
    "decoded_data": {
      "id": 119641,
      "i": 3,
      "q": "720p"
    },
    "stream_url": "https://www.mp4upload.com/embed-1e02p6uk3r95.html",
    "is_default": false,
    "timestamp": "2025-09-12T09:10:08.595Z"
  },
  {
    "anime_title": "Boruto On-Going",
    "episode_title": "Boruto: Naruto Next Generations Episode 244 Subtitle Indonesia",
    "episode_link": "https://otakudesu.best/episode/btr-nng-episode-244-sub-indo/",
    "episode_date": "10 April,2022",
    "server": "filesim",
    "quality": "360p",
    "data_content": "eyJpZCI6MTIwMTE2LCJpIjowLCJxIjoiMzYwcCJ9",
    "decoded_data": {
      "id": 120116,
      "i": 0,
      "q": "360p"
    },
    "stream_url": "https://files.im/embed-hsj6uukl0xw6.html",
    "is_default": false,
    "timestamp": "2025-09-12T09:10:09.512Z"
  },
  {
    "anime_title": "Boruto On-Going",
    "episode_title": "Boruto: Naruto Next Generations Episode 244 Subtitle Indonesia",
    "episode_link": "https://otakudesu.best/episode/btr-nng-episode-244-sub-indo/",
    "episode_date": "10 April,2022",
    "server": "mega",
    "quality": "360p",
    "data_content": "eyJpZCI6MTIwMTE2LCJpIjoxLCJxIjoiMzYwcCJ9",
    "decoded_data": {
      "id": 120116,
      "i": 1,
      "q": "360p"
    },
    "stream_url": "https://mega.nz/embed/JQ0DUL4Y#F4f8bYJZ5TXMSers5OBzCZ-bJbMCLGkMJX5Ya8lNsoY",
    "is_default": false,
    "timestamp": "2025-09-12T09:10:09.562Z"
  },
  {
    "anime_title": "Boruto On-Going",
    "episode_title": "Boruto: Naruto Next Generations Episode 244 Subtitle Indonesia",
    "episode_link": "https://otakudesu.best/episode/btr-nng-episode-244-sub-indo/",
    "episode_date": "10 April,2022",
    "server": "mp4load",
    "quality": "360p",
    "data_content": "eyJpZCI6MTIwMTE2LCJpIjoyLCJxIjoiMzYwcCJ9",
    "decoded_data": {
      "id": 120116,
      "i": 2,
      "q": "360p"
    },
    "stream_url": "https://www.mp4upload.com/embed-vxdt15x18sa0.html",
    "is_default": false,
    "timestamp": "2025-09-12T09:10:09.622Z"
  },
  {
    "anime_title": "Boruto On-Going",
    "episode_title": "Boruto: Naruto Next Generations Episode 244 Subtitle Indonesia",
    "episode_link": "https://otakudesu.best/episode/btr-nng-episode-244-sub-indo/",
    "episode_date": "10 April,2022",
    "server": "GDrive",
    "quality": "360p",
    "data_content": "eyJpZCI6MTIwMTE2LCJpIjozLCJxIjoiMzYwcCJ9",
    "decoded_data": {
      "id": 120116,
      "i": 3,
      "q": "360p"
    },
    "stream_url": "https://gdriveplayer.me/embed2.php?link=https://drive.google.com/open?id=1OPgAlnUCMIOFRFIWbYiCgA63V1cAgcir",
    "is_default": false,
    "timestamp": "2025-09-12T09:10:09.659Z"
  },
  {
    "anime_title": "Boruto On-Going",
    "episode_title": "Boruto: Naruto Next Generations Episode 244 Subtitle Indonesia",
    "episode_link": "https://otakudesu.best/episode/btr-nng-episode-244-sub-indo/",
    "episode_date": "10 April,2022",
    "server": "ondesu",
    "quality": "480p",
    "data_content": "eyJpZCI6MTIwMTE2LCJpIjowLCJxIjoiNDgwcCJ9",
    "decoded_data": {
      "id": 120116,
      "i": 0,
      "q": "480p"
    },
    "stream_url": "https://desustream.info/dstream/ondesu/v5/index.php?id=Mk5CYkpnTnpOOGIvNTFBZmFrQUdVeklsY1VFazlUOERSc2pTeXlSNjUxdz0=",
    "is_default": true,
    "timestamp": "2025-09-12T09:10:09.685Z"
  },
  {
    "anime_title": "Boruto On-Going",
    "episode_title": "Boruto: Naruto Next Generations Episode 244 Subtitle Indonesia",
    "episode_link": "https://otakudesu.best/episode/btr-nng-episode-244-sub-indo/",
    "episode_date": "10 April,2022",
    "server": "filesim",
    "quality": "480p",
    "data_content": "eyJpZCI6MTIwMTE2LCJpIjoxLCJxIjoiNDgwcCJ9",
    "decoded_data": {
      "id": 120116,
      "i": 1,
      "q": "480p"
    },
    "stream_url": "https://files.im/embed-ocnhdubnwckd.html",
    "is_default": false,
    "timestamp": "2025-09-12T09:10:09.719Z"
  },
  {
    "anime_title": "Boruto On-Going",
    "episode_title": "Boruto: Naruto Next Generations Episode 244 Subtitle Indonesia",
    "episode_link": "https://otakudesu.best/episode/btr-nng-episode-244-sub-indo/",
    "episode_date": "10 April,2022",
    "server": "mega",
    "quality": "480p",
    "data_content": "eyJpZCI6MTIwMTE2LCJpIjoyLCJxIjoiNDgwcCJ9",
    "decoded_data": {
      "id": 120116,
      "i": 2,
      "q": "480p"
    },
    "stream_url": "https://mega.nz/embed/kAEWHAjA#tLyzNNIJqjEyG-Yfb2pQZWErFt5p_S91kGJxuqHvkFQ",
    "is_default": false,
    "timestamp": "2025-09-12T09:10:09.748Z"
  },
  {
    "anime_title": "Boruto On-Going",
    "episode_title": "Boruto: Naruto Next Generations Episode 244 Subtitle Indonesia",
    "episode_link": "https://otakudesu.best/episode/btr-nng-episode-244-sub-indo/",
    "episode_date": "10 April,2022",
    "server": "GDrive",
    "quality": "480p",
    "data_content": "eyJpZCI6MTIwMTE2LCJpIjo0LCJxIjoiNDgwcCJ9",
    "decoded_data": {
      "id": 120116,
      "i": 4,
      "q": "480p"
    },
    "stream_url": "https://gdriveplayer.me/embed2.php?link=https://drive.google.com/open?id=14-TYRVSxlBPOfO2ApZtBZ0Mx6si3FVaX",
    "is_default": false,
    "timestamp": "2025-09-12T09:10:09.807Z"
  },
  {
    "anime_title": "Boruto On-Going",
    "episode_title": "Boruto: Naruto Next Generations Episode 244 Subtitle Indonesia",
    "episode_link": "https://otakudesu.best/episode/btr-nng-episode-244-sub-indo/",
    "episode_date": "10 April,2022",
    "server": "mp4load",
    "quality": "480p",
    "data_content": "eyJpZCI6MTIwMTE2LCJpIjozLCJxIjoiNDgwcCJ9",
    "decoded_data": {
      "id": 120116,
      "i": 3,
      "q": "480p"
    },
    "stream_url": "https://www.mp4upload.com/embed-u2kfe22t046c.html",
    "is_default": false,
    "timestamp": "2025-09-12T09:10:09.832Z"
  },
  {
    "anime_title": "Boruto On-Going",
    "episode_title": "Boruto: Naruto Next Generations Episode 244 Subtitle Indonesia",
    "episode_link": "https://otakudesu.best/episode/btr-nng-episode-244-sub-indo/",
    "episode_date": "10 April,2022",
    "server": "stdesu",
    "quality": "720p",
    "data_content": "eyJpZCI6MTIwMTE2LCJpIjowLCJxIjoiNzIwcCJ9",
    "decoded_data": {
      "id": 120116,
      "i": 0,
      "q": "720p"
    },
    "stream_url": "https://meownime.ltd/arcg/?id=UFh5TElqWEwxc3dsK0ltcDNJdEtQZz09",
    "is_default": false,
    "timestamp": "2025-09-12T09:10:09.880Z"
  },
  {
    "anime_title": "Boruto On-Going",
    "episode_title": "Boruto: Naruto Next Generations Episode 244 Subtitle Indonesia",
    "episode_link": "https://otakudesu.best/episode/btr-nng-episode-244-sub-indo/",
    "episode_date": "10 April,2022",
    "server": "mega",
    "quality": "720p",
    "data_content": "eyJpZCI6MTIwMTE2LCJpIjoxLCJxIjoiNzIwcCJ9",
    "decoded_data": {
      "id": 120116,
      "i": 1,
      "q": "720p"
    },
    "stream_url": "https://mega.nz/embed/kY0nHDgK#i2tTruoSJm-LiVFXArvCw_fzh8G6-2DyTP0Dk_KcMtk",
    "is_default": false,
    "timestamp": "2025-09-12T09:10:09.943Z"
  },
  {
    "anime_title": "Boruto On-Going",
    "episode_title": "Boruto: Naruto Next Generations Episode 244 Subtitle Indonesia",
    "episode_link": "https://otakudesu.best/episode/btr-nng-episode-244-sub-indo/",
    "episode_date": "10 April,2022",
    "server": "mp4load",
    "quality": "720p",
    "data_content": "eyJpZCI6MTIwMTE2LCJpIjoyLCJxIjoiNzIwcCJ9",
    "decoded_data": {
      "id": 120116,
      "i": 2,
      "q": "720p"
    },
    "stream_url": "https://www.mp4upload.com/embed-it12nknq5ww7.html",
    "is_default": false,
    "timestamp": "2025-09-12T09:10:09.971Z"
  },
  {
    "anime_title": "Boruto On-Going",
    "episode_title": "Boruto: Naruto Next Generations Episode 244 Subtitle Indonesia",
    "episode_link": "https://otakudesu.best/episode/btr-nng-episode-244-sub-indo/",
    "episode_date": "10 April,2022",
    "server": "filesim",
    "quality": "720p",
    "data_content": "eyJpZCI6MTIwMTE2LCJpIjozLCJxIjoiNzIwcCJ9",
    "decoded_data": {
      "id": 120116,
      "i": 3,
      "q": "720p"
    },
    "stream_url": "https://files.im/embed-j71imgdhy27f.html",
    "is_default": false,
    "timestamp": "2025-09-12T09:10:10.367Z"
  },
  {
    "anime_title": "Boruto On-Going",
    "episode_title": "Boruto: Naruto Next Generations Episode 244 Subtitle Indonesia",
    "episode_link": "https://otakudesu.best/episode/btr-nng-episode-244-sub-indo/",
    "episode_date": "10 April,2022",
    "server": "filesim",
    "quality": "360p",
    "data_content": "eyJpZCI6MTIwMTE2LCJpIjowLCJxIjoiMzYwcCJ9",
    "decoded_data": {
      "id": 120116,
      "i": 0,
      "q": "360p"
    },
    "stream_url": "https://files.im/embed-hsj6uukl0xw6.html",
    "is_default": false,
    "timestamp": "2025-09-12T09:10:09.512Z"
  },
  {
    "anime_title": "Boruto On-Going",
    "episode_title": "Boruto: Naruto Next Generations Episode 244 Subtitle Indonesia",
    "episode_link": "https://otakudesu.best/episode/btr-nng-episode-244-sub-indo/",
    "episode_date": "10 April,2022",
    "server": "mega",
    "quality": "360p",
    "data_content": "eyJpZCI6MTIwMTE2LCJpIjoxLCJxIjoiMzYwcCJ9",
    "decoded_data": {
      "id": 120116,
      "i": 1,
      "q": "360p"
    },
    "stream_url": "https://mega.nz/embed/JQ0DUL4Y#F4f8bYJZ5TXMSers5OBzCZ-bJbMCLGkMJX5Ya8lNsoY",
    "is_default": false,
    "timestamp": "2025-09-12T09:10:09.562Z"
  },
  {
    "anime_title": "Boruto On-Going",
    "episode_title": "Boruto: Naruto Next Generations Episode 244 Subtitle Indonesia",
    "episode_link": "https://otakudesu.best/episode/btr-nng-episode-244-sub-indo/",
    "episode_date": "10 April,2022",
    "server": "mp4load",
    "quality": "360p",
    "data_content": "eyJpZCI6MTIwMTE2LCJpIjoyLCJxIjoiMzYwcCJ9",
    "decoded_data": {
      "id": 120116,
      "i": 2,
      "q": "360p"
    },
    "stream_url": "https://www.mp4upload.com/embed-vxdt15x18sa0.html",
    "is_default": false,
    "timestamp": "2025-09-12T09:10:09.622Z"
  },
  {
    "anime_title": "Boruto On-Going",
    "episode_title": "Boruto: Naruto Next Generations Episode 244 Subtitle Indonesia",
    "episode_link": "https://otakudesu.best/episode/btr-nng-episode-244-sub-indo/",
    "episode_date": "10 April,2022",
    "server": "GDrive",
    "quality": "360p",
    "data_content": "eyJpZCI6MTIwMTE2LCJpIjozLCJxIjoiMzYwcCJ9",
    "decoded_data": {
      "id": 120116,
      "i": 3,
      "q": "360p"
    },
    "stream_url": "https://gdriveplayer.me/embed2.php?link=https://drive.google.com/open?id=1OPgAlnUCMIOFRFIWbYiCgA63V1cAgcir",
    "is_default": false,
    "timestamp": "2025-09-12T09:10:09.659Z"
  },
  {
    "anime_title": "Boruto On-Going",
    "episode_title": "Boruto: Naruto Next Generations Episode 244 Subtitle Indonesia",
    "episode_link": "https://otakudesu.best/episode/btr-nng-episode-244-sub-indo/",
    "episode_date": "10 April,2022",
    "server": "ondesu",
    "quality": "480p",
    "data_content": "eyJpZCI6MTIwMTE2LCJpIjowLCJxIjoiNDgwcCJ9",
    "decoded_data": {
      "id": 120116,
      "i": 0,
      "q": "480p"
    },
    "stream_url": "https://desustream.info/dstream/ondesu/v5/index.php?id=Mk5CYkpnTnpOOGIvNTFBZmFrQUdVeklsY1VFazlUOERSc2pTeXlSNjUxdz0=",
    "is_default": true,
    "timestamp": "2025-09-12T09:10:09.685Z"
  },
  {
    "anime_title": "Boruto On-Going",
    "episode_title": "Boruto: Naruto Next Generations Episode 244 Subtitle Indonesia",
    "episode_link": "https://otakudesu.best/episode/btr-nng-episode-244-sub-indo/",
    "episode_date": "10 April,2022",
    "server": "filesim",
    "quality": "480p",
    "data_content": "eyJpZCI6MTIwMTE2LCJpIjoxLCJxIjoiNDgwcCJ9",
    "decoded_data": {
      "id": 120116,
      "i": 1,
      "q": "480p"
    },
    "stream_url": "https://files.im/embed-ocnhdubnwckd.html",
    "is_default": false,
    "timestamp": "2025-09-12T09:10:09.719Z"
  },
  {
    "anime_title": "Boruto On-Going",
    "episode_title": "Boruto: Naruto Next Generations Episode 244 Subtitle Indonesia",
    "episode_link": "https://otakudesu.best/episode/btr-nng-episode-244-sub-indo/",
    "episode_date": "10 April,2022",
    "server": "mega",
    "quality": "480p",
    "data_content": "eyJpZCI6MTIwMTE2LCJpIjoyLCJxIjoiNDgwcCJ9",
    "decoded_data": {
      "id": 120116,
      "i": 2,
      "q": "480p"
    },
    "stream_url": "https://mega.nz/embed/kAEWHAjA#tLyzNNIJqjEyG-Yfb2pQZWErFt5p_S91kGJxuqHvkFQ",
    "is_default": false,
    "timestamp": "2025-09-12T09:10:09.748Z"
  },
  {
    "anime_title": "Boruto On-Going",
    "episode_title": "Boruto: Naruto Next Generations Episode 244 Subtitle Indonesia",
    "episode_link": "https://otakudesu.best/episode/btr-nng-episode-244-sub-indo/",
    "episode_date": "10 April,2022",
    "server": "mp4load",
    "quality": "480p",
    "data_content": "eyJpZCI6MTIwMTE2LCJpIjozLCJxIjoiNDgwcCJ9",
    "decoded_data": {
      "id": 120116,
      "i": 3,
      "q": "480p"
    },
    "stream_url": "https://www.mp4upload.com/embed-u2kfe22t046c.html",
    "is_default": false,
    "timestamp": "2025-09-12T09:10:09.832Z"
  },
  {
    "anime_title": "Boruto On-Going",
    "episode_title": "Boruto: Naruto Next Generations Episode 244 Subtitle Indonesia",
    "episode_link": "https://otakudesu.best/episode/btr-nng-episode-244-sub-indo/",
    "episode_date": "10 April,2022",
    "server": "GDrive",
    "quality": "480p",
    "data_content": "eyJpZCI6MTIwMTE2LCJpIjo0LCJxIjoiNDgwcCJ9",
    "decoded_data": {
      "id": 120116,
      "i": 4,
      "q": "480p"
    },
    "stream_url": "https://gdriveplayer.me/embed2.php?link=https://drive.google.com/open?id=14-TYRVSxlBPOfO2ApZtBZ0Mx6si3FVaX",
    "is_default": false,
    "timestamp": "2025-09-12T09:10:09.807Z"
  },
  {
    "anime_title": "Boruto On-Going",
    "episode_title": "Boruto: Naruto Next Generations Episode 244 Subtitle Indonesia",
    "episode_link": "https://otakudesu.best/episode/btr-nng-episode-244-sub-indo/",
    "episode_date": "10 April,2022",
    "server": "stdesu",
    "quality": "720p",
    "data_content": "eyJpZCI6MTIwMTE2LCJpIjowLCJxIjoiNzIwcCJ9",
    "decoded_data": {
      "id": 120116,
      "i": 0,
      "q": "720p"
    },
    "stream_url": "https://meownime.ltd/arcg/?id=UFh5TElqWEwxc3dsK0ltcDNJdEtQZz09",
    "is_default": false,
    "timestamp": "2025-09-12T09:10:09.880Z"
  },
  {
    "anime_title": "Boruto On-Going",
    "episode_title": "Boruto: Naruto Next Generations Episode 244 Subtitle Indonesia",
    "episode_link": "https://otakudesu.best/episode/btr-nng-episode-244-sub-indo/",
    "episode_date": "10 April,2022",
    "server": "mega",
    "quality": "720p",
    "data_content": "eyJpZCI6MTIwMTE2LCJpIjoxLCJxIjoiNzIwcCJ9",
    "decoded_data": {
      "id": 120116,
      "i": 1,
      "q": "720p"
    },
    "stream_url": "https://mega.nz/embed/kY0nHDgK#i2tTruoSJm-LiVFXArvCw_fzh8G6-2DyTP0Dk_KcMtk",
    "is_default": false,
    "timestamp": "2025-09-12T09:10:09.943Z"
  },
  {
    "anime_title": "Boruto On-Going",
    "episode_title": "Boruto: Naruto Next Generations Episode 244 Subtitle Indonesia",
    "episode_link": "https://otakudesu.best/episode/btr-nng-episode-244-sub-indo/",
    "episode_date": "10 April,2022",
    "server": "mp4load",
    "quality": "720p",
    "data_content": "eyJpZCI6MTIwMTE2LCJpIjoyLCJxIjoiNzIwcCJ9",
    "decoded_data": {
      "id": 120116,
      "i": 2,
      "q": "720p"
    },
    "stream_url": "https://www.mp4upload.com/embed-it12nknq5ww7.html",
    "is_default": false,
    "timestamp": "2025-09-12T09:10:09.971Z"
  },
  {
    "anime_title": "Boruto On-Going",
    "episode_title": "Boruto: Naruto Next Generations Episode 244 Subtitle Indonesia",
    "episode_link": "https://otakudesu.best/episode/btr-nng-episode-244-sub-indo/",
    "episode_date": "10 April,2022",
    "server": "filesim",
    "quality": "720p",
    "data_content": "eyJpZCI6MTIwMTE2LCJpIjozLCJxIjoiNzIwcCJ9",
    "decoded_data": {
      "id": 120116,
      "i": 3,
      "q": "720p"
    },
    "stream_url": "https://files.im/embed-j71imgdhy27f.html",
    "is_default": false,
    "timestamp": "2025-09-12T09:10:10.367Z"
  },
  {
    "anime_title": "Boruto On-Going",
    "episode_title": "Boruto: Naruto Next Generations Episode 245 Subtitle Indonesia",
    "episode_link": "https://otakudesu.best/episode/btr-nng-episode-245-sub-indo/",
    "episode_date": "17 April,2022",
    "server": "filesim",
    "quality": "360p",
    "data_content": "eyJpZCI6MTIwMzQyLCJpIjowLCJxIjoiMzYwcCJ9",
    "decoded_data": {
      "id": 120342,
      "i": 0,
      "q": "360p"
    },
    "stream_url": "https://files.im/embed-p2zjxdwji9oa.html",
    "is_default": false,
    "timestamp": "2025-09-12T09:10:11.219Z"
  },
  {
    "anime_title": "Boruto On-Going",
    "episode_title": "Boruto: Naruto Next Generations Episode 245 Subtitle Indonesia",
    "episode_link": "https://otakudesu.best/episode/btr-nng-episode-245-sub-indo/",
    "episode_date": "17 April,2022",
    "server": "yourupload",
    "quality": "360p",
    "data_content": "eyJpZCI6MTIwMzQyLCJpIjoxLCJxIjoiMzYwcCJ9",
    "decoded_data": {
      "id": 120342,
      "i": 1,
      "q": "360p"
    },
    "stream_url": "https://desudrive.com/stream/yuplod.php?id=Eej4J02Db1uh",
    "is_default": false,
    "timestamp": "2025-09-12T09:10:11.253Z"
  },
  {
    "anime_title": "Boruto On-Going",
    "episode_title": "Boruto: Naruto Next Generations Episode 245 Subtitle Indonesia",
    "episode_link": "https://otakudesu.best/episode/btr-nng-episode-245-sub-indo/",
    "episode_date": "17 April,2022",
    "server": "mega",
    "quality": "360p",
    "data_content": "eyJpZCI6MTIwMzQyLCJpIjoyLCJxIjoiMzYwcCJ9",
    "decoded_data": {
      "id": 120342,
      "i": 2,
      "q": "360p"
    },
    "stream_url": "https://mega.nz/embed/pclXzKrQ#pOGI_mb7X-AzopkRLEPgVS24Asb1pr_h1YUW8LhXPlI",
    "is_default": false,
    "timestamp": "2025-09-12T09:10:11.284Z"
  },
  {
    "anime_title": "Boruto On-Going",
    "episode_title": "Boruto: Naruto Next Generations Episode 245 Subtitle Indonesia",
    "episode_link": "https://otakudesu.best/episode/btr-nng-episode-245-sub-indo/",
    "episode_date": "17 April,2022",
    "server": "mp4load",
    "quality": "360p",
    "data_content": "eyJpZCI6MTIwMzQyLCJpIjozLCJxIjoiMzYwcCJ9",
    "decoded_data": {
      "id": 120342,
      "i": 3,
      "q": "360p"
    },
    "stream_url": "https://www.mp4upload.com/embed-gbigpaqwq080.html",
    "is_default": false,
    "timestamp": "2025-09-12T09:10:11.323Z"
  },
  {
    "anime_title": "Boruto On-Going",
    "episode_title": "Boruto: Naruto Next Generations Episode 245 Subtitle Indonesia",
    "episode_link": "https://otakudesu.best/episode/btr-nng-episode-245-sub-indo/",
    "episode_date": "17 April,2022",
    "server": "filesim",
    "quality": "480p",
    "data_content": "eyJpZCI6MTIwMzQyLCJpIjoxLCJxIjoiNDgwcCJ9",
    "decoded_data": {
      "id": 120342,
      "i": 1,
      "q": "480p"
    },
    "stream_url": "https://files.im/embed-zh9ymgxepfdi.html",
    "is_default": false,
    "timestamp": "2025-09-12T09:10:11.413Z"
  },
  {
    "anime_title": "Boruto On-Going",
    "episode_title": "Boruto: Naruto Next Generations Episode 245 Subtitle Indonesia",
    "episode_link": "https://otakudesu.best/episode/btr-nng-episode-245-sub-indo/",
    "episode_date": "17 April,2022",
    "server": "yourupload",
    "quality": "480p",
    "data_content": "eyJpZCI6MTIwMzQyLCJpIjoyLCJxIjoiNDgwcCJ9",
    "decoded_data": {
      "id": 120342,
      "i": 2,
      "q": "480p"
    },
    "stream_url": "https://desudrive.com/stream/yuplod.php?id=Md4tkYf6CbBF",
    "is_default": false,
    "timestamp": "2025-09-12T09:10:11.445Z"
  },
  {
    "anime_title": "Boruto On-Going",
    "episode_title": "Boruto: Naruto Next Generations Episode 245 Subtitle Indonesia",
    "episode_link": "https://otakudesu.best/episode/btr-nng-episode-245-sub-indo/",
    "episode_date": "17 April,2022",
    "server": "mega",
    "quality": "480p",
    "data_content": "eyJpZCI6MTIwMzQyLCJpIjozLCJxIjoiNDgwcCJ9",
    "decoded_data": {
      "id": 120342,
      "i": 3,
      "q": "480p"
    },
    "stream_url": "https://mega.nz/embed/JZEXATaB#3BC5UewGcjzWC_LprKefbKGYiFppcgwOO7N_LAw5LYY",
    "is_default": false,
    "timestamp": "2025-09-12T09:10:11.474Z"
  },
  {
    "anime_title": "Boruto On-Going",
    "episode_title": "Boruto: Naruto Next Generations Episode 245 Subtitle Indonesia",
    "episode_link": "https://otakudesu.best/episode/btr-nng-episode-245-sub-indo/",
    "episode_date": "17 April,2022",
    "server": "ondesu",
    "quality": "480p",
    "data_content": "eyJpZCI6MTIwMzQyLCJpIjowLCJxIjoiNDgwcCJ9",
    "decoded_data": {
      "id": 120342,
      "i": 0,
      "q": "480p"
    },
    "stream_url": "https://desustream.info/dstream/ondesu/v5/index.php?id=Mk5CYkpnTnpOOGIvNTFBZmFrQUdVNGxuL3VDR3JteWNpamJqajJqY01CYz0=",
    "is_default": true,
    "timestamp": "2025-09-12T09:10:11.503Z"
  },
  {
    "anime_title": "Boruto On-Going",
    "episode_title": "Boruto: Naruto Next Generations Episode 245 Subtitle Indonesia",
    "episode_link": "https://otakudesu.best/episode/btr-nng-episode-245-sub-indo/",
    "episode_date": "17 April,2022",
    "server": "mp4load",
    "quality": "480p",
    "data_content": "eyJpZCI6MTIwMzQyLCJpIjo0LCJxIjoiNDgwcCJ9",
    "decoded_data": {
      "id": 120342,
      "i": 4,
      "q": "480p"
    },
    "stream_url": "https://www.mp4upload.com/embed-tp01ssmx8vn5.html",
    "is_default": false,
    "timestamp": "2025-09-12T09:10:11.533Z"
  },
  {
    "anime_title": "Boruto On-Going",
    "episode_title": "Boruto: Naruto Next Generations Episode 245 Subtitle Indonesia",
    "episode_link": "https://otakudesu.best/episode/btr-nng-episode-245-sub-indo/",
    "episode_date": "17 April,2022",
    "server": "filesim",
    "quality": "720p",
    "data_content": "eyJpZCI6MTIwMzQyLCJpIjowLCJxIjoiNzIwcCJ9",
    "decoded_data": {
      "id": 120342,
      "i": 0,
      "q": "720p"
    },
    "stream_url": "https://files.im/embed-3tlgrt803u8a.html",
    "is_default": false,
    "timestamp": "2025-09-12T09:10:11.589Z"
  },
  {
    "anime_title": "Boruto On-Going",
    "episode_title": "Boruto: Naruto Next Generations Episode 245 Subtitle Indonesia",
    "episode_link": "https://otakudesu.best/episode/btr-nng-episode-245-sub-indo/",
    "episode_date": "17 April,2022",
    "server": "yourupload",
    "quality": "720p",
    "data_content": "eyJpZCI6MTIwMzQyLCJpIjoxLCJxIjoiNzIwcCJ9",
    "decoded_data": {
      "id": 120342,
      "i": 1,
      "q": "720p"
    },
    "stream_url": "https://desudrive.com/stream/yuplod.php?id=vgsg6CdTGOjb",
    "is_default": false,
    "timestamp": "2025-09-12T09:10:11.652Z"
  },
  {
    "anime_title": "Boruto On-Going",
    "episode_title": "Boruto: Naruto Next Generations Episode 245 Subtitle Indonesia",
    "episode_link": "https://otakudesu.best/episode/btr-nng-episode-245-sub-indo/",
    "episode_date": "17 April,2022",
    "server": "mega",
    "quality": "720p",
    "data_content": "eyJpZCI6MTIwMzQyLCJpIjoyLCJxIjoiNzIwcCJ9",
    "decoded_data": {
      "id": 120342,
      "i": 2,
      "q": "720p"
    },
    "stream_url": "https://mega.nz/embed/QNNEAIKZ#VPr-It6qaLujt-Ko-sg7Z1_3jNdJ6WEORdNDzy-QHiM",
    "is_default": false,
    "timestamp": "2025-09-12T09:10:11.701Z"
  },
  {
    "anime_title": "Boruto On-Going",
    "episode_title": "Boruto: Naruto Next Generations Episode 245 Subtitle Indonesia",
    "episode_link": "https://otakudesu.best/episode/btr-nng-episode-245-sub-indo/",
    "episode_date": "17 April,2022",
    "server": "mp4load",
    "quality": "720p",
    "data_content": "eyJpZCI6MTIwMzQyLCJpIjozLCJxIjoiNzIwcCJ9",
    "decoded_data": {
      "id": 120342,
      "i": 3,
      "q": "720p"
    },
    "stream_url": "https://www.mp4upload.com/embed-3qeme5e1bibb.html",
    "is_default": false,
    "timestamp": "2025-09-12T09:10:11.729Z"
  },
  {
    "anime_title": "Boruto On-Going",
    "episode_title": "Boruto: Naruto Next Generations Episode 245 Subtitle Indonesia",
    "episode_link": "https://otakudesu.best/episode/btr-nng-episode-245-sub-indo/",
    "episode_date": "17 April,2022",
    "server": "filesim",
    "quality": "360p",
    "data_content": "eyJpZCI6MTIwMzQyLCJpIjowLCJxIjoiMzYwcCJ9",
    "decoded_data": {
      "id": 120342,
      "i": 0,
      "q": "360p"
    },
    "stream_url": "https://files.im/embed-p2zjxdwji9oa.html",
    "is_default": false,
    "timestamp": "2025-09-12T09:10:11.219Z"
  },
  {
    "anime_title": "Boruto On-Going",
    "episode_title": "Boruto: Naruto Next Generations Episode 245 Subtitle Indonesia",
    "episode_link": "https://otakudesu.best/episode/btr-nng-episode-245-sub-indo/",
    "episode_date": "17 April,2022",
    "server": "yourupload",
    "quality": "360p",
    "data_content": "eyJpZCI6MTIwMzQyLCJpIjoxLCJxIjoiMzYwcCJ9",
    "decoded_data": {
      "id": 120342,
      "i": 1,
      "q": "360p"
    },
    "stream_url": "https://desudrive.com/stream/yuplod.php?id=Eej4J02Db1uh",
    "is_default": false,
    "timestamp": "2025-09-12T09:10:11.253Z"
  },
  {
    "anime_title": "Boruto On-Going",
    "episode_title": "Boruto: Naruto Next Generations Episode 245 Subtitle Indonesia",
    "episode_link": "https://otakudesu.best/episode/btr-nng-episode-245-sub-indo/",
    "episode_date": "17 April,2022",
    "server": "mega",
    "quality": "360p",
    "data_content": "eyJpZCI6MTIwMzQyLCJpIjoyLCJxIjoiMzYwcCJ9",
    "decoded_data": {
      "id": 120342,
      "i": 2,
      "q": "360p"
    },
    "stream_url": "https://mega.nz/embed/pclXzKrQ#pOGI_mb7X-AzopkRLEPgVS24Asb1pr_h1YUW8LhXPlI",
    "is_default": false,
    "timestamp": "2025-09-12T09:10:11.284Z"
  },
  {
    "anime_title": "Boruto On-Going",
    "episode_title": "Boruto: Naruto Next Generations Episode 245 Subtitle Indonesia",
    "episode_link": "https://otakudesu.best/episode/btr-nng-episode-245-sub-indo/",
    "episode_date": "17 April,2022",
    "server": "mp4load",
    "quality": "360p",
    "data_content": "eyJpZCI6MTIwMzQyLCJpIjozLCJxIjoiMzYwcCJ9",
    "decoded_data": {
      "id": 120342,
      "i": 3,
      "q": "360p"
    },
    "stream_url": "https://www.mp4upload.com/embed-gbigpaqwq080.html",
    "is_default": false,
    "timestamp": "2025-09-12T09:10:11.323Z"
  },
  {
    "anime_title": "Boruto On-Going",
    "episode_title": "Boruto: Naruto Next Generations Episode 245 Subtitle Indonesia",
    "episode_link": "https://otakudesu.best/episode/btr-nng-episode-245-sub-indo/",
    "episode_date": "17 April,2022",
    "server": "ondesu",
    "quality": "480p",
    "data_content": "eyJpZCI6MTIwMzQyLCJpIjowLCJxIjoiNDgwcCJ9",
    "decoded_data": {
      "id": 120342,
      "i": 0,
      "q": "480p"
    },
    "stream_url": "https://desustream.info/dstream/ondesu/v5/index.php?id=Mk5CYkpnTnpOOGIvNTFBZmFrQUdVNGxuL3VDR3JteWNpamJqajJqY01CYz0=",
    "is_default": true,
    "timestamp": "2025-09-12T09:10:11.503Z"
  },
  {
    "anime_title": "Boruto On-Going",
    "episode_title": "Boruto: Naruto Next Generations Episode 245 Subtitle Indonesia",
    "episode_link": "https://otakudesu.best/episode/btr-nng-episode-245-sub-indo/",
    "episode_date": "17 April,2022",
    "server": "filesim",
    "quality": "480p",
    "data_content": "eyJpZCI6MTIwMzQyLCJpIjoxLCJxIjoiNDgwcCJ9",
    "decoded_data": {
      "id": 120342,
      "i": 1,
      "q": "480p"
    },
    "stream_url": "https://files.im/embed-zh9ymgxepfdi.html",
    "is_default": false,
    "timestamp": "2025-09-12T09:10:11.413Z"
  },
  {
    "anime_title": "Boruto On-Going",
    "episode_title": "Boruto: Naruto Next Generations Episode 245 Subtitle Indonesia",
    "episode_link": "https://otakudesu.best/episode/btr-nng-episode-245-sub-indo/",
    "episode_date": "17 April,2022",
    "server": "yourupload",
    "quality": "480p",
    "data_content": "eyJpZCI6MTIwMzQyLCJpIjoyLCJxIjoiNDgwcCJ9",
    "decoded_data": {
      "id": 120342,
      "i": 2,
      "q": "480p"
    },
    "stream_url": "https://desudrive.com/stream/yuplod.php?id=Md4tkYf6CbBF",
    "is_default": false,
    "timestamp": "2025-09-12T09:10:11.445Z"
  },
  {
    "anime_title": "Boruto On-Going",
    "episode_title": "Boruto: Naruto Next Generations Episode 245 Subtitle Indonesia",
    "episode_link": "https://otakudesu.best/episode/btr-nng-episode-245-sub-indo/",
    "episode_date": "17 April,2022",
    "server": "mega",
    "quality": "480p",
    "data_content": "eyJpZCI6MTIwMzQyLCJpIjozLCJxIjoiNDgwcCJ9",
    "decoded_data": {
      "id": 120342,
      "i": 3,
      "q": "480p"
    },
    "stream_url": "https://mega.nz/embed/JZEXATaB#3BC5UewGcjzWC_LprKefbKGYiFppcgwOO7N_LAw5LYY",
    "is_default": false,
    "timestamp": "2025-09-12T09:10:11.474Z"
  },
  {
    "anime_title": "Boruto On-Going",
    "episode_title": "Boruto: Naruto Next Generations Episode 245 Subtitle Indonesia",
    "episode_link": "https://otakudesu.best/episode/btr-nng-episode-245-sub-indo/",
    "episode_date": "17 April,2022",
    "server": "mp4load",
    "quality": "480p",
    "data_content": "eyJpZCI6MTIwMzQyLCJpIjo0LCJxIjoiNDgwcCJ9",
    "decoded_data": {
      "id": 120342,
      "i": 4,
      "q": "480p"
    },
    "stream_url": "https://www.mp4upload.com/embed-tp01ssmx8vn5.html",
    "is_default": false,
    "timestamp": "2025-09-12T09:10:11.533Z"
  },
  {
    "anime_title": "Boruto On-Going",
    "episode_title": "Boruto: Naruto Next Generations Episode 245 Subtitle Indonesia",
    "episode_link": "https://otakudesu.best/episode/btr-nng-episode-245-sub-indo/",
    "episode_date": "17 April,2022",
    "server": "filesim",
    "quality": "720p",
    "data_content": "eyJpZCI6MTIwMzQyLCJpIjowLCJxIjoiNzIwcCJ9",
    "decoded_data": {
      "id": 120342,
      "i": 0,
      "q": "720p"
    },
    "stream_url": "https://files.im/embed-3tlgrt803u8a.html",
    "is_default": false,
    "timestamp": "2025-09-12T09:10:11.589Z"
  },
  {
    "anime_title": "Boruto On-Going",
    "episode_title": "Boruto: Naruto Next Generations Episode 245 Subtitle Indonesia",
    "episode_link": "https://otakudesu.best/episode/btr-nng-episode-245-sub-indo/",
    "episode_date": "17 April,2022",
    "server": "yourupload",
    "quality": "720p",
    "data_content": "eyJpZCI6MTIwMzQyLCJpIjoxLCJxIjoiNzIwcCJ9",
    "decoded_data": {
      "id": 120342,
      "i": 1,
      "q": "720p"
    },
    "stream_url": "https://desudrive.com/stream/yuplod.php?id=vgsg6CdTGOjb",
    "is_default": false,
    "timestamp": "2025-09-12T09:10:11.652Z"
  },
  {
    "anime_title": "Boruto On-Going",
    "episode_title": "Boruto: Naruto Next Generations Episode 245 Subtitle Indonesia",
    "episode_link": "https://otakudesu.best/episode/btr-nng-episode-245-sub-indo/",
    "episode_date": "17 April,2022",
    "server": "mega",
    "quality": "720p",
    "data_content": "eyJpZCI6MTIwMzQyLCJpIjoyLCJxIjoiNzIwcCJ9",
    "decoded_data": {
      "id": 120342,
      "i": 2,
      "q": "720p"
    },
    "stream_url": "https://mega.nz/embed/QNNEAIKZ#VPr-It6qaLujt-Ko-sg7Z1_3jNdJ6WEORdNDzy-QHiM",
    "is_default": false,
    "timestamp": "2025-09-12T09:10:11.701Z"
  },
  {
    "anime_title": "Boruto On-Going",
    "episode_title": "Boruto: Naruto Next Generations Episode 245 Subtitle Indonesia",
    "episode_link": "https://otakudesu.best/episode/btr-nng-episode-245-sub-indo/",
    "episode_date": "17 April,2022",
    "server": "mp4load",
    "quality": "720p",
    "data_content": "eyJpZCI6MTIwMzQyLCJpIjozLCJxIjoiNzIwcCJ9",
    "decoded_data": {
      "id": 120342,
      "i": 3,
      "q": "720p"
    },
    "stream_url": "https://www.mp4upload.com/embed-3qeme5e1bibb.html",
    "is_default": false,
    "timestamp": "2025-09-12T09:10:11.729Z"
  },
  {
    "anime_title": "Boruto On-Going",
    "episode_title": "Boruto: Naruto Next Generations Episode 246 Subtitle Indonesia",
    "episode_link": "https://otakudesu.best/episode/btr-nng-episode-246-sub-indo/",
    "episode_date": "24 April,2022",
    "server": "filesim",
    "quality": "360p",
    "data_content": "eyJpZCI6MTIwNjc3LCJpIjowLCJxIjoiMzYwcCJ9",
    "decoded_data": {
      "id": 120677,
      "i": 0,
      "q": "360p"
    },
    "stream_url": "https://files.im/embed-6tc2oump0t17.html",
    "is_default": false,
    "timestamp": "2025-09-12T09:10:12.771Z"
  },
  {
    "anime_title": "Boruto On-Going",
    "episode_title": "Boruto: Naruto Next Generations Episode 246 Subtitle Indonesia",
    "episode_link": "https://otakudesu.best/episode/btr-nng-episode-246-sub-indo/",
    "episode_date": "24 April,2022",
    "server": "mp4load",
    "quality": "360p",
    "data_content": "eyJpZCI6MTIwNjc3LCJpIjoxLCJxIjoiMzYwcCJ9",
    "decoded_data": {
      "id": 120677,
      "i": 1,
      "q": "360p"
    },
    "stream_url": "https://www.mp4upload.com/embed-csthr1yq2kyi.html",
    "is_default": false,
    "timestamp": "2025-09-12T09:10:12.806Z"
  },
  {
    "anime_title": "Boruto On-Going",
    "episode_title": "Boruto: Naruto Next Generations Episode 246 Subtitle Indonesia",
    "episode_link": "https://otakudesu.best/episode/btr-nng-episode-246-sub-indo/",
    "episode_date": "24 April,2022",
    "server": "solidfiles",
    "quality": "360p",
    "data_content": "eyJpZCI6MTIwNjc3LCJpIjoyLCJxIjoiMzYwcCJ9",
    "decoded_data": {
      "id": 120677,
      "i": 2,
      "q": "360p"
    },
    "stream_url": "https://www.solidfiles.com/e/5d6PKQaxzjgQm",
    "is_default": false,
    "timestamp": "2025-09-12T09:10:12.838Z"
  },
  {
    "anime_title": "Boruto On-Going",
    "episode_title": "Boruto: Naruto Next Generations Episode 246 Subtitle Indonesia",
    "episode_link": "https://otakudesu.best/episode/btr-nng-episode-246-sub-indo/",
    "episode_date": "24 April,2022",
    "server": "mega",
    "quality": "360p",
    "data_content": "eyJpZCI6MTIwNjc3LCJpIjozLCJxIjoiMzYwcCJ9",
    "decoded_data": {
      "id": 120677,
      "i": 3,
      "q": "360p"
    },
    "stream_url": "https://mega.nz/embed/97RFXJ6I#xFsQ3g1CApXdaxOrM11SQ80ZHVmKWUyr8L9gT6Oun84",
    "is_default": false,
    "timestamp": "2025-09-12T09:10:12.872Z"
  },
  {
    "anime_title": "Boruto On-Going",
    "episode_title": "Boruto: Naruto Next Generations Episode 246 Subtitle Indonesia",
    "episode_link": "https://otakudesu.best/episode/btr-nng-episode-246-sub-indo/",
    "episode_date": "24 April,2022",
    "server": "GDrive",
    "quality": "360p",
    "data_content": "eyJpZCI6MTIwNjc3LCJpIjo0LCJxIjoiMzYwcCJ9",
    "decoded_data": {
      "id": 120677,
      "i": 4,
      "q": "360p"
    },
    "stream_url": "https://gdriveplayer.me/embed2.php?link=https://drive.google.com/open?id=1XWpA4segZUzWTGNaSOOcC0S1r71TbFA-",
    "is_default": false,
    "timestamp": "2025-09-12T09:10:12.903Z"
  },
  {
    "anime_title": "Boruto On-Going",
    "episode_title": "Boruto: Naruto Next Generations Episode 246 Subtitle Indonesia",
    "episode_link": "https://otakudesu.best/episode/btr-nng-episode-246-sub-indo/",
    "episode_date": "24 April,2022",
    "server": "ondesu",
    "quality": "480p",
    "data_content": "eyJpZCI6MTIwNjc3LCJpIjowLCJxIjoiNDgwcCJ9",
    "decoded_data": {
      "id": 120677,
      "i": 0,
      "q": "480p"
    },
    "stream_url": "https://desustream.info/dstream/ondesu/v5/index.php?id=RHhzTzZiQUd6bjBQOW1UV1VQNG00eWxXR0VVaGd6TmF6N3ZUTFM5M0dGWT0=",
    "is_default": true,
    "timestamp": "2025-09-12T09:10:12.976Z"
  },
  {
    "anime_title": "Boruto On-Going",
    "episode_title": "Boruto: Naruto Next Generations Episode 246 Subtitle Indonesia",
    "episode_link": "https://otakudesu.best/episode/btr-nng-episode-246-sub-indo/",
    "episode_date": "24 April,2022",
    "server": "stdesu",
    "quality": "480p",
    "data_content": "eyJpZCI6MTIwNjc3LCJpIjoxLCJxIjoiNDgwcCJ9",
    "decoded_data": {
      "id": 120677,
      "i": 1,
      "q": "480p"
    },
    "stream_url": "https://meownime.ltd/arcg/?id=dUlQRlVPa1hyT2xqenZsWmNDSFkvMGtlYTVuZVluK0lWMXlKK08wb3FiQT0=",
    "is_default": false,
    "timestamp": "2025-09-12T09:10:13.007Z"
  },
  {
    "anime_title": "Boruto On-Going",
    "episode_title": "Boruto: Naruto Next Generations Episode 246 Subtitle Indonesia",
    "episode_link": "https://otakudesu.best/episode/btr-nng-episode-246-sub-indo/",
    "episode_date": "24 April,2022",
    "server": "filesim",
    "quality": "480p",
    "data_content": "eyJpZCI6MTIwNjc3LCJpIjoyLCJxIjoiNDgwcCJ9",
    "decoded_data": {
      "id": 120677,
      "i": 2,
      "q": "480p"
    },
    "stream_url": "https://files.im/embed-ave2ozjj3hhi.html",
    "is_default": false,
    "timestamp": "2025-09-12T09:10:13.052Z"
  },
  {
    "anime_title": "Boruto On-Going",
    "episode_title": "Boruto: Naruto Next Generations Episode 246 Subtitle Indonesia",
    "episode_link": "https://otakudesu.best/episode/btr-nng-episode-246-sub-indo/",
    "episode_date": "24 April,2022",
    "server": "mp4load",
    "quality": "480p",
    "data_content": "eyJpZCI6MTIwNjc3LCJpIjozLCJxIjoiNDgwcCJ9",
    "decoded_data": {
      "id": 120677,
      "i": 3,
      "q": "480p"
    },
    "stream_url": "https://www.mp4upload.com/embed-s4tokj6erjc4.html",
    "is_default": false,
    "timestamp": "2025-09-12T09:10:13.086Z"
  },
  {
    "anime_title": "Boruto On-Going",
    "episode_title": "Boruto: Naruto Next Generations Episode 246 Subtitle Indonesia",
    "episode_link": "https://otakudesu.best/episode/btr-nng-episode-246-sub-indo/",
    "episode_date": "24 April,2022",
    "server": "solidfiles",
    "quality": "480p",
    "data_content": "eyJpZCI6MTIwNjc3LCJpIjo0LCJxIjoiNDgwcCJ9",
    "decoded_data": {
      "id": 120677,
      "i": 4,
      "q": "480p"
    },
    "stream_url": "https://www.solidfiles.com/e/3dWyDZNa4AB4j",
    "is_default": false,
    "timestamp": "2025-09-12T09:10:13.135Z"
  },
  {
    "anime_title": "Boruto On-Going",
    "episode_title": "Boruto: Naruto Next Generations Episode 246 Subtitle Indonesia",
    "episode_link": "https://otakudesu.best/episode/btr-nng-episode-246-sub-indo/",
    "episode_date": "24 April,2022",
    "server": "mega",
    "quality": "480p",
    "data_content": "eyJpZCI6MTIwNjc3LCJpIjo1LCJxIjoiNDgwcCJ9",
    "decoded_data": {
      "id": 120677,
      "i": 5,
      "q": "480p"
    },
    "stream_url": "https://mega.nz/embed/ZqRUCCJb#ojWQ55zIz2zOT2TIBabllvjmYtHrAWhRwQEBqd3fkQE",
    "is_default": false,
    "timestamp": "2025-09-12T09:10:13.220Z"
  },
  {
    "anime_title": "Boruto On-Going",
    "episode_title": "Boruto: Naruto Next Generations Episode 246 Subtitle Indonesia",
    "episode_link": "https://otakudesu.best/episode/btr-nng-episode-246-sub-indo/",
    "episode_date": "24 April,2022",
    "server": "GDrive",
    "quality": "480p",
    "data_content": "eyJpZCI6MTIwNjc3LCJpIjo2LCJxIjoiNDgwcCJ9",
    "decoded_data": {
      "id": 120677,
      "i": 6,
      "q": "480p"
    },
    "stream_url": "https://gdriveplayer.me/embed2.php?link=https://drive.google.com/open?id=1Yha5A0NeQMU_R3Yc7Ey2jxCnRvxAXfuo",
    "is_default": false,
    "timestamp": "2025-09-12T09:10:13.264Z"
  },
  {
    "anime_title": "Boruto On-Going",
    "episode_title": "Boruto: Naruto Next Generations Episode 246 Subtitle Indonesia",
    "episode_link": "https://otakudesu.best/episode/btr-nng-episode-246-sub-indo/",
    "episode_date": "24 April,2022",
    "server": "stdesu",
    "quality": "720p",
    "data_content": "eyJpZCI6MTIwNjc3LCJpIjowLCJxIjoiNzIwcCJ9",
    "decoded_data": {
      "id": 120677,
      "i": 0,
      "q": "720p"
    },
    "stream_url": "https://meownime.ltd/arcg/?id=dUlQRlVPa1hyT2xqenZsWmNDSFkveFBwMHlXbU5uRXgxNndYNXdmZmc5MGJWQitKdmU4NHU2ejlWdXY2YWpWNQ==",
    "is_default": false,
    "timestamp": "2025-09-12T09:10:13.298Z"
  },
  {
    "anime_title": "Boruto On-Going",
    "episode_title": "Boruto: Naruto Next Generations Episode 246 Subtitle Indonesia",
    "episode_link": "https://otakudesu.best/episode/btr-nng-episode-246-sub-indo/",
    "episode_date": "24 April,2022",
    "server": "filesim",
    "quality": "720p",
    "data_content": "eyJpZCI6MTIwNjc3LCJpIjoxLCJxIjoiNzIwcCJ9",
    "decoded_data": {
      "id": 120677,
      "i": 1,
      "q": "720p"
    },
    "stream_url": "https://files.im/embed-3ntrhjjjo6vg.html",
    "is_default": false,
    "timestamp": "2025-09-12T09:10:13.361Z"
  },
  {
    "anime_title": "Boruto On-Going",
    "episode_title": "Boruto: Naruto Next Generations Episode 246 Subtitle Indonesia",
    "episode_link": "https://otakudesu.best/episode/btr-nng-episode-246-sub-indo/",
    "episode_date": "24 April,2022",
    "server": "mp4load",
    "quality": "720p",
    "data_content": "eyJpZCI6MTIwNjc3LCJpIjoyLCJxIjoiNzIwcCJ9",
    "decoded_data": {
      "id": 120677,
      "i": 2,
      "q": "720p"
    },
    "stream_url": "https://www.mp4upload.com/embed-4kpz2r38t54i.html",
    "is_default": false,
    "timestamp": "2025-09-12T09:10:13.401Z"
  },
  {
    "anime_title": "Boruto On-Going",
    "episode_title": "Boruto: Naruto Next Generations Episode 246 Subtitle Indonesia",
    "episode_link": "https://otakudesu.best/episode/btr-nng-episode-246-sub-indo/",
    "episode_date": "24 April,2022",
    "server": "solidfiles",
    "quality": "720p",
    "data_content": "eyJpZCI6MTIwNjc3LCJpIjozLCJxIjoiNzIwcCJ9",
    "decoded_data": {
      "id": 120677,
      "i": 3,
      "q": "720p"
    },
    "stream_url": "https://www.solidfiles.com/e/VKNkVd7WkZA7j",
    "is_default": false,
    "timestamp": "2025-09-12T09:10:13.447Z"
  },
  {
    "anime_title": "Boruto On-Going",
    "episode_title": "Boruto: Naruto Next Generations Episode 246 Subtitle Indonesia",
    "episode_link": "https://otakudesu.best/episode/btr-nng-episode-246-sub-indo/",
    "episode_date": "24 April,2022",
    "server": "mega",
    "quality": "720p",
    "data_content": "eyJpZCI6MTIwNjc3LCJpIjo0LCJxIjoiNzIwcCJ9",
    "decoded_data": {
      "id": 120677,
      "i": 4,
      "q": "720p"
    },
    "stream_url": "https://mega.nz/embed/1yZ3Rbga#XquOAD2DC9pkhVukmNbqkF0Ib6al6HxzE2Nit4GZzzo",
    "is_default": false,
    "timestamp": "2025-09-12T09:10:13.488Z"
  },
  {
    "anime_title": "Boruto On-Going",
    "episode_title": "Boruto: Naruto Next Generations Episode 246 Subtitle Indonesia",
    "episode_link": "https://otakudesu.best/episode/btr-nng-episode-246-sub-indo/",
    "episode_date": "24 April,2022",
    "server": "filesim",
    "quality": "360p",
    "data_content": "eyJpZCI6MTIwNjc3LCJpIjowLCJxIjoiMzYwcCJ9",
    "decoded_data": {
      "id": 120677,
      "i": 0,
      "q": "360p"
    },
    "stream_url": "https://files.im/embed-6tc2oump0t17.html",
    "is_default": false,
    "timestamp": "2025-09-12T09:10:12.771Z"
  },
  {
    "anime_title": "Boruto On-Going",
    "episode_title": "Boruto: Naruto Next Generations Episode 246 Subtitle Indonesia",
    "episode_link": "https://otakudesu.best/episode/btr-nng-episode-246-sub-indo/",
    "episode_date": "24 April,2022",
    "server": "mp4load",
    "quality": "360p",
    "data_content": "eyJpZCI6MTIwNjc3LCJpIjoxLCJxIjoiMzYwcCJ9",
    "decoded_data": {
      "id": 120677,
      "i": 1,
      "q": "360p"
    },
    "stream_url": "https://www.mp4upload.com/embed-csthr1yq2kyi.html",
    "is_default": false,
    "timestamp": "2025-09-12T09:10:12.806Z"
  },
  {
    "anime_title": "Boruto On-Going",
    "episode_title": "Boruto: Naruto Next Generations Episode 246 Subtitle Indonesia",
    "episode_link": "https://otakudesu.best/episode/btr-nng-episode-246-sub-indo/",
    "episode_date": "24 April,2022",
    "server": "solidfiles",
    "quality": "360p",
    "data_content": "eyJpZCI6MTIwNjc3LCJpIjoyLCJxIjoiMzYwcCJ9",
    "decoded_data": {
      "id": 120677,
      "i": 2,
      "q": "360p"
    },
    "stream_url": "https://www.solidfiles.com/e/5d6PKQaxzjgQm",
    "is_default": false,
    "timestamp": "2025-09-12T09:10:12.838Z"
  },
  {
    "anime_title": "Boruto On-Going",
    "episode_title": "Boruto: Naruto Next Generations Episode 246 Subtitle Indonesia",
    "episode_link": "https://otakudesu.best/episode/btr-nng-episode-246-sub-indo/",
    "episode_date": "24 April,2022",
    "server": "mega",
    "quality": "360p",
    "data_content": "eyJpZCI6MTIwNjc3LCJpIjozLCJxIjoiMzYwcCJ9",
    "decoded_data": {
      "id": 120677,
      "i": 3,
      "q": "360p"
    },
    "stream_url": "https://mega.nz/embed/97RFXJ6I#xFsQ3g1CApXdaxOrM11SQ80ZHVmKWUyr8L9gT6Oun84",
    "is_default": false,
    "timestamp": "2025-09-12T09:10:12.872Z"
  },
  {
    "anime_title": "Boruto On-Going",
    "episode_title": "Boruto: Naruto Next Generations Episode 246 Subtitle Indonesia",
    "episode_link": "https://otakudesu.best/episode/btr-nng-episode-246-sub-indo/",
    "episode_date": "24 April,2022",
    "server": "GDrive",
    "quality": "360p",
    "data_content": "eyJpZCI6MTIwNjc3LCJpIjo0LCJxIjoiMzYwcCJ9",
    "decoded_data": {
      "id": 120677,
      "i": 4,
      "q": "360p"
    },
    "stream_url": "https://gdriveplayer.me/embed2.php?link=https://drive.google.com/open?id=1XWpA4segZUzWTGNaSOOcC0S1r71TbFA-",
    "is_default": false,
    "timestamp": "2025-09-12T09:10:12.903Z"
  },
  {
    "anime_title": "Boruto On-Going",
    "episode_title": "Boruto: Naruto Next Generations Episode 246 Subtitle Indonesia",
    "episode_link": "https://otakudesu.best/episode/btr-nng-episode-246-sub-indo/",
    "episode_date": "24 April,2022",
    "server": "ondesu",
    "quality": "480p",
    "data_content": "eyJpZCI6MTIwNjc3LCJpIjowLCJxIjoiNDgwcCJ9",
    "decoded_data": {
      "id": 120677,
      "i": 0,
      "q": "480p"
    },
    "stream_url": "https://desustream.info/dstream/ondesu/v5/index.php?id=RHhzTzZiQUd6bjBQOW1UV1VQNG00eWxXR0VVaGd6TmF6N3ZUTFM5M0dGWT0=",
    "is_default": true,
    "timestamp": "2025-09-12T09:10:12.976Z"
  },
  {
    "anime_title": "Boruto On-Going",
    "episode_title": "Boruto: Naruto Next Generations Episode 246 Subtitle Indonesia",
    "episode_link": "https://otakudesu.best/episode/btr-nng-episode-246-sub-indo/",
    "episode_date": "24 April,2022",
    "server": "stdesu",
    "quality": "480p",
    "data_content": "eyJpZCI6MTIwNjc3LCJpIjoxLCJxIjoiNDgwcCJ9",
    "decoded_data": {
      "id": 120677,
      "i": 1,
      "q": "480p"
    },
    "stream_url": "https://meownime.ltd/arcg/?id=dUlQRlVPa1hyT2xqenZsWmNDSFkvMGtlYTVuZVluK0lWMXlKK08wb3FiQT0=",
    "is_default": false,
    "timestamp": "2025-09-12T09:10:13.007Z"
  },
  {
    "anime_title": "Boruto On-Going",
    "episode_title": "Boruto: Naruto Next Generations Episode 246 Subtitle Indonesia",
    "episode_link": "https://otakudesu.best/episode/btr-nng-episode-246-sub-indo/",
    "episode_date": "24 April,2022",
    "server": "filesim",
    "quality": "480p",
    "data_content": "eyJpZCI6MTIwNjc3LCJpIjoyLCJxIjoiNDgwcCJ9",
    "decoded_data": {
      "id": 120677,
      "i": 2,
      "q": "480p"
    },
    "stream_url": "https://files.im/embed-ave2ozjj3hhi.html",
    "is_default": false,
    "timestamp": "2025-09-12T09:10:13.052Z"
  },
  {
    "anime_title": "Boruto On-Going",
    "episode_title": "Boruto: Naruto Next Generations Episode 246 Subtitle Indonesia",
    "episode_link": "https://otakudesu.best/episode/btr-nng-episode-246-sub-indo/",
    "episode_date": "24 April,2022",
    "server": "mp4load",
    "quality": "480p",
    "data_content": "eyJpZCI6MTIwNjc3LCJpIjozLCJxIjoiNDgwcCJ9",
    "decoded_data": {
      "id": 120677,
      "i": 3,
      "q": "480p"
    },
    "stream_url": "https://www.mp4upload.com/embed-s4tokj6erjc4.html",
    "is_default": false,
    "timestamp": "2025-09-12T09:10:13.086Z"
  },
  {
    "anime_title": "Boruto On-Going",
    "episode_title": "Boruto: Naruto Next Generations Episode 246 Subtitle Indonesia",
    "episode_link": "https://otakudesu.best/episode/btr-nng-episode-246-sub-indo/",
    "episode_date": "24 April,2022",
    "server": "solidfiles",
    "quality": "480p",
    "data_content": "eyJpZCI6MTIwNjc3LCJpIjo0LCJxIjoiNDgwcCJ9",
    "decoded_data": {
      "id": 120677,
      "i": 4,
      "q": "480p"
    },
    "stream_url": "https://www.solidfiles.com/e/3dWyDZNa4AB4j",
    "is_default": false,
    "timestamp": "2025-09-12T09:10:13.135Z"
  },
  {
    "anime_title": "Boruto On-Going",
    "episode_title": "Boruto: Naruto Next Generations Episode 246 Subtitle Indonesia",
    "episode_link": "https://otakudesu.best/episode/btr-nng-episode-246-sub-indo/",
    "episode_date": "24 April,2022",
    "server": "mega",
    "quality": "480p",
    "data_content": "eyJpZCI6MTIwNjc3LCJpIjo1LCJxIjoiNDgwcCJ9",
    "decoded_data": {
      "id": 120677,
      "i": 5,
      "q": "480p"
    },
    "stream_url": "https://mega.nz/embed/ZqRUCCJb#ojWQ55zIz2zOT2TIBabllvjmYtHrAWhRwQEBqd3fkQE",
    "is_default": false,
    "timestamp": "2025-09-12T09:10:13.220Z"
  },
  {
    "anime_title": "Boruto On-Going",
    "episode_title": "Boruto: Naruto Next Generations Episode 246 Subtitle Indonesia",
    "episode_link": "https://otakudesu.best/episode/btr-nng-episode-246-sub-indo/",
    "episode_date": "24 April,2022",
    "server": "GDrive",
    "quality": "480p",
    "data_content": "eyJpZCI6MTIwNjc3LCJpIjo2LCJxIjoiNDgwcCJ9",
    "decoded_data": {
      "id": 120677,
      "i": 6,
      "q": "480p"
    },
    "stream_url": "https://gdriveplayer.me/embed2.php?link=https://drive.google.com/open?id=1Yha5A0NeQMU_R3Yc7Ey2jxCnRvxAXfuo",
    "is_default": false,
    "timestamp": "2025-09-12T09:10:13.264Z"
  },
  {
    "anime_title": "Boruto On-Going",
    "episode_title": "Boruto: Naruto Next Generations Episode 246 Subtitle Indonesia",
    "episode_link": "https://otakudesu.best/episode/btr-nng-episode-246-sub-indo/",
    "episode_date": "24 April,2022",
    "server": "stdesu",
    "quality": "720p",
    "data_content": "eyJpZCI6MTIwNjc3LCJpIjowLCJxIjoiNzIwcCJ9",
    "decoded_data": {
      "id": 120677,
      "i": 0,
      "q": "720p"
    },
    "stream_url": "https://meownime.ltd/arcg/?id=dUlQRlVPa1hyT2xqenZsWmNDSFkveFBwMHlXbU5uRXgxNndYNXdmZmc5MGJWQitKdmU4NHU2ejlWdXY2YWpWNQ==",
    "is_default": false,
    "timestamp": "2025-09-12T09:10:13.298Z"
  },
  {
    "anime_title": "Boruto On-Going",
    "episode_title": "Boruto: Naruto Next Generations Episode 246 Subtitle Indonesia",
    "episode_link": "https://otakudesu.best/episode/btr-nng-episode-246-sub-indo/",
    "episode_date": "24 April,2022",
    "server": "filesim",
    "quality": "720p",
    "data_content": "eyJpZCI6MTIwNjc3LCJpIjoxLCJxIjoiNzIwcCJ9",
    "decoded_data": {
      "id": 120677,
      "i": 1,
      "q": "720p"
    },
    "stream_url": "https://files.im/embed-3ntrhjjjo6vg.html",
    "is_default": false,
    "timestamp": "2025-09-12T09:10:13.361Z"
  },
  {
    "anime_title": "Boruto On-Going",
    "episode_title": "Boruto: Naruto Next Generations Episode 246 Subtitle Indonesia",
    "episode_link": "https://otakudesu.best/episode/btr-nng-episode-246-sub-indo/",
    "episode_date": "24 April,2022",
    "server": "mp4load",
    "quality": "720p",
    "data_content": "eyJpZCI6MTIwNjc3LCJpIjoyLCJxIjoiNzIwcCJ9",
    "decoded_data": {
      "id": 120677,
      "i": 2,
      "q": "720p"
    },
    "stream_url": "https://www.mp4upload.com/embed-4kpz2r38t54i.html",
    "is_default": false,
    "timestamp": "2025-09-12T09:10:13.401Z"
  },
  {
    "anime_title": "Boruto On-Going",
    "episode_title": "Boruto: Naruto Next Generations Episode 246 Subtitle Indonesia",
    "episode_link": "https://otakudesu.best/episode/btr-nng-episode-246-sub-indo/",
    "episode_date": "24 April,2022",
    "server": "solidfiles",
    "quality": "720p",
    "data_content": "eyJpZCI6MTIwNjc3LCJpIjozLCJxIjoiNzIwcCJ9",
    "decoded_data": {
      "id": 120677,
      "i": 3,
      "q": "720p"
    },
    "stream_url": "https://www.solidfiles.com/e/VKNkVd7WkZA7j",
    "is_default": false,
    "timestamp": "2025-09-12T09:10:13.447Z"
  },
  {
    "anime_title": "Boruto On-Going",
    "episode_title": "Boruto: Naruto Next Generations Episode 246 Subtitle Indonesia",
    "episode_link": "https://otakudesu.best/episode/btr-nng-episode-246-sub-indo/",
    "episode_date": "24 April,2022",
    "server": "mega",
    "quality": "720p",
    "data_content": "eyJpZCI6MTIwNjc3LCJpIjo0LCJxIjoiNzIwcCJ9",
    "decoded_data": {
      "id": 120677,
      "i": 4,
      "q": "720p"
    },
    "stream_url": "https://mega.nz/embed/1yZ3Rbga#XquOAD2DC9pkhVukmNbqkF0Ib6al6HxzE2Nit4GZzzo",
    "is_default": false,
    "timestamp": "2025-09-12T09:10:13.488Z"
  }
]