[
  {
    "anime_title": "Chuubyou Gekihatsu Boy",
    "episode_title": "Chuubyou Gekihatsu Boy Episode 8 Subtitle Indonesia",
    "episode_link": "https://otakudesu.best/episode/chgboy-episode-8-sub-indo/",
    "episode_date": "30 Desember,2019",
    "server": "mp4load",
    "quality": "360p",
    "data_content": "eyJpZCI6NzgwNzksImkiOjAsInEiOiIzNjBwIn0=",
    "decoded_data": {
      "id": 78079,
      "i": 0,
      "q": "360p"
    },
    "stream_url": "https://www.mp4upload.com/embed-30bipuzbesv8.html",
    "is_default": false,
    "timestamp": "2025-09-12T09:21:36.117Z"
  },
  {
    "anime_title": "Chuubyou Gekihatsu Boy",
    "episode_title": "Chuubyou Gekihatsu Boy Episode 8 Subtitle Indonesia",
    "episode_link": "https://otakudesu.best/episode/chgboy-episode-8-sub-indo/",
    "episode_date": "30 Desember,2019",
    "server": "desudrive",
    "quality": "360p",
    "data_content": "eyJpZCI6NzgwNzksImkiOjEsInEiOiIzNjBwIn0=",
    "decoded_data": {
      "id": 78079,
      "i": 1,
      "q": "360p"
    },
    "stream_url": "https://desustream.info/dstream/desudrive/player.php?id=SklRMEdWS1FQbFMrTGxIOEZHRE1zWUJ2U3Z6QUJDN29jRXcwRXd2VHR1T2E1dE53N3JraE52dG9nNzdnZkc5cA==",
    "is_default": false,
    "timestamp": "2025-09-12T09:21:36.181Z"
  },
  {
    "anime_title": "Chuubyou Gekihatsu Boy",
    "episode_title": "Chuubyou Gekihatsu Boy Episode 8 Subtitle Indonesia",
    "episode_link": "https://otakudesu.best/episode/chgboy-episode-8-sub-indo/",
    "episode_date": "30 Desember,2019",
    "server": "otakuplay",
    "quality": "480p",
    "data_content": "eyJpZCI6NzgwNzksImkiOjAsInEiOiI0ODBwIn0=",
    "decoded_data": {
      "id": 78079,
      "i": 0,
      "q": "480p"
    },
    "stream_url": "https://desustream.info/dstream/otakuplay/v2/index.php?id=bnRCMEg5dkVYRjBFaGE3eG5OditzL3Vjenowa0tYdmVOTkxsZUVQTDJ5Zz0=",
    "is_default": true,
    "timestamp": "2025-09-12T09:21:36.223Z"
  },
  {
    "anime_title": "Chuubyou Gekihatsu Boy",
    "episode_title": "Chuubyou Gekihatsu Boy Episode 8 Subtitle Indonesia",
    "episode_link": "https://otakudesu.best/episode/chgboy-episode-8-sub-indo/",
    "episode_date": "30 Desember,2019",
    "server": "mega",
    "quality": "360p",
    "data_content": "eyJpZCI6NzgwNzksImkiOjIsInEiOiIzNjBwIn0=",
    "decoded_data": {
      "id": 78079,
      "i": 2,
      "q": "360p"
    },
    "stream_url": "https://mega.nz/embed/#!zu5xCQpL!ciXlB4Mo-novx_ATTNMO7NJO7t3civIMt4dsE1kgmmQ",
    "is_default": false,
    "timestamp": "2025-09-12T09:21:36.253Z"
  },
  {
    "anime_title": "Chuubyou Gekihatsu Boy",
    "episode_title": "Chuubyou Gekihatsu Boy Episode 8 Subtitle Indonesia",
    "episode_link": "https://otakudesu.best/episode/chgboy-episode-8-sub-indo/",
    "episode_date": "30 Desember,2019",
    "server": "desudrive",
    "quality": "480p",
    "data_content": "eyJpZCI6NzgwNzksImkiOjEsInEiOiI0ODBwIn0=",
    "decoded_data": {
      "id": 78079,
      "i": 1,
      "q": "480p"
    },
    "stream_url": "https://desustream.info/dstream/desudrive/player.php?id=LyswaHlTRXY4U2U4S2c1YkJQVVVMbktUeHBmWDVYWFJHRCtuemREUW4xVnVTUEh5a0J0MjRhLyt2Umw2N012Qg==",
    "is_default": false,
    "timestamp": "2025-09-12T09:21:36.289Z"
  },
  {
    "anime_title": "Chuubyou Gekihatsu Boy",
    "episode_title": "Chuubyou Gekihatsu Boy Episode 8 Subtitle Indonesia",
    "episode_link": "https://otakudesu.best/episode/chgboy-episode-8-sub-indo/",
    "episode_date": "30 Desember,2019",
    "server": "mega",
    "quality": "480p",
    "data_content": "eyJpZCI6NzgwNzksImkiOjIsInEiOiI0ODBwIn0=",
    "decoded_data": {
      "id": 78079,
      "i": 2,
      "q": "480p"
    },
    "stream_url": "https://mega.nz/embed/#!uywHAQ6K!c5z2Npv1-pHbb_h7OK1JxCXEMM2x7upo8TKktIoCAcc",
    "is_default": false,
    "timestamp": "2025-09-12T09:21:36.322Z"
  },
  {
    "anime_title": "Chuubyou Gekihatsu Boy",
    "episode_title": "Chuubyou Gekihatsu Boy Episode 8 Subtitle Indonesia",
    "episode_link": "https://otakudesu.best/episode/chgboy-episode-8-sub-indo/",
    "episode_date": "30 Desember,2019",
    "server": "yourupload",
    "quality": "720p",
    "data_content": "eyJpZCI6NzgwNzksImkiOjAsInEiOiI3MjBwIn0=",
    "decoded_data": {
      "id": 78079,
      "i": 0,
      "q": "720p"
    },
    "stream_url": "https://desudrive.com/stream/yuplod.php?id=PRHe0JV4FehJ",
    "is_default": false,
    "timestamp": "2025-09-12T09:21:36.356Z"
  },
  {
    "anime_title": "Chuubyou Gekihatsu Boy",
    "episode_title": "Chuubyou Gekihatsu Boy Episode 8 Subtitle Indonesia",
    "episode_link": "https://otakudesu.best/episode/chgboy-episode-8-sub-indo/",
    "episode_date": "30 Desember,2019",
    "server": "desudrive",
    "quality": "720p",
    "data_content": "eyJpZCI6NzgwNzksImkiOjEsInEiOiI3MjBwIn0=",
    "decoded_data": {
      "id": 78079,
      "i": 1,
      "q": "720p"
    },
    "stream_url": "https://desustream.info/dstream/desudrive/player.php?id=RGhXWUUyZVlKNktpWjB1OTEzQzRVNHJUenJxMG5DUzFBckZGbEV0bnRUckdycVNVelNvdnRsZjkyVHl4N0xtWQ==",
    "is_default": false,
    "timestamp": "2025-09-12T09:21:36.400Z"
  },
  {
    "anime_title": "Chuubyou Gekihatsu Boy",
    "episode_title": "Chuubyou Gekihatsu Boy Episode 8 Subtitle Indonesia",
    "episode_link": "https://otakudesu.best/episode/chgboy-episode-8-sub-indo/",
    "episode_date": "30 Desember,2019",
    "server": "mega",
    "quality": "720p",
    "data_content": "eyJpZCI6NzgwNzksImkiOjIsInEiOiI3MjBwIn0=",
    "decoded_data": {
      "id": 78079,
      "i": 2,
      "q": "720p"
    },
    "stream_url": "https://mega.nz/embed/#!i2oxVAjD!d9VlO5FWinUS_UNs0Mn5OuLRguuKtDhHXgtqMFHDrW4",
    "is_default": false,
    "timestamp": "2025-09-12T09:21:36.444Z"
  },
  {
    "anime_title": "Chuubyou Gekihatsu Boy",
    "episode_title": "Chuubyou Gekihatsu Boy Episode 8 Subtitle Indonesia",
    "episode_link": "https://otakudesu.best/episode/chgboy-episode-8-sub-indo/",
    "episode_date": "30 Desember,2019",
    "server": "mp4load",
    "quality": "360p",
    "data_content": "eyJpZCI6NzgwNzksImkiOjAsInEiOiIzNjBwIn0=",
    "decoded_data": {
      "id": 78079,
      "i": 0,
      "q": "360p"
    },
    "stream_url": "https://www.mp4upload.com/embed-30bipuzbesv8.html",
    "is_default": false,
    "timestamp": "2025-09-12T09:21:36.117Z"
  },
  {
    "anime_title": "Chuubyou Gekihatsu Boy",
    "episode_title": "Chuubyou Gekihatsu Boy Episode 8 Subtitle Indonesia",
    "episode_link": "https://otakudesu.best/episode/chgboy-episode-8-sub-indo/",
    "episode_date": "30 Desember,2019",
    "server": "desudrive",
    "quality": "360p",
    "data_content": "eyJpZCI6NzgwNzksImkiOjEsInEiOiIzNjBwIn0=",
    "decoded_data": {
      "id": 78079,
      "i": 1,
      "q": "360p"
    },
    "stream_url": "https://desustream.info/dstream/desudrive/player.php?id=SklRMEdWS1FQbFMrTGxIOEZHRE1zWUJ2U3Z6QUJDN29jRXcwRXd2VHR1T2E1dE53N3JraE52dG9nNzdnZkc5cA==",
    "is_default": false,
    "timestamp": "2025-09-12T09:21:36.181Z"
  },
  {
    "anime_title": "Chuubyou Gekihatsu Boy",
    "episode_title": "Chuubyou Gekihatsu Boy Episode 8 Subtitle Indonesia",
    "episode_link": "https://otakudesu.best/episode/chgboy-episode-8-sub-indo/",
    "episode_date": "30 Desember,2019",
    "server": "mega",
    "quality": "360p",
    "data_content": "eyJpZCI6NzgwNzksImkiOjIsInEiOiIzNjBwIn0=",
    "decoded_data": {
      "id": 78079,
      "i": 2,
      "q": "360p"
    },
    "stream_url": "https://mega.nz/embed/#!zu5xCQpL!ciXlB4Mo-novx_ATTNMO7NJO7t3civIMt4dsE1kgmmQ",
    "is_default": false,
    "timestamp": "2025-09-12T09:21:36.253Z"
  },
  {
    "anime_title": "Chuubyou Gekihatsu Boy",
    "episode_title": "Chuubyou Gekihatsu Boy Episode 8 Subtitle Indonesia",
    "episode_link": "https://otakudesu.best/episode/chgboy-episode-8-sub-indo/",
    "episode_date": "30 Desember,2019",
    "server": "otakuplay",
    "quality": "480p",
    "data_content": "eyJpZCI6NzgwNzksImkiOjAsInEiOiI0ODBwIn0=",
    "decoded_data": {
      "id": 78079,
      "i": 0,
      "q": "480p"
    },
    "stream_url": "https://desustream.info/dstream/otakuplay/v2/index.php?id=bnRCMEg5dkVYRjBFaGE3eG5OditzL3Vjenowa0tYdmVOTkxsZUVQTDJ5Zz0=",
    "is_default": true,
    "timestamp": "2025-09-12T09:21:36.223Z"
  },
  {
    "anime_title": "Chuubyou Gekihatsu Boy",
    "episode_title": "Chuubyou Gekihatsu Boy Episode 8 Subtitle Indonesia",
    "episode_link": "https://otakudesu.best/episode/chgboy-episode-8-sub-indo/",
    "episode_date": "30 Desember,2019",
    "server": "desudrive",
    "quality": "480p",
    "data_content": "eyJpZCI6NzgwNzksImkiOjEsInEiOiI0ODBwIn0=",
    "decoded_data": {
      "id": 78079,
      "i": 1,
      "q": "480p"
    },
    "stream_url": "https://desustream.info/dstream/desudrive/player.php?id=LyswaHlTRXY4U2U4S2c1YkJQVVVMbktUeHBmWDVYWFJHRCtuemREUW4xVnVTUEh5a0J0MjRhLyt2Umw2N012Qg==",
    "is_default": false,
    "timestamp": "2025-09-12T09:21:36.289Z"
  },
  {
    "anime_title": "Chuubyou Gekihatsu Boy",
    "episode_title": "Chuubyou Gekihatsu Boy Episode 8 Subtitle Indonesia",
    "episode_link": "https://otakudesu.best/episode/chgboy-episode-8-sub-indo/",
    "episode_date": "30 Desember,2019",
    "server": "mega",
    "quality": "480p",
    "data_content": "eyJpZCI6NzgwNzksImkiOjIsInEiOiI0ODBwIn0=",
    "decoded_data": {
      "id": 78079,
      "i": 2,
      "q": "480p"
    },
    "stream_url": "https://mega.nz/embed/#!uywHAQ6K!c5z2Npv1-pHbb_h7OK1JxCXEMM2x7upo8TKktIoCAcc",
    "is_default": false,
    "timestamp": "2025-09-12T09:21:36.322Z"
  },
  {
    "anime_title": "Chuubyou Gekihatsu Boy",
    "episode_title": "Chuubyou Gekihatsu Boy Episode 8 Subtitle Indonesia",
    "episode_link": "https://otakudesu.best/episode/chgboy-episode-8-sub-indo/",
    "episode_date": "30 Desember,2019",
    "server": "yourupload",
    "quality": "720p",
    "data_content": "eyJpZCI6NzgwNzksImkiOjAsInEiOiI3MjBwIn0=",
    "decoded_data": {
      "id": 78079,
      "i": 0,
      "q": "720p"
    },
    "stream_url": "https://desudrive.com/stream/yuplod.php?id=PRHe0JV4FehJ",
    "is_default": false,
    "timestamp": "2025-09-12T09:21:36.356Z"
  },
  {
    "anime_title": "Chuubyou Gekihatsu Boy",
    "episode_title": "Chuubyou Gekihatsu Boy Episode 8 Subtitle Indonesia",
    "episode_link": "https://otakudesu.best/episode/chgboy-episode-8-sub-indo/",
    "episode_date": "30 Desember,2019",
    "server": "desudrive",
    "quality": "720p",
    "data_content": "eyJpZCI6NzgwNzksImkiOjEsInEiOiI3MjBwIn0=",
    "decoded_data": {
      "id": 78079,
      "i": 1,
      "q": "720p"
    },
    "stream_url": "https://desustream.info/dstream/desudrive/player.php?id=RGhXWUUyZVlKNktpWjB1OTEzQzRVNHJUenJxMG5DUzFBckZGbEV0bnRUckdycVNVelNvdnRsZjkyVHl4N0xtWQ==",
    "is_default": false,
    "timestamp": "2025-09-12T09:21:36.400Z"
  },
  {
    "anime_title": "Chuubyou Gekihatsu Boy",
    "episode_title": "Chuubyou Gekihatsu Boy Episode 8 Subtitle Indonesia",
    "episode_link": "https://otakudesu.best/episode/chgboy-episode-8-sub-indo/",
    "episode_date": "30 Desember,2019",
    "server": "mega",
    "quality": "720p",
    "data_content": "eyJpZCI6NzgwNzksImkiOjIsInEiOiI3MjBwIn0=",
    "decoded_data": {
      "id": 78079,
      "i": 2,
      "q": "720p"
    },
    "stream_url": "https://mega.nz/embed/#!i2oxVAjD!d9VlO5FWinUS_UNs0Mn5OuLRguuKtDhHXgtqMFHDrW4",
    "is_default": false,
    "timestamp": "2025-09-12T09:21:36.444Z"
  },
  {
    "anime_title": "Chuubyou Gekihatsu Boy",
    "episode_title": "Chuubyou Gekihatsu Boy Episode 9 Subtitle Indonesia",
    "episode_link": "https://otakudesu.best/episode/chgboy-episode-9-sub-indo/",
    "episode_date": "30 Desember,2019",
    "server": "mp4load",
    "quality": "360p",
    "data_content": "eyJpZCI6NzgwODAsImkiOjAsInEiOiIzNjBwIn0=",
    "decoded_data": {
      "id": 78080,
      "i": 0,
      "q": "360p"
    },
    "stream_url": "https://www.mp4upload.com/embed-fzrag9w0xof5.html",
    "is_default": false,
    "timestamp": "2025-09-12T09:21:37.108Z"
  },
  {
    "anime_title": "Chuubyou Gekihatsu Boy",
    "episode_title": "Chuubyou Gekihatsu Boy Episode 9 Subtitle Indonesia",
    "episode_link": "https://otakudesu.best/episode/chgboy-episode-9-sub-indo/",
    "episode_date": "30 Desember,2019",
    "server": "desudrive",
    "quality": "360p",
    "data_content": "eyJpZCI6NzgwODAsImkiOjEsInEiOiIzNjBwIn0=",
    "decoded_data": {
      "id": 78080,
      "i": 1,
      "q": "360p"
    },
    "stream_url": "https://desustream.info/dstream/desudrive/player.php?id=Y0w5dERzS3lqODZQSDBlZ242djB0bGxIbTJrVFRJb3VIRElXK0NLd0NyYlRJamczc2JKUjFjeFBqV2JlS1FQcA==",
    "is_default": false,
    "timestamp": "2025-09-12T09:21:37.196Z"
  },
  {
    "anime_title": "Chuubyou Gekihatsu Boy",
    "episode_title": "Chuubyou Gekihatsu Boy Episode 9 Subtitle Indonesia",
    "episode_link": "https://otakudesu.best/episode/chgboy-episode-9-sub-indo/",
    "episode_date": "30 Desember,2019",
    "server": "mega",
    "quality": "480p",
    "data_content": "eyJpZCI6NzgwODAsImkiOjIsInEiOiI0ODBwIn0=",
    "decoded_data": {
      "id": 78080,
      "i": 2,
      "q": "480p"
    },
    "stream_url": "https://mega.nz/embed/#!TjpXzAxQ!kxDUC4tAQJLFgsQobrDQ22RaSk_AwPWz_bs8x_PesIM",
    "is_default": false,
    "timestamp": "2025-09-12T09:21:37.298Z"
  },
  {
    "anime_title": "Chuubyou Gekihatsu Boy",
    "episode_title": "Chuubyou Gekihatsu Boy Episode 9 Subtitle Indonesia",
    "episode_link": "https://otakudesu.best/episode/chgboy-episode-9-sub-indo/",
    "episode_date": "30 Desember,2019",
    "server": "desudrive",
    "quality": "480p",
    "data_content": "eyJpZCI6NzgwODAsImkiOjEsInEiOiI0ODBwIn0=",
    "decoded_data": {
      "id": 78080,
      "i": 1,
      "q": "480p"
    },
    "stream_url": "https://desustream.info/dstream/desudrive/player.php?id=em9hQmt3T0NmK1dwcXUvcTNFRFlRQzlETkFrMU1YNWFXUGhTeXp4cU9CdlN5R2pKaTBueEZIQXZtSmRrSThWYQ==",
    "is_default": false,
    "timestamp": "2025-09-12T09:21:37.329Z"
  },
  {
    "anime_title": "Chuubyou Gekihatsu Boy",
    "episode_title": "Chuubyou Gekihatsu Boy Episode 9 Subtitle Indonesia",
    "episode_link": "https://otakudesu.best/episode/chgboy-episode-9-sub-indo/",
    "episode_date": "30 Desember,2019",
    "server": "yourupload",
    "quality": "720p",
    "data_content": "eyJpZCI6NzgwODAsImkiOjAsInEiOiI3MjBwIn0=",
    "decoded_data": {
      "id": 78080,
      "i": 0,
      "q": "720p"
    },
    "stream_url": "https://desudrive.com/stream/yuplod.php?id=U81rB2xr07o8",
    "is_default": false,
    "timestamp": "2025-09-12T09:21:37.359Z"
  },
  {
    "anime_title": "Chuubyou Gekihatsu Boy",
    "episode_title": "Chuubyou Gekihatsu Boy Episode 9 Subtitle Indonesia",
    "episode_link": "https://otakudesu.best/episode/chgboy-episode-9-sub-indo/",
    "episode_date": "30 Desember,2019",
    "server": "desudrive",
    "quality": "720p",
    "data_content": "eyJpZCI6NzgwODAsImkiOjEsInEiOiI3MjBwIn0=",
    "decoded_data": {
      "id": 78080,
      "i": 1,
      "q": "720p"
    },
    "stream_url": "https://desustream.info/dstream/desudrive/player.php?id=WjhtS2I0bGZKdUFSU0pJNDhSamRzNWg3anVsaUpsbGt5blNWbnU2Vk1sV2JITnZwQ284TnQ0ZzgrKzdqSjhWbQ==",
    "is_default": false,
    "timestamp": "2025-09-12T09:21:37.389Z"
  },
  {
    "anime_title": "Chuubyou Gekihatsu Boy",
    "episode_title": "Chuubyou Gekihatsu Boy Episode 9 Subtitle Indonesia",
    "episode_link": "https://otakudesu.best/episode/chgboy-episode-9-sub-indo/",
    "episode_date": "30 Desember,2019",
    "server": "mega",
    "quality": "720p",
    "data_content": "eyJpZCI6NzgwODAsImkiOjIsInEiOiI3MjBwIn0=",
    "decoded_data": {
      "id": 78080,
      "i": 2,
      "q": "720p"
    },
    "stream_url": "https://mega.nz/embed/#!e6oRTYBT!-wK_moHZD_JhVYlWW8XepNJpN0USx2zYPgs8SRIvUfw",
    "is_default": false,
    "timestamp": "2025-09-12T09:21:37.422Z"
  },
  {
    "anime_title": "Chuubyou Gekihatsu Boy",
    "episode_title": "Chuubyou Gekihatsu Boy Episode 9 Subtitle Indonesia",
    "episode_link": "https://otakudesu.best/episode/chgboy-episode-9-sub-indo/",
    "episode_date": "30 Desember,2019",
    "server": "mega",
    "quality": "360p",
    "data_content": "eyJpZCI6NzgwODAsImkiOjIsInEiOiIzNjBwIn0=",
    "decoded_data": {
      "id": 78080,
      "i": 2,
      "q": "360p"
    },
    "stream_url": "https://mega.nz/embed/#!2v51DKKI!ApxL130Hr8Xqe9B3xEL3MnI8O_Ow2VY6bpRJ6ybugZI",
    "is_default": false,
    "timestamp": "2025-09-12T09:21:37.485Z"
  },
  {
    "anime_title": "Chuubyou Gekihatsu Boy",
    "episode_title": "Chuubyou Gekihatsu Boy Episode 9 Subtitle Indonesia",
    "episode_link": "https://otakudesu.best/episode/chgboy-episode-9-sub-indo/",
    "episode_date": "30 Desember,2019",
    "server": "otakuplay",
    "quality": "480p",
    "data_content": "eyJpZCI6NzgwODAsImkiOjAsInEiOiI0ODBwIn0=",
    "decoded_data": {
      "id": 78080,
      "i": 0,
      "q": "480p"
    },
    "stream_url": "https://desustream.info/dstream/otakuplay/v2/index.php?id=bnRCMEg5dkVYRjBFaGE3eG5OditzOWFCSTRVWU9yQlBXT01MQlhzd3Vwdz0=",
    "is_default": true,
    "timestamp": "2025-09-12T09:21:37.518Z"
  },
  {
    "anime_title": "Chuubyou Gekihatsu Boy",
    "episode_title": "Chuubyou Gekihatsu Boy Episode 9 Subtitle Indonesia",
    "episode_link": "https://otakudesu.best/episode/chgboy-episode-9-sub-indo/",
    "episode_date": "30 Desember,2019",
    "server": "mp4load",
    "quality": "360p",
    "data_content": "eyJpZCI6NzgwODAsImkiOjAsInEiOiIzNjBwIn0=",
    "decoded_data": {
      "id": 78080,
      "i": 0,
      "q": "360p"
    },
    "stream_url": "https://www.mp4upload.com/embed-fzrag9w0xof5.html",
    "is_default": false,
    "timestamp": "2025-09-12T09:21:37.108Z"
  },
  {
    "anime_title": "Chuubyou Gekihatsu Boy",
    "episode_title": "Chuubyou Gekihatsu Boy Episode 9 Subtitle Indonesia",
    "episode_link": "https://otakudesu.best/episode/chgboy-episode-9-sub-indo/",
    "episode_date": "30 Desember,2019",
    "server": "desudrive",
    "quality": "360p",
    "data_content": "eyJpZCI6NzgwODAsImkiOjEsInEiOiIzNjBwIn0=",
    "decoded_data": {
      "id": 78080,
      "i": 1,
      "q": "360p"
    },
    "stream_url": "https://desustream.info/dstream/desudrive/player.php?id=Y0w5dERzS3lqODZQSDBlZ242djB0bGxIbTJrVFRJb3VIRElXK0NLd0NyYlRJamczc2JKUjFjeFBqV2JlS1FQcA==",
    "is_default": false,
    "timestamp": "2025-09-12T09:21:37.196Z"
  },
  {
    "anime_title": "Chuubyou Gekihatsu Boy",
    "episode_title": "Chuubyou Gekihatsu Boy Episode 9 Subtitle Indonesia",
    "episode_link": "https://otakudesu.best/episode/chgboy-episode-9-sub-indo/",
    "episode_date": "30 Desember,2019",
    "server": "mega",
    "quality": "360p",
    "data_content": "eyJpZCI6NzgwODAsImkiOjIsInEiOiIzNjBwIn0=",
    "decoded_data": {
      "id": 78080,
      "i": 2,
      "q": "360p"
    },
    "stream_url": "https://mega.nz/embed/#!2v51DKKI!ApxL130Hr8Xqe9B3xEL3MnI8O_Ow2VY6bpRJ6ybugZI",
    "is_default": false,
    "timestamp": "2025-09-12T09:21:37.485Z"
  },
  {
    "anime_title": "Chuubyou Gekihatsu Boy",
    "episode_title": "Chuubyou Gekihatsu Boy Episode 9 Subtitle Indonesia",
    "episode_link": "https://otakudesu.best/episode/chgboy-episode-9-sub-indo/",
    "episode_date": "30 Desember,2019",
    "server": "otakuplay",
    "quality": "480p",
    "data_content": "eyJpZCI6NzgwODAsImkiOjAsInEiOiI0ODBwIn0=",
    "decoded_data": {
      "id": 78080,
      "i": 0,
      "q": "480p"
    },
    "stream_url": "https://desustream.info/dstream/otakuplay/v2/index.php?id=bnRCMEg5dkVYRjBFaGE3eG5OditzOWFCSTRVWU9yQlBXT01MQlhzd3Vwdz0=",
    "is_default": true,
    "timestamp": "2025-09-12T09:21:37.518Z"
  },
  {
    "anime_title": "Chuubyou Gekihatsu Boy",
    "episode_title": "Chuubyou Gekihatsu Boy Episode 9 Subtitle Indonesia",
    "episode_link": "https://otakudesu.best/episode/chgboy-episode-9-sub-indo/",
    "episode_date": "30 Desember,2019",
    "server": "desudrive",
    "quality": "480p",
    "data_content": "eyJpZCI6NzgwODAsImkiOjEsInEiOiI0ODBwIn0=",
    "decoded_data": {
      "id": 78080,
      "i": 1,
      "q": "480p"
    },
    "stream_url": "https://desustream.info/dstream/desudrive/player.php?id=em9hQmt3T0NmK1dwcXUvcTNFRFlRQzlETkFrMU1YNWFXUGhTeXp4cU9CdlN5R2pKaTBueEZIQXZtSmRrSThWYQ==",
    "is_default": false,
    "timestamp": "2025-09-12T09:21:37.329Z"
  },
  {
    "anime_title": "Chuubyou Gekihatsu Boy",
    "episode_title": "Chuubyou Gekihatsu Boy Episode 9 Subtitle Indonesia",
    "episode_link": "https://otakudesu.best/episode/chgboy-episode-9-sub-indo/",
    "episode_date": "30 Desember,2019",
    "server": "mega",
    "quality": "480p",
    "data_content": "eyJpZCI6NzgwODAsImkiOjIsInEiOiI0ODBwIn0=",
    "decoded_data": {
      "id": 78080,
      "i": 2,
      "q": "480p"
    },
    "stream_url": "https://mega.nz/embed/#!TjpXzAxQ!kxDUC4tAQJLFgsQobrDQ22RaSk_AwPWz_bs8x_PesIM",
    "is_default": false,
    "timestamp": "2025-09-12T09:21:37.298Z"
  },
  {
    "anime_title": "Chuubyou Gekihatsu Boy",
    "episode_title": "Chuubyou Gekihatsu Boy Episode 9 Subtitle Indonesia",
    "episode_link": "https://otakudesu.best/episode/chgboy-episode-9-sub-indo/",
    "episode_date": "30 Desember,2019",
    "server": "yourupload",
    "quality": "720p",
    "data_content": "eyJpZCI6NzgwODAsImkiOjAsInEiOiI3MjBwIn0=",
    "decoded_data": {
      "id": 78080,
      "i": 0,
      "q": "720p"
    },
    "stream_url": "https://desudrive.com/stream/yuplod.php?id=U81rB2xr07o8",
    "is_default": false,
    "timestamp": "2025-09-12T09:21:37.359Z"
  },
  {
    "anime_title": "Chuubyou Gekihatsu Boy",
    "episode_title": "Chuubyou Gekihatsu Boy Episode 9 Subtitle Indonesia",
    "episode_link": "https://otakudesu.best/episode/chgboy-episode-9-sub-indo/",
    "episode_date": "30 Desember,2019",
    "server": "desudrive",
    "quality": "720p",
    "data_content": "eyJpZCI6NzgwODAsImkiOjEsInEiOiI3MjBwIn0=",
    "decoded_data": {
      "id": 78080,
      "i": 1,
      "q": "720p"
    },
    "stream_url": "https://desustream.info/dstream/desudrive/player.php?id=WjhtS2I0bGZKdUFSU0pJNDhSamRzNWg3anVsaUpsbGt5blNWbnU2Vk1sV2JITnZwQ284TnQ0ZzgrKzdqSjhWbQ==",
    "is_default": false,
    "timestamp": "2025-09-12T09:21:37.389Z"
  },
  {
    "anime_title": "Chuubyou Gekihatsu Boy",
    "episode_title": "Chuubyou Gekihatsu Boy Episode 9 Subtitle Indonesia",
    "episode_link": "https://otakudesu.best/episode/chgboy-episode-9-sub-indo/",
    "episode_date": "30 Desember,2019",
    "server": "mega",
    "quality": "720p",
    "data_content": "eyJpZCI6NzgwODAsImkiOjIsInEiOiI3MjBwIn0=",
    "decoded_data": {
      "id": 78080,
      "i": 2,
      "q": "720p"
    },
    "stream_url": "https://mega.nz/embed/#!e6oRTYBT!-wK_moHZD_JhVYlWW8XepNJpN0USx2zYPgs8SRIvUfw",
    "is_default": false,
    "timestamp": "2025-09-12T09:21:37.422Z"
  },
  {
    "anime_title": "Chuubyou Gekihatsu Boy",
    "episode_title": "Chuubyou Gekihatsu Boy Episode 10 Subtitle Indonesia",
    "episode_link": "https://otakudesu.best/episode/chgboy-episode-10-sub-indo/",
    "episode_date": "30 Desember,2019",
    "server": "mp4load",
    "quality": "360p",
    "data_content": "eyJpZCI6NzgwODEsImkiOjAsInEiOiIzNjBwIn0=",
    "decoded_data": {
      "id": 78081,
      "i": 0,
      "q": "360p"
    },
    "stream_url": "https://www.mp4upload.com/embed-qzri473wllya.html",
    "is_default": false,
    "timestamp": "2025-09-12T09:21:38.641Z"
  },
  {
    "anime_title": "Chuubyou Gekihatsu Boy",
    "episode_title": "Chuubyou Gekihatsu Boy Episode 10 Subtitle Indonesia",
    "episode_link": "https://otakudesu.best/episode/chgboy-episode-10-sub-indo/",
    "episode_date": "30 Desember,2019",
    "server": "desudrive",
    "quality": "360p",
    "data_content": "eyJpZCI6NzgwODEsImkiOjEsInEiOiIzNjBwIn0=",
    "decoded_data": {
      "id": 78081,
      "i": 1,
      "q": "360p"
    },
    "stream_url": "https://desustream.info/dstream/desudrive/player.php?id=YmJBRE9LMHhTb2RYeXI5ejMxY2lDQ2pwY1EwZ1BzL3VyUDNwTEJsQ1NhK0V4VUJkZmlNSWVuMGtFak9zdlZuKw==",
    "is_default": false,
    "timestamp": "2025-09-12T09:21:38.674Z"
  },
  {
    "anime_title": "Chuubyou Gekihatsu Boy",
    "episode_title": "Chuubyou Gekihatsu Boy Episode 10 Subtitle Indonesia",
    "episode_link": "https://otakudesu.best/episode/chgboy-episode-10-sub-indo/",
    "episode_date": "30 Desember,2019",
    "server": "mega",
    "quality": "360p",
    "data_content": "eyJpZCI6NzgwODEsImkiOjIsInEiOiIzNjBwIn0=",
    "decoded_data": {
      "id": 78081,
      "i": 2,
      "q": "360p"
    },
    "stream_url": "https://mega.nz/embed/#!7n4HwKDL!GlZ0V-lj8EtOOX9tCpHOCnjfoOFSw7nIVDzCnMjhcwM",
    "is_default": false,
    "timestamp": "2025-09-12T09:21:38.710Z"
  },
  {
    "anime_title": "Chuubyou Gekihatsu Boy",
    "episode_title": "Chuubyou Gekihatsu Boy Episode 10 Subtitle Indonesia",
    "episode_link": "https://otakudesu.best/episode/chgboy-episode-10-sub-indo/",
    "episode_date": "30 Desember,2019",
    "server": "otakuplay",
    "quality": "480p",
    "data_content": "eyJpZCI6NzgwODEsImkiOjAsInEiOiI0ODBwIn0=",
    "decoded_data": {
      "id": 78081,
      "i": 0,
      "q": "480p"
    },
    "stream_url": "https://desustream.info/dstream/otakuplay/v2/index.php?id=bnRCMEg5dkVYRjBFaGE3eG5OditzM2s5emdzWmpXYWZWN09wYmFJS1M2dz0=",
    "is_default": true,
    "timestamp": "2025-09-12T09:21:38.754Z"
  },
  {
    "anime_title": "Chuubyou Gekihatsu Boy",
    "episode_title": "Chuubyou Gekihatsu Boy Episode 10 Subtitle Indonesia",
    "episode_link": "https://otakudesu.best/episode/chgboy-episode-10-sub-indo/",
    "episode_date": "30 Desember,2019",
    "server": "desudrive",
    "quality": "480p",
    "data_content": "eyJpZCI6NzgwODEsImkiOjEsInEiOiI0ODBwIn0=",
    "decoded_data": {
      "id": 78081,
      "i": 1,
      "q": "480p"
    },
    "stream_url": "https://desustream.info/dstream/desudrive/player.php?id=QjhoYnZnbFRCRi9hTnAvY2NsVS9tNlZnOE1hZFhnQ2NNK3dOL21UbW9DQVVyMUM3bTNFYmx2TTlwK0k4RW1xbw==",
    "is_default": false,
    "timestamp": "2025-09-12T09:21:38.791Z"
  },
  {
    "anime_title": "Chuubyou Gekihatsu Boy",
    "episode_title": "Chuubyou Gekihatsu Boy Episode 10 Subtitle Indonesia",
    "episode_link": "https://otakudesu.best/episode/chgboy-episode-10-sub-indo/",
    "episode_date": "30 Desember,2019",
    "server": "mega",
    "quality": "480p",
    "data_content": "eyJpZCI6NzgwODEsImkiOjIsInEiOiI0ODBwIn0=",
    "decoded_data": {
      "id": 78081,
      "i": 2,
      "q": "480p"
    },
    "stream_url": "https://mega.nz/embed/#!ay5RRKDK!ZE0b1Xr1K2w_FZjy3rq-40KALNiRZ_cnIr3Tm5xRhEY",
    "is_default": false,
    "timestamp": "2025-09-12T09:21:38.838Z"
  },
  {
    "anime_title": "Chuubyou Gekihatsu Boy",
    "episode_title": "Chuubyou Gekihatsu Boy Episode 10 Subtitle Indonesia",
    "episode_link": "https://otakudesu.best/episode/chgboy-episode-10-sub-indo/",
    "episode_date": "30 Desember,2019",
    "server": "yourupload",
    "quality": "720p",
    "data_content": "eyJpZCI6NzgwODEsImkiOjAsInEiOiI3MjBwIn0=",
    "decoded_data": {
      "id": 78081,
      "i": 0,
      "q": "720p"
    },
    "stream_url": "https://desudrive.com/stream/yuplod.php?id=YoTw2UgmBdl3",
    "is_default": false,
    "timestamp": "2025-09-12T09:21:38.867Z"
  },
  {
    "anime_title": "Chuubyou Gekihatsu Boy",
    "episode_title": "Chuubyou Gekihatsu Boy Episode 10 Subtitle Indonesia",
    "episode_link": "https://otakudesu.best/episode/chgboy-episode-10-sub-indo/",
    "episode_date": "30 Desember,2019",
    "server": "desudrive",
    "quality": "720p",
    "data_content": "eyJpZCI6NzgwODEsImkiOjEsInEiOiI3MjBwIn0=",
    "decoded_data": {
      "id": 78081,
      "i": 1,
      "q": "720p"
    },
    "stream_url": "https://desustream.info/dstream/desudrive/player.php?id=Nmc0c3p2UjBPNm43elBkOVBCN2REK0EvY0g0SzhOM1pyeUlha2dIZTBTRU1kN2Z2dXZxSjVCNS9UWXgyVS9YWA==",
    "is_default": false,
    "timestamp": "2025-09-12T09:21:38.926Z"
  },
  {
    "anime_title": "Chuubyou Gekihatsu Boy",
    "episode_title": "Chuubyou Gekihatsu Boy Episode 10 Subtitle Indonesia",
    "episode_link": "https://otakudesu.best/episode/chgboy-episode-10-sub-indo/",
    "episode_date": "30 Desember,2019",
    "server": "mega",
    "quality": "720p",
    "data_content": "eyJpZCI6NzgwODEsImkiOjIsInEiOiI3MjBwIn0=",
    "decoded_data": {
      "id": 78081,
      "i": 2,
      "q": "720p"
    },
    "stream_url": "https://mega.nz/embed/#!S65nQCAZ!mHrA2hiBb4jpi88e-GG1kCAtfi-W6UR8G-8PRDkjcOA",
    "is_default": false,
    "timestamp": "2025-09-12T09:21:38.955Z"
  },
  {
    "anime_title": "Chuubyou Gekihatsu Boy",
    "episode_title": "Chuubyou Gekihatsu Boy Episode 10 Subtitle Indonesia",
    "episode_link": "https://otakudesu.best/episode/chgboy-episode-10-sub-indo/",
    "episode_date": "30 Desember,2019",
    "server": "mp4load",
    "quality": "360p",
    "data_content": "eyJpZCI6NzgwODEsImkiOjAsInEiOiIzNjBwIn0=",
    "decoded_data": {
      "id": 78081,
      "i": 0,
      "q": "360p"
    },
    "stream_url": "https://www.mp4upload.com/embed-qzri473wllya.html",
    "is_default": false,
    "timestamp": "2025-09-12T09:21:38.641Z"
  },
  {
    "anime_title": "Chuubyou Gekihatsu Boy",
    "episode_title": "Chuubyou Gekihatsu Boy Episode 10 Subtitle Indonesia",
    "episode_link": "https://otakudesu.best/episode/chgboy-episode-10-sub-indo/",
    "episode_date": "30 Desember,2019",
    "server": "desudrive",
    "quality": "360p",
    "data_content": "eyJpZCI6NzgwODEsImkiOjEsInEiOiIzNjBwIn0=",
    "decoded_data": {
      "id": 78081,
      "i": 1,
      "q": "360p"
    },
    "stream_url": "https://desustream.info/dstream/desudrive/player.php?id=YmJBRE9LMHhTb2RYeXI5ejMxY2lDQ2pwY1EwZ1BzL3VyUDNwTEJsQ1NhK0V4VUJkZmlNSWVuMGtFak9zdlZuKw==",
    "is_default": false,
    "timestamp": "2025-09-12T09:21:38.674Z"
  },
  {
    "anime_title": "Chuubyou Gekihatsu Boy",
    "episode_title": "Chuubyou Gekihatsu Boy Episode 10 Subtitle Indonesia",
    "episode_link": "https://otakudesu.best/episode/chgboy-episode-10-sub-indo/",
    "episode_date": "30 Desember,2019",
    "server": "mega",
    "quality": "360p",
    "data_content": "eyJpZCI6NzgwODEsImkiOjIsInEiOiIzNjBwIn0=",
    "decoded_data": {
      "id": 78081,
      "i": 2,
      "q": "360p"
    },
    "stream_url": "https://mega.nz/embed/#!7n4HwKDL!GlZ0V-lj8EtOOX9tCpHOCnjfoOFSw7nIVDzCnMjhcwM",
    "is_default": false,
    "timestamp": "2025-09-12T09:21:38.710Z"
  },
  {
    "anime_title": "Chuubyou Gekihatsu Boy",
    "episode_title": "Chuubyou Gekihatsu Boy Episode 10 Subtitle Indonesia",
    "episode_link": "https://otakudesu.best/episode/chgboy-episode-10-sub-indo/",
    "episode_date": "30 Desember,2019",
    "server": "otakuplay",
    "quality": "480p",
    "data_content": "eyJpZCI6NzgwODEsImkiOjAsInEiOiI0ODBwIn0=",
    "decoded_data": {
      "id": 78081,
      "i": 0,
      "q": "480p"
    },
    "stream_url": "https://desustream.info/dstream/otakuplay/v2/index.php?id=bnRCMEg5dkVYRjBFaGE3eG5OditzM2s5emdzWmpXYWZWN09wYmFJS1M2dz0=",
    "is_default": true,
    "timestamp": "2025-09-12T09:21:38.754Z"
  },
  {
    "anime_title": "Chuubyou Gekihatsu Boy",
    "episode_title": "Chuubyou Gekihatsu Boy Episode 10 Subtitle Indonesia",
    "episode_link": "https://otakudesu.best/episode/chgboy-episode-10-sub-indo/",
    "episode_date": "30 Desember,2019",
    "server": "desudrive",
    "quality": "480p",
    "data_content": "eyJpZCI6NzgwODEsImkiOjEsInEiOiI0ODBwIn0=",
    "decoded_data": {
      "id": 78081,
      "i": 1,
      "q": "480p"
    },
    "stream_url": "https://desustream.info/dstream/desudrive/player.php?id=QjhoYnZnbFRCRi9hTnAvY2NsVS9tNlZnOE1hZFhnQ2NNK3dOL21UbW9DQVVyMUM3bTNFYmx2TTlwK0k4RW1xbw==",
    "is_default": false,
    "timestamp": "2025-09-12T09:21:38.791Z"
  },
  {
    "anime_title": "Chuubyou Gekihatsu Boy",
    "episode_title": "Chuubyou Gekihatsu Boy Episode 10 Subtitle Indonesia",
    "episode_link": "https://otakudesu.best/episode/chgboy-episode-10-sub-indo/",
    "episode_date": "30 Desember,2019",
    "server": "mega",
    "quality": "480p",
    "data_content": "eyJpZCI6NzgwODEsImkiOjIsInEiOiI0ODBwIn0=",
    "decoded_data": {
      "id": 78081,
      "i": 2,
      "q": "480p"
    },
    "stream_url": "https://mega.nz/embed/#!ay5RRKDK!ZE0b1Xr1K2w_FZjy3rq-40KALNiRZ_cnIr3Tm5xRhEY",
    "is_default": false,
    "timestamp": "2025-09-12T09:21:38.838Z"
  },
  {
    "anime_title": "Chuubyou Gekihatsu Boy",
    "episode_title": "Chuubyou Gekihatsu Boy Episode 10 Subtitle Indonesia",
    "episode_link": "https://otakudesu.best/episode/chgboy-episode-10-sub-indo/",
    "episode_date": "30 Desember,2019",
    "server": "yourupload",
    "quality": "720p",
    "data_content": "eyJpZCI6NzgwODEsImkiOjAsInEiOiI3MjBwIn0=",
    "decoded_data": {
      "id": 78081,
      "i": 0,
      "q": "720p"
    },
    "stream_url": "https://desudrive.com/stream/yuplod.php?id=YoTw2UgmBdl3",
    "is_default": false,
    "timestamp": "2025-09-12T09:21:38.867Z"
  },
  {
    "anime_title": "Chuubyou Gekihatsu Boy",
    "episode_title": "Chuubyou Gekihatsu Boy Episode 10 Subtitle Indonesia",
    "episode_link": "https://otakudesu.best/episode/chgboy-episode-10-sub-indo/",
    "episode_date": "30 Desember,2019",
    "server": "desudrive",
    "quality": "720p",
    "data_content": "eyJpZCI6NzgwODEsImkiOjEsInEiOiI3MjBwIn0=",
    "decoded_data": {
      "id": 78081,
      "i": 1,
      "q": "720p"
    },
    "stream_url": "https://desustream.info/dstream/desudrive/player.php?id=Nmc0c3p2UjBPNm43elBkOVBCN2REK0EvY0g0SzhOM1pyeUlha2dIZTBTRU1kN2Z2dXZxSjVCNS9UWXgyVS9YWA==",
    "is_default": false,
    "timestamp": "2025-09-12T09:21:38.926Z"
  },
  {
    "anime_title": "Chuubyou Gekihatsu Boy",
    "episode_title": "Chuubyou Gekihatsu Boy Episode 10 Subtitle Indonesia",
    "episode_link": "https://otakudesu.best/episode/chgboy-episode-10-sub-indo/",
    "episode_date": "30 Desember,2019",
    "server": "mega",
    "quality": "720p",
    "data_content": "eyJpZCI6NzgwODEsImkiOjIsInEiOiI3MjBwIn0=",
    "decoded_data": {
      "id": 78081,
      "i": 2,
      "q": "720p"
    },
    "stream_url": "https://mega.nz/embed/#!S65nQCAZ!mHrA2hiBb4jpi88e-GG1kCAtfi-W6UR8G-8PRDkjcOA",
    "is_default": false,
    "timestamp": "2025-09-12T09:21:38.955Z"
  },
  {
    "anime_title": "Chuubyou Gekihatsu Boy",
    "episode_title": "Chuubyou Gekihatsu Boy Episode 11 (End) Subtitle Indonesia",
    "episode_link": "https://otakudesu.best/episode/chgboy-episode-11-sub-indo/",
    "episode_date": "30 Desember,2019",
    "server": "mp4load",
    "quality": "360p",
    "data_content": "eyJpZCI6NzgwODIsImkiOjAsInEiOiIzNjBwIn0=",
    "decoded_data": {
      "id": 78082,
      "i": 0,
      "q": "360p"
    },
    "stream_url": "https://www.mp4upload.com/embed-jgg7qcwtc4v5.html",
    "is_default": false,
    "timestamp": "2025-09-12T09:21:39.782Z"
  },
  {
    "anime_title": "Chuubyou Gekihatsu Boy",
    "episode_title": "Chuubyou Gekihatsu Boy Episode 11 (End) Subtitle Indonesia",
    "episode_link": "https://otakudesu.best/episode/chgboy-episode-11-sub-indo/",
    "episode_date": "30 Desember,2019",
    "server": "mega",
    "quality": "360p",
    "data_content": "eyJpZCI6NzgwODIsImkiOjIsInEiOiIzNjBwIn0=",
    "decoded_data": {
      "id": 78082,
      "i": 2,
      "q": "360p"
    },
    "stream_url": "https://mega.nz/embed/#!Dm5D0YaY!6lFRoJIUk8-Pz7G5Ky90SOu35bzdVZ9CuEIDxeWCJ-0",
    "is_default": false,
    "timestamp": "2025-09-12T09:21:39.837Z"
  },
  {
    "anime_title": "Chuubyou Gekihatsu Boy",
    "episode_title": "Chuubyou Gekihatsu Boy Episode 11 (End) Subtitle Indonesia",
    "episode_link": "https://otakudesu.best/episode/chgboy-episode-11-sub-indo/",
    "episode_date": "30 Desember,2019",
    "server": "desudrive",
    "quality": "360p",
    "data_content": "eyJpZCI6NzgwODIsImkiOjEsInEiOiIzNjBwIn0=",
    "decoded_data": {
      "id": 78082,
      "i": 1,
      "q": "360p"
    },
    "stream_url": "https://desustream.info/dstream/desudrive/player.php?id=Z3RValladytUWVhWMm9BQlcvNnJ6ZTczcXA3d2ttczdZSktjT1NPdFV0SFZ4alhYR095eDlhOHhYanp5ZjlabQ==",
    "is_default": false,
    "timestamp": "2025-09-12T09:21:39.866Z"
  },
  {
    "anime_title": "Chuubyou Gekihatsu Boy",
    "episode_title": "Chuubyou Gekihatsu Boy Episode 11 (End) Subtitle Indonesia",
    "episode_link": "https://otakudesu.best/episode/chgboy-episode-11-sub-indo/",
    "episode_date": "30 Desember,2019",
    "server": "otakuplay",
    "quality": "480p",
    "data_content": "eyJpZCI6NzgwODIsImkiOjAsInEiOiI0ODBwIn0=",
    "decoded_data": {
      "id": 78082,
      "i": 0,
      "q": "480p"
    },
    "stream_url": "https://desustream.info/dstream/otakuplay/v2/index.php?id=bnRCMEg5dkVYRjBFaGE3eG5OditzMnA0cFVtWE9ycnpCVitYOEwrTmIvOD0=",
    "is_default": true,
    "timestamp": "2025-09-12T09:21:39.915Z"
  },
  {
    "anime_title": "Chuubyou Gekihatsu Boy",
    "episode_title": "Chuubyou Gekihatsu Boy Episode 11 (End) Subtitle Indonesia",
    "episode_link": "https://otakudesu.best/episode/chgboy-episode-11-sub-indo/",
    "episode_date": "30 Desember,2019",
    "server": "desudrive",
    "quality": "480p",
    "data_content": "eyJpZCI6NzgwODIsImkiOjEsInEiOiI0ODBwIn0=",
    "decoded_data": {
      "id": 78082,
      "i": 1,
      "q": "480p"
    },
    "stream_url": "https://desustream.info/dstream/desudrive/player.php?id=UVVYN25DcXNLZk1FYVpndDhjTnN0RDVNRHZhWW1Tcnh2aFpTaElzZEFXZnljYkNJTWV6dzY2TWJWMFBzVEpJbQ==",
    "is_default": false,
    "timestamp": "2025-09-12T09:21:39.949Z"
  },
  {
    "anime_title": "Chuubyou Gekihatsu Boy",
    "episode_title": "Chuubyou Gekihatsu Boy Episode 11 (End) Subtitle Indonesia",
    "episode_link": "https://otakudesu.best/episode/chgboy-episode-11-sub-indo/",
    "episode_date": "30 Desember,2019",
    "server": "mega",
    "quality": "480p",
    "data_content": "eyJpZCI6NzgwODIsImkiOjIsInEiOiI0ODBwIn0=",
    "decoded_data": {
      "id": 78082,
      "i": 2,
      "q": "480p"
    },
    "stream_url": "https://mega.nz/embed/#!CuhHwSKZ!3WJ8lUVUi0So7cDzT4xWLGQ1jMmu4iPzaGjxpDErEbA",
    "is_default": false,
    "timestamp": "2025-09-12T09:21:39.991Z"
  },
  {
    "anime_title": "Chuubyou Gekihatsu Boy",
    "episode_title": "Chuubyou Gekihatsu Boy Episode 11 (End) Subtitle Indonesia",
    "episode_link": "https://otakudesu.best/episode/chgboy-episode-11-sub-indo/",
    "episode_date": "30 Desember,2019",
    "server": "yourupload",
    "quality": "720p",
    "data_content": "eyJpZCI6NzgwODIsImkiOjAsInEiOiI3MjBwIn0=",
    "decoded_data": {
      "id": 78082,
      "i": 0,
      "q": "720p"
    },
    "stream_url": "https://desudrive.com/stream/yuplod.php?id=0Yo5433i6s1A",
    "is_default": false,
    "timestamp": "2025-09-12T09:21:40.035Z"
  },
  {
    "anime_title": "Chuubyou Gekihatsu Boy",
    "episode_title": "Chuubyou Gekihatsu Boy Episode 11 (End) Subtitle Indonesia",
    "episode_link": "https://otakudesu.best/episode/chgboy-episode-11-sub-indo/",
    "episode_date": "30 Desember,2019",
    "server": "desudrive",
    "quality": "720p",
    "data_content": "eyJpZCI6NzgwODIsImkiOjEsInEiOiI3MjBwIn0=",
    "decoded_data": {
      "id": 78082,
      "i": 1,
      "q": "720p"
    },
    "stream_url": "https://desustream.info/dstream/desudrive/player.php?id=M1ptMS9IUW5LdVZYUWJyOHJYNjBpbmtlVEZaaDRRZEFSTnl4NXB2MzJwVnVDWHRiYzJVc09GRU5uTHVOaEdoRA==",
    "is_default": false,
    "timestamp": "2025-09-12T09:21:40.071Z"
  },
  {
    "anime_title": "Chuubyou Gekihatsu Boy",
    "episode_title": "Chuubyou Gekihatsu Boy Episode 11 (End) Subtitle Indonesia",
    "episode_link": "https://otakudesu.best/episode/chgboy-episode-11-sub-indo/",
    "episode_date": "30 Desember,2019",
    "server": "mega",
    "quality": "720p",
    "data_content": "eyJpZCI6NzgwODIsImkiOjIsInEiOiI3MjBwIn0=",
    "decoded_data": {
      "id": 78082,
      "i": 2,
      "q": "720p"
    },
    "stream_url": "https://mega.nz/embed/#!ji4TRABZ!1lG-7ciuzNeBMD3Vas9aJCVVrecCPJTovkgaO-eS4rE",
    "is_default": false,
    "timestamp": "2025-09-12T09:21:40.114Z"
  },
  {
    "anime_title": "Chuubyou Gekihatsu Boy",
    "episode_title": "Chuubyou Gekihatsu Boy Episode 11 (End) Subtitle Indonesia",
    "episode_link": "https://otakudesu.best/episode/chgboy-episode-11-sub-indo/",
    "episode_date": "30 Desember,2019",
    "server": "mp4load",
    "quality": "360p",
    "data_content": "eyJpZCI6NzgwODIsImkiOjAsInEiOiIzNjBwIn0=",
    "decoded_data": {
      "id": 78082,
      "i": 0,
      "q": "360p"
    },
    "stream_url": "https://www.mp4upload.com/embed-jgg7qcwtc4v5.html",
    "is_default": false,
    "timestamp": "2025-09-12T09:21:39.782Z"
  },
  {
    "anime_title": "Chuubyou Gekihatsu Boy",
    "episode_title": "Chuubyou Gekihatsu Boy Episode 11 (End) Subtitle Indonesia",
    "episode_link": "https://otakudesu.best/episode/chgboy-episode-11-sub-indo/",
    "episode_date": "30 Desember,2019",
    "server": "desudrive",
    "quality": "360p",
    "data_content": "eyJpZCI6NzgwODIsImkiOjEsInEiOiIzNjBwIn0=",
    "decoded_data": {
      "id": 78082,
      "i": 1,
      "q": "360p"
    },
    "stream_url": "https://desustream.info/dstream/desudrive/player.php?id=Z3RValladytUWVhWMm9BQlcvNnJ6ZTczcXA3d2ttczdZSktjT1NPdFV0SFZ4alhYR095eDlhOHhYanp5ZjlabQ==",
    "is_default": false,
    "timestamp": "2025-09-12T09:21:39.866Z"
  },
  {
    "anime_title": "Chuubyou Gekihatsu Boy",
    "episode_title": "Chuubyou Gekihatsu Boy Episode 11 (End) Subtitle Indonesia",
    "episode_link": "https://otakudesu.best/episode/chgboy-episode-11-sub-indo/",
    "episode_date": "30 Desember,2019",
    "server": "mega",
    "quality": "360p",
    "data_content": "eyJpZCI6NzgwODIsImkiOjIsInEiOiIzNjBwIn0=",
    "decoded_data": {
      "id": 78082,
      "i": 2,
      "q": "360p"
    },
    "stream_url": "https://mega.nz/embed/#!Dm5D0YaY!6lFRoJIUk8-Pz7G5Ky90SOu35bzdVZ9CuEIDxeWCJ-0",
    "is_default": false,
    "timestamp": "2025-09-12T09:21:39.837Z"
  },
  {
    "anime_title": "Chuubyou Gekihatsu Boy",
    "episode_title": "Chuubyou Gekihatsu Boy Episode 11 (End) Subtitle Indonesia",
    "episode_link": "https://otakudesu.best/episode/chgboy-episode-11-sub-indo/",
    "episode_date": "30 Desember,2019",
    "server": "otakuplay",
    "quality": "480p",
    "data_content": "eyJpZCI6NzgwODIsImkiOjAsInEiOiI0ODBwIn0=",
    "decoded_data": {
      "id": 78082,
      "i": 0,
      "q": "480p"
    },
    "stream_url": "https://desustream.info/dstream/otakuplay/v2/index.php?id=bnRCMEg5dkVYRjBFaGE3eG5OditzMnA0cFVtWE9ycnpCVitYOEwrTmIvOD0=",
    "is_default": true,
    "timestamp": "2025-09-12T09:21:39.915Z"
  },
  {
    "anime_title": "Chuubyou Gekihatsu Boy",
    "episode_title": "Chuubyou Gekihatsu Boy Episode 11 (End) Subtitle Indonesia",
    "episode_link": "https://otakudesu.best/episode/chgboy-episode-11-sub-indo/",
    "episode_date": "30 Desember,2019",
    "server": "desudrive",
    "quality": "480p",
    "data_content": "eyJpZCI6NzgwODIsImkiOjEsInEiOiI0ODBwIn0=",
    "decoded_data": {
      "id": 78082,
      "i": 1,
      "q": "480p"
    },
    "stream_url": "https://desustream.info/dstream/desudrive/player.php?id=UVVYN25DcXNLZk1FYVpndDhjTnN0RDVNRHZhWW1Tcnh2aFpTaElzZEFXZnljYkNJTWV6dzY2TWJWMFBzVEpJbQ==",
    "is_default": false,
    "timestamp": "2025-09-12T09:21:39.949Z"
  },
  {
    "anime_title": "Chuubyou Gekihatsu Boy",
    "episode_title": "Chuubyou Gekihatsu Boy Episode 11 (End) Subtitle Indonesia",
    "episode_link": "https://otakudesu.best/episode/chgboy-episode-11-sub-indo/",
    "episode_date": "30 Desember,2019",
    "server": "mega",
    "quality": "480p",
    "data_content": "eyJpZCI6NzgwODIsImkiOjIsInEiOiI0ODBwIn0=",
    "decoded_data": {
      "id": 78082,
      "i": 2,
      "q": "480p"
    },
    "stream_url": "https://mega.nz/embed/#!CuhHwSKZ!3WJ8lUVUi0So7cDzT4xWLGQ1jMmu4iPzaGjxpDErEbA",
    "is_default": false,
    "timestamp": "2025-09-12T09:21:39.991Z"
  },
  {
    "anime_title": "Chuubyou Gekihatsu Boy",
    "episode_title": "Chuubyou Gekihatsu Boy Episode 11 (End) Subtitle Indonesia",
    "episode_link": "https://otakudesu.best/episode/chgboy-episode-11-sub-indo/",
    "episode_date": "30 Desember,2019",
    "server": "yourupload",
    "quality": "720p",
    "data_content": "eyJpZCI6NzgwODIsImkiOjAsInEiOiI3MjBwIn0=",
    "decoded_data": {
      "id": 78082,
      "i": 0,
      "q": "720p"
    },
    "stream_url": "https://desudrive.com/stream/yuplod.php?id=0Yo5433i6s1A",
    "is_default": false,
    "timestamp": "2025-09-12T09:21:40.035Z"
  },
  {
    "anime_title": "Chuubyou Gekihatsu Boy",
    "episode_title": "Chuubyou Gekihatsu Boy Episode 11 (End) Subtitle Indonesia",
    "episode_link": "https://otakudesu.best/episode/chgboy-episode-11-sub-indo/",
    "episode_date": "30 Desember,2019",
    "server": "desudrive",
    "quality": "720p",
    "data_content": "eyJpZCI6NzgwODIsImkiOjEsInEiOiI3MjBwIn0=",
    "decoded_data": {
      "id": 78082,
      "i": 1,
      "q": "720p"
    },
    "stream_url": "https://desustream.info/dstream/desudrive/player.php?id=M1ptMS9IUW5LdVZYUWJyOHJYNjBpbmtlVEZaaDRRZEFSTnl4NXB2MzJwVnVDWHRiYzJVc09GRU5uTHVOaEdoRA==",
    "is_default": false,
    "timestamp": "2025-09-12T09:21:40.071Z"
  },
  {
    "anime_title": "Chuubyou Gekihatsu Boy",
    "episode_title": "Chuubyou Gekihatsu Boy Episode 11 (End) Subtitle Indonesia",
    "episode_link": "https://otakudesu.best/episode/chgboy-episode-11-sub-indo/",
    "episode_date": "30 Desember,2019",
    "server": "mega",
    "quality": "720p",
    "data_content": "eyJpZCI6NzgwODIsImkiOjIsInEiOiI3MjBwIn0=",
    "decoded_data": {
      "id": 78082,
      "i": 2,
      "q": "720p"
    },
    "stream_url": "https://mega.nz/embed/#!ji4TRABZ!1lG-7ciuzNeBMD3Vas9aJCVVrecCPJTovkgaO-eS4rE",
    "is_default": false,
    "timestamp": "2025-09-12T09:21:40.114Z"
  },
  {
    "anime_title": "Chuunibyou demo Koi ga Shitai",
    "episode_title": "Chuunibyou demo Koi ga Shitai! Episode 1 Subtitle Indonesia",
    "episode_link": "https://otakudesu.best/episode/cu2byo-episode-1-sub-indo/",
    "episode_date": "24 Mei,2019",
    "server": "desudrive",
    "quality": "360p",
    "data_content": "eyJpZCI6NDk1NzQsImkiOjAsInEiOiIzNjBwIn0=",
    "decoded_data": {
      "id": 49574,
      "i": 0,
      "q": "360p"
    },
    "stream_url": "https://desustream.info/dstream/desudrive/player.php?id=NkhhQktKMEd5R2twcFNqNk5pWTNodzI5MklGSlRUemVBOStadXo4dS9wNW9zM3JuWERva2o2cUZuYWFUZVZURA==",
    "is_default": false,
    "timestamp": "2025-09-12T09:21:41.026Z"
  },
  {
    "anime_title": "Chuunibyou demo Koi ga Shitai",
    "episode_title": "Chuunibyou demo Koi ga Shitai! Episode 1 Subtitle Indonesia",
    "episode_link": "https://otakudesu.best/episode/cu2byo-episode-1-sub-indo/",
    "episode_date": "24 Mei,2019",
    "server": "mega",
    "quality": "360p",
    "data_content": "eyJpZCI6NDk1NzQsImkiOjIsInEiOiIzNjBwIn0=",
    "decoded_data": {
      "id": 49574,
      "i": 2,
      "q": "360p"
    },
    "stream_url": "https://mega.nz/embed/#!eqJ0hAZC!l5zs0XP1eetFwvMTDKuy5_RIIYjhTGqv3H5Sy4Y7Oqk",
    "is_default": false,
    "timestamp": "2025-09-12T09:21:41.096Z"
  },
  {
    "anime_title": "Chuunibyou demo Koi ga Shitai",
    "episode_title": "Chuunibyou demo Koi ga Shitai! Episode 1 Subtitle Indonesia",
    "episode_link": "https://otakudesu.best/episode/cu2byo-episode-1-sub-indo/",
    "episode_date": "24 Mei,2019",
    "server": "odesu",
    "quality": "480p",
    "data_content": "eyJpZCI6NDk1NzQsImkiOjAsInEiOiI0ODBwIn0=",
    "decoded_data": {
      "id": 49574,
      "i": 0,
      "q": "480p"
    },
    "stream_url": "https://desustream.info/dstream/odesu/v2/?id=Tm9mdHNBTGtRYlZIdTlzcmlLaThJZW8wc25PRklyejVsOGpXVTlzTHErUT0=",
    "is_default": true,
    "timestamp": "2025-09-12T09:21:41.161Z"
  },
  {
    "anime_title": "Chuunibyou demo Koi ga Shitai",
    "episode_title": "Chuunibyou demo Koi ga Shitai! Episode 1 Subtitle Indonesia",
    "episode_link": "https://otakudesu.best/episode/cu2byo-episode-1-sub-indo/",
    "episode_date": "24 Mei,2019",
    "server": "desudrive",
    "quality": "480p",
    "data_content": "eyJpZCI6NDk1NzQsImkiOjEsInEiOiI0ODBwIn0=",
    "decoded_data": {
      "id": 49574,
      "i": 1,
      "q": "480p"
    },
    "stream_url": "https://desustream.info/dstream/desudrive/player.php?id=Q3VNcENmYUloUzZvaHBQQyttUEJjVkFydjF4U01Ba1ZaM3czeWorRUVCeHBaZWErWlV0ZE9leUlseDhIcjZKTQ==",
    "is_default": false,
    "timestamp": "2025-09-12T09:21:41.191Z"
  },
  {
    "anime_title": "Chuunibyou demo Koi ga Shitai",
    "episode_title": "Chuunibyou demo Koi ga Shitai! Episode 1 Subtitle Indonesia",
    "episode_link": "https://otakudesu.best/episode/cu2byo-episode-1-sub-indo/",
    "episode_date": "24 Mei,2019",
    "server": "mega",
    "quality": "480p",
    "data_content": "eyJpZCI6NDk1NzQsImkiOjMsInEiOiI0ODBwIn0=",
    "decoded_data": {
      "id": 49574,
      "i": 3,
      "q": "480p"
    },
    "stream_url": "https://mega.nz/embed/#!6rQUkYyS!zeMtzDeS2j9ZV_rRRp4KczEqkSLd4zElF420DQCFutg",
    "is_default": false,
    "timestamp": "2025-09-12T09:21:41.265Z"
  },
  {
    "anime_title": "Chuunibyou demo Koi ga Shitai",
    "episode_title": "Chuunibyou demo Koi ga Shitai! Episode 1 Subtitle Indonesia",
    "episode_link": "https://otakudesu.best/episode/cu2byo-episode-1-sub-indo/",
    "episode_date": "24 Mei,2019",
    "server": "desudrive",
    "quality": "720p",
    "data_content": "eyJpZCI6NDk1NzQsImkiOjAsInEiOiI3MjBwIn0=",
    "decoded_data": {
      "id": 49574,
      "i": 0,
      "q": "720p"
    },
    "stream_url": "https://desustream.info/dstream/desudrive/player.php?id=V3Q5VDJRNHM0L0ptclhESW5hRExJbHlZTkdaM2k0QzdqbmcvVVB2YjA5NWwvUWZqU0VHdTJqdjF5U0Z2dG1vWg==",
    "is_default": false,
    "timestamp": "2025-09-12T09:21:41.308Z"
  },
  {
    "anime_title": "Chuunibyou demo Koi ga Shitai",
    "episode_title": "Chuunibyou demo Koi ga Shitai! Episode 1 Subtitle Indonesia",
    "episode_link": "https://otakudesu.best/episode/cu2byo-episode-1-sub-indo/",
    "episode_date": "24 Mei,2019",
    "server": "mega",
    "quality": "720p",
    "data_content": "eyJpZCI6NDk1NzQsImkiOjIsInEiOiI3MjBwIn0=",
    "decoded_data": {
      "id": 49574,
      "i": 2,
      "q": "720p"
    },
    "stream_url": "https://mega.nz/embed/#!f3REXIaB!92J7ASFdK8lNrxyJ9rTpVnRkIgDjDNznjY7VSwfP6g8",
    "is_default": false,
    "timestamp": "2025-09-12T09:21:41.402Z"
  },
  {
    "anime_title": "Chuunibyou demo Koi ga Shitai",
    "episode_title": "Chuunibyou demo Koi ga Shitai! Episode 1 Subtitle Indonesia",
    "episode_link": "https://otakudesu.best/episode/cu2byo-episode-1-sub-indo/",
    "episode_date": "24 Mei,2019",
    "server": "desudrive",
    "quality": "360p",
    "data_content": "eyJpZCI6NDk1NzQsImkiOjAsInEiOiIzNjBwIn0=",
    "decoded_data": {
      "id": 49574,
      "i": 0,
      "q": "360p"
    },
    "stream_url": "https://desustream.info/dstream/desudrive/player.php?id=NkhhQktKMEd5R2twcFNqNk5pWTNodzI5MklGSlRUemVBOStadXo4dS9wNW9zM3JuWERva2o2cUZuYWFUZVZURA==",
    "is_default": false,
    "timestamp": "2025-09-12T09:21:41.026Z"
  },
  {
    "anime_title": "Chuunibyou demo Koi ga Shitai",
    "episode_title": "Chuunibyou demo Koi ga Shitai! Episode 1 Subtitle Indonesia",
    "episode_link": "https://otakudesu.best/episode/cu2byo-episode-1-sub-indo/",
    "episode_date": "24 Mei,2019",
    "server": "mega",
    "quality": "360p",
    "data_content": "eyJpZCI6NDk1NzQsImkiOjIsInEiOiIzNjBwIn0=",
    "decoded_data": {
      "id": 49574,
      "i": 2,
      "q": "360p"
    },
    "stream_url": "https://mega.nz/embed/#!eqJ0hAZC!l5zs0XP1eetFwvMTDKuy5_RIIYjhTGqv3H5Sy4Y7Oqk",
    "is_default": false,
    "timestamp": "2025-09-12T09:21:41.096Z"
  },
  {
    "anime_title": "Chuunibyou demo Koi ga Shitai",
    "episode_title": "Chuunibyou demo Koi ga Shitai! Episode 1 Subtitle Indonesia",
    "episode_link": "https://otakudesu.best/episode/cu2byo-episode-1-sub-indo/",
    "episode_date": "24 Mei,2019",
    "server": "odesu",
    "quality": "480p",
    "data_content": "eyJpZCI6NDk1NzQsImkiOjAsInEiOiI0ODBwIn0=",
    "decoded_data": {
      "id": 49574,
      "i": 0,
      "q": "480p"
    },
    "stream_url": "https://desustream.info/dstream/odesu/v2/?id=Tm9mdHNBTGtRYlZIdTlzcmlLaThJZW8wc25PRklyejVsOGpXVTlzTHErUT0=",
    "is_default": true,
    "timestamp": "2025-09-12T09:21:41.161Z"
  },
  {
    "anime_title": "Chuunibyou demo Koi ga Shitai",
    "episode_title": "Chuunibyou demo Koi ga Shitai! Episode 1 Subtitle Indonesia",
    "episode_link": "https://otakudesu.best/episode/cu2byo-episode-1-sub-indo/",
    "episode_date": "24 Mei,2019",
    "server": "desudrive",
    "quality": "480p",
    "data_content": "eyJpZCI6NDk1NzQsImkiOjEsInEiOiI0ODBwIn0=",
    "decoded_data": {
      "id": 49574,
      "i": 1,
      "q": "480p"
    },
    "stream_url": "https://desustream.info/dstream/desudrive/player.php?id=Q3VNcENmYUloUzZvaHBQQyttUEJjVkFydjF4U01Ba1ZaM3czeWorRUVCeHBaZWErWlV0ZE9leUlseDhIcjZKTQ==",
    "is_default": false,
    "timestamp": "2025-09-12T09:21:41.191Z"
  },
  {
    "anime_title": "Chuunibyou demo Koi ga Shitai",
    "episode_title": "Chuunibyou demo Koi ga Shitai! Episode 1 Subtitle Indonesia",
    "episode_link": "https://otakudesu.best/episode/cu2byo-episode-1-sub-indo/",
    "episode_date": "24 Mei,2019",
    "server": "mega",
    "quality": "480p",
    "data_content": "eyJpZCI6NDk1NzQsImkiOjMsInEiOiI0ODBwIn0=",
    "decoded_data": {
      "id": 49574,
      "i": 3,
      "q": "480p"
    },
    "stream_url": "https://mega.nz/embed/#!6rQUkYyS!zeMtzDeS2j9ZV_rRRp4KczEqkSLd4zElF420DQCFutg",
    "is_default": false,
    "timestamp": "2025-09-12T09:21:41.265Z"
  },
  {
    "anime_title": "Chuunibyou demo Koi ga Shitai",
    "episode_title": "Chuunibyou demo Koi ga Shitai! Episode 1 Subtitle Indonesia",
    "episode_link": "https://otakudesu.best/episode/cu2byo-episode-1-sub-indo/",
    "episode_date": "24 Mei,2019",
    "server": "desudrive",
    "quality": "720p",
    "data_content": "eyJpZCI6NDk1NzQsImkiOjAsInEiOiI3MjBwIn0=",
    "decoded_data": {
      "id": 49574,
      "i": 0,
      "q": "720p"
    },
    "stream_url": "https://desustream.info/dstream/desudrive/player.php?id=V3Q5VDJRNHM0L0ptclhESW5hRExJbHlZTkdaM2k0QzdqbmcvVVB2YjA5NWwvUWZqU0VHdTJqdjF5U0Z2dG1vWg==",
    "is_default": false,
    "timestamp": "2025-09-12T09:21:41.308Z"
  },
  {
    "anime_title": "Chuunibyou demo Koi ga Shitai",
    "episode_title": "Chuunibyou demo Koi ga Shitai! Episode 1 Subtitle Indonesia",
    "episode_link": "https://otakudesu.best/episode/cu2byo-episode-1-sub-indo/",
    "episode_date": "24 Mei,2019",
    "server": "mega",
    "quality": "720p",
    "data_content": "eyJpZCI6NDk1NzQsImkiOjIsInEiOiI3MjBwIn0=",
    "decoded_data": {
      "id": 49574,
      "i": 2,
      "q": "720p"
    },
    "stream_url": "https://mega.nz/embed/#!f3REXIaB!92J7ASFdK8lNrxyJ9rTpVnRkIgDjDNznjY7VSwfP6g8",
    "is_default": false,
    "timestamp": "2025-09-12T09:21:41.402Z"
  },
  {
    "anime_title": "Chuunibyou demo Koi ga Shitai",
    "episode_title": "Chuunibyou demo Koi ga Shitai! Episode 2 Subtitle Indonesia",
    "episode_link": "https://otakudesu.best/episode/cu2byo-episode-2-sub-indo/",
    "episode_date": "24 Mei,2019",
    "server": "desudrive",
    "quality": "360p",
    "data_content": "eyJpZCI6NDk1NjgsImkiOjAsInEiOiIzNjBwIn0=",
    "decoded_data": {
      "id": 49568,
      "i": 0,
      "q": "360p"
    },
    "stream_url": "https://desustream.info/dstream/desudrive/player.php?id=L2FBZHNuVHZSakw4WW02QVJwUWNRUHBvUVNpUFVPOWZrSk1GTUJGSkNSQjM3ZFQyUW5PS1E0TkhVa29oNUVDdw==",
    "is_default": false,
    "timestamp": "2025-09-12T09:21:42.053Z"
  },
  {
    "anime_title": "Chuunibyou demo Koi ga Shitai",
    "episode_title": "Chuunibyou demo Koi ga Shitai! Episode 2 Subtitle Indonesia",
    "episode_link": "https://otakudesu.best/episode/cu2byo-episode-2-sub-indo/",
    "episode_date": "24 Mei,2019",
    "server": "mega",
    "quality": "360p",
    "data_content": "eyJpZCI6NDk1NjgsImkiOjIsInEiOiIzNjBwIn0=",
    "decoded_data": {
      "id": 49568,
      "i": 2,
      "q": "360p"
    },
    "stream_url": "https://mega.nz/embed/#!ryJECQrK!I2BS_7lUH8GOmJSn64IrDRPjOTOOQwaZKoJU_DlLM24",
    "is_default": false,
    "timestamp": "2025-09-12T09:21:42.161Z"
  },
  {
    "anime_title": "Chuunibyou demo Koi ga Shitai",
    "episode_title": "Chuunibyou demo Koi ga Shitai! Episode 2 Subtitle Indonesia",
    "episode_link": "https://otakudesu.best/episode/cu2byo-episode-2-sub-indo/",
    "episode_date": "24 Mei,2019",
    "server": "odesu",
    "quality": "480p",
    "data_content": "eyJpZCI6NDk1NjgsImkiOjAsInEiOiI0ODBwIn0=",
    "decoded_data": {
      "id": 49568,
      "i": 0,
      "q": "480p"
    },
    "stream_url": "https://desustream.info/dstream/odesu/v2/?id=Tm9mdHNBTGtRYlZIdTlzcmlLaThJWm5tZWlDTFNaRTJCK2RrNWpucDFCVT0=",
    "is_default": true,
    "timestamp": "2025-09-12T09:21:42.192Z"
  },
  {
    "anime_title": "Chuunibyou demo Koi ga Shitai",
    "episode_title": "Chuunibyou demo Koi ga Shitai! Episode 2 Subtitle Indonesia",
    "episode_link": "https://otakudesu.best/episode/cu2byo-episode-2-sub-indo/",
    "episode_date": "24 Mei,2019",
    "server": "desudrive",
    "quality": "480p",
    "data_content": "eyJpZCI6NDk1NjgsImkiOjEsInEiOiI0ODBwIn0=",
    "decoded_data": {
      "id": 49568,
      "i": 1,
      "q": "480p"
    },
    "stream_url": "https://desustream.info/dstream/desudrive/player.php?id=NUE4THpnMUUxOGVEL2FENmEvVVc4OTlPUkpWa3BJbXlRaVJ4c2lWZVJCeVFBWUQ5RFUwQTFDK2tVVUhtM3QrWg==",
    "is_default": false,
    "timestamp": "2025-09-12T09:21:42.222Z"
  },
  {
    "anime_title": "Chuunibyou demo Koi ga Shitai",
    "episode_title": "Chuunibyou demo Koi ga Shitai! Episode 2 Subtitle Indonesia",
    "episode_link": "https://otakudesu.best/episode/cu2byo-episode-2-sub-indo/",
    "episode_date": "24 Mei,2019",
    "server": "mega",
    "quality": "480p",
    "data_content": "eyJpZCI6NDk1NjgsImkiOjMsInEiOiI0ODBwIn0=",
    "decoded_data": {
      "id": 49568,
      "i": 3,
      "q": "480p"
    },
    "stream_url": "https://mega.nz/embed/#!jiAShQTC!HODojmZu_zzHdBgQ9Yc7APhZvqKaLyjPn9mJDg_XhUg",
    "is_default": false,
    "timestamp": "2025-09-12T09:21:42.284Z"
  },
  {
    "anime_title": "Chuunibyou demo Koi ga Shitai",
    "episode_title": "Chuunibyou demo Koi ga Shitai! Episode 2 Subtitle Indonesia",
    "episode_link": "https://otakudesu.best/episode/cu2byo-episode-2-sub-indo/",
    "episode_date": "24 Mei,2019",
    "server": "desudrive",
    "quality": "720p",
    "data_content": "eyJpZCI6NDk1NjgsImkiOjAsInEiOiI3MjBwIn0=",
    "decoded_data": {
      "id": 49568,
      "i": 0,
      "q": "720p"
    },
    "stream_url": "https://desustream.info/dstream/desudrive/player.php?id=Z3E1WnlaejRlcmowbWp2RTRGMUl4Sjl1VHYvK2NIaVZqNGxqRVRPd1NqdW45eE9qUmJ5WE1jWndsRkk0Mitvdw==",
    "is_default": false,
    "timestamp": "2025-09-12T09:21:42.334Z"
  },
  {
    "anime_title": "Chuunibyou demo Koi ga Shitai",
    "episode_title": "Chuunibyou demo Koi ga Shitai! Episode 2 Subtitle Indonesia",
    "episode_link": "https://otakudesu.best/episode/cu2byo-episode-2-sub-indo/",
    "episode_date": "24 Mei,2019",
    "server": "mega",
    "quality": "720p",
    "data_content": "eyJpZCI6NDk1NjgsImkiOjIsInEiOiI3MjBwIn0=",
    "decoded_data": {
      "id": 49568,
      "i": 2,
      "q": "720p"
    },
    "stream_url": "https://mega.nz/embed/#!LyYSCCba!VFDcvoedI1EfveSz0y9DsY0-RbUnxzeDQRmA9GKYPCk",
    "is_default": false,
    "timestamp": "2025-09-12T09:21:42.423Z"
  },
  {
    "anime_title": "Chuunibyou demo Koi ga Shitai",
    "episode_title": "Chuunibyou demo Koi ga Shitai! Episode 2 Subtitle Indonesia",
    "episode_link": "https://otakudesu.best/episode/cu2byo-episode-2-sub-indo/",
    "episode_date": "24 Mei,2019",
    "server": "desudrive",
    "quality": "360p",
    "data_content": "eyJpZCI6NDk1NjgsImkiOjAsInEiOiIzNjBwIn0=",
    "decoded_data": {
      "id": 49568,
      "i": 0,
      "q": "360p"
    },
    "stream_url": "https://desustream.info/dstream/desudrive/player.php?id=L2FBZHNuVHZSakw4WW02QVJwUWNRUHBvUVNpUFVPOWZrSk1GTUJGSkNSQjM3ZFQyUW5PS1E0TkhVa29oNUVDdw==",
    "is_default": false,
    "timestamp": "2025-09-12T09:21:42.053Z"
  },
  {
    "anime_title": "Chuunibyou demo Koi ga Shitai",
    "episode_title": "Chuunibyou demo Koi ga Shitai! Episode 2 Subtitle Indonesia",
    "episode_link": "https://otakudesu.best/episode/cu2byo-episode-2-sub-indo/",
    "episode_date": "24 Mei,2019",
    "server": "mega",
    "quality": "360p",
    "data_content": "eyJpZCI6NDk1NjgsImkiOjIsInEiOiIzNjBwIn0=",
    "decoded_data": {
      "id": 49568,
      "i": 2,
      "q": "360p"
    },
    "stream_url": "https://mega.nz/embed/#!ryJECQrK!I2BS_7lUH8GOmJSn64IrDRPjOTOOQwaZKoJU_DlLM24",
    "is_default": false,
    "timestamp": "2025-09-12T09:21:42.161Z"
  },
  {
    "anime_title": "Chuunibyou demo Koi ga Shitai",
    "episode_title": "Chuunibyou demo Koi ga Shitai! Episode 2 Subtitle Indonesia",
    "episode_link": "https://otakudesu.best/episode/cu2byo-episode-2-sub-indo/",
    "episode_date": "24 Mei,2019",
    "server": "odesu",
    "quality": "480p",
    "data_content": "eyJpZCI6NDk1NjgsImkiOjAsInEiOiI0ODBwIn0=",
    "decoded_data": {
      "id": 49568,
      "i": 0,
      "q": "480p"
    },
    "stream_url": "https://desustream.info/dstream/odesu/v2/?id=Tm9mdHNBTGtRYlZIdTlzcmlLaThJWm5tZWlDTFNaRTJCK2RrNWpucDFCVT0=",
    "is_default": true,
    "timestamp": "2025-09-12T09:21:42.192Z"
  },
  {
    "anime_title": "Chuunibyou demo Koi ga Shitai",
    "episode_title": "Chuunibyou demo Koi ga Shitai! Episode 2 Subtitle Indonesia",
    "episode_link": "https://otakudesu.best/episode/cu2byo-episode-2-sub-indo/",
    "episode_date": "24 Mei,2019",
    "server": "desudrive",
    "quality": "480p",
    "data_content": "eyJpZCI6NDk1NjgsImkiOjEsInEiOiI0ODBwIn0=",
    "decoded_data": {
      "id": 49568,
      "i": 1,
      "q": "480p"
    },
    "stream_url": "https://desustream.info/dstream/desudrive/player.php?id=NUE4THpnMUUxOGVEL2FENmEvVVc4OTlPUkpWa3BJbXlRaVJ4c2lWZVJCeVFBWUQ5RFUwQTFDK2tVVUhtM3QrWg==",
    "is_default": false,
    "timestamp": "2025-09-12T09:21:42.222Z"
  },
  {
    "anime_title": "Chuunibyou demo Koi ga Shitai",
    "episode_title": "Chuunibyou demo Koi ga Shitai! Episode 2 Subtitle Indonesia",
    "episode_link": "https://otakudesu.best/episode/cu2byo-episode-2-sub-indo/",
    "episode_date": "24 Mei,2019",
    "server": "mega",
    "quality": "480p",
    "data_content": "eyJpZCI6NDk1NjgsImkiOjMsInEiOiI0ODBwIn0=",
    "decoded_data": {
      "id": 49568,
      "i": 3,
      "q": "480p"
    },
    "stream_url": "https://mega.nz/embed/#!jiAShQTC!HODojmZu_zzHdBgQ9Yc7APhZvqKaLyjPn9mJDg_XhUg",
    "is_default": false,
    "timestamp": "2025-09-12T09:21:42.284Z"
  },
  {
    "anime_title": "Chuunibyou demo Koi ga Shitai",
    "episode_title": "Chuunibyou demo Koi ga Shitai! Episode 2 Subtitle Indonesia",
    "episode_link": "https://otakudesu.best/episode/cu2byo-episode-2-sub-indo/",
    "episode_date": "24 Mei,2019",
    "server": "desudrive",
    "quality": "720p",
    "data_content": "eyJpZCI6NDk1NjgsImkiOjAsInEiOiI3MjBwIn0=",
    "decoded_data": {
      "id": 49568,
      "i": 0,
      "q": "720p"
    },
    "stream_url": "https://desustream.info/dstream/desudrive/player.php?id=Z3E1WnlaejRlcmowbWp2RTRGMUl4Sjl1VHYvK2NIaVZqNGxqRVRPd1NqdW45eE9qUmJ5WE1jWndsRkk0Mitvdw==",
    "is_default": false,
    "timestamp": "2025-09-12T09:21:42.334Z"
  },
  {
    "anime_title": "Chuunibyou demo Koi ga Shitai",
    "episode_title": "Chuunibyou demo Koi ga Shitai! Episode 2 Subtitle Indonesia",
    "episode_link": "https://otakudesu.best/episode/cu2byo-episode-2-sub-indo/",
    "episode_date": "24 Mei,2019",
    "server": "mega",
    "quality": "720p",
    "data_content": "eyJpZCI6NDk1NjgsImkiOjIsInEiOiI3MjBwIn0=",
    "decoded_data": {
      "id": 49568,
      "i": 2,
      "q": "720p"
    },
    "stream_url": "https://mega.nz/embed/#!LyYSCCba!VFDcvoedI1EfveSz0y9DsY0-RbUnxzeDQRmA9GKYPCk",
    "is_default": false,
    "timestamp": "2025-09-12T09:21:42.423Z"
  },
  {
    "anime_title": "Chuunibyou demo Koi ga Shitai",
    "episode_title": "Chuunibyou demo Koi ga Shitai! Episode 3 Subtitle Indonesia",
    "episode_link": "https://otakudesu.best/episode/cu2byo-episode-3-sub-indo/",
    "episode_date": "24 Mei,2019",
    "server": "desudrive",
    "quality": "360p",
    "data_content": "eyJpZCI6NDk1NjksImkiOjAsInEiOiIzNjBwIn0=",
    "decoded_data": {
      "id": 49569,
      "i": 0,
      "q": "360p"
    },
    "stream_url": "https://desustream.info/dstream/desudrive/player.php?id=bE0yTituT0t3KzNxbmpMdjdwbERmSGE3NDNXRis2TGdkeDFKV1N1Wm1GRktiOWdmVHRaRis0Ym9OT01BNHJHWQ==",
    "is_default": false,
    "timestamp": "2025-09-12T09:21:43.100Z"
  },
  {
    "anime_title": "Chuunibyou demo Koi ga Shitai",
    "episode_title": "Chuunibyou demo Koi ga Shitai! Episode 3 Subtitle Indonesia",
    "episode_link": "https://otakudesu.best/episode/cu2byo-episode-3-sub-indo/",
    "episode_date": "24 Mei,2019",
    "server": "mega",
    "quality": "360p",
    "data_content": "eyJpZCI6NDk1NjksImkiOjIsInEiOiIzNjBwIn0=",
    "decoded_data": {
      "id": 49569,
      "i": 2,
      "q": "360p"
    },
    "stream_url": "https://mega.nz/embed/#!mjZSCSSC!uiQdp7Y6Ee6hCSO8HH2_uAhIYUwYJ7X_r-Kgkb_8Qwo",
    "is_default": false,
    "timestamp": "2025-09-12T09:21:43.176Z"
  },
  {
    "anime_title": "Chuunibyou demo Koi ga Shitai",
    "episode_title": "Chuunibyou demo Koi ga Shitai! Episode 3 Subtitle Indonesia",
    "episode_link": "https://otakudesu.best/episode/cu2byo-episode-3-sub-indo/",
    "episode_date": "24 Mei,2019",
    "server": "desudrive",
    "quality": "480p",
    "data_content": "eyJpZCI6NDk1NjksImkiOjEsInEiOiI0ODBwIn0=",
    "decoded_data": {
      "id": 49569,
      "i": 1,
      "q": "480p"
    },
    "stream_url": "https://desustream.info/dstream/desudrive/player.php?id=QjhaODJUYUw5anZkNXRiM3h6VThBT3psWE8rWEVqekVYUVVPQWR6S0I2d3k5TzFkcStSRnYzbnIvdW5ZN3dNNA==",
    "is_default": false,
    "timestamp": "2025-09-12T09:21:43.279Z"
  },
  {
    "anime_title": "Chuunibyou demo Koi ga Shitai",
    "episode_title": "Chuunibyou demo Koi ga Shitai! Episode 3 Subtitle Indonesia",
    "episode_link": "https://otakudesu.best/episode/cu2byo-episode-3-sub-indo/",
    "episode_date": "24 Mei,2019",
    "server": "mega",
    "quality": "480p",
    "data_content": "eyJpZCI6NDk1NjksImkiOjMsInEiOiI0ODBwIn0=",
    "decoded_data": {
      "id": 49569,
      "i": 3,
      "q": "480p"
    },
    "stream_url": "https://mega.nz/embed/#!LmRGWIza!JCqlZ8NjCS8diCmixeqGKo1LmeJ_qFTZhoTkJlJYr6s",
    "is_default": false,
    "timestamp": "2025-09-12T09:21:43.312Z"
  },
  {
    "anime_title": "Chuunibyou demo Koi ga Shitai",
    "episode_title": "Chuunibyou demo Koi ga Shitai! Episode 3 Subtitle Indonesia",
    "episode_link": "https://otakudesu.best/episode/cu2byo-episode-3-sub-indo/",
    "episode_date": "24 Mei,2019",
    "server": "odesu",
    "quality": "480p",
    "data_content": "eyJpZCI6NDk1NjksImkiOjAsInEiOiI0ODBwIn0=",
    "decoded_data": {
      "id": 49569,
      "i": 0,
      "q": "480p"
    },
    "stream_url": "https://desustream.info/dstream/odesu/v2/?id=Tm9mdHNBTGtRYlZIdTlzcmlLaThJVU04VkJYbzVOYW9SdENzY2hRM1lNOD0=",
    "is_default": true,
    "timestamp": "2025-09-12T09:21:43.340Z"
  },
  {
    "anime_title": "Chuunibyou demo Koi ga Shitai",
    "episode_title": "Chuunibyou demo Koi ga Shitai! Episode 3 Subtitle Indonesia",
    "episode_link": "https://otakudesu.best/episode/cu2byo-episode-3-sub-indo/",
    "episode_date": "24 Mei,2019",
    "server": "desudrive",
    "quality": "720p",
    "data_content": "eyJpZCI6NDk1NjksImkiOjAsInEiOiI3MjBwIn0=",
    "decoded_data": {
      "id": 49569,
      "i": 0,
      "q": "720p"
    },
    "stream_url": "https://desustream.info/dstream/desudrive/player.php?id=RHpEeDB3S1RIbUptbFlkd3hadDlMVUlEMkJrdFFMY1l2L0hITlZEYVZKN0htY094U1dkZm5ZSkpaaHp5SWxaaw==",
    "is_default": false,
    "timestamp": "2025-09-12T09:21:43.440Z"
  },
  {
    "anime_title": "Chuunibyou demo Koi ga Shitai",
    "episode_title": "Chuunibyou demo Koi ga Shitai! Episode 3 Subtitle Indonesia",
    "episode_link": "https://otakudesu.best/episode/cu2byo-episode-3-sub-indo/",
    "episode_date": "24 Mei,2019",
    "server": "mega",
    "quality": "720p",
    "data_content": "eyJpZCI6NDk1NjksImkiOjIsInEiOiI3MjBwIn0=",
    "decoded_data": {
      "id": 49569,
      "i": 2,
      "q": "720p"
    },
    "stream_url": "https://mega.nz/embed/#!T6YWQa7J!JcQSHz8EEZV3BdecOX3SI2RjUxZFMismvzInHyZ3MeE",
    "is_default": false,
    "timestamp": "2025-09-12T09:21:43.815Z"
  },
  {
    "anime_title": "Chuunibyou demo Koi ga Shitai",
    "episode_title": "Chuunibyou demo Koi ga Shitai! Episode 3 Subtitle Indonesia",
    "episode_link": "https://otakudesu.best/episode/cu2byo-episode-3-sub-indo/",
    "episode_date": "24 Mei,2019",
    "server": "desudrive",
    "quality": "360p",
    "data_content": "eyJpZCI6NDk1NjksImkiOjAsInEiOiIzNjBwIn0=",
    "decoded_data": {
      "id": 49569,
      "i": 0,
      "q": "360p"
    },
    "stream_url": "https://desustream.info/dstream/desudrive/player.php?id=bE0yTituT0t3KzNxbmpMdjdwbERmSGE3NDNXRis2TGdkeDFKV1N1Wm1GRktiOWdmVHRaRis0Ym9OT01BNHJHWQ==",
    "is_default": false,
    "timestamp": "2025-09-12T09:21:43.100Z"
  },
  {
    "anime_title": "Chuunibyou demo Koi ga Shitai",
    "episode_title": "Chuunibyou demo Koi ga Shitai! Episode 3 Subtitle Indonesia",
    "episode_link": "https://otakudesu.best/episode/cu2byo-episode-3-sub-indo/",
    "episode_date": "24 Mei,2019",
    "server": "mega",
    "quality": "360p",
    "data_content": "eyJpZCI6NDk1NjksImkiOjIsInEiOiIzNjBwIn0=",
    "decoded_data": {
      "id": 49569,
      "i": 2,
      "q": "360p"
    },
    "stream_url": "https://mega.nz/embed/#!mjZSCSSC!uiQdp7Y6Ee6hCSO8HH2_uAhIYUwYJ7X_r-Kgkb_8Qwo",
    "is_default": false,
    "timestamp": "2025-09-12T09:21:43.176Z"
  },
  {
    "anime_title": "Chuunibyou demo Koi ga Shitai",
    "episode_title": "Chuunibyou demo Koi ga Shitai! Episode 3 Subtitle Indonesia",
    "episode_link": "https://otakudesu.best/episode/cu2byo-episode-3-sub-indo/",
    "episode_date": "24 Mei,2019",
    "server": "odesu",
    "quality": "480p",
    "data_content": "eyJpZCI6NDk1NjksImkiOjAsInEiOiI0ODBwIn0=",
    "decoded_data": {
      "id": 49569,
      "i": 0,
      "q": "480p"
    },
    "stream_url": "https://desustream.info/dstream/odesu/v2/?id=Tm9mdHNBTGtRYlZIdTlzcmlLaThJVU04VkJYbzVOYW9SdENzY2hRM1lNOD0=",
    "is_default": true,
    "timestamp": "2025-09-12T09:21:43.340Z"
  },
  {
    "anime_title": "Chuunibyou demo Koi ga Shitai",
    "episode_title": "Chuunibyou demo Koi ga Shitai! Episode 3 Subtitle Indonesia",
    "episode_link": "https://otakudesu.best/episode/cu2byo-episode-3-sub-indo/",
    "episode_date": "24 Mei,2019",
    "server": "desudrive",
    "quality": "480p",
    "data_content": "eyJpZCI6NDk1NjksImkiOjEsInEiOiI0ODBwIn0=",
    "decoded_data": {
      "id": 49569,
      "i": 1,
      "q": "480p"
    },
    "stream_url": "https://desustream.info/dstream/desudrive/player.php?id=QjhaODJUYUw5anZkNXRiM3h6VThBT3psWE8rWEVqekVYUVVPQWR6S0I2d3k5TzFkcStSRnYzbnIvdW5ZN3dNNA==",
    "is_default": false,
    "timestamp": "2025-09-12T09:21:43.279Z"
  },
  {
    "anime_title": "Chuunibyou demo Koi ga Shitai",
    "episode_title": "Chuunibyou demo Koi ga Shitai! Episode 3 Subtitle Indonesia",
    "episode_link": "https://otakudesu.best/episode/cu2byo-episode-3-sub-indo/",
    "episode_date": "24 Mei,2019",
    "server": "mega",
    "quality": "480p",
    "data_content": "eyJpZCI6NDk1NjksImkiOjMsInEiOiI0ODBwIn0=",
    "decoded_data": {
      "id": 49569,
      "i": 3,
      "q": "480p"
    },
    "stream_url": "https://mega.nz/embed/#!LmRGWIza!JCqlZ8NjCS8diCmixeqGKo1LmeJ_qFTZhoTkJlJYr6s",
    "is_default": false,
    "timestamp": "2025-09-12T09:21:43.312Z"
  },
  {
    "anime_title": "Chuunibyou demo Koi ga Shitai",
    "episode_title": "Chuunibyou demo Koi ga Shitai! Episode 3 Subtitle Indonesia",
    "episode_link": "https://otakudesu.best/episode/cu2byo-episode-3-sub-indo/",
    "episode_date": "24 Mei,2019",
    "server": "desudrive",
    "quality": "720p",
    "data_content": "eyJpZCI6NDk1NjksImkiOjAsInEiOiI3MjBwIn0=",
    "decoded_data": {
      "id": 49569,
      "i": 0,
      "q": "720p"
    },
    "stream_url": "https://desustream.info/dstream/desudrive/player.php?id=RHpEeDB3S1RIbUptbFlkd3hadDlMVUlEMkJrdFFMY1l2L0hITlZEYVZKN0htY094U1dkZm5ZSkpaaHp5SWxaaw==",
    "is_default": false,
    "timestamp": "2025-09-12T09:21:43.440Z"
  },
  {
    "anime_title": "Chuunibyou demo Koi ga Shitai",
    "episode_title": "Chuunibyou demo Koi ga Shitai! Episode 3 Subtitle Indonesia",
    "episode_link": "https://otakudesu.best/episode/cu2byo-episode-3-sub-indo/",
    "episode_date": "24 Mei,2019",
    "server": "mega",
    "quality": "720p",
    "data_content": "eyJpZCI6NDk1NjksImkiOjIsInEiOiI3MjBwIn0=",
    "decoded_data": {
      "id": 49569,
      "i": 2,
      "q": "720p"
    },
    "stream_url": "https://mega.nz/embed/#!T6YWQa7J!JcQSHz8EEZV3BdecOX3SI2RjUxZFMismvzInHyZ3MeE",
    "is_default": false,
    "timestamp": "2025-09-12T09:21:43.815Z"
  },
  {
    "anime_title": "Chuunibyou demo Koi ga Shitai",
    "episode_title": "Chuunibyou demo Koi ga Shitai! Episode 4 Subtitle Indonesia",
    "episode_link": "https://otakudesu.best/episode/cu2byo-episode-4-sub-indo/",
    "episode_date": "24 Mei,2019",
    "server": "desudrive",
    "quality": "360p",
    "data_content": "eyJpZCI6NDk1NzEsImkiOjAsInEiOiIzNjBwIn0=",
    "decoded_data": {
      "id": 49571,
      "i": 0,
      "q": "360p"
    },
    "stream_url": "https://desustream.info/dstream/desudrive/player.php?id=ZWxlYk8raFNPSHpuYnA5RkF3OEpGZkxUc2NYWXJrL2o5cDJ4VVZ2OHJxQkVIVlN2ZFJUZ0VLU1RycWZ6UUVYaQ==",
    "is_default": false,
    "timestamp": "2025-09-12T09:21:44.488Z"
  },
  {
    "anime_title": "Chuunibyou demo Koi ga Shitai",
    "episode_title": "Chuunibyou demo Koi ga Shitai! Episode 4 Subtitle Indonesia",
    "episode_link": "https://otakudesu.best/episode/cu2byo-episode-4-sub-indo/",
    "episode_date": "24 Mei,2019",
    "server": "mega",
    "quality": "360p",
    "data_content": "eyJpZCI6NDk1NzEsImkiOjIsInEiOiIzNjBwIn0=",
    "decoded_data": {
      "id": 49571,
      "i": 2,
      "q": "360p"
    },
    "stream_url": "https://mega.nz/embed/#!H7QmTKwK!6hyNonz8kWtQ99jQioROLXf5S1jHIvTxbSG55TOZ5sE",
    "is_default": false,
    "timestamp": "2025-09-12T09:21:44.553Z"
  },
  {
    "anime_title": "Chuunibyou demo Koi ga Shitai",
    "episode_title": "Chuunibyou demo Koi ga Shitai! Episode 4 Subtitle Indonesia",
    "episode_link": "https://otakudesu.best/episode/cu2byo-episode-4-sub-indo/",
    "episode_date": "24 Mei,2019",
    "server": "odesu",
    "quality": "480p",
    "data_content": "eyJpZCI6NDk1NzEsImkiOjAsInEiOiI0ODBwIn0=",
    "decoded_data": {
      "id": 49571,
      "i": 0,
      "q": "480p"
    },
    "stream_url": "https://desustream.info/dstream/odesu/v2/?id=Tm9mdHNBTGtRYlZIdTlzcmlLaThJYzRGbTQ2NEhxREkydUs5Qk8xNGNtaz0=",
    "is_default": true,
    "timestamp": "2025-09-12T09:21:44.591Z"
  },
  {
    "anime_title": "Chuunibyou demo Koi ga Shitai",
    "episode_title": "Chuunibyou demo Koi ga Shitai! Episode 4 Subtitle Indonesia",
    "episode_link": "https://otakudesu.best/episode/cu2byo-episode-4-sub-indo/",
    "episode_date": "24 Mei,2019",
    "server": "desudrive",
    "quality": "480p",
    "data_content": "eyJpZCI6NDk1NzEsImkiOjEsInEiOiI0ODBwIn0=",
    "decoded_data": {
      "id": 49571,
      "i": 1,
      "q": "480p"
    },
    "stream_url": "https://desustream.info/dstream/desudrive/player.php?id=bm00Y24rTGpVd29XVjBhK0FORUQ1bDFiU0R6V09IR0lFTjdnd043WTVuMUEzb1lZQ2k0c1B5M1lFZTNBTkg4Kw==",
    "is_default": false,
    "timestamp": "2025-09-12T09:21:44.661Z"
  },
  {
    "anime_title": "Chuunibyou demo Koi ga Shitai",
    "episode_title": "Chuunibyou demo Koi ga Shitai! Episode 4 Subtitle Indonesia",
    "episode_link": "https://otakudesu.best/episode/cu2byo-episode-4-sub-indo/",
    "episode_date": "24 Mei,2019",
    "server": "mega",
    "quality": "480p",
    "data_content": "eyJpZCI6NDk1NzEsImkiOjMsInEiOiI0ODBwIn0=",
    "decoded_data": {
      "id": 49571,
      "i": 3,
      "q": "480p"
    },
    "stream_url": "https://mega.nz/embed/#!uvAAGSba!d7HZYnayAKO__H5zCFMm_K4MTmiG9h0wzhQjoqdKkzY",
    "is_default": false,
    "timestamp": "2025-09-12T09:21:44.705Z"
  },
  {
    "anime_title": "Chuunibyou demo Koi ga Shitai",
    "episode_title": "Chuunibyou demo Koi ga Shitai! Episode 4 Subtitle Indonesia",
    "episode_link": "https://otakudesu.best/episode/cu2byo-episode-4-sub-indo/",
    "episode_date": "24 Mei,2019",
    "server": "desudrive",
    "quality": "720p",
    "data_content": "eyJpZCI6NDk1NzEsImkiOjAsInEiOiI3MjBwIn0=",
    "decoded_data": {
      "id": 49571,
      "i": 0,
      "q": "720p"
    },
    "stream_url": "https://desustream.info/dstream/desudrive/player.php?id=M0poalNhTThnUjRNdzVzSjdKQU05L3BVNU00Nk5oZ2cxTC9hQWZBSDB5V2NqditEN2NONnh5WnVJTDkvUXFSYQ==",
    "is_default": false,
    "timestamp": "2025-09-12T09:21:44.761Z"
  },
  {
    "anime_title": "Chuunibyou demo Koi ga Shitai",
    "episode_title": "Chuunibyou demo Koi ga Shitai! Episode 4 Subtitle Indonesia",
    "episode_link": "https://otakudesu.best/episode/cu2byo-episode-4-sub-indo/",
    "episode_date": "24 Mei,2019",
    "server": "mega",
    "quality": "720p",
    "data_content": "eyJpZCI6NDk1NzEsImkiOjIsInEiOiI3MjBwIn0=",
    "decoded_data": {
      "id": 49571,
      "i": 2,
      "q": "720p"
    },
    "stream_url": "https://mega.nz/embed/#!umYGVQZR!DWejX7Gr4IMp5sj8DEnQy7XF9_5imYlDRp0wGNMIc90",
    "is_default": false,
    "timestamp": "2025-09-12T09:21:44.821Z"
  },
  {
    "anime_title": "Chuunibyou demo Koi ga Shitai",
    "episode_title": "Chuunibyou demo Koi ga Shitai! Episode 4 Subtitle Indonesia",
    "episode_link": "https://otakudesu.best/episode/cu2byo-episode-4-sub-indo/",
    "episode_date": "24 Mei,2019",
    "server": "desudrive",
    "quality": "360p",
    "data_content": "eyJpZCI6NDk1NzEsImkiOjAsInEiOiIzNjBwIn0=",
    "decoded_data": {
      "id": 49571,
      "i": 0,
      "q": "360p"
    },
    "stream_url": "https://desustream.info/dstream/desudrive/player.php?id=ZWxlYk8raFNPSHpuYnA5RkF3OEpGZkxUc2NYWXJrL2o5cDJ4VVZ2OHJxQkVIVlN2ZFJUZ0VLU1RycWZ6UUVYaQ==",
    "is_default": false,
    "timestamp": "2025-09-12T09:21:44.488Z"
  },
  {
    "anime_title": "Chuunibyou demo Koi ga Shitai",
    "episode_title": "Chuunibyou demo Koi ga Shitai! Episode 4 Subtitle Indonesia",
    "episode_link": "https://otakudesu.best/episode/cu2byo-episode-4-sub-indo/",
    "episode_date": "24 Mei,2019",
    "server": "mega",
    "quality": "360p",
    "data_content": "eyJpZCI6NDk1NzEsImkiOjIsInEiOiIzNjBwIn0=",
    "decoded_data": {
      "id": 49571,
      "i": 2,
      "q": "360p"
    },
    "stream_url": "https://mega.nz/embed/#!H7QmTKwK!6hyNonz8kWtQ99jQioROLXf5S1jHIvTxbSG55TOZ5sE",
    "is_default": false,
    "timestamp": "2025-09-12T09:21:44.553Z"
  },
  {
    "anime_title": "Chuunibyou demo Koi ga Shitai",
    "episode_title": "Chuunibyou demo Koi ga Shitai! Episode 4 Subtitle Indonesia",
    "episode_link": "https://otakudesu.best/episode/cu2byo-episode-4-sub-indo/",
    "episode_date": "24 Mei,2019",
    "server": "odesu",
    "quality": "480p",
    "data_content": "eyJpZCI6NDk1NzEsImkiOjAsInEiOiI0ODBwIn0=",
    "decoded_data": {
      "id": 49571,
      "i": 0,
      "q": "480p"
    },
    "stream_url": "https://desustream.info/dstream/odesu/v2/?id=Tm9mdHNBTGtRYlZIdTlzcmlLaThJYzRGbTQ2NEhxREkydUs5Qk8xNGNtaz0=",
    "is_default": true,
    "timestamp": "2025-09-12T09:21:44.591Z"
  },
  {
    "anime_title": "Chuunibyou demo Koi ga Shitai",
    "episode_title": "Chuunibyou demo Koi ga Shitai! Episode 4 Subtitle Indonesia",
    "episode_link": "https://otakudesu.best/episode/cu2byo-episode-4-sub-indo/",
    "episode_date": "24 Mei,2019",
    "server": "desudrive",
    "quality": "480p",
    "data_content": "eyJpZCI6NDk1NzEsImkiOjEsInEiOiI0ODBwIn0=",
    "decoded_data": {
      "id": 49571,
      "i": 1,
      "q": "480p"
    },
    "stream_url": "https://desustream.info/dstream/desudrive/player.php?id=bm00Y24rTGpVd29XVjBhK0FORUQ1bDFiU0R6V09IR0lFTjdnd043WTVuMUEzb1lZQ2k0c1B5M1lFZTNBTkg4Kw==",
    "is_default": false,
    "timestamp": "2025-09-12T09:21:44.661Z"
  },
  {
    "anime_title": "Chuunibyou demo Koi ga Shitai",
    "episode_title": "Chuunibyou demo Koi ga Shitai! Episode 4 Subtitle Indonesia",
    "episode_link": "https://otakudesu.best/episode/cu2byo-episode-4-sub-indo/",
    "episode_date": "24 Mei,2019",
    "server": "mega",
    "quality": "480p",
    "data_content": "eyJpZCI6NDk1NzEsImkiOjMsInEiOiI0ODBwIn0=",
    "decoded_data": {
      "id": 49571,
      "i": 3,
      "q": "480p"
    },
    "stream_url": "https://mega.nz/embed/#!uvAAGSba!d7HZYnayAKO__H5zCFMm_K4MTmiG9h0wzhQjoqdKkzY",
    "is_default": false,
    "timestamp": "2025-09-12T09:21:44.705Z"
  },
  {
    "anime_title": "Chuunibyou demo Koi ga Shitai",
    "episode_title": "Chuunibyou demo Koi ga Shitai! Episode 4 Subtitle Indonesia",
    "episode_link": "https://otakudesu.best/episode/cu2byo-episode-4-sub-indo/",
    "episode_date": "24 Mei,2019",
    "server": "desudrive",
    "quality": "720p",
    "data_content": "eyJpZCI6NDk1NzEsImkiOjAsInEiOiI3MjBwIn0=",
    "decoded_data": {
      "id": 49571,
      "i": 0,
      "q": "720p"
    },
    "stream_url": "https://desustream.info/dstream/desudrive/player.php?id=M0poalNhTThnUjRNdzVzSjdKQU05L3BVNU00Nk5oZ2cxTC9hQWZBSDB5V2NqditEN2NONnh5WnVJTDkvUXFSYQ==",
    "is_default": false,
    "timestamp": "2025-09-12T09:21:44.761Z"
  },
  {
    "anime_title": "Chuunibyou demo Koi ga Shitai",
    "episode_title": "Chuunibyou demo Koi ga Shitai! Episode 4 Subtitle Indonesia",
    "episode_link": "https://otakudesu.best/episode/cu2byo-episode-4-sub-indo/",
    "episode_date": "24 Mei,2019",
    "server": "mega",
    "quality": "720p",
    "data_content": "eyJpZCI6NDk1NzEsImkiOjIsInEiOiI3MjBwIn0=",
    "decoded_data": {
      "id": 49571,
      "i": 2,
      "q": "720p"
    },
    "stream_url": "https://mega.nz/embed/#!umYGVQZR!DWejX7Gr4IMp5sj8DEnQy7XF9_5imYlDRp0wGNMIc90",
    "is_default": false,
    "timestamp": "2025-09-12T09:21:44.821Z"
  }
]