[
  {
    "anime_title": "Beatless",
    "episode_title": "Beatless Episode 13 Subtitle Indonesia",
    "episode_link": "https://otakudesu.best/episode/btls-episode-13-sub-indo/",
    "episode_date": "21 Juli,2018",
    "server": "solidfiles",
    "quality": "360p",
    "data_content": "eyJpZCI6MjMwMzgsImkiOjAsInEiOiIzNjBwIn0=",
    "decoded_data": {
      "id": 23038,
      "i": 0,
      "q": "360p"
    },
    "stream_url": "https://www.solidfiles.com/e/Nj8XPPNeaV7gV",
    "is_default": false,
    "timestamp": "2025-09-12T08:46:11.866Z"
  },
  {
    "anime_title": "Beatless",
    "episode_title": "Beatless Episode 13 Subtitle Indonesia",
    "episode_link": "https://otakudesu.best/episode/btls-episode-13-sub-indo/",
    "episode_date": "21 Juli,2018",
    "server": "odesu",
    "quality": "480p",
    "data_content": "eyJpZCI6MjMwMzgsImkiOjAsInEiOiI0ODBwIn0=",
    "decoded_data": {
      "id": 23038,
      "i": 0,
      "q": "480p"
    },
    "stream_url": "https://desustream.info/dstream/odesu/v2/?id=ajRDVGZ0TTVoWUp1SitZeXZoYUs3aTYrLzlrZ1BKYklMY3MwNFFOMnVJZz0=",
    "is_default": true,
    "timestamp": "2025-09-12T08:46:11.920Z"
  },
  {
    "anime_title": "Beatless",
    "episode_title": "Beatless Episode 13 Subtitle Indonesia",
    "episode_link": "https://otakudesu.best/episode/btls-episode-13-sub-indo/",
    "episode_date": "21 Juli,2018",
    "server": "solidfiles",
    "quality": "480p",
    "data_content": "eyJpZCI6MjMwMzgsImkiOjEsInEiOiI0ODBwIn0=",
    "decoded_data": {
      "id": 23038,
      "i": 1,
      "q": "480p"
    },
    "stream_url": "https://www.solidfiles.com/e/8GxKQPw7K87dV",
    "is_default": false,
    "timestamp": "2025-09-12T08:46:11.948Z"
  },
  {
    "anime_title": "Beatless",
    "episode_title": "Beatless Episode 13 Subtitle Indonesia",
    "episode_link": "https://otakudesu.best/episode/btls-episode-13-sub-indo/",
    "episode_date": "21 Juli,2018",
    "server": "solidfiles",
    "quality": "720p",
    "data_content": "eyJpZCI6MjMwMzgsImkiOjAsInEiOiI3MjBwIn0=",
    "decoded_data": {
      "id": 23038,
      "i": 0,
      "q": "720p"
    },
    "stream_url": "https://www.solidfiles.com/e/rGq4BrGPreZrD",
    "is_default": false,
    "timestamp": "2025-09-12T08:46:11.989Z"
  },
  {
    "anime_title": "Beatless",
    "episode_title": "Beatless Episode 13 Subtitle Indonesia",
    "episode_link": "https://otakudesu.best/episode/btls-episode-13-sub-indo/",
    "episode_date": "21 Juli,2018",
    "server": "solidfiles",
    "quality": "360p",
    "data_content": "eyJpZCI6MjMwMzgsImkiOjAsInEiOiIzNjBwIn0=",
    "decoded_data": {
      "id": 23038,
      "i": 0,
      "q": "360p"
    },
    "stream_url": "https://www.solidfiles.com/e/Nj8XPPNeaV7gV",
    "is_default": false,
    "timestamp": "2025-09-12T08:46:11.866Z"
  },
  {
    "anime_title": "Beatless",
    "episode_title": "Beatless Episode 13 Subtitle Indonesia",
    "episode_link": "https://otakudesu.best/episode/btls-episode-13-sub-indo/",
    "episode_date": "21 Juli,2018",
    "server": "odesu",
    "quality": "480p",
    "data_content": "eyJpZCI6MjMwMzgsImkiOjAsInEiOiI0ODBwIn0=",
    "decoded_data": {
      "id": 23038,
      "i": 0,
      "q": "480p"
    },
    "stream_url": "https://desustream.info/dstream/odesu/v2/?id=ajRDVGZ0TTVoWUp1SitZeXZoYUs3aTYrLzlrZ1BKYklMY3MwNFFOMnVJZz0=",
    "is_default": true,
    "timestamp": "2025-09-12T08:46:11.920Z"
  },
  {
    "anime_title": "Beatless",
    "episode_title": "Beatless Episode 13 Subtitle Indonesia",
    "episode_link": "https://otakudesu.best/episode/btls-episode-13-sub-indo/",
    "episode_date": "21 Juli,2018",
    "server": "solidfiles",
    "quality": "480p",
    "data_content": "eyJpZCI6MjMwMzgsImkiOjEsInEiOiI0ODBwIn0=",
    "decoded_data": {
      "id": 23038,
      "i": 1,
      "q": "480p"
    },
    "stream_url": "https://www.solidfiles.com/e/8GxKQPw7K87dV",
    "is_default": false,
    "timestamp": "2025-09-12T08:46:11.948Z"
  },
  {
    "anime_title": "Beatless",
    "episode_title": "Beatless Episode 13 Subtitle Indonesia",
    "episode_link": "https://otakudesu.best/episode/btls-episode-13-sub-indo/",
    "episode_date": "21 Juli,2018",
    "server": "solidfiles",
    "quality": "720p",
    "data_content": "eyJpZCI6MjMwMzgsImkiOjAsInEiOiI3MjBwIn0=",
    "decoded_data": {
      "id": 23038,
      "i": 0,
      "q": "720p"
    },
    "stream_url": "https://www.solidfiles.com/e/rGq4BrGPreZrD",
    "is_default": false,
    "timestamp": "2025-09-12T08:46:11.989Z"
  },
  {
    "anime_title": "Beatless",
    "episode_title": "Beatless Episode 14 Subtitle Indonesia",
    "episode_link": "https://otakudesu.best/episode/btls-episode-14-sub-indo/",
    "episode_date": "21 Juli,2018",
    "server": "solidfiles",
    "quality": "360p",
    "data_content": "eyJpZCI6MjMwMzksImkiOjAsInEiOiIzNjBwIn0=",
    "decoded_data": {
      "id": 23039,
      "i": 0,
      "q": "360p"
    },
    "stream_url": "https://www.solidfiles.com/e/52xXjRDVzdLQW",
    "is_default": false,
    "timestamp": "2025-09-12T08:46:12.775Z"
  },
  {
    "anime_title": "Beatless",
    "episode_title": "Beatless Episode 14 Subtitle Indonesia",
    "episode_link": "https://otakudesu.best/episode/btls-episode-14-sub-indo/",
    "episode_date": "21 Juli,2018",
    "server": "odesu",
    "quality": "480p",
    "data_content": "eyJpZCI6MjMwMzksImkiOjAsInEiOiI0ODBwIn0=",
    "decoded_data": {
      "id": 23039,
      "i": 0,
      "q": "480p"
    },
    "stream_url": "https://desustream.info/dstream/odesu/v2/?id=ajRDVGZ0TTVoWUp1SitZeXZoYUs3ckNwZDdYR2dSd1oyK0RpY0pqdjZnND0=",
    "is_default": true,
    "timestamp": "2025-09-12T08:46:12.822Z"
  },
  {
    "anime_title": "Beatless",
    "episode_title": "Beatless Episode 14 Subtitle Indonesia",
    "episode_link": "https://otakudesu.best/episode/btls-episode-14-sub-indo/",
    "episode_date": "21 Juli,2018",
    "server": "solidfiles",
    "quality": "480p",
    "data_content": "eyJpZCI6MjMwMzksImkiOjEsInEiOiI0ODBwIn0=",
    "decoded_data": {
      "id": 23039,
      "i": 1,
      "q": "480p"
    },
    "stream_url": "https://www.solidfiles.com/e/6PxXKyQ5XaYZR",
    "is_default": false,
    "timestamp": "2025-09-12T08:46:12.855Z"
  },
  {
    "anime_title": "Beatless",
    "episode_title": "Beatless Episode 14 Subtitle Indonesia",
    "episode_link": "https://otakudesu.best/episode/btls-episode-14-sub-indo/",
    "episode_date": "21 Juli,2018",
    "server": "solidfiles",
    "quality": "720p",
    "data_content": "eyJpZCI6MjMwMzksImkiOjAsInEiOiI3MjBwIn0=",
    "decoded_data": {
      "id": 23039,
      "i": 0,
      "q": "720p"
    },
    "stream_url": "https://www.solidfiles.com/e/wZmx6Qy8QVmGA",
    "is_default": false,
    "timestamp": "2025-09-12T08:46:12.921Z"
  },
  {
    "anime_title": "Beatless",
    "episode_title": "Beatless Episode 14 Subtitle Indonesia",
    "episode_link": "https://otakudesu.best/episode/btls-episode-14-sub-indo/",
    "episode_date": "21 Juli,2018",
    "server": "solidfiles",
    "quality": "360p",
    "data_content": "eyJpZCI6MjMwMzksImkiOjAsInEiOiIzNjBwIn0=",
    "decoded_data": {
      "id": 23039,
      "i": 0,
      "q": "360p"
    },
    "stream_url": "https://www.solidfiles.com/e/52xXjRDVzdLQW",
    "is_default": false,
    "timestamp": "2025-09-12T08:46:12.775Z"
  },
  {
    "anime_title": "Beatless",
    "episode_title": "Beatless Episode 14 Subtitle Indonesia",
    "episode_link": "https://otakudesu.best/episode/btls-episode-14-sub-indo/",
    "episode_date": "21 Juli,2018",
    "server": "odesu",
    "quality": "480p",
    "data_content": "eyJpZCI6MjMwMzksImkiOjAsInEiOiI0ODBwIn0=",
    "decoded_data": {
      "id": 23039,
      "i": 0,
      "q": "480p"
    },
    "stream_url": "https://desustream.info/dstream/odesu/v2/?id=ajRDVGZ0TTVoWUp1SitZeXZoYUs3ckNwZDdYR2dSd1oyK0RpY0pqdjZnND0=",
    "is_default": true,
    "timestamp": "2025-09-12T08:46:12.822Z"
  },
  {
    "anime_title": "Beatless",
    "episode_title": "Beatless Episode 14 Subtitle Indonesia",
    "episode_link": "https://otakudesu.best/episode/btls-episode-14-sub-indo/",
    "episode_date": "21 Juli,2018",
    "server": "solidfiles",
    "quality": "480p",
    "data_content": "eyJpZCI6MjMwMzksImkiOjEsInEiOiI0ODBwIn0=",
    "decoded_data": {
      "id": 23039,
      "i": 1,
      "q": "480p"
    },
    "stream_url": "https://www.solidfiles.com/e/6PxXKyQ5XaYZR",
    "is_default": false,
    "timestamp": "2025-09-12T08:46:12.855Z"
  },
  {
    "anime_title": "Beatless",
    "episode_title": "Beatless Episode 14 Subtitle Indonesia",
    "episode_link": "https://otakudesu.best/episode/btls-episode-14-sub-indo/",
    "episode_date": "21 Juli,2018",
    "server": "solidfiles",
    "quality": "720p",
    "data_content": "eyJpZCI6MjMwMzksImkiOjAsInEiOiI3MjBwIn0=",
    "decoded_data": {
      "id": 23039,
      "i": 0,
      "q": "720p"
    },
    "stream_url": "https://www.solidfiles.com/e/wZmx6Qy8QVmGA",
    "is_default": false,
    "timestamp": "2025-09-12T08:46:12.921Z"
  },
  {
    "anime_title": "Beatless",
    "episode_title": "Beatless Episode 15 Subtitle Indonesia",
    "episode_link": "https://otakudesu.best/episode/btls-episode-15-sub-indo/",
    "episode_date": "21 Juli,2018",
    "server": "solidfiles",
    "quality": "360p",
    "data_content": "eyJpZCI6MjMwNDAsImkiOjAsInEiOiIzNjBwIn0=",
    "decoded_data": {
      "id": 23040,
      "i": 0,
      "q": "360p"
    },
    "stream_url": "https://www.solidfiles.com/e/DvDXPmedWw36V",
    "is_default": false,
    "timestamp": "2025-09-12T08:46:13.662Z"
  },
  {
    "anime_title": "Beatless",
    "episode_title": "Beatless Episode 15 Subtitle Indonesia",
    "episode_link": "https://otakudesu.best/episode/btls-episode-15-sub-indo/",
    "episode_date": "21 Juli,2018",
    "server": "odesu",
    "quality": "480p",
    "data_content": "eyJpZCI6MjMwNDAsImkiOjAsInEiOiI0ODBwIn0=",
    "decoded_data": {
      "id": 23040,
      "i": 0,
      "q": "480p"
    },
    "stream_url": "https://desustream.info/dstream/odesu/v2/?id=ajRDVGZ0TTVoWUp1SitZeXZoYUs3b3I4S1NnWEdiSk9qNFpoQU5CZnBVOD0=",
    "is_default": true,
    "timestamp": "2025-09-12T08:46:13.699Z"
  },
  {
    "anime_title": "Beatless",
    "episode_title": "Beatless Episode 15 Subtitle Indonesia",
    "episode_link": "https://otakudesu.best/episode/btls-episode-15-sub-indo/",
    "episode_date": "21 Juli,2018",
    "server": "solidfiles",
    "quality": "720p",
    "data_content": "eyJpZCI6MjMwNDAsImkiOjAsInEiOiI3MjBwIn0=",
    "decoded_data": {
      "id": 23040,
      "i": 0,
      "q": "720p"
    },
    "stream_url": "https://www.solidfiles.com/e/kDpzPrP6aW5jn",
    "is_default": false,
    "timestamp": "2025-09-12T08:46:13.740Z"
  },
  {
    "anime_title": "Beatless",
    "episode_title": "Beatless Episode 15 Subtitle Indonesia",
    "episode_link": "https://otakudesu.best/episode/btls-episode-15-sub-indo/",
    "episode_date": "21 Juli,2018",
    "server": "solidfiles",
    "quality": "480p",
    "data_content": "eyJpZCI6MjMwNDAsImkiOjEsInEiOiI0ODBwIn0=",
    "decoded_data": {
      "id": 23040,
      "i": 1,
      "q": "480p"
    },
    "stream_url": "https://www.solidfiles.com/e/6PxX32dvAYwzR",
    "is_default": false,
    "timestamp": "2025-09-12T08:46:13.758Z"
  },
  {
    "anime_title": "Beatless",
    "episode_title": "Beatless Episode 15 Subtitle Indonesia",
    "episode_link": "https://otakudesu.best/episode/btls-episode-15-sub-indo/",
    "episode_date": "21 Juli,2018",
    "server": "solidfiles",
    "quality": "360p",
    "data_content": "eyJpZCI6MjMwNDAsImkiOjAsInEiOiIzNjBwIn0=",
    "decoded_data": {
      "id": 23040,
      "i": 0,
      "q": "360p"
    },
    "stream_url": "https://www.solidfiles.com/e/DvDXPmedWw36V",
    "is_default": false,
    "timestamp": "2025-09-12T08:46:13.662Z"
  },
  {
    "anime_title": "Beatless",
    "episode_title": "Beatless Episode 15 Subtitle Indonesia",
    "episode_link": "https://otakudesu.best/episode/btls-episode-15-sub-indo/",
    "episode_date": "21 Juli,2018",
    "server": "odesu",
    "quality": "480p",
    "data_content": "eyJpZCI6MjMwNDAsImkiOjAsInEiOiI0ODBwIn0=",
    "decoded_data": {
      "id": 23040,
      "i": 0,
      "q": "480p"
    },
    "stream_url": "https://desustream.info/dstream/odesu/v2/?id=ajRDVGZ0TTVoWUp1SitZeXZoYUs3b3I4S1NnWEdiSk9qNFpoQU5CZnBVOD0=",
    "is_default": true,
    "timestamp": "2025-09-12T08:46:13.699Z"
  },
  {
    "anime_title": "Beatless",
    "episode_title": "Beatless Episode 15 Subtitle Indonesia",
    "episode_link": "https://otakudesu.best/episode/btls-episode-15-sub-indo/",
    "episode_date": "21 Juli,2018",
    "server": "solidfiles",
    "quality": "480p",
    "data_content": "eyJpZCI6MjMwNDAsImkiOjEsInEiOiI0ODBwIn0=",
    "decoded_data": {
      "id": 23040,
      "i": 1,
      "q": "480p"
    },
    "stream_url": "https://www.solidfiles.com/e/6PxX32dvAYwzR",
    "is_default": false,
    "timestamp": "2025-09-12T08:46:13.758Z"
  },
  {
    "anime_title": "Beatless",
    "episode_title": "Beatless Episode 15 Subtitle Indonesia",
    "episode_link": "https://otakudesu.best/episode/btls-episode-15-sub-indo/",
    "episode_date": "21 Juli,2018",
    "server": "solidfiles",
    "quality": "720p",
    "data_content": "eyJpZCI6MjMwNDAsImkiOjAsInEiOiI3MjBwIn0=",
    "decoded_data": {
      "id": 23040,
      "i": 0,
      "q": "720p"
    },
    "stream_url": "https://www.solidfiles.com/e/kDpzPrP6aW5jn",
    "is_default": false,
    "timestamp": "2025-09-12T08:46:13.740Z"
  },
  {
    "anime_title": "Beatless",
    "episode_title": "Beatless Episode 16 Subtitle Indonesia",
    "episode_link": "https://otakudesu.best/episode/btls-episode-16-sub-indo/",
    "episode_date": "21 Juli,2018",
    "server": "solidfiles",
    "quality": "360p",
    "data_content": "eyJpZCI6MjMwNDEsImkiOjAsInEiOiIzNjBwIn0=",
    "decoded_data": {
      "id": 23041,
      "i": 0,
      "q": "360p"
    },
    "stream_url": "https://www.solidfiles.com/e/XG76pDeQWGMRv",
    "is_default": false,
    "timestamp": "2025-09-12T08:46:14.636Z"
  },
  {
    "anime_title": "Beatless",
    "episode_title": "Beatless Episode 16 Subtitle Indonesia",
    "episode_link": "https://otakudesu.best/episode/btls-episode-16-sub-indo/",
    "episode_date": "21 Juli,2018",
    "server": "odesu",
    "quality": "480p",
    "data_content": "eyJpZCI6MjMwNDEsImkiOjAsInEiOiI0ODBwIn0=",
    "decoded_data": {
      "id": 23041,
      "i": 0,
      "q": "480p"
    },
    "stream_url": "https://desustream.info/dstream/odesu/v2/?id=ajRDVGZ0TTVoWUp1SitZeXZoYUs3aUh4Q2hjdXkrSXQ3UC9mZXFNZUpJVT0=",
    "is_default": true,
    "timestamp": "2025-09-12T08:46:14.665Z"
  },
  {
    "anime_title": "Beatless",
    "episode_title": "Beatless Episode 16 Subtitle Indonesia",
    "episode_link": "https://otakudesu.best/episode/btls-episode-16-sub-indo/",
    "episode_date": "21 Juli,2018",
    "server": "solidfiles",
    "quality": "480p",
    "data_content": "eyJpZCI6MjMwNDEsImkiOjEsInEiOiI0ODBwIn0=",
    "decoded_data": {
      "id": 23041,
      "i": 1,
      "q": "480p"
    },
    "stream_url": "https://www.solidfiles.com/e/8GxKdZMVX5PeM",
    "is_default": false,
    "timestamp": "2025-09-12T08:46:14.718Z"
  },
  {
    "anime_title": "Beatless",
    "episode_title": "Beatless Episode 16 Subtitle Indonesia",
    "episode_link": "https://otakudesu.best/episode/btls-episode-16-sub-indo/",
    "episode_date": "21 Juli,2018",
    "server": "solidfiles",
    "quality": "720p",
    "data_content": "eyJpZCI6MjMwNDEsImkiOjAsInEiOiI3MjBwIn0=",
    "decoded_data": {
      "id": 23041,
      "i": 0,
      "q": "720p"
    },
    "stream_url": "https://www.solidfiles.com/e/GK5X7qAkXdRKj",
    "is_default": false,
    "timestamp": "2025-09-12T08:46:14.763Z"
  },
  {
    "anime_title": "Beatless",
    "episode_title": "Beatless Episode 16 Subtitle Indonesia",
    "episode_link": "https://otakudesu.best/episode/btls-episode-16-sub-indo/",
    "episode_date": "21 Juli,2018",
    "server": "solidfiles",
    "quality": "360p",
    "data_content": "eyJpZCI6MjMwNDEsImkiOjAsInEiOiIzNjBwIn0=",
    "decoded_data": {
      "id": 23041,
      "i": 0,
      "q": "360p"
    },
    "stream_url": "https://www.solidfiles.com/e/XG76pDeQWGMRv",
    "is_default": false,
    "timestamp": "2025-09-12T08:46:14.636Z"
  },
  {
    "anime_title": "Beatless",
    "episode_title": "Beatless Episode 16 Subtitle Indonesia",
    "episode_link": "https://otakudesu.best/episode/btls-episode-16-sub-indo/",
    "episode_date": "21 Juli,2018",
    "server": "odesu",
    "quality": "480p",
    "data_content": "eyJpZCI6MjMwNDEsImkiOjAsInEiOiI0ODBwIn0=",
    "decoded_data": {
      "id": 23041,
      "i": 0,
      "q": "480p"
    },
    "stream_url": "https://desustream.info/dstream/odesu/v2/?id=ajRDVGZ0TTVoWUp1SitZeXZoYUs3aUh4Q2hjdXkrSXQ3UC9mZXFNZUpJVT0=",
    "is_default": true,
    "timestamp": "2025-09-12T08:46:14.665Z"
  },
  {
    "anime_title": "Beatless",
    "episode_title": "Beatless Episode 16 Subtitle Indonesia",
    "episode_link": "https://otakudesu.best/episode/btls-episode-16-sub-indo/",
    "episode_date": "21 Juli,2018",
    "server": "solidfiles",
    "quality": "480p",
    "data_content": "eyJpZCI6MjMwNDEsImkiOjEsInEiOiI0ODBwIn0=",
    "decoded_data": {
      "id": 23041,
      "i": 1,
      "q": "480p"
    },
    "stream_url": "https://www.solidfiles.com/e/8GxKdZMVX5PeM",
    "is_default": false,
    "timestamp": "2025-09-12T08:46:14.718Z"
  },
  {
    "anime_title": "Beatless",
    "episode_title": "Beatless Episode 16 Subtitle Indonesia",
    "episode_link": "https://otakudesu.best/episode/btls-episode-16-sub-indo/",
    "episode_date": "21 Juli,2018",
    "server": "solidfiles",
    "quality": "720p",
    "data_content": "eyJpZCI6MjMwNDEsImkiOjAsInEiOiI3MjBwIn0=",
    "decoded_data": {
      "id": 23041,
      "i": 0,
      "q": "720p"
    },
    "stream_url": "https://www.solidfiles.com/e/GK5X7qAkXdRKj",
    "is_default": false,
    "timestamp": "2025-09-12T08:46:14.763Z"
  },
  {
    "anime_title": "Beatless",
    "episode_title": "Beatless Episode 17 Subtitle Indonesia",
    "episode_link": "https://otakudesu.best/episode/btls-episode-17-sub-indo/",
    "episode_date": "21 Juli,2018",
    "server": "solidfiles",
    "quality": "360p",
    "data_content": "eyJpZCI6MjMwNDIsImkiOjAsInEiOiIzNjBwIn0=",
    "decoded_data": {
      "id": 23042,
      "i": 0,
      "q": "360p"
    },
    "stream_url": "https://www.solidfiles.com/e/p8M74DkPmvYde",
    "is_default": false,
    "timestamp": "2025-09-12T08:46:15.625Z"
  },
  {
    "anime_title": "Beatless",
    "episode_title": "Beatless Episode 17 Subtitle Indonesia",
    "episode_link": "https://otakudesu.best/episode/btls-episode-17-sub-indo/",
    "episode_date": "21 Juli,2018",
    "server": "odesu",
    "quality": "480p",
    "data_content": "eyJpZCI6MjMwNDIsImkiOjAsInEiOiI0ODBwIn0=",
    "decoded_data": {
      "id": 23042,
      "i": 0,
      "q": "480p"
    },
    "stream_url": "https://desustream.info/dstream/odesu/v2/?id=ajRDVGZ0TTVoWUp1SitZeXZoYUs3c0oxZDA3Z1B6OHNWbXZsYnV0UXZVUT0=",
    "is_default": true,
    "timestamp": "2025-09-12T08:46:15.646Z"
  },
  {
    "anime_title": "Beatless",
    "episode_title": "Beatless Episode 17 Subtitle Indonesia",
    "episode_link": "https://otakudesu.best/episode/btls-episode-17-sub-indo/",
    "episode_date": "21 Juli,2018",
    "server": "solidfiles",
    "quality": "480p",
    "data_content": "eyJpZCI6MjMwNDIsImkiOjEsInEiOiI0ODBwIn0=",
    "decoded_data": {
      "id": 23042,
      "i": 1,
      "q": "480p"
    },
    "stream_url": "https://www.solidfiles.com/e/jjvMKP4WrLkk6",
    "is_default": false,
    "timestamp": "2025-09-12T08:46:15.695Z"
  },
  {
    "anime_title": "Beatless",
    "episode_title": "Beatless Episode 17 Subtitle Indonesia",
    "episode_link": "https://otakudesu.best/episode/btls-episode-17-sub-indo/",
    "episode_date": "21 Juli,2018",
    "server": "solidfiles",
    "quality": "720p",
    "data_content": "eyJpZCI6MjMwNDIsImkiOjAsInEiOiI3MjBwIn0=",
    "decoded_data": {
      "id": 23042,
      "i": 0,
      "q": "720p"
    },
    "stream_url": "https://www.solidfiles.com/e/qGzmQ4AGZA4DA",
    "is_default": false,
    "timestamp": "2025-09-12T08:46:15.746Z"
  },
  {
    "anime_title": "Beatless",
    "episode_title": "Beatless Episode 17 Subtitle Indonesia",
    "episode_link": "https://otakudesu.best/episode/btls-episode-17-sub-indo/",
    "episode_date": "21 Juli,2018",
    "server": "solidfiles",
    "quality": "360p",
    "data_content": "eyJpZCI6MjMwNDIsImkiOjAsInEiOiIzNjBwIn0=",
    "decoded_data": {
      "id": 23042,
      "i": 0,
      "q": "360p"
    },
    "stream_url": "https://www.solidfiles.com/e/p8M74DkPmvYde",
    "is_default": false,
    "timestamp": "2025-09-12T08:46:15.625Z"
  },
  {
    "anime_title": "Beatless",
    "episode_title": "Beatless Episode 17 Subtitle Indonesia",
    "episode_link": "https://otakudesu.best/episode/btls-episode-17-sub-indo/",
    "episode_date": "21 Juli,2018",
    "server": "odesu",
    "quality": "480p",
    "data_content": "eyJpZCI6MjMwNDIsImkiOjAsInEiOiI0ODBwIn0=",
    "decoded_data": {
      "id": 23042,
      "i": 0,
      "q": "480p"
    },
    "stream_url": "https://desustream.info/dstream/odesu/v2/?id=ajRDVGZ0TTVoWUp1SitZeXZoYUs3c0oxZDA3Z1B6OHNWbXZsYnV0UXZVUT0=",
    "is_default": true,
    "timestamp": "2025-09-12T08:46:15.646Z"
  },
  {
    "anime_title": "Beatless",
    "episode_title": "Beatless Episode 17 Subtitle Indonesia",
    "episode_link": "https://otakudesu.best/episode/btls-episode-17-sub-indo/",
    "episode_date": "21 Juli,2018",
    "server": "solidfiles",
    "quality": "480p",
    "data_content": "eyJpZCI6MjMwNDIsImkiOjEsInEiOiI0ODBwIn0=",
    "decoded_data": {
      "id": 23042,
      "i": 1,
      "q": "480p"
    },
    "stream_url": "https://www.solidfiles.com/e/jjvMKP4WrLkk6",
    "is_default": false,
    "timestamp": "2025-09-12T08:46:15.695Z"
  },
  {
    "anime_title": "Beatless",
    "episode_title": "Beatless Episode 17 Subtitle Indonesia",
    "episode_link": "https://otakudesu.best/episode/btls-episode-17-sub-indo/",
    "episode_date": "21 Juli,2018",
    "server": "solidfiles",
    "quality": "720p",
    "data_content": "eyJpZCI6MjMwNDIsImkiOjAsInEiOiI3MjBwIn0=",
    "decoded_data": {
      "id": 23042,
      "i": 0,
      "q": "720p"
    },
    "stream_url": "https://www.solidfiles.com/e/qGzmQ4AGZA4DA",
    "is_default": false,
    "timestamp": "2025-09-12T08:46:15.746Z"
  },
  {
    "anime_title": "Beatless",
    "episode_title": "Beatless Episode 18 Subtitle Indonesia",
    "episode_link": "https://otakudesu.best/episode/btls-episode-18-sub-indo/",
    "episode_date": "21 Juli,2018",
    "server": "solidfiles",
    "quality": "360p",
    "data_content": "eyJpZCI6MjMwNDMsImkiOjAsInEiOiIzNjBwIn0=",
    "decoded_data": {
      "id": 23043,
      "i": 0,
      "q": "360p"
    },
    "stream_url": "https://www.solidfiles.com/e/52xXjZYeyLR5n",
    "is_default": false,
    "timestamp": "2025-09-12T08:46:16.379Z"
  },
  {
    "anime_title": "Beatless",
    "episode_title": "Beatless Episode 18 Subtitle Indonesia",
    "episode_link": "https://otakudesu.best/episode/btls-episode-18-sub-indo/",
    "episode_date": "21 Juli,2018",
    "server": "odesu",
    "quality": "480p",
    "data_content": "eyJpZCI6MjMwNDMsImkiOjAsInEiOiI0ODBwIn0=",
    "decoded_data": {
      "id": 23043,
      "i": 0,
      "q": "480p"
    },
    "stream_url": "https://desustream.info/dstream/odesu/v2/?id=ajRDVGZ0TTVoWUp1SitZeXZoYUs3cWlLSGVmdFFpSS9veG84Z3h6V2pHND0=",
    "is_default": true,
    "timestamp": "2025-09-12T08:46:16.426Z"
  },
  {
    "anime_title": "Beatless",
    "episode_title": "Beatless Episode 18 Subtitle Indonesia",
    "episode_link": "https://otakudesu.best/episode/btls-episode-18-sub-indo/",
    "episode_date": "21 Juli,2018",
    "server": "solidfiles",
    "quality": "480p",
    "data_content": "eyJpZCI6MjMwNDMsImkiOjEsInEiOiI0ODBwIn0=",
    "decoded_data": {
      "id": 23043,
      "i": 1,
      "q": "480p"
    },
    "stream_url": "https://www.solidfiles.com/e/dk3v4YxrVnYy7",
    "is_default": false,
    "timestamp": "2025-09-12T08:46:16.467Z"
  },
  {
    "anime_title": "Beatless",
    "episode_title": "Beatless Episode 18 Subtitle Indonesia",
    "episode_link": "https://otakudesu.best/episode/btls-episode-18-sub-indo/",
    "episode_date": "21 Juli,2018",
    "server": "solidfiles",
    "quality": "720p",
    "data_content": "eyJpZCI6MjMwNDMsImkiOjAsInEiOiI3MjBwIn0=",
    "decoded_data": {
      "id": 23043,
      "i": 0,
      "q": "720p"
    },
    "stream_url": "https://www.solidfiles.com/e/QMAXrYWr5VkXp",
    "is_default": false,
    "timestamp": "2025-09-12T08:46:16.504Z"
  },
  {
    "anime_title": "Beatless",
    "episode_title": "Beatless Episode 18 Subtitle Indonesia",
    "episode_link": "https://otakudesu.best/episode/btls-episode-18-sub-indo/",
    "episode_date": "21 Juli,2018",
    "server": "solidfiles",
    "quality": "360p",
    "data_content": "eyJpZCI6MjMwNDMsImkiOjAsInEiOiIzNjBwIn0=",
    "decoded_data": {
      "id": 23043,
      "i": 0,
      "q": "360p"
    },
    "stream_url": "https://www.solidfiles.com/e/52xXjZYeyLR5n",
    "is_default": false,
    "timestamp": "2025-09-12T08:46:16.379Z"
  },
  {
    "anime_title": "Beatless",
    "episode_title": "Beatless Episode 18 Subtitle Indonesia",
    "episode_link": "https://otakudesu.best/episode/btls-episode-18-sub-indo/",
    "episode_date": "21 Juli,2018",
    "server": "odesu",
    "quality": "480p",
    "data_content": "eyJpZCI6MjMwNDMsImkiOjAsInEiOiI0ODBwIn0=",
    "decoded_data": {
      "id": 23043,
      "i": 0,
      "q": "480p"
    },
    "stream_url": "https://desustream.info/dstream/odesu/v2/?id=ajRDVGZ0TTVoWUp1SitZeXZoYUs3cWlLSGVmdFFpSS9veG84Z3h6V2pHND0=",
    "is_default": true,
    "timestamp": "2025-09-12T08:46:16.426Z"
  },
  {
    "anime_title": "Beatless",
    "episode_title": "Beatless Episode 18 Subtitle Indonesia",
    "episode_link": "https://otakudesu.best/episode/btls-episode-18-sub-indo/",
    "episode_date": "21 Juli,2018",
    "server": "solidfiles",
    "quality": "480p",
    "data_content": "eyJpZCI6MjMwNDMsImkiOjEsInEiOiI0ODBwIn0=",
    "decoded_data": {
      "id": 23043,
      "i": 1,
      "q": "480p"
    },
    "stream_url": "https://www.solidfiles.com/e/dk3v4YxrVnYy7",
    "is_default": false,
    "timestamp": "2025-09-12T08:46:16.467Z"
  },
  {
    "anime_title": "Beatless",
    "episode_title": "Beatless Episode 18 Subtitle Indonesia",
    "episode_link": "https://otakudesu.best/episode/btls-episode-18-sub-indo/",
    "episode_date": "21 Juli,2018",
    "server": "solidfiles",
    "quality": "720p",
    "data_content": "eyJpZCI6MjMwNDMsImkiOjAsInEiOiI3MjBwIn0=",
    "decoded_data": {
      "id": 23043,
      "i": 0,
      "q": "720p"
    },
    "stream_url": "https://www.solidfiles.com/e/QMAXrYWr5VkXp",
    "is_default": false,
    "timestamp": "2025-09-12T08:46:16.504Z"
  },
  {
    "anime_title": "Beatless",
    "episode_title": "Beatless Episode 19 Subtitle Indonesia",
    "episode_link": "https://otakudesu.best/episode/btls-episode-19-sub-indo/",
    "episode_date": "21 Juli,2018",
    "server": "solidfiles",
    "quality": "360p",
    "data_content": "eyJpZCI6MjMwNDQsImkiOjAsInEiOiIzNjBwIn0=",
    "decoded_data": {
      "id": 23044,
      "i": 0,
      "q": "360p"
    },
    "stream_url": "https://www.solidfiles.com/e/AweXPNAvRRdnB",
    "is_default": false,
    "timestamp": "2025-09-12T08:46:17.405Z"
  },
  {
    "anime_title": "Beatless",
    "episode_title": "Beatless Episode 19 Subtitle Indonesia",
    "episode_link": "https://otakudesu.best/episode/btls-episode-19-sub-indo/",
    "episode_date": "21 Juli,2018",
    "server": "odesu",
    "quality": "480p",
    "data_content": "eyJpZCI6MjMwNDQsImkiOjAsInEiOiI0ODBwIn0=",
    "decoded_data": {
      "id": 23044,
      "i": 0,
      "q": "480p"
    },
    "stream_url": "https://desustream.info/dstream/odesu/v2/?id=ajRDVGZ0TTVoWUp1SitZeXZoYUs3cHRyWWthd1gxV1dTNktvbkxQZDc5QT0=",
    "is_default": true,
    "timestamp": "2025-09-12T08:46:17.424Z"
  },
  {
    "anime_title": "Beatless",
    "episode_title": "Beatless Episode 19 Subtitle Indonesia",
    "episode_link": "https://otakudesu.best/episode/btls-episode-19-sub-indo/",
    "episode_date": "21 Juli,2018",
    "server": "solidfiles",
    "quality": "480p",
    "data_content": "eyJpZCI6MjMwNDQsImkiOjEsInEiOiI0ODBwIn0=",
    "decoded_data": {
      "id": 23044,
      "i": 1,
      "q": "480p"
    },
    "stream_url": "https://www.solidfiles.com/e/aqjGrXKeD6KVy",
    "is_default": false,
    "timestamp": "2025-09-12T08:46:17.466Z"
  },
  {
    "anime_title": "Beatless",
    "episode_title": "Beatless Episode 19 Subtitle Indonesia",
    "episode_link": "https://otakudesu.best/episode/btls-episode-19-sub-indo/",
    "episode_date": "21 Juli,2018",
    "server": "solidfiles",
    "quality": "720p",
    "data_content": "eyJpZCI6MjMwNDQsImkiOjAsInEiOiI3MjBwIn0=",
    "decoded_data": {
      "id": 23044,
      "i": 0,
      "q": "720p"
    },
    "stream_url": "https://www.solidfiles.com/e/yvNWr5y3VW4RN",
    "is_default": false,
    "timestamp": "2025-09-12T08:46:17.518Z"
  },
  {
    "anime_title": "Beatless",
    "episode_title": "Beatless Episode 19 Subtitle Indonesia",
    "episode_link": "https://otakudesu.best/episode/btls-episode-19-sub-indo/",
    "episode_date": "21 Juli,2018",
    "server": "solidfiles",
    "quality": "360p",
    "data_content": "eyJpZCI6MjMwNDQsImkiOjAsInEiOiIzNjBwIn0=",
    "decoded_data": {
      "id": 23044,
      "i": 0,
      "q": "360p"
    },
    "stream_url": "https://www.solidfiles.com/e/AweXPNAvRRdnB",
    "is_default": false,
    "timestamp": "2025-09-12T08:46:17.405Z"
  },
  {
    "anime_title": "Beatless",
    "episode_title": "Beatless Episode 19 Subtitle Indonesia",
    "episode_link": "https://otakudesu.best/episode/btls-episode-19-sub-indo/",
    "episode_date": "21 Juli,2018",
    "server": "odesu",
    "quality": "480p",
    "data_content": "eyJpZCI6MjMwNDQsImkiOjAsInEiOiI0ODBwIn0=",
    "decoded_data": {
      "id": 23044,
      "i": 0,
      "q": "480p"
    },
    "stream_url": "https://desustream.info/dstream/odesu/v2/?id=ajRDVGZ0TTVoWUp1SitZeXZoYUs3cHRyWWthd1gxV1dTNktvbkxQZDc5QT0=",
    "is_default": true,
    "timestamp": "2025-09-12T08:46:17.424Z"
  },
  {
    "anime_title": "Beatless",
    "episode_title": "Beatless Episode 19 Subtitle Indonesia",
    "episode_link": "https://otakudesu.best/episode/btls-episode-19-sub-indo/",
    "episode_date": "21 Juli,2018",
    "server": "solidfiles",
    "quality": "480p",
    "data_content": "eyJpZCI6MjMwNDQsImkiOjEsInEiOiI0ODBwIn0=",
    "decoded_data": {
      "id": 23044,
      "i": 1,
      "q": "480p"
    },
    "stream_url": "https://www.solidfiles.com/e/aqjGrXKeD6KVy",
    "is_default": false,
    "timestamp": "2025-09-12T08:46:17.466Z"
  },
  {
    "anime_title": "Beatless",
    "episode_title": "Beatless Episode 19 Subtitle Indonesia",
    "episode_link": "https://otakudesu.best/episode/btls-episode-19-sub-indo/",
    "episode_date": "21 Juli,2018",
    "server": "solidfiles",
    "quality": "720p",
    "data_content": "eyJpZCI6MjMwNDQsImkiOjAsInEiOiI3MjBwIn0=",
    "decoded_data": {
      "id": 23044,
      "i": 0,
      "q": "720p"
    },
    "stream_url": "https://www.solidfiles.com/e/yvNWr5y3VW4RN",
    "is_default": false,
    "timestamp": "2025-09-12T08:46:17.518Z"
  },
  {
    "anime_title": "Beatless",
    "episode_title": "Beatless Episode 20 (End) Subtitle Indonesia",
    "episode_link": "https://otakudesu.best/episode/btls-episode-20-sub-indo/",
    "episode_date": "21 Juli,2018",
    "server": "solidfiles",
    "quality": "360p",
    "data_content": "eyJpZCI6MjMwNDUsImkiOjAsInEiOiIzNjBwIn0=",
    "decoded_data": {
      "id": 23045,
      "i": 0,
      "q": "360p"
    },
    "stream_url": "https://www.solidfiles.com/e/XG76pVWv7Z5aq",
    "is_default": false,
    "timestamp": "2025-09-12T08:46:18.119Z"
  },
  {
    "anime_title": "Beatless",
    "episode_title": "Beatless Episode 20 (End) Subtitle Indonesia",
    "episode_link": "https://otakudesu.best/episode/btls-episode-20-sub-indo/",
    "episode_date": "21 Juli,2018",
    "server": "odesu",
    "quality": "480p",
    "data_content": "eyJpZCI6MjMwNDUsImkiOjAsInEiOiI0ODBwIn0=",
    "decoded_data": {
      "id": 23045,
      "i": 0,
      "q": "480p"
    },
    "stream_url": "https://desustream.info/dstream/odesu/v2/?id=aVNlTWQrYTRrenYxaDZHRURVMWh0ZnVSQldYOXo1MEl0enc3cmtabmNzaz0=",
    "is_default": true,
    "timestamp": "2025-09-12T08:46:18.188Z"
  },
  {
    "anime_title": "Beatless",
    "episode_title": "Beatless Episode 20 (End) Subtitle Indonesia",
    "episode_link": "https://otakudesu.best/episode/btls-episode-20-sub-indo/",
    "episode_date": "21 Juli,2018",
    "server": "solidfiles",
    "quality": "480p",
    "data_content": "eyJpZCI6MjMwNDUsImkiOjEsInEiOiI0ODBwIn0=",
    "decoded_data": {
      "id": 23045,
      "i": 1,
      "q": "480p"
    },
    "stream_url": "https://www.solidfiles.com/e/wZmx7z45A6kA2",
    "is_default": false,
    "timestamp": "2025-09-12T08:46:18.231Z"
  },
  {
    "anime_title": "Beatless",
    "episode_title": "Beatless Episode 20 (End) Subtitle Indonesia",
    "episode_link": "https://otakudesu.best/episode/btls-episode-20-sub-indo/",
    "episode_date": "21 Juli,2018",
    "server": "solidfiles",
    "quality": "720p",
    "data_content": "eyJpZCI6MjMwNDUsImkiOjAsInEiOiI3MjBwIn0=",
    "decoded_data": {
      "id": 23045,
      "i": 0,
      "q": "720p"
    },
    "stream_url": "https://www.solidfiles.com/e/MBpXyNQjx7Kqz",
    "is_default": false,
    "timestamp": "2025-09-12T08:46:18.272Z"
  },
  {
    "anime_title": "Beatless",
    "episode_title": "Beatless Episode 20 (End) Subtitle Indonesia",
    "episode_link": "https://otakudesu.best/episode/btls-episode-20-sub-indo/",
    "episode_date": "21 Juli,2018",
    "server": "solidfiles",
    "quality": "360p",
    "data_content": "eyJpZCI6MjMwNDUsImkiOjAsInEiOiIzNjBwIn0=",
    "decoded_data": {
      "id": 23045,
      "i": 0,
      "q": "360p"
    },
    "stream_url": "https://www.solidfiles.com/e/XG76pVWv7Z5aq",
    "is_default": false,
    "timestamp": "2025-09-12T08:46:18.119Z"
  },
  {
    "anime_title": "Beatless",
    "episode_title": "Beatless Episode 20 (End) Subtitle Indonesia",
    "episode_link": "https://otakudesu.best/episode/btls-episode-20-sub-indo/",
    "episode_date": "21 Juli,2018",
    "server": "odesu",
    "quality": "480p",
    "data_content": "eyJpZCI6MjMwNDUsImkiOjAsInEiOiI0ODBwIn0=",
    "decoded_data": {
      "id": 23045,
      "i": 0,
      "q": "480p"
    },
    "stream_url": "https://desustream.info/dstream/odesu/v2/?id=aVNlTWQrYTRrenYxaDZHRURVMWh0ZnVSQldYOXo1MEl0enc3cmtabmNzaz0=",
    "is_default": true,
    "timestamp": "2025-09-12T08:46:18.188Z"
  },
  {
    "anime_title": "Beatless",
    "episode_title": "Beatless Episode 20 (End) Subtitle Indonesia",
    "episode_link": "https://otakudesu.best/episode/btls-episode-20-sub-indo/",
    "episode_date": "21 Juli,2018",
    "server": "solidfiles",
    "quality": "480p",
    "data_content": "eyJpZCI6MjMwNDUsImkiOjEsInEiOiI0ODBwIn0=",
    "decoded_data": {
      "id": 23045,
      "i": 1,
      "q": "480p"
    },
    "stream_url": "https://www.solidfiles.com/e/wZmx7z45A6kA2",
    "is_default": false,
    "timestamp": "2025-09-12T08:46:18.231Z"
  },
  {
    "anime_title": "Beatless",
    "episode_title": "Beatless Episode 20 (End) Subtitle Indonesia",
    "episode_link": "https://otakudesu.best/episode/btls-episode-20-sub-indo/",
    "episode_date": "21 Juli,2018",
    "server": "solidfiles",
    "quality": "720p",
    "data_content": "eyJpZCI6MjMwNDUsImkiOjAsInEiOiI3MjBwIn0=",
    "decoded_data": {
      "id": 23045,
      "i": 0,
      "q": "720p"
    },
    "stream_url": "https://www.solidfiles.com/e/MBpXyNQjx7Kqz",
    "is_default": false,
    "timestamp": "2025-09-12T08:46:18.272Z"
  },
  {
    "anime_title": "Beelzebub",
    "episode_title": "Beelzebub Episode 1 Subtitle Indonesia",
    "episode_link": "https://otakudesu.best/episode/blzb-episode-1-sub-indo/",
    "episode_date": "28 Januari,2018",
    "server": "desufiles",
    "quality": "360p",
    "data_content": "eyJpZCI6MTUwNjAsImkiOjAsInEiOiIzNjBwIn0=",
    "decoded_data": {
      "id": 15060,
      "i": 0,
      "q": "360p"
    },
    "stream_url": "https://www.solidfiles.com/e/jjawZkP6AxeNg",
    "is_default": false,
    "timestamp": "2025-09-12T08:46:19.466Z"
  },
  {
    "anime_title": "Beelzebub",
    "episode_title": "Beelzebub Episode 1 Subtitle Indonesia",
    "episode_link": "https://otakudesu.best/episode/blzb-episode-1-sub-indo/",
    "episode_date": "28 Januari,2018",
    "server": "playdesu",
    "quality": "480p",
    "data_content": "eyJpZCI6MTUwNjAsImkiOjAsInEiOiI0ODBwIn0=",
    "decoded_data": {
      "id": 15060,
      "i": 0,
      "q": "480p"
    },
    "stream_url": "https://desustream.info/dstream/playdesu/v2/index.php?id=bElPL0gwNkFmODYycXlTSnloSVd2OHhDZVFwS0Rsd29BaXpBcnpNT1FWST0=",
    "is_default": true,
    "timestamp": "2025-09-12T08:46:19.524Z"
  },
  {
    "anime_title": "Beelzebub",
    "episode_title": "Beelzebub Episode 1 Subtitle Indonesia",
    "episode_link": "https://otakudesu.best/episode/blzb-episode-1-sub-indo/",
    "episode_date": "28 Januari,2018",
    "server": "desufiles",
    "quality": "480p",
    "data_content": "eyJpZCI6MTUwNjAsImkiOjEsInEiOiI0ODBwIn0=",
    "decoded_data": {
      "id": 15060,
      "i": 1,
      "q": "480p"
    },
    "stream_url": "https://www.solidfiles.com/e/MBQYk5V6D3eza",
    "is_default": false,
    "timestamp": "2025-09-12T08:46:19.543Z"
  },
  {
    "anime_title": "Beelzebub",
    "episode_title": "Beelzebub Episode 1 Subtitle Indonesia",
    "episode_link": "https://otakudesu.best/episode/blzb-episode-1-sub-indo/",
    "episode_date": "28 Januari,2018",
    "server": "desufiles",
    "quality": "720p",
    "data_content": "eyJpZCI6MTUwNjAsImkiOjAsInEiOiI3MjBwIn0=",
    "decoded_data": {
      "id": 15060,
      "i": 0,
      "q": "720p"
    },
    "stream_url": "https://www.solidfiles.com/e/zaX2rqyZZw2vp",
    "is_default": false,
    "timestamp": "2025-09-12T08:46:19.569Z"
  },
  {
    "anime_title": "Beelzebub",
    "episode_title": "Beelzebub Episode 1 Subtitle Indonesia",
    "episode_link": "https://otakudesu.best/episode/blzb-episode-1-sub-indo/",
    "episode_date": "28 Januari,2018",
    "server": "desufiles",
    "quality": "360p",
    "data_content": "eyJpZCI6MTUwNjAsImkiOjAsInEiOiIzNjBwIn0=",
    "decoded_data": {
      "id": 15060,
      "i": 0,
      "q": "360p"
    },
    "stream_url": "https://www.solidfiles.com/e/jjawZkP6AxeNg",
    "is_default": false,
    "timestamp": "2025-09-12T08:46:19.466Z"
  },
  {
    "anime_title": "Beelzebub",
    "episode_title": "Beelzebub Episode 1 Subtitle Indonesia",
    "episode_link": "https://otakudesu.best/episode/blzb-episode-1-sub-indo/",
    "episode_date": "28 Januari,2018",
    "server": "playdesu",
    "quality": "480p",
    "data_content": "eyJpZCI6MTUwNjAsImkiOjAsInEiOiI0ODBwIn0=",
    "decoded_data": {
      "id": 15060,
      "i": 0,
      "q": "480p"
    },
    "stream_url": "https://desustream.info/dstream/playdesu/v2/index.php?id=bElPL0gwNkFmODYycXlTSnloSVd2OHhDZVFwS0Rsd29BaXpBcnpNT1FWST0=",
    "is_default": true,
    "timestamp": "2025-09-12T08:46:19.524Z"
  },
  {
    "anime_title": "Beelzebub",
    "episode_title": "Beelzebub Episode 1 Subtitle Indonesia",
    "episode_link": "https://otakudesu.best/episode/blzb-episode-1-sub-indo/",
    "episode_date": "28 Januari,2018",
    "server": "desufiles",
    "quality": "480p",
    "data_content": "eyJpZCI6MTUwNjAsImkiOjEsInEiOiI0ODBwIn0=",
    "decoded_data": {
      "id": 15060,
      "i": 1,
      "q": "480p"
    },
    "stream_url": "https://www.solidfiles.com/e/MBQYk5V6D3eza",
    "is_default": false,
    "timestamp": "2025-09-12T08:46:19.543Z"
  },
  {
    "anime_title": "Beelzebub",
    "episode_title": "Beelzebub Episode 1 Subtitle Indonesia",
    "episode_link": "https://otakudesu.best/episode/blzb-episode-1-sub-indo/",
    "episode_date": "28 Januari,2018",
    "server": "desufiles",
    "quality": "720p",
    "data_content": "eyJpZCI6MTUwNjAsImkiOjAsInEiOiI3MjBwIn0=",
    "decoded_data": {
      "id": 15060,
      "i": 0,
      "q": "720p"
    },
    "stream_url": "https://www.solidfiles.com/e/zaX2rqyZZw2vp",
    "is_default": false,
    "timestamp": "2025-09-12T08:46:19.569Z"
  },
  {
    "anime_title": "Beelzebub",
    "episode_title": "Beelzebub Episode 2 Subtitle Indonesia",
    "episode_link": "https://otakudesu.best/episode/blzb-episode-2-sub-indo/",
    "episode_date": "28 Januari,2018",
    "server": "desufiles",
    "quality": "480p",
    "data_content": "eyJpZCI6MTUwNjEsImkiOjEsInEiOiI0ODBwIn0=",
    "decoded_data": {
      "id": 15061,
      "i": 1,
      "q": "480p"
    },
    "stream_url": "https://www.solidfiles.com/e/MBQYkq4jYB4Zn",
    "is_default": false,
    "timestamp": "2025-09-12T08:46:20.789Z"
  },
  {
    "anime_title": "Beelzebub",
    "episode_title": "Beelzebub Episode 2 Subtitle Indonesia",
    "episode_link": "https://otakudesu.best/episode/blzb-episode-2-sub-indo/",
    "episode_date": "28 Januari,2018",
    "server": "playdesu",
    "quality": "480p",
    "data_content": "eyJpZCI6MTUwNjEsImkiOjAsInEiOiI0ODBwIn0=",
    "decoded_data": {
      "id": 15061,
      "i": 0,
      "q": "480p"
    },
    "stream_url": "https://desustream.info/dstream/playdesu/v2/index.php?id=bElPL0gwNkFmODYycXlTSnloSVd2OWV6cHJsTmZEOG1qVTNYL0tlUHA0cz0=",
    "is_default": true,
    "timestamp": "2025-09-12T08:46:20.817Z"
  },
  {
    "anime_title": "Beelzebub",
    "episode_title": "Beelzebub Episode 2 Subtitle Indonesia",
    "episode_link": "https://otakudesu.best/episode/blzb-episode-2-sub-indo/",
    "episode_date": "28 Januari,2018",
    "server": "desufiles",
    "quality": "360p",
    "data_content": "eyJpZCI6MTUwNjEsImkiOjAsInEiOiIzNjBwIn0=",
    "decoded_data": {
      "id": 15061,
      "i": 0,
      "q": "360p"
    },
    "stream_url": "https://www.solidfiles.com/e/p846QpNzAYwxP",
    "is_default": false,
    "timestamp": "2025-09-12T08:46:21.073Z"
  },
  {
    "anime_title": "Beelzebub",
    "episode_title": "Beelzebub Episode 2 Subtitle Indonesia",
    "episode_link": "https://otakudesu.best/episode/blzb-episode-2-sub-indo/",
    "episode_date": "28 Januari,2018",
    "server": "desufiles",
    "quality": "720p",
    "data_content": "eyJpZCI6MTUwNjEsImkiOjAsInEiOiI3MjBwIn0=",
    "decoded_data": {
      "id": 15061,
      "i": 0,
      "q": "720p"
    },
    "stream_url": "https://www.solidfiles.com/e/NjP3yewAdmGKr",
    "is_default": false,
    "timestamp": "2025-09-12T08:46:21.137Z"
  },
  {
    "anime_title": "Beelzebub",
    "episode_title": "Beelzebub Episode 2 Subtitle Indonesia",
    "episode_link": "https://otakudesu.best/episode/blzb-episode-2-sub-indo/",
    "episode_date": "28 Januari,2018",
    "server": "desufiles",
    "quality": "360p",
    "data_content": "eyJpZCI6MTUwNjEsImkiOjAsInEiOiIzNjBwIn0=",
    "decoded_data": {
      "id": 15061,
      "i": 0,
      "q": "360p"
    },
    "stream_url": "https://www.solidfiles.com/e/p846QpNzAYwxP",
    "is_default": false,
    "timestamp": "2025-09-12T08:46:21.073Z"
  },
  {
    "anime_title": "Beelzebub",
    "episode_title": "Beelzebub Episode 2 Subtitle Indonesia",
    "episode_link": "https://otakudesu.best/episode/blzb-episode-2-sub-indo/",
    "episode_date": "28 Januari,2018",
    "server": "playdesu",
    "quality": "480p",
    "data_content": "eyJpZCI6MTUwNjEsImkiOjAsInEiOiI0ODBwIn0=",
    "decoded_data": {
      "id": 15061,
      "i": 0,
      "q": "480p"
    },
    "stream_url": "https://desustream.info/dstream/playdesu/v2/index.php?id=bElPL0gwNkFmODYycXlTSnloSVd2OWV6cHJsTmZEOG1qVTNYL0tlUHA0cz0=",
    "is_default": true,
    "timestamp": "2025-09-12T08:46:20.817Z"
  },
  {
    "anime_title": "Beelzebub",
    "episode_title": "Beelzebub Episode 2 Subtitle Indonesia",
    "episode_link": "https://otakudesu.best/episode/blzb-episode-2-sub-indo/",
    "episode_date": "28 Januari,2018",
    "server": "desufiles",
    "quality": "480p",
    "data_content": "eyJpZCI6MTUwNjEsImkiOjEsInEiOiI0ODBwIn0=",
    "decoded_data": {
      "id": 15061,
      "i": 1,
      "q": "480p"
    },
    "stream_url": "https://www.solidfiles.com/e/MBQYkq4jYB4Zn",
    "is_default": false,
    "timestamp": "2025-09-12T08:46:20.789Z"
  },
  {
    "anime_title": "Beelzebub",
    "episode_title": "Beelzebub Episode 2 Subtitle Indonesia",
    "episode_link": "https://otakudesu.best/episode/blzb-episode-2-sub-indo/",
    "episode_date": "28 Januari,2018",
    "server": "desufiles",
    "quality": "720p",
    "data_content": "eyJpZCI6MTUwNjEsImkiOjAsInEiOiI3MjBwIn0=",
    "decoded_data": {
      "id": 15061,
      "i": 0,
      "q": "720p"
    },
    "stream_url": "https://www.solidfiles.com/e/NjP3yewAdmGKr",
    "is_default": false,
    "timestamp": "2025-09-12T08:46:21.137Z"
  },
  {
    "anime_title": "Beelzebub",
    "episode_title": "Beelzebub Episode 3 Subtitle Indonesia",
    "episode_link": "https://otakudesu.best/episode/blzb-episode-3-sub-indo/",
    "episode_date": "28 Januari,2018",
    "server": "desufiles",
    "quality": "360p",
    "data_content": "eyJpZCI6MTUwNTksImkiOjAsInEiOiIzNjBwIn0=",
    "decoded_data": {
      "id": 15059,
      "i": 0,
      "q": "360p"
    },
    "stream_url": "https://www.solidfiles.com/e/52jLRNmVMYLZ6",
    "is_default": false,
    "timestamp": "2025-09-12T08:46:21.915Z"
  },
  {
    "anime_title": "Beelzebub",
    "episode_title": "Beelzebub Episode 3 Subtitle Indonesia",
    "episode_link": "https://otakudesu.best/episode/blzb-episode-3-sub-indo/",
    "episode_date": "28 Januari,2018",
    "server": "playdesu",
    "quality": "480p",
    "data_content": "eyJpZCI6MTUwNTksImkiOjAsInEiOiI0ODBwIn0=",
    "decoded_data": {
      "id": 15059,
      "i": 0,
      "q": "480p"
    },
    "stream_url": "https://desustream.info/dstream/playdesu/v2/index.php?id=bElPL0gwNkFmODYycXlTSnloSVd2MjhNOVU5ZVJpZm1IL2tIcDhqTWtGWT0=",
    "is_default": true,
    "timestamp": "2025-09-12T08:46:21.939Z"
  },
  {
    "anime_title": "Beelzebub",
    "episode_title": "Beelzebub Episode 3 Subtitle Indonesia",
    "episode_link": "https://otakudesu.best/episode/blzb-episode-3-sub-indo/",
    "episode_date": "28 Januari,2018",
    "server": "desufiles",
    "quality": "480p",
    "data_content": "eyJpZCI6MTUwNTksImkiOjEsInEiOiI0ODBwIn0=",
    "decoded_data": {
      "id": 15059,
      "i": 1,
      "q": "480p"
    },
    "stream_url": "https://www.solidfiles.com/e/zaX27kpzMeBVw",
    "is_default": false,
    "timestamp": "2025-09-12T08:46:21.960Z"
  },
  {
    "anime_title": "Beelzebub",
    "episode_title": "Beelzebub Episode 3 Subtitle Indonesia",
    "episode_link": "https://otakudesu.best/episode/blzb-episode-3-sub-indo/",
    "episode_date": "28 Januari,2018",
    "server": "desufiles",
    "quality": "720p",
    "data_content": "eyJpZCI6MTUwNTksImkiOjAsInEiOiI3MjBwIn0=",
    "decoded_data": {
      "id": 15059,
      "i": 0,
      "q": "720p"
    },
    "stream_url": "https://www.solidfiles.com/e/qG4ee5DPnXYxQ",
    "is_default": false,
    "timestamp": "2025-09-12T08:46:22.170Z"
  },
  {
    "anime_title": "Beelzebub",
    "episode_title": "Beelzebub Episode 3 Subtitle Indonesia",
    "episode_link": "https://otakudesu.best/episode/blzb-episode-3-sub-indo/",
    "episode_date": "28 Januari,2018",
    "server": "desufiles",
    "quality": "360p",
    "data_content": "eyJpZCI6MTUwNTksImkiOjAsInEiOiIzNjBwIn0=",
    "decoded_data": {
      "id": 15059,
      "i": 0,
      "q": "360p"
    },
    "stream_url": "https://www.solidfiles.com/e/52jLRNmVMYLZ6",
    "is_default": false,
    "timestamp": "2025-09-12T08:46:21.915Z"
  },
  {
    "anime_title": "Beelzebub",
    "episode_title": "Beelzebub Episode 3 Subtitle Indonesia",
    "episode_link": "https://otakudesu.best/episode/blzb-episode-3-sub-indo/",
    "episode_date": "28 Januari,2018",
    "server": "playdesu",
    "quality": "480p",
    "data_content": "eyJpZCI6MTUwNTksImkiOjAsInEiOiI0ODBwIn0=",
    "decoded_data": {
      "id": 15059,
      "i": 0,
      "q": "480p"
    },
    "stream_url": "https://desustream.info/dstream/playdesu/v2/index.php?id=bElPL0gwNkFmODYycXlTSnloSVd2MjhNOVU5ZVJpZm1IL2tIcDhqTWtGWT0=",
    "is_default": true,
    "timestamp": "2025-09-12T08:46:21.939Z"
  },
  {
    "anime_title": "Beelzebub",
    "episode_title": "Beelzebub Episode 3 Subtitle Indonesia",
    "episode_link": "https://otakudesu.best/episode/blzb-episode-3-sub-indo/",
    "episode_date": "28 Januari,2018",
    "server": "desufiles",
    "quality": "480p",
    "data_content": "eyJpZCI6MTUwNTksImkiOjEsInEiOiI0ODBwIn0=",
    "decoded_data": {
      "id": 15059,
      "i": 1,
      "q": "480p"
    },
    "stream_url": "https://www.solidfiles.com/e/zaX27kpzMeBVw",
    "is_default": false,
    "timestamp": "2025-09-12T08:46:21.960Z"
  },
  {
    "anime_title": "Beelzebub",
    "episode_title": "Beelzebub Episode 3 Subtitle Indonesia",
    "episode_link": "https://otakudesu.best/episode/blzb-episode-3-sub-indo/",
    "episode_date": "28 Januari,2018",
    "server": "desufiles",
    "quality": "720p",
    "data_content": "eyJpZCI6MTUwNTksImkiOjAsInEiOiI3MjBwIn0=",
    "decoded_data": {
      "id": 15059,
      "i": 0,
      "q": "720p"
    },
    "stream_url": "https://www.solidfiles.com/e/qG4ee5DPnXYxQ",
    "is_default": false,
    "timestamp": "2025-09-12T08:46:22.170Z"
  },
  {
    "anime_title": "Beelzebub",
    "episode_title": "Beelzebub Episode 4 Subtitle Indonesia",
    "episode_link": "https://otakudesu.best/episode/blzb-episode-4-sub-indo/",
    "episode_date": "28 Januari,2018",
    "server": "playdesu",
    "quality": "480p",
    "data_content": "eyJpZCI6MTUwNTgsImkiOjAsInEiOiI0ODBwIn0=",
    "decoded_data": {
      "id": 15058,
      "i": 0,
      "q": "480p"
    },
    "stream_url": "https://desustream.info/dstream/playdesu/v2/index.php?id=bElPL0gwNkFmODYycXlTSnloSVd2OFFXQk1kaUFqWGtQOHd3cW1mRXpCdz0=",
    "is_default": true,
    "timestamp": "2025-09-12T08:46:22.932Z"
  },
  {
    "anime_title": "Beelzebub",
    "episode_title": "Beelzebub Episode 4 Subtitle Indonesia",
    "episode_link": "https://otakudesu.best/episode/blzb-episode-4-sub-indo/",
    "episode_date": "28 Januari,2018",
    "server": "desufiles",
    "quality": "360p",
    "data_content": "eyJpZCI6MTUwNTgsImkiOjAsInEiOiIzNjBwIn0=",
    "decoded_data": {
      "id": 15058,
      "i": 0,
      "q": "360p"
    },
    "stream_url": "https://www.solidfiles.com/e/6PDmKkYPaRvnj",
    "is_default": false,
    "timestamp": "2025-09-12T08:46:22.949Z"
  },
  {
    "anime_title": "Beelzebub",
    "episode_title": "Beelzebub Episode 4 Subtitle Indonesia",
    "episode_link": "https://otakudesu.best/episode/blzb-episode-4-sub-indo/",
    "episode_date": "28 Januari,2018",
    "server": "desufiles",
    "quality": "480p",
    "data_content": "eyJpZCI6MTUwNTgsImkiOjEsInEiOiI0ODBwIn0=",
    "decoded_data": {
      "id": 15058,
      "i": 1,
      "q": "480p"
    },
    "stream_url": "https://www.solidfiles.com/e/3MemjAnWZ5Azq",
    "is_default": false,
    "timestamp": "2025-09-12T08:46:22.992Z"
  },
  {
    "anime_title": "Beelzebub",
    "episode_title": "Beelzebub Episode 4 Subtitle Indonesia",
    "episode_link": "https://otakudesu.best/episode/blzb-episode-4-sub-indo/",
    "episode_date": "28 Januari,2018",
    "server": "desufiles",
    "quality": "720p",
    "data_content": "eyJpZCI6MTUwNTgsImkiOjAsInEiOiI3MjBwIn0=",
    "decoded_data": {
      "id": 15058,
      "i": 0,
      "q": "720p"
    },
    "stream_url": "https://www.solidfiles.com/e/WdpBBGv3GM65R",
    "is_default": false,
    "timestamp": "2025-09-12T08:46:23.173Z"
  },
  {
    "anime_title": "Beelzebub",
    "episode_title": "Beelzebub Episode 4 Subtitle Indonesia",
    "episode_link": "https://otakudesu.best/episode/blzb-episode-4-sub-indo/",
    "episode_date": "28 Januari,2018",
    "server": "desufiles",
    "quality": "360p",
    "data_content": "eyJpZCI6MTUwNTgsImkiOjAsInEiOiIzNjBwIn0=",
    "decoded_data": {
      "id": 15058,
      "i": 0,
      "q": "360p"
    },
    "stream_url": "https://www.solidfiles.com/e/6PDmKkYPaRvnj",
    "is_default": false,
    "timestamp": "2025-09-12T08:46:22.949Z"
  },
  {
    "anime_title": "Beelzebub",
    "episode_title": "Beelzebub Episode 4 Subtitle Indonesia",
    "episode_link": "https://otakudesu.best/episode/blzb-episode-4-sub-indo/",
    "episode_date": "28 Januari,2018",
    "server": "playdesu",
    "quality": "480p",
    "data_content": "eyJpZCI6MTUwNTgsImkiOjAsInEiOiI0ODBwIn0=",
    "decoded_data": {
      "id": 15058,
      "i": 0,
      "q": "480p"
    },
    "stream_url": "https://desustream.info/dstream/playdesu/v2/index.php?id=bElPL0gwNkFmODYycXlTSnloSVd2OFFXQk1kaUFqWGtQOHd3cW1mRXpCdz0=",
    "is_default": true,
    "timestamp": "2025-09-12T08:46:22.932Z"
  },
  {
    "anime_title": "Beelzebub",
    "episode_title": "Beelzebub Episode 4 Subtitle Indonesia",
    "episode_link": "https://otakudesu.best/episode/blzb-episode-4-sub-indo/",
    "episode_date": "28 Januari,2018",
    "server": "desufiles",
    "quality": "480p",
    "data_content": "eyJpZCI6MTUwNTgsImkiOjEsInEiOiI0ODBwIn0=",
    "decoded_data": {
      "id": 15058,
      "i": 1,
      "q": "480p"
    },
    "stream_url": "https://www.solidfiles.com/e/3MemjAnWZ5Azq",
    "is_default": false,
    "timestamp": "2025-09-12T08:46:22.992Z"
  },
  {
    "anime_title": "Beelzebub",
    "episode_title": "Beelzebub Episode 4 Subtitle Indonesia",
    "episode_link": "https://otakudesu.best/episode/blzb-episode-4-sub-indo/",
    "episode_date": "28 Januari,2018",
    "server": "desufiles",
    "quality": "720p",
    "data_content": "eyJpZCI6MTUwNTgsImkiOjAsInEiOiI3MjBwIn0=",
    "decoded_data": {
      "id": 15058,
      "i": 0,
      "q": "720p"
    },
    "stream_url": "https://www.solidfiles.com/e/WdpBBGv3GM65R",
    "is_default": false,
    "timestamp": "2025-09-12T08:46:23.173Z"
  },
  {
    "anime_title": "Beelzebub",
    "episode_title": "Beelzebub Episode 5 Subtitle Indonesia",
    "episode_link": "https://otakudesu.best/episode/blzb-episode-5-sub-indo/",
    "episode_date": "28 Januari,2018",
    "server": "playdesu",
    "quality": "480p",
    "data_content": "eyJpZCI6MTUwNTcsImkiOjAsInEiOiI0ODBwIn0=",
    "decoded_data": {
      "id": 15057,
      "i": 0,
      "q": "480p"
    },
    "stream_url": "https://desustream.info/dstream/playdesu/v2/index.php?id=bElPL0gwNkFmODYycXlTSnloSVd2MjJxaks1MFNKSHE3SE5DL0poRjdnVT0=",
    "is_default": true,
    "timestamp": "2025-09-12T08:46:24.110Z"
  },
  {
    "anime_title": "Beelzebub",
    "episode_title": "Beelzebub Episode 5 Subtitle Indonesia",
    "episode_link": "https://otakudesu.best/episode/blzb-episode-5-sub-indo/",
    "episode_date": "28 Januari,2018",
    "server": "desufiles",
    "quality": "720p",
    "data_content": "eyJpZCI6MTUwNTcsImkiOjAsInEiOiI3MjBwIn0=",
    "decoded_data": {
      "id": 15057,
      "i": 0,
      "q": "720p"
    },
    "stream_url": "https://www.solidfiles.com/e/AwPmmWzdWXR6p",
    "is_default": false,
    "timestamp": "2025-09-12T08:46:24.149Z"
  },
  {
    "anime_title": "Beelzebub",
    "episode_title": "Beelzebub Episode 5 Subtitle Indonesia",
    "episode_link": "https://otakudesu.best/episode/blzb-episode-5-sub-indo/",
    "episode_date": "28 Januari,2018",
    "server": "desufiles",
    "quality": "360p",
    "data_content": "eyJpZCI6MTUwNTcsImkiOjAsInEiOiIzNjBwIn0=",
    "decoded_data": {
      "id": 15057,
      "i": 0,
      "q": "360p"
    },
    "stream_url": "https://www.solidfiles.com/e/V4p8eg2WeYAQ5",
    "is_default": false,
    "timestamp": "2025-09-12T08:46:24.257Z"
  },
  {
    "anime_title": "Beelzebub",
    "episode_title": "Beelzebub Episode 5 Subtitle Indonesia",
    "episode_link": "https://otakudesu.best/episode/blzb-episode-5-sub-indo/",
    "episode_date": "28 Januari,2018",
    "server": "desufiles",
    "quality": "480p",
    "data_content": "eyJpZCI6MTUwNTcsImkiOjEsInEiOiI0ODBwIn0=",
    "decoded_data": {
      "id": 15057,
      "i": 1,
      "q": "480p"
    },
    "stream_url": "https://www.solidfiles.com/e/V4p8QMZZdMVVQ",
    "is_default": false,
    "timestamp": "2025-09-12T08:46:24.292Z"
  },
  {
    "anime_title": "Beelzebub",
    "episode_title": "Beelzebub Episode 5 Subtitle Indonesia",
    "episode_link": "https://otakudesu.best/episode/blzb-episode-5-sub-indo/",
    "episode_date": "28 Januari,2018",
    "server": "desufiles",
    "quality": "360p",
    "data_content": "eyJpZCI6MTUwNTcsImkiOjAsInEiOiIzNjBwIn0=",
    "decoded_data": {
      "id": 15057,
      "i": 0,
      "q": "360p"
    },
    "stream_url": "https://www.solidfiles.com/e/V4p8eg2WeYAQ5",
    "is_default": false,
    "timestamp": "2025-09-12T08:46:24.257Z"
  },
  {
    "anime_title": "Beelzebub",
    "episode_title": "Beelzebub Episode 5 Subtitle Indonesia",
    "episode_link": "https://otakudesu.best/episode/blzb-episode-5-sub-indo/",
    "episode_date": "28 Januari,2018",
    "server": "playdesu",
    "quality": "480p",
    "data_content": "eyJpZCI6MTUwNTcsImkiOjAsInEiOiI0ODBwIn0=",
    "decoded_data": {
      "id": 15057,
      "i": 0,
      "q": "480p"
    },
    "stream_url": "https://desustream.info/dstream/playdesu/v2/index.php?id=bElPL0gwNkFmODYycXlTSnloSVd2MjJxaks1MFNKSHE3SE5DL0poRjdnVT0=",
    "is_default": true,
    "timestamp": "2025-09-12T08:46:24.110Z"
  },
  {
    "anime_title": "Beelzebub",
    "episode_title": "Beelzebub Episode 5 Subtitle Indonesia",
    "episode_link": "https://otakudesu.best/episode/blzb-episode-5-sub-indo/",
    "episode_date": "28 Januari,2018",
    "server": "desufiles",
    "quality": "480p",
    "data_content": "eyJpZCI6MTUwNTcsImkiOjEsInEiOiI0ODBwIn0=",
    "decoded_data": {
      "id": 15057,
      "i": 1,
      "q": "480p"
    },
    "stream_url": "https://www.solidfiles.com/e/V4p8QMZZdMVVQ",
    "is_default": false,
    "timestamp": "2025-09-12T08:46:24.292Z"
  },
  {
    "anime_title": "Beelzebub",
    "episode_title": "Beelzebub Episode 5 Subtitle Indonesia",
    "episode_link": "https://otakudesu.best/episode/blzb-episode-5-sub-indo/",
    "episode_date": "28 Januari,2018",
    "server": "desufiles",
    "quality": "720p",
    "data_content": "eyJpZCI6MTUwNTcsImkiOjAsInEiOiI3MjBwIn0=",
    "decoded_data": {
      "id": 15057,
      "i": 0,
      "q": "720p"
    },
    "stream_url": "https://www.solidfiles.com/e/AwPmmWzdWXR6p",
    "is_default": false,
    "timestamp": "2025-09-12T08:46:24.149Z"
  },
  {
    "anime_title": "Beelzebub",
    "episode_title": "Beelzebub Episode 6 Subtitle Indonesia",
    "episode_link": "https://otakudesu.best/episode/blzb-episode-6-sub-indo/",
    "episode_date": "28 Januari,2018",
    "server": "desufiles",
    "quality": "720p",
    "data_content": "eyJpZCI6MTUwNTYsImkiOjAsInEiOiI3MjBwIn0=",
    "decoded_data": {
      "id": 15056,
      "i": 0,
      "q": "720p"
    },
    "stream_url": "https://www.solidfiles.com/e/eR3wwWd7VyXjp",
    "is_default": false,
    "timestamp": "2025-09-12T08:46:25.225Z"
  },
  {
    "anime_title": "Beelzebub",
    "episode_title": "Beelzebub Episode 6 Subtitle Indonesia",
    "episode_link": "https://otakudesu.best/episode/blzb-episode-6-sub-indo/",
    "episode_date": "28 Januari,2018",
    "server": "desufiles",
    "quality": "360p",
    "data_content": "eyJpZCI6MTUwNTYsImkiOjAsInEiOiIzNjBwIn0=",
    "decoded_data": {
      "id": 15056,
      "i": 0,
      "q": "360p"
    },
    "stream_url": "https://www.solidfiles.com/e/rGknBWPDWZAYj",
    "is_default": false,
    "timestamp": "2025-09-12T08:46:25.301Z"
  },
  {
    "anime_title": "Beelzebub",
    "episode_title": "Beelzebub Episode 6 Subtitle Indonesia",
    "episode_link": "https://otakudesu.best/episode/blzb-episode-6-sub-indo/",
    "episode_date": "28 Januari,2018",
    "server": "playdesu",
    "quality": "480p",
    "data_content": "eyJpZCI6MTUwNTYsImkiOjAsInEiOiI0ODBwIn0=",
    "decoded_data": {
      "id": 15056,
      "i": 0,
      "q": "480p"
    },
    "stream_url": "https://desustream.info/dstream/playdesu/v2/index.php?id=bElPL0gwNkFmODYycXlTSnloSVd2N0V3NGk5WlUvcUxaYnpqOTI4czBQOD0=",
    "is_default": true,
    "timestamp": "2025-09-12T08:46:25.337Z"
  },
  {
    "anime_title": "Beelzebub",
    "episode_title": "Beelzebub Episode 6 Subtitle Indonesia",
    "episode_link": "https://otakudesu.best/episode/blzb-episode-6-sub-indo/",
    "episode_date": "28 Januari,2018",
    "server": "desufiles",
    "quality": "480p",
    "data_content": "eyJpZCI6MTUwNTYsImkiOjEsInEiOiI0ODBwIn0=",
    "decoded_data": {
      "id": 15056,
      "i": 1,
      "q": "480p"
    },
    "stream_url": "https://www.solidfiles.com/e/Kvkj7K63K6rBQ",
    "is_default": false,
    "timestamp": "2025-09-12T08:46:25.352Z"
  },
  {
    "anime_title": "Beelzebub",
    "episode_title": "Beelzebub Episode 6 Subtitle Indonesia",
    "episode_link": "https://otakudesu.best/episode/blzb-episode-6-sub-indo/",
    "episode_date": "28 Januari,2018",
    "server": "desufiles",
    "quality": "360p",
    "data_content": "eyJpZCI6MTUwNTYsImkiOjAsInEiOiIzNjBwIn0=",
    "decoded_data": {
      "id": 15056,
      "i": 0,
      "q": "360p"
    },
    "stream_url": "https://www.solidfiles.com/e/rGknBWPDWZAYj",
    "is_default": false,
    "timestamp": "2025-09-12T08:46:25.301Z"
  },
  {
    "anime_title": "Beelzebub",
    "episode_title": "Beelzebub Episode 6 Subtitle Indonesia",
    "episode_link": "https://otakudesu.best/episode/blzb-episode-6-sub-indo/",
    "episode_date": "28 Januari,2018",
    "server": "playdesu",
    "quality": "480p",
    "data_content": "eyJpZCI6MTUwNTYsImkiOjAsInEiOiI0ODBwIn0=",
    "decoded_data": {
      "id": 15056,
      "i": 0,
      "q": "480p"
    },
    "stream_url": "https://desustream.info/dstream/playdesu/v2/index.php?id=bElPL0gwNkFmODYycXlTSnloSVd2N0V3NGk5WlUvcUxaYnpqOTI4czBQOD0=",
    "is_default": true,
    "timestamp": "2025-09-12T08:46:25.337Z"
  },
  {
    "anime_title": "Beelzebub",
    "episode_title": "Beelzebub Episode 6 Subtitle Indonesia",
    "episode_link": "https://otakudesu.best/episode/blzb-episode-6-sub-indo/",
    "episode_date": "28 Januari,2018",
    "server": "desufiles",
    "quality": "480p",
    "data_content": "eyJpZCI6MTUwNTYsImkiOjEsInEiOiI0ODBwIn0=",
    "decoded_data": {
      "id": 15056,
      "i": 1,
      "q": "480p"
    },
    "stream_url": "https://www.solidfiles.com/e/Kvkj7K63K6rBQ",
    "is_default": false,
    "timestamp": "2025-09-12T08:46:25.352Z"
  },
  {
    "anime_title": "Beelzebub",
    "episode_title": "Beelzebub Episode 6 Subtitle Indonesia",
    "episode_link": "https://otakudesu.best/episode/blzb-episode-6-sub-indo/",
    "episode_date": "28 Januari,2018",
    "server": "desufiles",
    "quality": "720p",
    "data_content": "eyJpZCI6MTUwNTYsImkiOjAsInEiOiI3MjBwIn0=",
    "decoded_data": {
      "id": 15056,
      "i": 0,
      "q": "720p"
    },
    "stream_url": "https://www.solidfiles.com/e/eR3wwWd7VyXjp",
    "is_default": false,
    "timestamp": "2025-09-12T08:46:25.225Z"
  },
  {
    "anime_title": "Beelzebub",
    "episode_title": "Beelzebub Episode 7 Subtitle Indonesia",
    "episode_link": "https://otakudesu.best/episode/blzb-episode-7-sub-indo/",
    "episode_date": "28 Januari,2018",
    "server": "desufiles",
    "quality": "360p",
    "data_content": "eyJpZCI6MTUwNTUsImkiOjAsInEiOiIzNjBwIn0=",
    "decoded_data": {
      "id": 15055,
      "i": 0,
      "q": "360p"
    },
    "stream_url": "https://www.solidfiles.com/e/rGknBRGX38YWM",
    "is_default": false,
    "timestamp": "2025-09-12T08:46:25.951Z"
  },
  {
    "anime_title": "Beelzebub",
    "episode_title": "Beelzebub Episode 7 Subtitle Indonesia",
    "episode_link": "https://otakudesu.best/episode/blzb-episode-7-sub-indo/",
    "episode_date": "28 Januari,2018",
    "server": "playdesu",
    "quality": "480p",
    "data_content": "eyJpZCI6MTUwNTUsImkiOjAsInEiOiI0ODBwIn0=",
    "decoded_data": {
      "id": 15055,
      "i": 0,
      "q": "480p"
    },
    "stream_url": "https://desustream.info/dstream/playdesu/v2/index.php?id=bElPL0gwNkFmODYycXlTSnloSVd2elJOSnJtdjlkUWdGMXFzTGhHMXdTMD0=",
    "is_default": true,
    "timestamp": "2025-09-12T08:46:26.013Z"
  },
  {
    "anime_title": "Beelzebub",
    "episode_title": "Beelzebub Episode 7 Subtitle Indonesia",
    "episode_link": "https://otakudesu.best/episode/blzb-episode-7-sub-indo/",
    "episode_date": "28 Januari,2018",
    "server": "desufiles",
    "quality": "480p",
    "data_content": "eyJpZCI6MTUwNTUsImkiOjEsInEiOiI0ODBwIn0=",
    "decoded_data": {
      "id": 15055,
      "i": 1,
      "q": "480p"
    },
    "stream_url": "https://www.solidfiles.com/e/MBQYkX8AWN6Wn",
    "is_default": false,
    "timestamp": "2025-09-12T08:46:26.045Z"
  },
  {
    "anime_title": "Beelzebub",
    "episode_title": "Beelzebub Episode 7 Subtitle Indonesia",
    "episode_link": "https://otakudesu.best/episode/blzb-episode-7-sub-indo/",
    "episode_date": "28 Januari,2018",
    "server": "desufiles",
    "quality": "720p",
    "data_content": "eyJpZCI6MTUwNTUsImkiOjAsInEiOiI3MjBwIn0=",
    "decoded_data": {
      "id": 15055,
      "i": 0,
      "q": "720p"
    },
    "stream_url": "https://www.solidfiles.com/e/7aYwwMqpdAZzK",
    "is_default": false,
    "timestamp": "2025-09-12T08:46:26.081Z"
  },
  {
    "anime_title": "Beelzebub",
    "episode_title": "Beelzebub Episode 7 Subtitle Indonesia",
    "episode_link": "https://otakudesu.best/episode/blzb-episode-7-sub-indo/",
    "episode_date": "28 Januari,2018",
    "server": "desufiles",
    "quality": "360p",
    "data_content": "eyJpZCI6MTUwNTUsImkiOjAsInEiOiIzNjBwIn0=",
    "decoded_data": {
      "id": 15055,
      "i": 0,
      "q": "360p"
    },
    "stream_url": "https://www.solidfiles.com/e/rGknBRGX38YWM",
    "is_default": false,
    "timestamp": "2025-09-12T08:46:25.951Z"
  },
  {
    "anime_title": "Beelzebub",
    "episode_title": "Beelzebub Episode 7 Subtitle Indonesia",
    "episode_link": "https://otakudesu.best/episode/blzb-episode-7-sub-indo/",
    "episode_date": "28 Januari,2018",
    "server": "playdesu",
    "quality": "480p",
    "data_content": "eyJpZCI6MTUwNTUsImkiOjAsInEiOiI0ODBwIn0=",
    "decoded_data": {
      "id": 15055,
      "i": 0,
      "q": "480p"
    },
    "stream_url": "https://desustream.info/dstream/playdesu/v2/index.php?id=bElPL0gwNkFmODYycXlTSnloSVd2elJOSnJtdjlkUWdGMXFzTGhHMXdTMD0=",
    "is_default": true,
    "timestamp": "2025-09-12T08:46:26.013Z"
  },
  {
    "anime_title": "Beelzebub",
    "episode_title": "Beelzebub Episode 7 Subtitle Indonesia",
    "episode_link": "https://otakudesu.best/episode/blzb-episode-7-sub-indo/",
    "episode_date": "28 Januari,2018",
    "server": "desufiles",
    "quality": "480p",
    "data_content": "eyJpZCI6MTUwNTUsImkiOjEsInEiOiI0ODBwIn0=",
    "decoded_data": {
      "id": 15055,
      "i": 1,
      "q": "480p"
    },
    "stream_url": "https://www.solidfiles.com/e/MBQYkX8AWN6Wn",
    "is_default": false,
    "timestamp": "2025-09-12T08:46:26.045Z"
  },
  {
    "anime_title": "Beelzebub",
    "episode_title": "Beelzebub Episode 7 Subtitle Indonesia",
    "episode_link": "https://otakudesu.best/episode/blzb-episode-7-sub-indo/",
    "episode_date": "28 Januari,2018",
    "server": "desufiles",
    "quality": "720p",
    "data_content": "eyJpZCI6MTUwNTUsImkiOjAsInEiOiI3MjBwIn0=",
    "decoded_data": {
      "id": 15055,
      "i": 0,
      "q": "720p"
    },
    "stream_url": "https://www.solidfiles.com/e/7aYwwMqpdAZzK",
    "is_default": false,
    "timestamp": "2025-09-12T08:46:26.081Z"
  }
]