[
  {
    "anime_title": "Blue Lock",
    "episode_title": "Blue Lock Episode 19 Subtitle Indonesia",
    "episode_link": "https://otakudesu.best/episode/blulck-episode-19-sub-indo/",
    "episode_date": "6 April,2023",
    "server": "desudesu",
    "quality": "480p",
    "data_content": "eyJpZCI6MTM5NjAyLCJpIjowLCJxIjoiNDgwcCJ9",
    "decoded_data": {
      "id": 139602,
      "i": 0,
      "q": "480p"
    },
    "stream_url": "https://desustream.info/dstream/desudesu/v2/index.php?id=UmkxMEgzaUh0TlB0M0VBQnc1VURpZz09",
    "is_default": true,
    "timestamp": "2025-09-12T08:56:16.111Z"
  },
  {
    "anime_title": "Blue Lock",
    "episode_title": "Blue Lock Episode 19 Subtitle Indonesia",
    "episode_link": "https://otakudesu.best/episode/blulck-episode-19-sub-indo/",
    "episode_date": "6 April,2023",
    "server": "odstream",
    "quality": "480p",
    "data_content": "eyJpZCI6MTM5NjAyLCJpIjoxLCJxIjoiNDgwcCJ9",
    "decoded_data": {
      "id": 139602,
      "i": 1,
      "q": "480p"
    },
    "stream_url": "https://desustream.info/dstream/arcg/?id=cXhSTUE3MVd2STJQdy9QZHNPcXk1dkN0VUxVbnZ3c1RrQ2dMbHlta3l0VGlHOSsyYVI3a240bTk1S0FzeGpnbw==",
    "is_default": false,
    "timestamp": "2025-09-12T08:56:16.132Z"
  },
  {
    "anime_title": "Blue Lock",
    "episode_title": "Blue Lock Episode 19 Subtitle Indonesia",
    "episode_link": "https://otakudesu.best/episode/blulck-episode-19-sub-indo/",
    "episode_date": "6 April,2023",
    "server": "mp4load",
    "quality": "480p",
    "data_content": "eyJpZCI6MTM5NjAyLCJpIjoyLCJxIjoiNDgwcCJ9",
    "decoded_data": {
      "id": 139602,
      "i": 2,
      "q": "480p"
    },
    "stream_url": "https://www.mp4upload.com/embed-0hpxd580j007.html",
    "is_default": false,
    "timestamp": "2025-09-12T08:56:16.184Z"
  },
  {
    "anime_title": "Blue Lock",
    "episode_title": "Blue Lock Episode 19 Subtitle Indonesia",
    "episode_link": "https://otakudesu.best/episode/blulck-episode-19-sub-indo/",
    "episode_date": "6 April,2023",
    "server": "mega",
    "quality": "480p",
    "data_content": "eyJpZCI6MTM5NjAyLCJpIjozLCJxIjoiNDgwcCJ9",
    "decoded_data": {
      "id": 139602,
      "i": 3,
      "q": "480p"
    },
    "stream_url": "https://mega.nz/embed/LUBgETQJ#JYNPoKgh_prob6I3BQklwmZuGaQ2BUGIGYZ0qYTHhT0",
    "is_default": false,
    "timestamp": "2025-09-12T08:56:16.255Z"
  },
  {
    "anime_title": "Blue Lock",
    "episode_title": "Blue Lock Episode 19 Subtitle Indonesia",
    "episode_link": "https://otakudesu.best/episode/blulck-episode-19-sub-indo/",
    "episode_date": "6 April,2023",
    "server": "desudesuhd",
    "quality": "720p",
    "data_content": "eyJpZCI6MTM5NjAyLCJpIjowLCJxIjoiNzIwcCJ9",
    "decoded_data": {
      "id": 139602,
      "i": 0,
      "q": "720p"
    },
    "stream_url": "https://desustream.info/dstream/desudesuhd/v2/index.php?id=UmkxMEgzaUh0TlB0M0VBQnc1VURpZz09",
    "is_default": false,
    "timestamp": "2025-09-12T08:56:16.276Z"
  },
  {
    "anime_title": "Blue Lock",
    "episode_title": "Blue Lock Episode 19 Subtitle Indonesia",
    "episode_link": "https://otakudesu.best/episode/blulck-episode-19-sub-indo/",
    "episode_date": "6 April,2023",
    "server": "odstreamhd",
    "quality": "720p",
    "data_content": "eyJpZCI6MTM5NjAyLCJpIjoxLCJxIjoiNzIwcCJ9",
    "decoded_data": {
      "id": 139602,
      "i": 1,
      "q": "720p"
    },
    "stream_url": "https://desustream.info/dstream/arcg/?id=cXhSTUE3MVd2STJQdy9QZHNPcXk1dkN0VUxVbnZ3c1RrQ2dMbHlta3l0UmJJc3ZTZHM3eUpIUDhaUjB0ZGF3VDR2WEhDRWdEdjAwZTIzbGl1N1p0ZVE9PQ==",
    "is_default": false,
    "timestamp": "2025-09-12T08:56:16.293Z"
  },
  {
    "anime_title": "Blue Lock",
    "episode_title": "Blue Lock Episode 19 Subtitle Indonesia",
    "episode_link": "https://otakudesu.best/episode/blulck-episode-19-sub-indo/",
    "episode_date": "6 April,2023",
    "server": "yourupload",
    "quality": "720p",
    "data_content": "eyJpZCI6MTM5NjAyLCJpIjoyLCJxIjoiNzIwcCJ9",
    "decoded_data": {
      "id": 139602,
      "i": 2,
      "q": "720p"
    },
    "stream_url": "https://desudrive.com/stream/yuplod.php?id=Q32sWm77JH33",
    "is_default": false,
    "timestamp": "2025-09-12T08:56:16.329Z"
  },
  {
    "anime_title": "Blue Lock",
    "episode_title": "Blue Lock Episode 19 Subtitle Indonesia",
    "episode_link": "https://otakudesu.best/episode/blulck-episode-19-sub-indo/",
    "episode_date": "6 April,2023",
    "server": "mega",
    "quality": "720p",
    "data_content": "eyJpZCI6MTM5NjAyLCJpIjozLCJxIjoiNzIwcCJ9",
    "decoded_data": {
      "id": 139602,
      "i": 3,
      "q": "720p"
    },
    "stream_url": "https://mega.nz/embed/KYBR0QIQ#V8ruvYIxzAjQRmJtE4tgYtMPmWxG_n_AIMtI80F3U7w",
    "is_default": false,
    "timestamp": "2025-09-12T08:56:16.385Z"
  },
  {
    "anime_title": "Blue Lock",
    "episode_title": "Blue Lock Episode 19 Subtitle Indonesia",
    "episode_link": "https://otakudesu.best/episode/blulck-episode-19-sub-indo/",
    "episode_date": "6 April,2023",
    "server": "desudesu",
    "quality": "480p",
    "data_content": "eyJpZCI6MTM5NjAyLCJpIjowLCJxIjoiNDgwcCJ9",
    "decoded_data": {
      "id": 139602,
      "i": 0,
      "q": "480p"
    },
    "stream_url": "https://desustream.info/dstream/desudesu/v2/index.php?id=UmkxMEgzaUh0TlB0M0VBQnc1VURpZz09",
    "is_default": true,
    "timestamp": "2025-09-12T08:56:16.111Z"
  },
  {
    "anime_title": "Blue Lock",
    "episode_title": "Blue Lock Episode 19 Subtitle Indonesia",
    "episode_link": "https://otakudesu.best/episode/blulck-episode-19-sub-indo/",
    "episode_date": "6 April,2023",
    "server": "odstream",
    "quality": "480p",
    "data_content": "eyJpZCI6MTM5NjAyLCJpIjoxLCJxIjoiNDgwcCJ9",
    "decoded_data": {
      "id": 139602,
      "i": 1,
      "q": "480p"
    },
    "stream_url": "https://desustream.info/dstream/arcg/?id=cXhSTUE3MVd2STJQdy9QZHNPcXk1dkN0VUxVbnZ3c1RrQ2dMbHlta3l0VGlHOSsyYVI3a240bTk1S0FzeGpnbw==",
    "is_default": false,
    "timestamp": "2025-09-12T08:56:16.132Z"
  },
  {
    "anime_title": "Blue Lock",
    "episode_title": "Blue Lock Episode 19 Subtitle Indonesia",
    "episode_link": "https://otakudesu.best/episode/blulck-episode-19-sub-indo/",
    "episode_date": "6 April,2023",
    "server": "mp4load",
    "quality": "480p",
    "data_content": "eyJpZCI6MTM5NjAyLCJpIjoyLCJxIjoiNDgwcCJ9",
    "decoded_data": {
      "id": 139602,
      "i": 2,
      "q": "480p"
    },
    "stream_url": "https://www.mp4upload.com/embed-0hpxd580j007.html",
    "is_default": false,
    "timestamp": "2025-09-12T08:56:16.184Z"
  },
  {
    "anime_title": "Blue Lock",
    "episode_title": "Blue Lock Episode 19 Subtitle Indonesia",
    "episode_link": "https://otakudesu.best/episode/blulck-episode-19-sub-indo/",
    "episode_date": "6 April,2023",
    "server": "mega",
    "quality": "480p",
    "data_content": "eyJpZCI6MTM5NjAyLCJpIjozLCJxIjoiNDgwcCJ9",
    "decoded_data": {
      "id": 139602,
      "i": 3,
      "q": "480p"
    },
    "stream_url": "https://mega.nz/embed/LUBgETQJ#JYNPoKgh_prob6I3BQklwmZuGaQ2BUGIGYZ0qYTHhT0",
    "is_default": false,
    "timestamp": "2025-09-12T08:56:16.255Z"
  },
  {
    "anime_title": "Blue Lock",
    "episode_title": "Blue Lock Episode 19 Subtitle Indonesia",
    "episode_link": "https://otakudesu.best/episode/blulck-episode-19-sub-indo/",
    "episode_date": "6 April,2023",
    "server": "desudesuhd",
    "quality": "720p",
    "data_content": "eyJpZCI6MTM5NjAyLCJpIjowLCJxIjoiNzIwcCJ9",
    "decoded_data": {
      "id": 139602,
      "i": 0,
      "q": "720p"
    },
    "stream_url": "https://desustream.info/dstream/desudesuhd/v2/index.php?id=UmkxMEgzaUh0TlB0M0VBQnc1VURpZz09",
    "is_default": false,
    "timestamp": "2025-09-12T08:56:16.276Z"
  },
  {
    "anime_title": "Blue Lock",
    "episode_title": "Blue Lock Episode 19 Subtitle Indonesia",
    "episode_link": "https://otakudesu.best/episode/blulck-episode-19-sub-indo/",
    "episode_date": "6 April,2023",
    "server": "odstreamhd",
    "quality": "720p",
    "data_content": "eyJpZCI6MTM5NjAyLCJpIjoxLCJxIjoiNzIwcCJ9",
    "decoded_data": {
      "id": 139602,
      "i": 1,
      "q": "720p"
    },
    "stream_url": "https://desustream.info/dstream/arcg/?id=cXhSTUE3MVd2STJQdy9QZHNPcXk1dkN0VUxVbnZ3c1RrQ2dMbHlta3l0UmJJc3ZTZHM3eUpIUDhaUjB0ZGF3VDR2WEhDRWdEdjAwZTIzbGl1N1p0ZVE9PQ==",
    "is_default": false,
    "timestamp": "2025-09-12T08:56:16.293Z"
  },
  {
    "anime_title": "Blue Lock",
    "episode_title": "Blue Lock Episode 19 Subtitle Indonesia",
    "episode_link": "https://otakudesu.best/episode/blulck-episode-19-sub-indo/",
    "episode_date": "6 April,2023",
    "server": "yourupload",
    "quality": "720p",
    "data_content": "eyJpZCI6MTM5NjAyLCJpIjoyLCJxIjoiNzIwcCJ9",
    "decoded_data": {
      "id": 139602,
      "i": 2,
      "q": "720p"
    },
    "stream_url": "https://desudrive.com/stream/yuplod.php?id=Q32sWm77JH33",
    "is_default": false,
    "timestamp": "2025-09-12T08:56:16.329Z"
  },
  {
    "anime_title": "Blue Lock",
    "episode_title": "Blue Lock Episode 19 Subtitle Indonesia",
    "episode_link": "https://otakudesu.best/episode/blulck-episode-19-sub-indo/",
    "episode_date": "6 April,2023",
    "server": "mega",
    "quality": "720p",
    "data_content": "eyJpZCI6MTM5NjAyLCJpIjozLCJxIjoiNzIwcCJ9",
    "decoded_data": {
      "id": 139602,
      "i": 3,
      "q": "720p"
    },
    "stream_url": "https://mega.nz/embed/KYBR0QIQ#V8ruvYIxzAjQRmJtE4tgYtMPmWxG_n_AIMtI80F3U7w",
    "is_default": false,
    "timestamp": "2025-09-12T08:56:16.385Z"
  },
  {
    "anime_title": "Blue Lock",
    "episode_title": "Blue Lock Episode 20 Subtitle Indonesia",
    "episode_link": "https://otakudesu.best/episode/blulck-episode-20-sub-indo/",
    "episode_date": "6 April,2023",
    "server": "desudesu",
    "quality": "480p",
    "data_content": "eyJpZCI6MTM5NjAxLCJpIjowLCJxIjoiNDgwcCJ9",
    "decoded_data": {
      "id": 139601,
      "i": 0,
      "q": "480p"
    },
    "stream_url": "https://desustream.info/dstream/desudesu/v2/index.php?id=ZkFrOEJOOEJEVjFiK2FUVVNCRnN0dz09",
    "is_default": true,
    "timestamp": "2025-09-12T08:56:17.064Z"
  },
  {
    "anime_title": "Blue Lock",
    "episode_title": "Blue Lock Episode 20 Subtitle Indonesia",
    "episode_link": "https://otakudesu.best/episode/blulck-episode-20-sub-indo/",
    "episode_date": "6 April,2023",
    "server": "odstream",
    "quality": "480p",
    "data_content": "eyJpZCI6MTM5NjAxLCJpIjoxLCJxIjoiNDgwcCJ9",
    "decoded_data": {
      "id": 139601,
      "i": 1,
      "q": "480p"
    },
    "stream_url": "https://desustream.info/dstream/arcg/?id=cXhSTUE3MVd2STJQdy9QZHNPcXk1dkN0VUxVbnZ3c1RrQ2dMbHlta3l0U2paMk45L3NXSjgyUVI1eTRzZ3lWbw==",
    "is_default": false,
    "timestamp": "2025-09-12T08:56:17.085Z"
  },
  {
    "anime_title": "Blue Lock",
    "episode_title": "Blue Lock Episode 20 Subtitle Indonesia",
    "episode_link": "https://otakudesu.best/episode/blulck-episode-20-sub-indo/",
    "episode_date": "6 April,2023",
    "server": "mp4load",
    "quality": "480p",
    "data_content": "eyJpZCI6MTM5NjAxLCJpIjoyLCJxIjoiNDgwcCJ9",
    "decoded_data": {
      "id": 139601,
      "i": 2,
      "q": "480p"
    },
    "stream_url": "https://www.mp4upload.com/embed-i6ra75pie5uo.html",
    "is_default": false,
    "timestamp": "2025-09-12T08:56:17.121Z"
  },
  {
    "anime_title": "Blue Lock",
    "episode_title": "Blue Lock Episode 20 Subtitle Indonesia",
    "episode_link": "https://otakudesu.best/episode/blulck-episode-20-sub-indo/",
    "episode_date": "6 April,2023",
    "server": "mega",
    "quality": "480p",
    "data_content": "eyJpZCI6MTM5NjAxLCJpIjozLCJxIjoiNDgwcCJ9",
    "decoded_data": {
      "id": 139601,
      "i": 3,
      "q": "480p"
    },
    "stream_url": "https://mega.nz/embed/6MQAAJpC#mJ8MHQtT7Kbx2zq8-bRKcwfoXX-jab9uR2XIEHY74ag",
    "is_default": false,
    "timestamp": "2025-09-12T08:56:17.179Z"
  },
  {
    "anime_title": "Blue Lock",
    "episode_title": "Blue Lock Episode 20 Subtitle Indonesia",
    "episode_link": "https://otakudesu.best/episode/blulck-episode-20-sub-indo/",
    "episode_date": "6 April,2023",
    "server": "desudesuhd",
    "quality": "720p",
    "data_content": "eyJpZCI6MTM5NjAxLCJpIjowLCJxIjoiNzIwcCJ9",
    "decoded_data": {
      "id": 139601,
      "i": 0,
      "q": "720p"
    },
    "stream_url": "https://desustream.info/dstream/desudesuhd/v2/index.php?id=ZkFrOEJOOEJEVjFiK2FUVVNCRnN0dz09",
    "is_default": false,
    "timestamp": "2025-09-12T08:56:17.220Z"
  },
  {
    "anime_title": "Blue Lock",
    "episode_title": "Blue Lock Episode 20 Subtitle Indonesia",
    "episode_link": "https://otakudesu.best/episode/blulck-episode-20-sub-indo/",
    "episode_date": "6 April,2023",
    "server": "odstreamhd",
    "quality": "720p",
    "data_content": "eyJpZCI6MTM5NjAxLCJpIjoxLCJxIjoiNzIwcCJ9",
    "decoded_data": {
      "id": 139601,
      "i": 1,
      "q": "720p"
    },
    "stream_url": "https://desustream.info/dstream/arcg/?id=cXhSTUE3MVd2STJQdy9QZHNPcXk1dkN0VUxVbnZ3c1RrQ2dMbHlta3l0UUhZMkRaL3gzblBybWtaUlZ6OWQ1eTVGVVJNK2U5MHREOW9KbFN5ZWRTNmc9PQ==",
    "is_default": false,
    "timestamp": "2025-09-12T08:56:17.242Z"
  },
  {
    "anime_title": "Blue Lock",
    "episode_title": "Blue Lock Episode 20 Subtitle Indonesia",
    "episode_link": "https://otakudesu.best/episode/blulck-episode-20-sub-indo/",
    "episode_date": "6 April,2023",
    "server": "yourupload",
    "quality": "720p",
    "data_content": "eyJpZCI6MTM5NjAxLCJpIjoyLCJxIjoiNzIwcCJ9",
    "decoded_data": {
      "id": 139601,
      "i": 2,
      "q": "720p"
    },
    "stream_url": "https://desudrive.com/stream/yuplod.php?id=KAf1awY4UQ68",
    "is_default": false,
    "timestamp": "2025-09-12T08:56:17.278Z"
  },
  {
    "anime_title": "Blue Lock",
    "episode_title": "Blue Lock Episode 20 Subtitle Indonesia",
    "episode_link": "https://otakudesu.best/episode/blulck-episode-20-sub-indo/",
    "episode_date": "6 April,2023",
    "server": "mega",
    "quality": "720p",
    "data_content": "eyJpZCI6MTM5NjAxLCJpIjozLCJxIjoiNzIwcCJ9",
    "decoded_data": {
      "id": 139601,
      "i": 3,
      "q": "720p"
    },
    "stream_url": "https://mega.nz/embed/fAZmAQDR#uPILu5H1cwoDlBje6YTXg5wBufWUdzYKpVyzyPX6868",
    "is_default": false,
    "timestamp": "2025-09-12T08:56:17.322Z"
  },
  {
    "anime_title": "Blue Lock",
    "episode_title": "Blue Lock Episode 20 Subtitle Indonesia",
    "episode_link": "https://otakudesu.best/episode/blulck-episode-20-sub-indo/",
    "episode_date": "6 April,2023",
    "server": "desudesu",
    "quality": "480p",
    "data_content": "eyJpZCI6MTM5NjAxLCJpIjowLCJxIjoiNDgwcCJ9",
    "decoded_data": {
      "id": 139601,
      "i": 0,
      "q": "480p"
    },
    "stream_url": "https://desustream.info/dstream/desudesu/v2/index.php?id=ZkFrOEJOOEJEVjFiK2FUVVNCRnN0dz09",
    "is_default": true,
    "timestamp": "2025-09-12T08:56:17.064Z"
  },
  {
    "anime_title": "Blue Lock",
    "episode_title": "Blue Lock Episode 20 Subtitle Indonesia",
    "episode_link": "https://otakudesu.best/episode/blulck-episode-20-sub-indo/",
    "episode_date": "6 April,2023",
    "server": "odstream",
    "quality": "480p",
    "data_content": "eyJpZCI6MTM5NjAxLCJpIjoxLCJxIjoiNDgwcCJ9",
    "decoded_data": {
      "id": 139601,
      "i": 1,
      "q": "480p"
    },
    "stream_url": "https://desustream.info/dstream/arcg/?id=cXhSTUE3MVd2STJQdy9QZHNPcXk1dkN0VUxVbnZ3c1RrQ2dMbHlta3l0U2paMk45L3NXSjgyUVI1eTRzZ3lWbw==",
    "is_default": false,
    "timestamp": "2025-09-12T08:56:17.085Z"
  },
  {
    "anime_title": "Blue Lock",
    "episode_title": "Blue Lock Episode 20 Subtitle Indonesia",
    "episode_link": "https://otakudesu.best/episode/blulck-episode-20-sub-indo/",
    "episode_date": "6 April,2023",
    "server": "mp4load",
    "quality": "480p",
    "data_content": "eyJpZCI6MTM5NjAxLCJpIjoyLCJxIjoiNDgwcCJ9",
    "decoded_data": {
      "id": 139601,
      "i": 2,
      "q": "480p"
    },
    "stream_url": "https://www.mp4upload.com/embed-i6ra75pie5uo.html",
    "is_default": false,
    "timestamp": "2025-09-12T08:56:17.121Z"
  },
  {
    "anime_title": "Blue Lock",
    "episode_title": "Blue Lock Episode 20 Subtitle Indonesia",
    "episode_link": "https://otakudesu.best/episode/blulck-episode-20-sub-indo/",
    "episode_date": "6 April,2023",
    "server": "mega",
    "quality": "480p",
    "data_content": "eyJpZCI6MTM5NjAxLCJpIjozLCJxIjoiNDgwcCJ9",
    "decoded_data": {
      "id": 139601,
      "i": 3,
      "q": "480p"
    },
    "stream_url": "https://mega.nz/embed/6MQAAJpC#mJ8MHQtT7Kbx2zq8-bRKcwfoXX-jab9uR2XIEHY74ag",
    "is_default": false,
    "timestamp": "2025-09-12T08:56:17.179Z"
  },
  {
    "anime_title": "Blue Lock",
    "episode_title": "Blue Lock Episode 20 Subtitle Indonesia",
    "episode_link": "https://otakudesu.best/episode/blulck-episode-20-sub-indo/",
    "episode_date": "6 April,2023",
    "server": "desudesuhd",
    "quality": "720p",
    "data_content": "eyJpZCI6MTM5NjAxLCJpIjowLCJxIjoiNzIwcCJ9",
    "decoded_data": {
      "id": 139601,
      "i": 0,
      "q": "720p"
    },
    "stream_url": "https://desustream.info/dstream/desudesuhd/v2/index.php?id=ZkFrOEJOOEJEVjFiK2FUVVNCRnN0dz09",
    "is_default": false,
    "timestamp": "2025-09-12T08:56:17.220Z"
  },
  {
    "anime_title": "Blue Lock",
    "episode_title": "Blue Lock Episode 20 Subtitle Indonesia",
    "episode_link": "https://otakudesu.best/episode/blulck-episode-20-sub-indo/",
    "episode_date": "6 April,2023",
    "server": "odstreamhd",
    "quality": "720p",
    "data_content": "eyJpZCI6MTM5NjAxLCJpIjoxLCJxIjoiNzIwcCJ9",
    "decoded_data": {
      "id": 139601,
      "i": 1,
      "q": "720p"
    },
    "stream_url": "https://desustream.info/dstream/arcg/?id=cXhSTUE3MVd2STJQdy9QZHNPcXk1dkN0VUxVbnZ3c1RrQ2dMbHlta3l0UUhZMkRaL3gzblBybWtaUlZ6OWQ1eTVGVVJNK2U5MHREOW9KbFN5ZWRTNmc9PQ==",
    "is_default": false,
    "timestamp": "2025-09-12T08:56:17.242Z"
  },
  {
    "anime_title": "Blue Lock",
    "episode_title": "Blue Lock Episode 20 Subtitle Indonesia",
    "episode_link": "https://otakudesu.best/episode/blulck-episode-20-sub-indo/",
    "episode_date": "6 April,2023",
    "server": "yourupload",
    "quality": "720p",
    "data_content": "eyJpZCI6MTM5NjAxLCJpIjoyLCJxIjoiNzIwcCJ9",
    "decoded_data": {
      "id": 139601,
      "i": 2,
      "q": "720p"
    },
    "stream_url": "https://desudrive.com/stream/yuplod.php?id=KAf1awY4UQ68",
    "is_default": false,
    "timestamp": "2025-09-12T08:56:17.278Z"
  },
  {
    "anime_title": "Blue Lock",
    "episode_title": "Blue Lock Episode 20 Subtitle Indonesia",
    "episode_link": "https://otakudesu.best/episode/blulck-episode-20-sub-indo/",
    "episode_date": "6 April,2023",
    "server": "mega",
    "quality": "720p",
    "data_content": "eyJpZCI6MTM5NjAxLCJpIjozLCJxIjoiNzIwcCJ9",
    "decoded_data": {
      "id": 139601,
      "i": 3,
      "q": "720p"
    },
    "stream_url": "https://mega.nz/embed/fAZmAQDR#uPILu5H1cwoDlBje6YTXg5wBufWUdzYKpVyzyPX6868",
    "is_default": false,
    "timestamp": "2025-09-12T08:56:17.322Z"
  },
  {
    "anime_title": "Blue Lock",
    "episode_title": "Blue Lock Episode 21 Subtitle Indonesia",
    "episode_link": "https://otakudesu.best/episode/blulck-episode-21-sub-indo/",
    "episode_date": "6 April,2023",
    "server": "mp4load",
    "quality": "480p",
    "data_content": "eyJpZCI6MTM5NjAwLCJpIjoyLCJxIjoiNDgwcCJ9",
    "decoded_data": {
      "id": 139600,
      "i": 2,
      "q": "480p"
    },
    "stream_url": "https://www.mp4upload.com/embed-knmmwwix5y58.html",
    "is_default": false,
    "timestamp": "2025-09-12T08:56:18.162Z"
  },
  {
    "anime_title": "Blue Lock",
    "episode_title": "Blue Lock Episode 21 Subtitle Indonesia",
    "episode_link": "https://otakudesu.best/episode/blulck-episode-21-sub-indo/",
    "episode_date": "6 April,2023",
    "server": "mega",
    "quality": "480p",
    "data_content": "eyJpZCI6MTM5NjAwLCJpIjozLCJxIjoiNDgwcCJ9",
    "decoded_data": {
      "id": 139600,
      "i": 3,
      "q": "480p"
    },
    "stream_url": "https://mega.nz/embed/LIIznYqZ#j4DeYnqytrc41zB3Sn58sKC5DuxFIx6teizzYiT0c2M",
    "is_default": false,
    "timestamp": "2025-09-12T08:56:18.183Z"
  },
  {
    "anime_title": "Blue Lock",
    "episode_title": "Blue Lock Episode 21 Subtitle Indonesia",
    "episode_link": "https://otakudesu.best/episode/blulck-episode-21-sub-indo/",
    "episode_date": "6 April,2023",
    "server": "yourupload",
    "quality": "720p",
    "data_content": "eyJpZCI6MTM5NjAwLCJpIjoyLCJxIjoiNzIwcCJ9",
    "decoded_data": {
      "id": 139600,
      "i": 2,
      "q": "720p"
    },
    "stream_url": "https://desudrive.com/stream/yuplod.php?id=6W7We6CjhVpd",
    "is_default": false,
    "timestamp": "2025-09-12T08:56:18.204Z"
  },
  {
    "anime_title": "Blue Lock",
    "episode_title": "Blue Lock Episode 21 Subtitle Indonesia",
    "episode_link": "https://otakudesu.best/episode/blulck-episode-21-sub-indo/",
    "episode_date": "6 April,2023",
    "server": "mega",
    "quality": "720p",
    "data_content": "eyJpZCI6MTM5NjAwLCJpIjozLCJxIjoiNzIwcCJ9",
    "decoded_data": {
      "id": 139600,
      "i": 3,
      "q": "720p"
    },
    "stream_url": "https://mega.nz/embed/6JhxSabC#HKx_tjguoLYVyLDDWTvB4K_F32-y0fTp0PxyALdr1oY",
    "is_default": false,
    "timestamp": "2025-09-12T08:56:18.223Z"
  },
  {
    "anime_title": "Blue Lock",
    "episode_title": "Blue Lock Episode 21 Subtitle Indonesia",
    "episode_link": "https://otakudesu.best/episode/blulck-episode-21-sub-indo/",
    "episode_date": "6 April,2023",
    "server": "odstreamhd",
    "quality": "720p",
    "data_content": "eyJpZCI6MTM5NjAwLCJpIjoxLCJxIjoiNzIwcCJ9",
    "decoded_data": {
      "id": 139600,
      "i": 1,
      "q": "720p"
    },
    "stream_url": "https://desustream.info/dstream/arcg/?id=cXhSTUE3MVd2STJQdy9QZHNPcXk1dkN0VUxVbnZ3c1RrQ2dMbHlta3l0UUhZMkRaL3gzblBybWtaUlZ6OWQ1eWFmYk8vRE5XbFpBbW5SSFowY0g1aGc9PQ==",
    "is_default": false,
    "timestamp": "2025-09-12T08:56:18.243Z"
  },
  {
    "anime_title": "Blue Lock",
    "episode_title": "Blue Lock Episode 21 Subtitle Indonesia",
    "episode_link": "https://otakudesu.best/episode/blulck-episode-21-sub-indo/",
    "episode_date": "6 April,2023",
    "server": "desudesu",
    "quality": "480p",
    "data_content": "eyJpZCI6MTM5NjAwLCJpIjowLCJxIjoiNDgwcCJ9",
    "decoded_data": {
      "id": 139600,
      "i": 0,
      "q": "480p"
    },
    "stream_url": "https://desustream.info/dstream/desudesu/v2/index.php?id=VG8xY0ZWTm1EY1l4YWV5MG9JdjIvUT09",
    "is_default": true,
    "timestamp": "2025-09-12T08:56:18.263Z"
  },
  {
    "anime_title": "Blue Lock",
    "episode_title": "Blue Lock Episode 21 Subtitle Indonesia",
    "episode_link": "https://otakudesu.best/episode/blulck-episode-21-sub-indo/",
    "episode_date": "6 April,2023",
    "server": "odstream",
    "quality": "480p",
    "data_content": "eyJpZCI6MTM5NjAwLCJpIjoxLCJxIjoiNDgwcCJ9",
    "decoded_data": {
      "id": 139600,
      "i": 1,
      "q": "480p"
    },
    "stream_url": "https://desustream.info/dstream/arcg/?id=cXhSTUE3MVd2STJQdy9QZHNPcXk1dkN0VUxVbnZ3c1RrQ2dMbHlta3l0UktqOXF5dTVCRXFnekJYS3Ixc3IwZA==",
    "is_default": false,
    "timestamp": "2025-09-12T08:56:18.285Z"
  },
  {
    "anime_title": "Blue Lock",
    "episode_title": "Blue Lock Episode 21 Subtitle Indonesia",
    "episode_link": "https://otakudesu.best/episode/blulck-episode-21-sub-indo/",
    "episode_date": "6 April,2023",
    "server": "desudesuhd",
    "quality": "720p",
    "data_content": "eyJpZCI6MTM5NjAwLCJpIjowLCJxIjoiNzIwcCJ9",
    "decoded_data": {
      "id": 139600,
      "i": 0,
      "q": "720p"
    },
    "stream_url": "https://desustream.info/dstream/desudesuhd/v2/index.php?id=VG8xY0ZWTm1EY1l4YWV5MG9JdjIvUT09",
    "is_default": false,
    "timestamp": "2025-09-12T08:56:18.407Z"
  },
  {
    "anime_title": "Blue Lock",
    "episode_title": "Blue Lock Episode 21 Subtitle Indonesia",
    "episode_link": "https://otakudesu.best/episode/blulck-episode-21-sub-indo/",
    "episode_date": "6 April,2023",
    "server": "desudesu",
    "quality": "480p",
    "data_content": "eyJpZCI6MTM5NjAwLCJpIjowLCJxIjoiNDgwcCJ9",
    "decoded_data": {
      "id": 139600,
      "i": 0,
      "q": "480p"
    },
    "stream_url": "https://desustream.info/dstream/desudesu/v2/index.php?id=VG8xY0ZWTm1EY1l4YWV5MG9JdjIvUT09",
    "is_default": true,
    "timestamp": "2025-09-12T08:56:18.263Z"
  },
  {
    "anime_title": "Blue Lock",
    "episode_title": "Blue Lock Episode 21 Subtitle Indonesia",
    "episode_link": "https://otakudesu.best/episode/blulck-episode-21-sub-indo/",
    "episode_date": "6 April,2023",
    "server": "odstream",
    "quality": "480p",
    "data_content": "eyJpZCI6MTM5NjAwLCJpIjoxLCJxIjoiNDgwcCJ9",
    "decoded_data": {
      "id": 139600,
      "i": 1,
      "q": "480p"
    },
    "stream_url": "https://desustream.info/dstream/arcg/?id=cXhSTUE3MVd2STJQdy9QZHNPcXk1dkN0VUxVbnZ3c1RrQ2dMbHlta3l0UktqOXF5dTVCRXFnekJYS3Ixc3IwZA==",
    "is_default": false,
    "timestamp": "2025-09-12T08:56:18.285Z"
  },
  {
    "anime_title": "Blue Lock",
    "episode_title": "Blue Lock Episode 21 Subtitle Indonesia",
    "episode_link": "https://otakudesu.best/episode/blulck-episode-21-sub-indo/",
    "episode_date": "6 April,2023",
    "server": "mp4load",
    "quality": "480p",
    "data_content": "eyJpZCI6MTM5NjAwLCJpIjoyLCJxIjoiNDgwcCJ9",
    "decoded_data": {
      "id": 139600,
      "i": 2,
      "q": "480p"
    },
    "stream_url": "https://www.mp4upload.com/embed-knmmwwix5y58.html",
    "is_default": false,
    "timestamp": "2025-09-12T08:56:18.162Z"
  },
  {
    "anime_title": "Blue Lock",
    "episode_title": "Blue Lock Episode 21 Subtitle Indonesia",
    "episode_link": "https://otakudesu.best/episode/blulck-episode-21-sub-indo/",
    "episode_date": "6 April,2023",
    "server": "mega",
    "quality": "480p",
    "data_content": "eyJpZCI6MTM5NjAwLCJpIjozLCJxIjoiNDgwcCJ9",
    "decoded_data": {
      "id": 139600,
      "i": 3,
      "q": "480p"
    },
    "stream_url": "https://mega.nz/embed/LIIznYqZ#j4DeYnqytrc41zB3Sn58sKC5DuxFIx6teizzYiT0c2M",
    "is_default": false,
    "timestamp": "2025-09-12T08:56:18.183Z"
  },
  {
    "anime_title": "Blue Lock",
    "episode_title": "Blue Lock Episode 21 Subtitle Indonesia",
    "episode_link": "https://otakudesu.best/episode/blulck-episode-21-sub-indo/",
    "episode_date": "6 April,2023",
    "server": "desudesuhd",
    "quality": "720p",
    "data_content": "eyJpZCI6MTM5NjAwLCJpIjowLCJxIjoiNzIwcCJ9",
    "decoded_data": {
      "id": 139600,
      "i": 0,
      "q": "720p"
    },
    "stream_url": "https://desustream.info/dstream/desudesuhd/v2/index.php?id=VG8xY0ZWTm1EY1l4YWV5MG9JdjIvUT09",
    "is_default": false,
    "timestamp": "2025-09-12T08:56:18.407Z"
  },
  {
    "anime_title": "Blue Lock",
    "episode_title": "Blue Lock Episode 21 Subtitle Indonesia",
    "episode_link": "https://otakudesu.best/episode/blulck-episode-21-sub-indo/",
    "episode_date": "6 April,2023",
    "server": "odstreamhd",
    "quality": "720p",
    "data_content": "eyJpZCI6MTM5NjAwLCJpIjoxLCJxIjoiNzIwcCJ9",
    "decoded_data": {
      "id": 139600,
      "i": 1,
      "q": "720p"
    },
    "stream_url": "https://desustream.info/dstream/arcg/?id=cXhSTUE3MVd2STJQdy9QZHNPcXk1dkN0VUxVbnZ3c1RrQ2dMbHlta3l0UUhZMkRaL3gzblBybWtaUlZ6OWQ1eWFmYk8vRE5XbFpBbW5SSFowY0g1aGc9PQ==",
    "is_default": false,
    "timestamp": "2025-09-12T08:56:18.243Z"
  },
  {
    "anime_title": "Blue Lock",
    "episode_title": "Blue Lock Episode 21 Subtitle Indonesia",
    "episode_link": "https://otakudesu.best/episode/blulck-episode-21-sub-indo/",
    "episode_date": "6 April,2023",
    "server": "yourupload",
    "quality": "720p",
    "data_content": "eyJpZCI6MTM5NjAwLCJpIjoyLCJxIjoiNzIwcCJ9",
    "decoded_data": {
      "id": 139600,
      "i": 2,
      "q": "720p"
    },
    "stream_url": "https://desudrive.com/stream/yuplod.php?id=6W7We6CjhVpd",
    "is_default": false,
    "timestamp": "2025-09-12T08:56:18.204Z"
  },
  {
    "anime_title": "Blue Lock",
    "episode_title": "Blue Lock Episode 21 Subtitle Indonesia",
    "episode_link": "https://otakudesu.best/episode/blulck-episode-21-sub-indo/",
    "episode_date": "6 April,2023",
    "server": "mega",
    "quality": "720p",
    "data_content": "eyJpZCI6MTM5NjAwLCJpIjozLCJxIjoiNzIwcCJ9",
    "decoded_data": {
      "id": 139600,
      "i": 3,
      "q": "720p"
    },
    "stream_url": "https://mega.nz/embed/6JhxSabC#HKx_tjguoLYVyLDDWTvB4K_F32-y0fTp0PxyALdr1oY",
    "is_default": false,
    "timestamp": "2025-09-12T08:56:18.223Z"
  },
  {
    "anime_title": "Blue Lock",
    "episode_title": "Blue Lock Episode 22 Subtitle Indonesia",
    "episode_link": "https://otakudesu.best/episode/blulck-episode-22-sub-indo/",
    "episode_date": "6 April,2023",
    "server": "desudesu",
    "quality": "480p",
    "data_content": "eyJpZCI6MTM5NTk5LCJpIjowLCJxIjoiNDgwcCJ9",
    "decoded_data": {
      "id": 139599,
      "i": 0,
      "q": "480p"
    },
    "stream_url": "https://desustream.info/dstream/desudesu/v2/index.php?id=WFlXaXNEV0c0Qmw2cHdoWTJlUkg2QT09",
    "is_default": true,
    "timestamp": "2025-09-12T08:56:19.027Z"
  },
  {
    "anime_title": "Blue Lock",
    "episode_title": "Blue Lock Episode 22 Subtitle Indonesia",
    "episode_link": "https://otakudesu.best/episode/blulck-episode-22-sub-indo/",
    "episode_date": "6 April,2023",
    "server": "odstream",
    "quality": "480p",
    "data_content": "eyJpZCI6MTM5NTk5LCJpIjoxLCJxIjoiNDgwcCJ9",
    "decoded_data": {
      "id": 139599,
      "i": 1,
      "q": "480p"
    },
    "stream_url": "https://desustream.info/dstream/arcg/?id=cXhSTUE3MVd2STJQdy9QZHNPcXk1dkN0VUxVbnZ3c1RrQ2dMbHlta3l0UXYwcVg4ZkJRclY3bUh2S1A1d3ZWeg==",
    "is_default": false,
    "timestamp": "2025-09-12T08:56:19.090Z"
  },
  {
    "anime_title": "Blue Lock",
    "episode_title": "Blue Lock Episode 22 Subtitle Indonesia",
    "episode_link": "https://otakudesu.best/episode/blulck-episode-22-sub-indo/",
    "episode_date": "6 April,2023",
    "server": "mp4load",
    "quality": "480p",
    "data_content": "eyJpZCI6MTM5NTk5LCJpIjoyLCJxIjoiNDgwcCJ9",
    "decoded_data": {
      "id": 139599,
      "i": 2,
      "q": "480p"
    },
    "stream_url": "https://www.mp4upload.com/embed-wtu90nxtxilc.html",
    "is_default": false,
    "timestamp": "2025-09-12T08:56:19.115Z"
  },
  {
    "anime_title": "Blue Lock",
    "episode_title": "Blue Lock Episode 22 Subtitle Indonesia",
    "episode_link": "https://otakudesu.best/episode/blulck-episode-22-sub-indo/",
    "episode_date": "6 April,2023",
    "server": "mega",
    "quality": "480p",
    "data_content": "eyJpZCI6MTM5NTk5LCJpIjozLCJxIjoiNDgwcCJ9",
    "decoded_data": {
      "id": 139599,
      "i": 3,
      "q": "480p"
    },
    "stream_url": "https://mega.nz/embed/DZhWzQxa#m7FFPkjcC8yLAtDFit-n0Ahwfk-M1ULIgpJLdI5vLUc",
    "is_default": false,
    "timestamp": "2025-09-12T08:56:19.134Z"
  },
  {
    "anime_title": "Blue Lock",
    "episode_title": "Blue Lock Episode 22 Subtitle Indonesia",
    "episode_link": "https://otakudesu.best/episode/blulck-episode-22-sub-indo/",
    "episode_date": "6 April,2023",
    "server": "desudesuhd",
    "quality": "720p",
    "data_content": "eyJpZCI6MTM5NTk5LCJpIjowLCJxIjoiNzIwcCJ9",
    "decoded_data": {
      "id": 139599,
      "i": 0,
      "q": "720p"
    },
    "stream_url": "https://desustream.info/dstream/desudesuhd/v2/index.php?id=WFlXaXNEV0c0Qmw2cHdoWTJlUkg2QT09",
    "is_default": false,
    "timestamp": "2025-09-12T08:56:19.173Z"
  },
  {
    "anime_title": "Blue Lock",
    "episode_title": "Blue Lock Episode 22 Subtitle Indonesia",
    "episode_link": "https://otakudesu.best/episode/blulck-episode-22-sub-indo/",
    "episode_date": "6 April,2023",
    "server": "odstreamhd",
    "quality": "720p",
    "data_content": "eyJpZCI6MTM5NTk5LCJpIjoxLCJxIjoiNzIwcCJ9",
    "decoded_data": {
      "id": 139599,
      "i": 1,
      "q": "720p"
    },
    "stream_url": "https://desustream.info/dstream/arcg/?id=cXhSTUE3MVd2STJQdy9QZHNPcXk1dkN0VUxVbnZ3c1RrQ2dMbHlta3l0UUhZMkRaL3gzblBybWtaUlZ6OWQ1eW5TQmFrL3l2K2xpS3Z6ZmdWUkR6M3c9PQ==",
    "is_default": false,
    "timestamp": "2025-09-12T08:56:19.203Z"
  },
  {
    "anime_title": "Blue Lock",
    "episode_title": "Blue Lock Episode 22 Subtitle Indonesia",
    "episode_link": "https://otakudesu.best/episode/blulck-episode-22-sub-indo/",
    "episode_date": "6 April,2023",
    "server": "yourupload",
    "quality": "720p",
    "data_content": "eyJpZCI6MTM5NTk5LCJpIjoyLCJxIjoiNzIwcCJ9",
    "decoded_data": {
      "id": 139599,
      "i": 2,
      "q": "720p"
    },
    "stream_url": "https://desudrive.com/stream/yuplod.php?id=r41WjW8F0GQW",
    "is_default": false,
    "timestamp": "2025-09-12T08:56:19.246Z"
  },
  {
    "anime_title": "Blue Lock",
    "episode_title": "Blue Lock Episode 22 Subtitle Indonesia",
    "episode_link": "https://otakudesu.best/episode/blulck-episode-22-sub-indo/",
    "episode_date": "6 April,2023",
    "server": "mega",
    "quality": "720p",
    "data_content": "eyJpZCI6MTM5NTk5LCJpIjozLCJxIjoiNzIwcCJ9",
    "decoded_data": {
      "id": 139599,
      "i": 3,
      "q": "720p"
    },
    "stream_url": "https://mega.nz/embed/iJR1HZzL#mF0w6u7XhS2ECngYEZIhxiAVpu80JztiTn09MGRWiJg",
    "is_default": false,
    "timestamp": "2025-09-12T08:56:19.286Z"
  },
  {
    "anime_title": "Blue Lock",
    "episode_title": "Blue Lock Episode 22 Subtitle Indonesia",
    "episode_link": "https://otakudesu.best/episode/blulck-episode-22-sub-indo/",
    "episode_date": "6 April,2023",
    "server": "desudesu",
    "quality": "480p",
    "data_content": "eyJpZCI6MTM5NTk5LCJpIjowLCJxIjoiNDgwcCJ9",
    "decoded_data": {
      "id": 139599,
      "i": 0,
      "q": "480p"
    },
    "stream_url": "https://desustream.info/dstream/desudesu/v2/index.php?id=WFlXaXNEV0c0Qmw2cHdoWTJlUkg2QT09",
    "is_default": true,
    "timestamp": "2025-09-12T08:56:19.027Z"
  },
  {
    "anime_title": "Blue Lock",
    "episode_title": "Blue Lock Episode 22 Subtitle Indonesia",
    "episode_link": "https://otakudesu.best/episode/blulck-episode-22-sub-indo/",
    "episode_date": "6 April,2023",
    "server": "odstream",
    "quality": "480p",
    "data_content": "eyJpZCI6MTM5NTk5LCJpIjoxLCJxIjoiNDgwcCJ9",
    "decoded_data": {
      "id": 139599,
      "i": 1,
      "q": "480p"
    },
    "stream_url": "https://desustream.info/dstream/arcg/?id=cXhSTUE3MVd2STJQdy9QZHNPcXk1dkN0VUxVbnZ3c1RrQ2dMbHlta3l0UXYwcVg4ZkJRclY3bUh2S1A1d3ZWeg==",
    "is_default": false,
    "timestamp": "2025-09-12T08:56:19.090Z"
  },
  {
    "anime_title": "Blue Lock",
    "episode_title": "Blue Lock Episode 22 Subtitle Indonesia",
    "episode_link": "https://otakudesu.best/episode/blulck-episode-22-sub-indo/",
    "episode_date": "6 April,2023",
    "server": "mp4load",
    "quality": "480p",
    "data_content": "eyJpZCI6MTM5NTk5LCJpIjoyLCJxIjoiNDgwcCJ9",
    "decoded_data": {
      "id": 139599,
      "i": 2,
      "q": "480p"
    },
    "stream_url": "https://www.mp4upload.com/embed-wtu90nxtxilc.html",
    "is_default": false,
    "timestamp": "2025-09-12T08:56:19.115Z"
  },
  {
    "anime_title": "Blue Lock",
    "episode_title": "Blue Lock Episode 22 Subtitle Indonesia",
    "episode_link": "https://otakudesu.best/episode/blulck-episode-22-sub-indo/",
    "episode_date": "6 April,2023",
    "server": "mega",
    "quality": "480p",
    "data_content": "eyJpZCI6MTM5NTk5LCJpIjozLCJxIjoiNDgwcCJ9",
    "decoded_data": {
      "id": 139599,
      "i": 3,
      "q": "480p"
    },
    "stream_url": "https://mega.nz/embed/DZhWzQxa#m7FFPkjcC8yLAtDFit-n0Ahwfk-M1ULIgpJLdI5vLUc",
    "is_default": false,
    "timestamp": "2025-09-12T08:56:19.134Z"
  },
  {
    "anime_title": "Blue Lock",
    "episode_title": "Blue Lock Episode 22 Subtitle Indonesia",
    "episode_link": "https://otakudesu.best/episode/blulck-episode-22-sub-indo/",
    "episode_date": "6 April,2023",
    "server": "desudesuhd",
    "quality": "720p",
    "data_content": "eyJpZCI6MTM5NTk5LCJpIjowLCJxIjoiNzIwcCJ9",
    "decoded_data": {
      "id": 139599,
      "i": 0,
      "q": "720p"
    },
    "stream_url": "https://desustream.info/dstream/desudesuhd/v2/index.php?id=WFlXaXNEV0c0Qmw2cHdoWTJlUkg2QT09",
    "is_default": false,
    "timestamp": "2025-09-12T08:56:19.173Z"
  },
  {
    "anime_title": "Blue Lock",
    "episode_title": "Blue Lock Episode 22 Subtitle Indonesia",
    "episode_link": "https://otakudesu.best/episode/blulck-episode-22-sub-indo/",
    "episode_date": "6 April,2023",
    "server": "odstreamhd",
    "quality": "720p",
    "data_content": "eyJpZCI6MTM5NTk5LCJpIjoxLCJxIjoiNzIwcCJ9",
    "decoded_data": {
      "id": 139599,
      "i": 1,
      "q": "720p"
    },
    "stream_url": "https://desustream.info/dstream/arcg/?id=cXhSTUE3MVd2STJQdy9QZHNPcXk1dkN0VUxVbnZ3c1RrQ2dMbHlta3l0UUhZMkRaL3gzblBybWtaUlZ6OWQ1eW5TQmFrL3l2K2xpS3Z6ZmdWUkR6M3c9PQ==",
    "is_default": false,
    "timestamp": "2025-09-12T08:56:19.203Z"
  },
  {
    "anime_title": "Blue Lock",
    "episode_title": "Blue Lock Episode 22 Subtitle Indonesia",
    "episode_link": "https://otakudesu.best/episode/blulck-episode-22-sub-indo/",
    "episode_date": "6 April,2023",
    "server": "yourupload",
    "quality": "720p",
    "data_content": "eyJpZCI6MTM5NTk5LCJpIjoyLCJxIjoiNzIwcCJ9",
    "decoded_data": {
      "id": 139599,
      "i": 2,
      "q": "720p"
    },
    "stream_url": "https://desudrive.com/stream/yuplod.php?id=r41WjW8F0GQW",
    "is_default": false,
    "timestamp": "2025-09-12T08:56:19.246Z"
  },
  {
    "anime_title": "Blue Lock",
    "episode_title": "Blue Lock Episode 22 Subtitle Indonesia",
    "episode_link": "https://otakudesu.best/episode/blulck-episode-22-sub-indo/",
    "episode_date": "6 April,2023",
    "server": "mega",
    "quality": "720p",
    "data_content": "eyJpZCI6MTM5NTk5LCJpIjozLCJxIjoiNzIwcCJ9",
    "decoded_data": {
      "id": 139599,
      "i": 3,
      "q": "720p"
    },
    "stream_url": "https://mega.nz/embed/iJR1HZzL#mF0w6u7XhS2ECngYEZIhxiAVpu80JztiTn09MGRWiJg",
    "is_default": false,
    "timestamp": "2025-09-12T08:56:19.286Z"
  },
  {
    "anime_title": "Blue Lock",
    "episode_title": "Blue Lock Episode 23 Subtitle Indonesia",
    "episode_link": "https://otakudesu.best/episode/blulck-episode-23-sub-indo/",
    "episode_date": "6 April,2023",
    "server": "desudesu",
    "quality": "480p",
    "data_content": "eyJpZCI6MTM5NjA2LCJpIjowLCJxIjoiNDgwcCJ9",
    "decoded_data": {
      "id": 139606,
      "i": 0,
      "q": "480p"
    },
    "stream_url": "https://desustream.info/dstream/desudesu/v2/index.php?id=L2pzS095Y3BidVlxdTRYcS9NQndCQT09",
    "is_default": true,
    "timestamp": "2025-09-12T08:56:19.965Z"
  },
  {
    "anime_title": "Blue Lock",
    "episode_title": "Blue Lock Episode 23 Subtitle Indonesia",
    "episode_link": "https://otakudesu.best/episode/blulck-episode-23-sub-indo/",
    "episode_date": "6 April,2023",
    "server": "odstream",
    "quality": "480p",
    "data_content": "eyJpZCI6MTM5NjA2LCJpIjoxLCJxIjoiNDgwcCJ9",
    "decoded_data": {
      "id": 139606,
      "i": 1,
      "q": "480p"
    },
    "stream_url": "https://desustream.info/dstream/arcg/?id=cXhSTUE3MVd2STJQdy9QZHNPcXk1dkN0VUxVbnZ3c1RrQ2dMbHlta3l0VGN1RThNNXpIQlRTYy9BTFg5SUdNVA==",
    "is_default": false,
    "timestamp": "2025-09-12T08:56:19.986Z"
  },
  {
    "anime_title": "Blue Lock",
    "episode_title": "Blue Lock Episode 23 Subtitle Indonesia",
    "episode_link": "https://otakudesu.best/episode/blulck-episode-23-sub-indo/",
    "episode_date": "6 April,2023",
    "server": "mp4load",
    "quality": "480p",
    "data_content": "eyJpZCI6MTM5NjA2LCJpIjoyLCJxIjoiNDgwcCJ9",
    "decoded_data": {
      "id": 139606,
      "i": 2,
      "q": "480p"
    },
    "stream_url": "https://www.mp4upload.com/embed-pokywvk05y9b.html",
    "is_default": false,
    "timestamp": "2025-09-12T08:56:20.018Z"
  },
  {
    "anime_title": "Blue Lock",
    "episode_title": "Blue Lock Episode 23 Subtitle Indonesia",
    "episode_link": "https://otakudesu.best/episode/blulck-episode-23-sub-indo/",
    "episode_date": "6 April,2023",
    "server": "mega",
    "quality": "480p",
    "data_content": "eyJpZCI6MTM5NjA2LCJpIjozLCJxIjoiNDgwcCJ9",
    "decoded_data": {
      "id": 139606,
      "i": 3,
      "q": "480p"
    },
    "stream_url": "https://mega.nz/embed/6Ao2AYQI#wt9w3WpGITk0H9SjV95F7njYrJVrSVyYI_dPMmjEFyw",
    "is_default": false,
    "timestamp": "2025-09-12T08:56:20.073Z"
  },
  {
    "anime_title": "Blue Lock",
    "episode_title": "Blue Lock Episode 23 Subtitle Indonesia",
    "episode_link": "https://otakudesu.best/episode/blulck-episode-23-sub-indo/",
    "episode_date": "6 April,2023",
    "server": "desudesuhd",
    "quality": "720p",
    "data_content": "eyJpZCI6MTM5NjA2LCJpIjowLCJxIjoiNzIwcCJ9",
    "decoded_data": {
      "id": 139606,
      "i": 0,
      "q": "720p"
    },
    "stream_url": "https://desustream.info/dstream/desudesuhd/v2/index.php?id=L2pzS095Y3BidVlxdTRYcS9NQndCQT09",
    "is_default": false,
    "timestamp": "2025-09-12T08:56:20.112Z"
  },
  {
    "anime_title": "Blue Lock",
    "episode_title": "Blue Lock Episode 23 Subtitle Indonesia",
    "episode_link": "https://otakudesu.best/episode/blulck-episode-23-sub-indo/",
    "episode_date": "6 April,2023",
    "server": "odstreamhd",
    "quality": "720p",
    "data_content": "eyJpZCI6MTM5NjA2LCJpIjoxLCJxIjoiNzIwcCJ9",
    "decoded_data": {
      "id": 139606,
      "i": 1,
      "q": "720p"
    },
    "stream_url": "https://desustream.info/dstream/arcg/?id=cXhSTUE3MVd2STJQdy9QZHNPcXk1dkN0VUxVbnZ3c1RrQ2dMbHlta3l0UUhZMkRaL3gzblBybWtaUlZ6OWQ1eVBKVzN5UFpCOGpRK0NvdGt1RG1lbHc9PQ==",
    "is_default": false,
    "timestamp": "2025-09-12T08:56:20.149Z"
  },
  {
    "anime_title": "Blue Lock",
    "episode_title": "Blue Lock Episode 23 Subtitle Indonesia",
    "episode_link": "https://otakudesu.best/episode/blulck-episode-23-sub-indo/",
    "episode_date": "6 April,2023",
    "server": "yourupload",
    "quality": "720p",
    "data_content": "eyJpZCI6MTM5NjA2LCJpIjoyLCJxIjoiNzIwcCJ9",
    "decoded_data": {
      "id": 139606,
      "i": 2,
      "q": "720p"
    },
    "stream_url": "https://desudrive.com/stream/yuplod.php?id=K36V570uOb21",
    "is_default": false,
    "timestamp": "2025-09-12T08:56:20.197Z"
  },
  {
    "anime_title": "Blue Lock",
    "episode_title": "Blue Lock Episode 23 Subtitle Indonesia",
    "episode_link": "https://otakudesu.best/episode/blulck-episode-23-sub-indo/",
    "episode_date": "6 April,2023",
    "server": "mega",
    "quality": "720p",
    "data_content": "eyJpZCI6MTM5NjA2LCJpIjozLCJxIjoiNzIwcCJ9",
    "decoded_data": {
      "id": 139606,
      "i": 3,
      "q": "720p"
    },
    "stream_url": "https://mega.nz/embed/vV42HSpJ#R4ChIHL0zGsO3_oia9AleR18TxtxCITxSTeNPrEuimI",
    "is_default": false,
    "timestamp": "2025-09-12T08:56:20.217Z"
  },
  {
    "anime_title": "Blue Lock",
    "episode_title": "Blue Lock Episode 23 Subtitle Indonesia",
    "episode_link": "https://otakudesu.best/episode/blulck-episode-23-sub-indo/",
    "episode_date": "6 April,2023",
    "server": "desudesu",
    "quality": "480p",
    "data_content": "eyJpZCI6MTM5NjA2LCJpIjowLCJxIjoiNDgwcCJ9",
    "decoded_data": {
      "id": 139606,
      "i": 0,
      "q": "480p"
    },
    "stream_url": "https://desustream.info/dstream/desudesu/v2/index.php?id=L2pzS095Y3BidVlxdTRYcS9NQndCQT09",
    "is_default": true,
    "timestamp": "2025-09-12T08:56:19.965Z"
  },
  {
    "anime_title": "Blue Lock",
    "episode_title": "Blue Lock Episode 23 Subtitle Indonesia",
    "episode_link": "https://otakudesu.best/episode/blulck-episode-23-sub-indo/",
    "episode_date": "6 April,2023",
    "server": "odstream",
    "quality": "480p",
    "data_content": "eyJpZCI6MTM5NjA2LCJpIjoxLCJxIjoiNDgwcCJ9",
    "decoded_data": {
      "id": 139606,
      "i": 1,
      "q": "480p"
    },
    "stream_url": "https://desustream.info/dstream/arcg/?id=cXhSTUE3MVd2STJQdy9QZHNPcXk1dkN0VUxVbnZ3c1RrQ2dMbHlta3l0VGN1RThNNXpIQlRTYy9BTFg5SUdNVA==",
    "is_default": false,
    "timestamp": "2025-09-12T08:56:19.986Z"
  },
  {
    "anime_title": "Blue Lock",
    "episode_title": "Blue Lock Episode 23 Subtitle Indonesia",
    "episode_link": "https://otakudesu.best/episode/blulck-episode-23-sub-indo/",
    "episode_date": "6 April,2023",
    "server": "mp4load",
    "quality": "480p",
    "data_content": "eyJpZCI6MTM5NjA2LCJpIjoyLCJxIjoiNDgwcCJ9",
    "decoded_data": {
      "id": 139606,
      "i": 2,
      "q": "480p"
    },
    "stream_url": "https://www.mp4upload.com/embed-pokywvk05y9b.html",
    "is_default": false,
    "timestamp": "2025-09-12T08:56:20.018Z"
  },
  {
    "anime_title": "Blue Lock",
    "episode_title": "Blue Lock Episode 23 Subtitle Indonesia",
    "episode_link": "https://otakudesu.best/episode/blulck-episode-23-sub-indo/",
    "episode_date": "6 April,2023",
    "server": "mega",
    "quality": "480p",
    "data_content": "eyJpZCI6MTM5NjA2LCJpIjozLCJxIjoiNDgwcCJ9",
    "decoded_data": {
      "id": 139606,
      "i": 3,
      "q": "480p"
    },
    "stream_url": "https://mega.nz/embed/6Ao2AYQI#wt9w3WpGITk0H9SjV95F7njYrJVrSVyYI_dPMmjEFyw",
    "is_default": false,
    "timestamp": "2025-09-12T08:56:20.073Z"
  },
  {
    "anime_title": "Blue Lock",
    "episode_title": "Blue Lock Episode 23 Subtitle Indonesia",
    "episode_link": "https://otakudesu.best/episode/blulck-episode-23-sub-indo/",
    "episode_date": "6 April,2023",
    "server": "desudesuhd",
    "quality": "720p",
    "data_content": "eyJpZCI6MTM5NjA2LCJpIjowLCJxIjoiNzIwcCJ9",
    "decoded_data": {
      "id": 139606,
      "i": 0,
      "q": "720p"
    },
    "stream_url": "https://desustream.info/dstream/desudesuhd/v2/index.php?id=L2pzS095Y3BidVlxdTRYcS9NQndCQT09",
    "is_default": false,
    "timestamp": "2025-09-12T08:56:20.112Z"
  },
  {
    "anime_title": "Blue Lock",
    "episode_title": "Blue Lock Episode 23 Subtitle Indonesia",
    "episode_link": "https://otakudesu.best/episode/blulck-episode-23-sub-indo/",
    "episode_date": "6 April,2023",
    "server": "odstreamhd",
    "quality": "720p",
    "data_content": "eyJpZCI6MTM5NjA2LCJpIjoxLCJxIjoiNzIwcCJ9",
    "decoded_data": {
      "id": 139606,
      "i": 1,
      "q": "720p"
    },
    "stream_url": "https://desustream.info/dstream/arcg/?id=cXhSTUE3MVd2STJQdy9QZHNPcXk1dkN0VUxVbnZ3c1RrQ2dMbHlta3l0UUhZMkRaL3gzblBybWtaUlZ6OWQ1eVBKVzN5UFpCOGpRK0NvdGt1RG1lbHc9PQ==",
    "is_default": false,
    "timestamp": "2025-09-12T08:56:20.149Z"
  },
  {
    "anime_title": "Blue Lock",
    "episode_title": "Blue Lock Episode 23 Subtitle Indonesia",
    "episode_link": "https://otakudesu.best/episode/blulck-episode-23-sub-indo/",
    "episode_date": "6 April,2023",
    "server": "yourupload",
    "quality": "720p",
    "data_content": "eyJpZCI6MTM5NjA2LCJpIjoyLCJxIjoiNzIwcCJ9",
    "decoded_data": {
      "id": 139606,
      "i": 2,
      "q": "720p"
    },
    "stream_url": "https://desudrive.com/stream/yuplod.php?id=K36V570uOb21",
    "is_default": false,
    "timestamp": "2025-09-12T08:56:20.197Z"
  },
  {
    "anime_title": "Blue Lock",
    "episode_title": "Blue Lock Episode 23 Subtitle Indonesia",
    "episode_link": "https://otakudesu.best/episode/blulck-episode-23-sub-indo/",
    "episode_date": "6 April,2023",
    "server": "mega",
    "quality": "720p",
    "data_content": "eyJpZCI6MTM5NjA2LCJpIjozLCJxIjoiNzIwcCJ9",
    "decoded_data": {
      "id": 139606,
      "i": 3,
      "q": "720p"
    },
    "stream_url": "https://mega.nz/embed/vV42HSpJ#R4ChIHL0zGsO3_oia9AleR18TxtxCITxSTeNPrEuimI",
    "is_default": false,
    "timestamp": "2025-09-12T08:56:20.217Z"
  },
  {
    "anime_title": "Blue Lock",
    "episode_title": "Blue Lock Episode 24 (End) Subtitle Indonesia",
    "episode_link": "https://otakudesu.best/episode/blulck-episode-24-sub-indo/",
    "episode_date": "6 April,2023",
    "server": "desudesu",
    "quality": "480p",
    "data_content": "eyJpZCI6MTM5NjAzLCJpIjowLCJxIjoiNDgwcCJ9",
    "decoded_data": {
      "id": 139603,
      "i": 0,
      "q": "480p"
    },
    "stream_url": "https://desustream.info/dstream/desudesu/v2/index.php?id=RXpTR3MzZ3QvZWhoYWJpUFp3MktEQT09",
    "is_default": true,
    "timestamp": "2025-09-12T08:56:20.864Z"
  },
  {
    "anime_title": "Blue Lock",
    "episode_title": "Blue Lock Episode 24 (End) Subtitle Indonesia",
    "episode_link": "https://otakudesu.best/episode/blulck-episode-24-sub-indo/",
    "episode_date": "6 April,2023",
    "server": "odstream",
    "quality": "480p",
    "data_content": "eyJpZCI6MTM5NjAzLCJpIjoxLCJxIjoiNDgwcCJ9",
    "decoded_data": {
      "id": 139603,
      "i": 1,
      "q": "480p"
    },
    "stream_url": "https://desustream.info/dstream/arcg/?id=cXhSTUE3MVd2STJQdy9QZHNPcXk1dkN0VUxVbnZ3c1RrQ2dMbHlta3l0UUxEanlHYVpaQzVTbVJpWXBQR05aMw==",
    "is_default": false,
    "timestamp": "2025-09-12T08:56:20.910Z"
  },
  {
    "anime_title": "Blue Lock",
    "episode_title": "Blue Lock Episode 24 (End) Subtitle Indonesia",
    "episode_link": "https://otakudesu.best/episode/blulck-episode-24-sub-indo/",
    "episode_date": "6 April,2023",
    "server": "mega",
    "quality": "480p",
    "data_content": "eyJpZCI6MTM5NjAzLCJpIjozLCJxIjoiNDgwcCJ9",
    "decoded_data": {
      "id": 139603,
      "i": 3,
      "q": "480p"
    },
    "stream_url": "https://mega.nz/embed/eMREVDiD#YwfrdPxQicc4hfO2c5JFqoL4njhXULx8UPGPFaYzFRg",
    "is_default": false,
    "timestamp": "2025-09-12T08:56:20.987Z"
  },
  {
    "anime_title": "Blue Lock",
    "episode_title": "Blue Lock Episode 24 (End) Subtitle Indonesia",
    "episode_link": "https://otakudesu.best/episode/blulck-episode-24-sub-indo/",
    "episode_date": "6 April,2023",
    "server": "desudesuhd",
    "quality": "720p",
    "data_content": "eyJpZCI6MTM5NjAzLCJpIjowLCJxIjoiNzIwcCJ9",
    "decoded_data": {
      "id": 139603,
      "i": 0,
      "q": "720p"
    },
    "stream_url": "https://desustream.info/dstream/desudesuhd/v2/index.php?id=RXpTR3MzZ3QvZWhoYWJpUFp3MktEQT09",
    "is_default": false,
    "timestamp": "2025-09-12T08:56:21.013Z"
  },
  {
    "anime_title": "Blue Lock",
    "episode_title": "Blue Lock Episode 24 (End) Subtitle Indonesia",
    "episode_link": "https://otakudesu.best/episode/blulck-episode-24-sub-indo/",
    "episode_date": "6 April,2023",
    "server": "odstreamhd",
    "quality": "720p",
    "data_content": "eyJpZCI6MTM5NjAzLCJpIjoxLCJxIjoiNzIwcCJ9",
    "decoded_data": {
      "id": 139603,
      "i": 1,
      "q": "720p"
    },
    "stream_url": "https://desustream.info/dstream/arcg/?id=cXhSTUE3MVd2STJQdy9QZHNPcXk1dkN0VUxVbnZ3c1RrQ2dMbHlta3l0UUhZMkRaL3gzblBybWtaUlZ6OWQ1eUJGSVJtQnZUQmdxR284aHVzVHVkWkE9PQ==",
    "is_default": false,
    "timestamp": "2025-09-12T08:56:21.039Z"
  },
  {
    "anime_title": "Blue Lock",
    "episode_title": "Blue Lock Episode 24 (End) Subtitle Indonesia",
    "episode_link": "https://otakudesu.best/episode/blulck-episode-24-sub-indo/",
    "episode_date": "6 April,2023",
    "server": "yourupload",
    "quality": "720p",
    "data_content": "eyJpZCI6MTM5NjAzLCJpIjoyLCJxIjoiNzIwcCJ9",
    "decoded_data": {
      "id": 139603,
      "i": 2,
      "q": "720p"
    },
    "stream_url": "https://desudrive.com/stream/yuplod.php?id=e2DkeIFn8L24",
    "is_default": false,
    "timestamp": "2025-09-12T08:56:21.109Z"
  },
  {
    "anime_title": "Blue Lock",
    "episode_title": "Blue Lock Episode 24 (End) Subtitle Indonesia",
    "episode_link": "https://otakudesu.best/episode/blulck-episode-24-sub-indo/",
    "episode_date": "6 April,2023",
    "server": "mega",
    "quality": "720p",
    "data_content": "eyJpZCI6MTM5NjAzLCJpIjozLCJxIjoiNzIwcCJ9",
    "decoded_data": {
      "id": 139603,
      "i": 3,
      "q": "720p"
    },
    "stream_url": "https://mega.nz/embed/zMZ0xBoS#mMsAJlxUmr68g6KNwfuscJft8jBKlPJ9Y-nskAMC6M0",
    "is_default": false,
    "timestamp": "2025-09-12T08:56:21.128Z"
  },
  {
    "anime_title": "Blue Lock",
    "episode_title": "Blue Lock Episode 24 (End) Subtitle Indonesia",
    "episode_link": "https://otakudesu.best/episode/blulck-episode-24-sub-indo/",
    "episode_date": "6 April,2023",
    "server": "mp4load",
    "quality": "480p",
    "data_content": "eyJpZCI6MTM5NjAzLCJpIjoyLCJxIjoiNDgwcCJ9",
    "decoded_data": {
      "id": 139603,
      "i": 2,
      "q": "480p"
    },
    "stream_url": "https://www.mp4upload.com/embed-6b7o27dur1qu.html",
    "is_default": false,
    "timestamp": "2025-09-12T08:56:21.218Z"
  },
  {
    "anime_title": "Blue Lock",
    "episode_title": "Blue Lock Episode 24 (End) Subtitle Indonesia",
    "episode_link": "https://otakudesu.best/episode/blulck-episode-24-sub-indo/",
    "episode_date": "6 April,2023",
    "server": "desudesu",
    "quality": "480p",
    "data_content": "eyJpZCI6MTM5NjAzLCJpIjowLCJxIjoiNDgwcCJ9",
    "decoded_data": {
      "id": 139603,
      "i": 0,
      "q": "480p"
    },
    "stream_url": "https://desustream.info/dstream/desudesu/v2/index.php?id=RXpTR3MzZ3QvZWhoYWJpUFp3MktEQT09",
    "is_default": true,
    "timestamp": "2025-09-12T08:56:20.864Z"
  },
  {
    "anime_title": "Blue Lock",
    "episode_title": "Blue Lock Episode 24 (End) Subtitle Indonesia",
    "episode_link": "https://otakudesu.best/episode/blulck-episode-24-sub-indo/",
    "episode_date": "6 April,2023",
    "server": "odstream",
    "quality": "480p",
    "data_content": "eyJpZCI6MTM5NjAzLCJpIjoxLCJxIjoiNDgwcCJ9",
    "decoded_data": {
      "id": 139603,
      "i": 1,
      "q": "480p"
    },
    "stream_url": "https://desustream.info/dstream/arcg/?id=cXhSTUE3MVd2STJQdy9QZHNPcXk1dkN0VUxVbnZ3c1RrQ2dMbHlta3l0UUxEanlHYVpaQzVTbVJpWXBQR05aMw==",
    "is_default": false,
    "timestamp": "2025-09-12T08:56:20.910Z"
  },
  {
    "anime_title": "Blue Lock",
    "episode_title": "Blue Lock Episode 24 (End) Subtitle Indonesia",
    "episode_link": "https://otakudesu.best/episode/blulck-episode-24-sub-indo/",
    "episode_date": "6 April,2023",
    "server": "mp4load",
    "quality": "480p",
    "data_content": "eyJpZCI6MTM5NjAzLCJpIjoyLCJxIjoiNDgwcCJ9",
    "decoded_data": {
      "id": 139603,
      "i": 2,
      "q": "480p"
    },
    "stream_url": "https://www.mp4upload.com/embed-6b7o27dur1qu.html",
    "is_default": false,
    "timestamp": "2025-09-12T08:56:21.218Z"
  },
  {
    "anime_title": "Blue Lock",
    "episode_title": "Blue Lock Episode 24 (End) Subtitle Indonesia",
    "episode_link": "https://otakudesu.best/episode/blulck-episode-24-sub-indo/",
    "episode_date": "6 April,2023",
    "server": "mega",
    "quality": "480p",
    "data_content": "eyJpZCI6MTM5NjAzLCJpIjozLCJxIjoiNDgwcCJ9",
    "decoded_data": {
      "id": 139603,
      "i": 3,
      "q": "480p"
    },
    "stream_url": "https://mega.nz/embed/eMREVDiD#YwfrdPxQicc4hfO2c5JFqoL4njhXULx8UPGPFaYzFRg",
    "is_default": false,
    "timestamp": "2025-09-12T08:56:20.987Z"
  },
  {
    "anime_title": "Blue Lock",
    "episode_title": "Blue Lock Episode 24 (End) Subtitle Indonesia",
    "episode_link": "https://otakudesu.best/episode/blulck-episode-24-sub-indo/",
    "episode_date": "6 April,2023",
    "server": "desudesuhd",
    "quality": "720p",
    "data_content": "eyJpZCI6MTM5NjAzLCJpIjowLCJxIjoiNzIwcCJ9",
    "decoded_data": {
      "id": 139603,
      "i": 0,
      "q": "720p"
    },
    "stream_url": "https://desustream.info/dstream/desudesuhd/v2/index.php?id=RXpTR3MzZ3QvZWhoYWJpUFp3MktEQT09",
    "is_default": false,
    "timestamp": "2025-09-12T08:56:21.013Z"
  },
  {
    "anime_title": "Blue Lock",
    "episode_title": "Blue Lock Episode 24 (End) Subtitle Indonesia",
    "episode_link": "https://otakudesu.best/episode/blulck-episode-24-sub-indo/",
    "episode_date": "6 April,2023",
    "server": "odstreamhd",
    "quality": "720p",
    "data_content": "eyJpZCI6MTM5NjAzLCJpIjoxLCJxIjoiNzIwcCJ9",
    "decoded_data": {
      "id": 139603,
      "i": 1,
      "q": "720p"
    },
    "stream_url": "https://desustream.info/dstream/arcg/?id=cXhSTUE3MVd2STJQdy9QZHNPcXk1dkN0VUxVbnZ3c1RrQ2dMbHlta3l0UUhZMkRaL3gzblBybWtaUlZ6OWQ1eUJGSVJtQnZUQmdxR284aHVzVHVkWkE9PQ==",
    "is_default": false,
    "timestamp": "2025-09-12T08:56:21.039Z"
  },
  {
    "anime_title": "Blue Lock",
    "episode_title": "Blue Lock Episode 24 (End) Subtitle Indonesia",
    "episode_link": "https://otakudesu.best/episode/blulck-episode-24-sub-indo/",
    "episode_date": "6 April,2023",
    "server": "yourupload",
    "quality": "720p",
    "data_content": "eyJpZCI6MTM5NjAzLCJpIjoyLCJxIjoiNzIwcCJ9",
    "decoded_data": {
      "id": 139603,
      "i": 2,
      "q": "720p"
    },
    "stream_url": "https://desudrive.com/stream/yuplod.php?id=e2DkeIFn8L24",
    "is_default": false,
    "timestamp": "2025-09-12T08:56:21.109Z"
  },
  {
    "anime_title": "Blue Lock",
    "episode_title": "Blue Lock Episode 24 (End) Subtitle Indonesia",
    "episode_link": "https://otakudesu.best/episode/blulck-episode-24-sub-indo/",
    "episode_date": "6 April,2023",
    "server": "mega",
    "quality": "720p",
    "data_content": "eyJpZCI6MTM5NjAzLCJpIjozLCJxIjoiNzIwcCJ9",
    "decoded_data": {
      "id": 139603,
      "i": 3,
      "q": "720p"
    },
    "stream_url": "https://mega.nz/embed/zMZ0xBoS#mMsAJlxUmr68g6KNwfuscJft8jBKlPJ9Y-nskAMC6M0",
    "is_default": false,
    "timestamp": "2025-09-12T08:56:21.128Z"
  },
  {
    "anime_title": "Blue Lock Season 2",
    "episode_title": "Blue Lock Season 2 Episode 1 Subtitle Indonesia",
    "episode_link": "https://otakudesu.best/episode/blulck-s2-episode-1-sub-indo/",
    "episode_date": "25 Januari,2025",
    "server": "otakuwatch3hd",
    "quality": "480p",
    "data_content": "eyJpZCI6MTc1NDcwLCJpIjowLCJxIjoiNDgwcCJ9",
    "decoded_data": {
      "id": 175470,
      "i": 0,
      "q": "480p"
    },
    "stream_url": "https://desustream.info/dstream/otakuwatch3/hd/v2/index.php?id=cFBFVy9WeERsSGtlRTFYK0s5UkFXdz09",
    "is_default": true,
    "timestamp": "2025-09-12T08:56:22.134Z"
  },
  {
    "anime_title": "Blue Lock Season 2",
    "episode_title": "Blue Lock Season 2 Episode 1 Subtitle Indonesia",
    "episode_link": "https://otakudesu.best/episode/blulck-s2-episode-1-sub-indo/",
    "episode_date": "25 Januari,2025",
    "server": "odstream",
    "quality": "480p",
    "data_content": "eyJpZCI6MTc1NDcwLCJpIjoxLCJxIjoiNDgwcCJ9",
    "decoded_data": {
      "id": 175470,
      "i": 1,
      "q": "480p"
    },
    "stream_url": "https://desustream.info/dstream/arcg/?id=ZkpJc3dQMkdBZURBRGcybUVaL3kxeDJ2QjZTckxveFpFWDd0dWRBVG9Td0NpUTY2NjdKTHhTTVFxemwyaDNUd2RNQUNLTUdhVHF0QzU4RGFRMjFHcXc9PQ==",
    "is_default": false,
    "timestamp": "2025-09-12T08:56:22.156Z"
  },
  {
    "anime_title": "Blue Lock Season 2",
    "episode_title": "Blue Lock Season 2 Episode 1 Subtitle Indonesia",
    "episode_link": "https://otakudesu.best/episode/blulck-s2-episode-1-sub-indo/",
    "episode_date": "25 Januari,2025",
    "server": "vidhide",
    "quality": "480p",
    "data_content": "eyJpZCI6MTc1NDcwLCJpIjoyLCJxIjoiNDgwcCJ9",
    "decoded_data": {
      "id": 175470,
      "i": 2,
      "q": "480p"
    },
    "stream_url": "https://odvidhide.com/embed/tx6t3p9bj4ol",
    "is_default": false,
    "timestamp": "2025-09-12T08:56:22.192Z"
  },
  {
    "anime_title": "Blue Lock Season 2",
    "episode_title": "Blue Lock Season 2 Episode 1 Subtitle Indonesia",
    "episode_link": "https://otakudesu.best/episode/blulck-s2-episode-1-sub-indo/",
    "episode_date": "25 Januari,2025",
    "server": "mega",
    "quality": "480p",
    "data_content": "eyJpZCI6MTc1NDcwLCJpIjozLCJxIjoiNDgwcCJ9",
    "decoded_data": {
      "id": 175470,
      "i": 3,
      "q": "480p"
    },
    "stream_url": "https://mega.nz/embed/L3AF0D5R#Pa_mF7Ai4G15ikpY90hmoCw70-7imN5LKSzJ0xTaUHA",
    "is_default": false,
    "timestamp": "2025-09-12T08:56:22.232Z"
  },
  {
    "anime_title": "Blue Lock Season 2",
    "episode_title": "Blue Lock Season 2 Episode 1 Subtitle Indonesia",
    "episode_link": "https://otakudesu.best/episode/blulck-s2-episode-1-sub-indo/",
    "episode_date": "25 Januari,2025",
    "server": "odstreamhd",
    "quality": "720p",
    "data_content": "eyJpZCI6MTc1NDcwLCJpIjowLCJxIjoiNzIwcCJ9",
    "decoded_data": {
      "id": 175470,
      "i": 0,
      "q": "720p"
    },
    "stream_url": "https://desustream.info/dstream/arcg/?id=ZkpJc3dQMkdBZURBRGcybUVaL3kxeDJ2QjZTckxveFpFWDd0dWRBVG9Td0NpUTY2NjdKTHhTTVFxemwyaDNUd0xuVTJzb2I3MnNnU0NkRGQwalZmZWc9PQ==",
    "is_default": false,
    "timestamp": "2025-09-12T08:56:22.281Z"
  },
  {
    "anime_title": "Blue Lock Season 2",
    "episode_title": "Blue Lock Season 2 Episode 1 Subtitle Indonesia",
    "episode_link": "https://otakudesu.best/episode/blulck-s2-episode-1-sub-indo/",
    "episode_date": "25 Januari,2025",
    "server": "vidhide",
    "quality": "720p",
    "data_content": "eyJpZCI6MTc1NDcwLCJpIjoxLCJxIjoiNzIwcCJ9",
    "decoded_data": {
      "id": 175470,
      "i": 1,
      "q": "720p"
    },
    "stream_url": "https://odvidhide.com/embed/ks29oxr0e2el",
    "is_default": false,
    "timestamp": "2025-09-12T08:56:22.312Z"
  },
  {
    "anime_title": "Blue Lock Season 2",
    "episode_title": "Blue Lock Season 2 Episode 1 Subtitle Indonesia",
    "episode_link": "https://otakudesu.best/episode/blulck-s2-episode-1-sub-indo/",
    "episode_date": "25 Januari,2025",
    "server": "mega",
    "quality": "720p",
    "data_content": "eyJpZCI6MTc1NDcwLCJpIjoyLCJxIjoiNzIwcCJ9",
    "decoded_data": {
      "id": 175470,
      "i": 2,
      "q": "720p"
    },
    "stream_url": "https://mega.nz/embed/OrxTjbCQ#1HH6BijXgjiREeZ00TA_IpdYnM4016PAw-KK4ck-umo",
    "is_default": false,
    "timestamp": "2025-09-12T08:56:22.336Z"
  },
  {
    "anime_title": "Blue Lock Season 2",
    "episode_title": "Blue Lock Season 2 Episode 1 Subtitle Indonesia",
    "episode_link": "https://otakudesu.best/episode/blulck-s2-episode-1-sub-indo/",
    "episode_date": "25 Januari,2025",
    "server": "otakuwatch3hd",
    "quality": "480p",
    "data_content": "eyJpZCI6MTc1NDcwLCJpIjowLCJxIjoiNDgwcCJ9",
    "decoded_data": {
      "id": 175470,
      "i": 0,
      "q": "480p"
    },
    "stream_url": "https://desustream.info/dstream/otakuwatch3/hd/v2/index.php?id=cFBFVy9WeERsSGtlRTFYK0s5UkFXdz09",
    "is_default": true,
    "timestamp": "2025-09-12T08:56:22.134Z"
  },
  {
    "anime_title": "Blue Lock Season 2",
    "episode_title": "Blue Lock Season 2 Episode 1 Subtitle Indonesia",
    "episode_link": "https://otakudesu.best/episode/blulck-s2-episode-1-sub-indo/",
    "episode_date": "25 Januari,2025",
    "server": "odstream",
    "quality": "480p",
    "data_content": "eyJpZCI6MTc1NDcwLCJpIjoxLCJxIjoiNDgwcCJ9",
    "decoded_data": {
      "id": 175470,
      "i": 1,
      "q": "480p"
    },
    "stream_url": "https://desustream.info/dstream/arcg/?id=ZkpJc3dQMkdBZURBRGcybUVaL3kxeDJ2QjZTckxveFpFWDd0dWRBVG9Td0NpUTY2NjdKTHhTTVFxemwyaDNUd2RNQUNLTUdhVHF0QzU4RGFRMjFHcXc9PQ==",
    "is_default": false,
    "timestamp": "2025-09-12T08:56:22.156Z"
  },
  {
    "anime_title": "Blue Lock Season 2",
    "episode_title": "Blue Lock Season 2 Episode 1 Subtitle Indonesia",
    "episode_link": "https://otakudesu.best/episode/blulck-s2-episode-1-sub-indo/",
    "episode_date": "25 Januari,2025",
    "server": "vidhide",
    "quality": "480p",
    "data_content": "eyJpZCI6MTc1NDcwLCJpIjoyLCJxIjoiNDgwcCJ9",
    "decoded_data": {
      "id": 175470,
      "i": 2,
      "q": "480p"
    },
    "stream_url": "https://odvidhide.com/embed/tx6t3p9bj4ol",
    "is_default": false,
    "timestamp": "2025-09-12T08:56:22.192Z"
  },
  {
    "anime_title": "Blue Lock Season 2",
    "episode_title": "Blue Lock Season 2 Episode 1 Subtitle Indonesia",
    "episode_link": "https://otakudesu.best/episode/blulck-s2-episode-1-sub-indo/",
    "episode_date": "25 Januari,2025",
    "server": "mega",
    "quality": "480p",
    "data_content": "eyJpZCI6MTc1NDcwLCJpIjozLCJxIjoiNDgwcCJ9",
    "decoded_data": {
      "id": 175470,
      "i": 3,
      "q": "480p"
    },
    "stream_url": "https://mega.nz/embed/L3AF0D5R#Pa_mF7Ai4G15ikpY90hmoCw70-7imN5LKSzJ0xTaUHA",
    "is_default": false,
    "timestamp": "2025-09-12T08:56:22.232Z"
  },
  {
    "anime_title": "Blue Lock Season 2",
    "episode_title": "Blue Lock Season 2 Episode 1 Subtitle Indonesia",
    "episode_link": "https://otakudesu.best/episode/blulck-s2-episode-1-sub-indo/",
    "episode_date": "25 Januari,2025",
    "server": "odstreamhd",
    "quality": "720p",
    "data_content": "eyJpZCI6MTc1NDcwLCJpIjowLCJxIjoiNzIwcCJ9",
    "decoded_data": {
      "id": 175470,
      "i": 0,
      "q": "720p"
    },
    "stream_url": "https://desustream.info/dstream/arcg/?id=ZkpJc3dQMkdBZURBRGcybUVaL3kxeDJ2QjZTckxveFpFWDd0dWRBVG9Td0NpUTY2NjdKTHhTTVFxemwyaDNUd0xuVTJzb2I3MnNnU0NkRGQwalZmZWc9PQ==",
    "is_default": false,
    "timestamp": "2025-09-12T08:56:22.281Z"
  },
  {
    "anime_title": "Blue Lock Season 2",
    "episode_title": "Blue Lock Season 2 Episode 1 Subtitle Indonesia",
    "episode_link": "https://otakudesu.best/episode/blulck-s2-episode-1-sub-indo/",
    "episode_date": "25 Januari,2025",
    "server": "vidhide",
    "quality": "720p",
    "data_content": "eyJpZCI6MTc1NDcwLCJpIjoxLCJxIjoiNzIwcCJ9",
    "decoded_data": {
      "id": 175470,
      "i": 1,
      "q": "720p"
    },
    "stream_url": "https://odvidhide.com/embed/ks29oxr0e2el",
    "is_default": false,
    "timestamp": "2025-09-12T08:56:22.312Z"
  },
  {
    "anime_title": "Blue Lock Season 2",
    "episode_title": "Blue Lock Season 2 Episode 1 Subtitle Indonesia",
    "episode_link": "https://otakudesu.best/episode/blulck-s2-episode-1-sub-indo/",
    "episode_date": "25 Januari,2025",
    "server": "mega",
    "quality": "720p",
    "data_content": "eyJpZCI6MTc1NDcwLCJpIjoyLCJxIjoiNzIwcCJ9",
    "decoded_data": {
      "id": 175470,
      "i": 2,
      "q": "720p"
    },
    "stream_url": "https://mega.nz/embed/OrxTjbCQ#1HH6BijXgjiREeZ00TA_IpdYnM4016PAw-KK4ck-umo",
    "is_default": false,
    "timestamp": "2025-09-12T08:56:22.336Z"
  },
  {
    "anime_title": "Blue Lock Season 2",
    "episode_title": "Blue Lock Season 2 Episode 2 Subtitle Indonesia",
    "episode_link": "https://otakudesu.best/episode/blulck-s2-episode-2-sub-indo/",
    "episode_date": "25 Januari,2025",
    "server": "odstreamhd",
    "quality": "720p",
    "data_content": "eyJpZCI6MTc1NDcxLCJpIjowLCJxIjoiNzIwcCJ9",
    "decoded_data": {
      "id": 175471,
      "i": 0,
      "q": "720p"
    },
    "stream_url": "https://desustream.info/dstream/arcg/?id=ZkpJc3dQMkdBZURBRGcybUVaL3kxeDJ2QjZTckxveFpFWDd0dWRBVG9Td0NpUTY2NjdKTHhTTVFxemwyaDNUd0hZMDVXOGZTb1FlUGc0Q0dPSTB3Q2c9PQ==",
    "is_default": false,
    "timestamp": "2025-09-12T08:56:23.111Z"
  },
  {
    "anime_title": "Blue Lock Season 2",
    "episode_title": "Blue Lock Season 2 Episode 2 Subtitle Indonesia",
    "episode_link": "https://otakudesu.best/episode/blulck-s2-episode-2-sub-indo/",
    "episode_date": "25 Januari,2025",
    "server": "vidhide",
    "quality": "720p",
    "data_content": "eyJpZCI6MTc1NDcxLCJpIjoxLCJxIjoiNzIwcCJ9",
    "decoded_data": {
      "id": 175471,
      "i": 1,
      "q": "720p"
    },
    "stream_url": "https://odvidhide.com/embed/yo102s1hq6wq",
    "is_default": false,
    "timestamp": "2025-09-12T08:56:23.134Z"
  },
  {
    "anime_title": "Blue Lock Season 2",
    "episode_title": "Blue Lock Season 2 Episode 2 Subtitle Indonesia",
    "episode_link": "https://otakudesu.best/episode/blulck-s2-episode-2-sub-indo/",
    "episode_date": "25 Januari,2025",
    "server": "vidhide",
    "quality": "480p",
    "data_content": "eyJpZCI6MTc1NDcxLCJpIjoyLCJxIjoiNDgwcCJ9",
    "decoded_data": {
      "id": 175471,
      "i": 2,
      "q": "480p"
    },
    "stream_url": "https://odvidhide.com/embed/ig5n5fh2snke",
    "is_default": false,
    "timestamp": "2025-09-12T08:56:23.153Z"
  },
  {
    "anime_title": "Blue Lock Season 2",
    "episode_title": "Blue Lock Season 2 Episode 2 Subtitle Indonesia",
    "episode_link": "https://otakudesu.best/episode/blulck-s2-episode-2-sub-indo/",
    "episode_date": "25 Januari,2025",
    "server": "mega",
    "quality": "480p",
    "data_content": "eyJpZCI6MTc1NDcxLCJpIjozLCJxIjoiNDgwcCJ9",
    "decoded_data": {
      "id": 175471,
      "i": 3,
      "q": "480p"
    },
    "stream_url": "https://mega.nz/embed/uvQHFSTR#u5ZYkPmPxEaEs5eO7i3O7b1Q2ZlAoAZEnpQwRRFL4PU",
    "is_default": false,
    "timestamp": "2025-09-12T08:56:23.173Z"
  },
  {
    "anime_title": "Blue Lock Season 2",
    "episode_title": "Blue Lock Season 2 Episode 2 Subtitle Indonesia",
    "episode_link": "https://otakudesu.best/episode/blulck-s2-episode-2-sub-indo/",
    "episode_date": "25 Januari,2025",
    "server": "mega",
    "quality": "720p",
    "data_content": "eyJpZCI6MTc1NDcxLCJpIjoyLCJxIjoiNzIwcCJ9",
    "decoded_data": {
      "id": 175471,
      "i": 2,
      "q": "720p"
    },
    "stream_url": "https://mega.nz/embed/2uRwVJqR#rgxVYjZH8TfL-adsRkZUSq3u77uhWNEW8MApdNVrjt0",
    "is_default": false,
    "timestamp": "2025-09-12T08:56:23.193Z"
  },
  {
    "anime_title": "Blue Lock Season 2",
    "episode_title": "Blue Lock Season 2 Episode 2 Subtitle Indonesia",
    "episode_link": "https://otakudesu.best/episode/blulck-s2-episode-2-sub-indo/",
    "episode_date": "25 Januari,2025",
    "server": "otakuwatch3hd",
    "quality": "480p",
    "data_content": "eyJpZCI6MTc1NDcxLCJpIjowLCJxIjoiNDgwcCJ9",
    "decoded_data": {
      "id": 175471,
      "i": 0,
      "q": "480p"
    },
    "stream_url": "https://desustream.info/dstream/otakuwatch3/hd/v2/index.php?id=cWFsT3FvODhHM2lNQ1BrNER3aEQ5QT09",
    "is_default": true,
    "timestamp": "2025-09-12T08:56:23.246Z"
  },
  {
    "anime_title": "Blue Lock Season 2",
    "episode_title": "Blue Lock Season 2 Episode 2 Subtitle Indonesia",
    "episode_link": "https://otakudesu.best/episode/blulck-s2-episode-2-sub-indo/",
    "episode_date": "25 Januari,2025",
    "server": "odstream",
    "quality": "480p",
    "data_content": "eyJpZCI6MTc1NDcxLCJpIjoxLCJxIjoiNDgwcCJ9",
    "decoded_data": {
      "id": 175471,
      "i": 1,
      "q": "480p"
    },
    "stream_url": "https://desustream.info/dstream/arcg/?id=ZkpJc3dQMkdBZURBRGcybUVaL3kxeDJ2QjZTckxveFpFWDd0dWRBVG9Td0NpUTY2NjdKTHhTTVFxemwyaDNUd1c0bEZZcGhKTHFRejhKRGNqbG5JUnc9PQ==",
    "is_default": false,
    "timestamp": "2025-09-12T08:56:23.278Z"
  },
  {
    "anime_title": "Blue Lock Season 2",
    "episode_title": "Blue Lock Season 2 Episode 2 Subtitle Indonesia",
    "episode_link": "https://otakudesu.best/episode/blulck-s2-episode-2-sub-indo/",
    "episode_date": "25 Januari,2025",
    "server": "otakuwatch3hd",
    "quality": "480p",
    "data_content": "eyJpZCI6MTc1NDcxLCJpIjowLCJxIjoiNDgwcCJ9",
    "decoded_data": {
      "id": 175471,
      "i": 0,
      "q": "480p"
    },
    "stream_url": "https://desustream.info/dstream/otakuwatch3/hd/v2/index.php?id=cWFsT3FvODhHM2lNQ1BrNER3aEQ5QT09",
    "is_default": true,
    "timestamp": "2025-09-12T08:56:23.246Z"
  },
  {
    "anime_title": "Blue Lock Season 2",
    "episode_title": "Blue Lock Season 2 Episode 2 Subtitle Indonesia",
    "episode_link": "https://otakudesu.best/episode/blulck-s2-episode-2-sub-indo/",
    "episode_date": "25 Januari,2025",
    "server": "odstream",
    "quality": "480p",
    "data_content": "eyJpZCI6MTc1NDcxLCJpIjoxLCJxIjoiNDgwcCJ9",
    "decoded_data": {
      "id": 175471,
      "i": 1,
      "q": "480p"
    },
    "stream_url": "https://desustream.info/dstream/arcg/?id=ZkpJc3dQMkdBZURBRGcybUVaL3kxeDJ2QjZTckxveFpFWDd0dWRBVG9Td0NpUTY2NjdKTHhTTVFxemwyaDNUd1c0bEZZcGhKTHFRejhKRGNqbG5JUnc9PQ==",
    "is_default": false,
    "timestamp": "2025-09-12T08:56:23.278Z"
  },
  {
    "anime_title": "Blue Lock Season 2",
    "episode_title": "Blue Lock Season 2 Episode 2 Subtitle Indonesia",
    "episode_link": "https://otakudesu.best/episode/blulck-s2-episode-2-sub-indo/",
    "episode_date": "25 Januari,2025",
    "server": "vidhide",
    "quality": "480p",
    "data_content": "eyJpZCI6MTc1NDcxLCJpIjoyLCJxIjoiNDgwcCJ9",
    "decoded_data": {
      "id": 175471,
      "i": 2,
      "q": "480p"
    },
    "stream_url": "https://odvidhide.com/embed/ig5n5fh2snke",
    "is_default": false,
    "timestamp": "2025-09-12T08:56:23.153Z"
  },
  {
    "anime_title": "Blue Lock Season 2",
    "episode_title": "Blue Lock Season 2 Episode 2 Subtitle Indonesia",
    "episode_link": "https://otakudesu.best/episode/blulck-s2-episode-2-sub-indo/",
    "episode_date": "25 Januari,2025",
    "server": "mega",
    "quality": "480p",
    "data_content": "eyJpZCI6MTc1NDcxLCJpIjozLCJxIjoiNDgwcCJ9",
    "decoded_data": {
      "id": 175471,
      "i": 3,
      "q": "480p"
    },
    "stream_url": "https://mega.nz/embed/uvQHFSTR#u5ZYkPmPxEaEs5eO7i3O7b1Q2ZlAoAZEnpQwRRFL4PU",
    "is_default": false,
    "timestamp": "2025-09-12T08:56:23.173Z"
  },
  {
    "anime_title": "Blue Lock Season 2",
    "episode_title": "Blue Lock Season 2 Episode 2 Subtitle Indonesia",
    "episode_link": "https://otakudesu.best/episode/blulck-s2-episode-2-sub-indo/",
    "episode_date": "25 Januari,2025",
    "server": "odstreamhd",
    "quality": "720p",
    "data_content": "eyJpZCI6MTc1NDcxLCJpIjowLCJxIjoiNzIwcCJ9",
    "decoded_data": {
      "id": 175471,
      "i": 0,
      "q": "720p"
    },
    "stream_url": "https://desustream.info/dstream/arcg/?id=ZkpJc3dQMkdBZURBRGcybUVaL3kxeDJ2QjZTckxveFpFWDd0dWRBVG9Td0NpUTY2NjdKTHhTTVFxemwyaDNUd0hZMDVXOGZTb1FlUGc0Q0dPSTB3Q2c9PQ==",
    "is_default": false,
    "timestamp": "2025-09-12T08:56:23.111Z"
  },
  {
    "anime_title": "Blue Lock Season 2",
    "episode_title": "Blue Lock Season 2 Episode 2 Subtitle Indonesia",
    "episode_link": "https://otakudesu.best/episode/blulck-s2-episode-2-sub-indo/",
    "episode_date": "25 Januari,2025",
    "server": "vidhide",
    "quality": "720p",
    "data_content": "eyJpZCI6MTc1NDcxLCJpIjoxLCJxIjoiNzIwcCJ9",
    "decoded_data": {
      "id": 175471,
      "i": 1,
      "q": "720p"
    },
    "stream_url": "https://odvidhide.com/embed/yo102s1hq6wq",
    "is_default": false,
    "timestamp": "2025-09-12T08:56:23.134Z"
  },
  {
    "anime_title": "Blue Lock Season 2",
    "episode_title": "Blue Lock Season 2 Episode 2 Subtitle Indonesia",
    "episode_link": "https://otakudesu.best/episode/blulck-s2-episode-2-sub-indo/",
    "episode_date": "25 Januari,2025",
    "server": "mega",
    "quality": "720p",
    "data_content": "eyJpZCI6MTc1NDcxLCJpIjoyLCJxIjoiNzIwcCJ9",
    "decoded_data": {
      "id": 175471,
      "i": 2,
      "q": "720p"
    },
    "stream_url": "https://mega.nz/embed/2uRwVJqR#rgxVYjZH8TfL-adsRkZUSq3u77uhWNEW8MApdNVrjt0",
    "is_default": false,
    "timestamp": "2025-09-12T08:56:23.193Z"
  }
]