[
  {
    "anime_title": "Aoi Bungaku Series",
    "episode_title": "Aoi Bungaku Episode 8 Subtitle Indonesia",
    "episode_link": "https://otakudesu.best/episode/abongu-episode-8-sub-indo/",
    "episode_date": "15 September,2018",
    "server": "solidfiles",
    "quality": "360p",
    "data_content": "eyJpZCI6MjY0ODQsImkiOjAsInEiOiIzNjBwIn0=",
    "decoded_data": {
      "id": 26484,
      "i": 0,
      "q": "360p"
    },
    "stream_url": "https://www.solidfiles.com/e/yvWg8PQa3VxRk",
    "is_default": false,
    "timestamp": "2025-09-12T08:33:58.978Z"
  },
  {
    "anime_title": "Aoi Bungaku Series",
    "episode_title": "Aoi Bungaku Episode 8 Subtitle Indonesia",
    "episode_link": "https://otakudesu.best/episode/abongu-episode-8-sub-indo/",
    "episode_date": "15 September,2018",
    "server": "desudesu2",
    "quality": "480p",
    "data_content": "eyJpZCI6MjY0ODQsImkiOjAsInEiOiI0ODBwIn0=",
    "decoded_data": {
      "id": 26484,
      "i": 0,
      "q": "480p"
    },
    "stream_url": "https://desustream.info/dstream/desudesu2/v2/index.php?id=RHNlZFY3UCtSMDlrMVlVakd5bWZIS1JTSEZNT3doYWRVOUpZUUE0UGxUQT0=",
    "is_default": true,
    "timestamp": "2025-09-12T08:33:59.016Z"
  },
  {
    "anime_title": "Aoi Bungaku Series",
    "episode_title": "Aoi Bungaku Episode 8 Subtitle Indonesia",
    "episode_link": "https://otakudesu.best/episode/abongu-episode-8-sub-indo/",
    "episode_date": "15 September,2018",
    "server": "solidfiles",
    "quality": "480p",
    "data_content": "eyJpZCI6MjY0ODQsImkiOjEsInEiOiI0ODBwIn0=",
    "decoded_data": {
      "id": 26484,
      "i": 1,
      "q": "480p"
    },
    "stream_url": "https://www.solidfiles.com/e/aqGYxaBZM56ee",
    "is_default": false,
    "timestamp": "2025-09-12T08:33:59.046Z"
  },
  {
    "anime_title": "Aoi Bungaku Series",
    "episode_title": "Aoi Bungaku Episode 8 Subtitle Indonesia",
    "episode_link": "https://otakudesu.best/episode/abongu-episode-8-sub-indo/",
    "episode_date": "15 September,2018",
    "server": "solidfiles",
    "quality": "720p",
    "data_content": "eyJpZCI6MjY0ODQsImkiOjAsInEiOiI3MjBwIn0=",
    "decoded_data": {
      "id": 26484,
      "i": 0,
      "q": "720p"
    },
    "stream_url": "https://www.solidfiles.com/e/gRBaqdYXMgGRR",
    "is_default": false,
    "timestamp": "2025-09-12T08:33:59.083Z"
  },
  {
    "anime_title": "Aoi Bungaku Series",
    "episode_title": "Aoi Bungaku Episode 8 Subtitle Indonesia",
    "episode_link": "https://otakudesu.best/episode/abongu-episode-8-sub-indo/",
    "episode_date": "15 September,2018",
    "server": "solidfiles",
    "quality": "360p",
    "data_content": "eyJpZCI6MjY0ODQsImkiOjAsInEiOiIzNjBwIn0=",
    "decoded_data": {
      "id": 26484,
      "i": 0,
      "q": "360p"
    },
    "stream_url": "https://www.solidfiles.com/e/yvWg8PQa3VxRk",
    "is_default": false,
    "timestamp": "2025-09-12T08:33:58.978Z"
  },
  {
    "anime_title": "Aoi Bungaku Series",
    "episode_title": "Aoi Bungaku Episode 8 Subtitle Indonesia",
    "episode_link": "https://otakudesu.best/episode/abongu-episode-8-sub-indo/",
    "episode_date": "15 September,2018",
    "server": "desudesu2",
    "quality": "480p",
    "data_content": "eyJpZCI6MjY0ODQsImkiOjAsInEiOiI0ODBwIn0=",
    "decoded_data": {
      "id": 26484,
      "i": 0,
      "q": "480p"
    },
    "stream_url": "https://desustream.info/dstream/desudesu2/v2/index.php?id=RHNlZFY3UCtSMDlrMVlVakd5bWZIS1JTSEZNT3doYWRVOUpZUUE0UGxUQT0=",
    "is_default": true,
    "timestamp": "2025-09-12T08:33:59.016Z"
  },
  {
    "anime_title": "Aoi Bungaku Series",
    "episode_title": "Aoi Bungaku Episode 8 Subtitle Indonesia",
    "episode_link": "https://otakudesu.best/episode/abongu-episode-8-sub-indo/",
    "episode_date": "15 September,2018",
    "server": "solidfiles",
    "quality": "480p",
    "data_content": "eyJpZCI6MjY0ODQsImkiOjEsInEiOiI0ODBwIn0=",
    "decoded_data": {
      "id": 26484,
      "i": 1,
      "q": "480p"
    },
    "stream_url": "https://www.solidfiles.com/e/aqGYxaBZM56ee",
    "is_default": false,
    "timestamp": "2025-09-12T08:33:59.046Z"
  },
  {
    "anime_title": "Aoi Bungaku Series",
    "episode_title": "Aoi Bungaku Episode 8 Subtitle Indonesia",
    "episode_link": "https://otakudesu.best/episode/abongu-episode-8-sub-indo/",
    "episode_date": "15 September,2018",
    "server": "solidfiles",
    "quality": "720p",
    "data_content": "eyJpZCI6MjY0ODQsImkiOjAsInEiOiI3MjBwIn0=",
    "decoded_data": {
      "id": 26484,
      "i": 0,
      "q": "720p"
    },
    "stream_url": "https://www.solidfiles.com/e/gRBaqdYXMgGRR",
    "is_default": false,
    "timestamp": "2025-09-12T08:33:59.083Z"
  },
  {
    "anime_title": "Aoi Bungaku Series",
    "episode_title": "Aoi Bungaku Episode 9 Subtitle Indonesia",
    "episode_link": "https://otakudesu.best/episode/abongu-episode-9-sub-indo/",
    "episode_date": "15 September,2018",
    "server": "solidfiles",
    "quality": "360p",
    "data_content": "eyJpZCI6MjY0ODcsImkiOjAsInEiOiIzNjBwIn0=",
    "decoded_data": {
      "id": 26487,
      "i": 0,
      "q": "360p"
    },
    "stream_url": "https://www.solidfiles.com/e/gRBaqVx3Vjega",
    "is_default": false,
    "timestamp": "2025-09-12T08:33:59.747Z"
  },
  {
    "anime_title": "Aoi Bungaku Series",
    "episode_title": "Aoi Bungaku Episode 9 Subtitle Indonesia",
    "episode_link": "https://otakudesu.best/episode/abongu-episode-9-sub-indo/",
    "episode_date": "15 September,2018",
    "server": "desudesu2",
    "quality": "480p",
    "data_content": "eyJpZCI6MjY0ODcsImkiOjAsInEiOiI0ODBwIn0=",
    "decoded_data": {
      "id": 26487,
      "i": 0,
      "q": "480p"
    },
    "stream_url": "https://desustream.info/dstream/desudesu2/v2/index.php?id=RHNlZFY3UCtSMDlrMVlVakd5bWZIQk91NlZQbnN5ajgrR3U3OEFzTVZHZz0=",
    "is_default": true,
    "timestamp": "2025-09-12T08:33:59.801Z"
  },
  {
    "anime_title": "Aoi Bungaku Series",
    "episode_title": "Aoi Bungaku Episode 9 Subtitle Indonesia",
    "episode_link": "https://otakudesu.best/episode/abongu-episode-9-sub-indo/",
    "episode_date": "15 September,2018",
    "server": "solidfiles",
    "quality": "480p",
    "data_content": "eyJpZCI6MjY0ODcsImkiOjEsInEiOiI0ODBwIn0=",
    "decoded_data": {
      "id": 26487,
      "i": 1,
      "q": "480p"
    },
    "stream_url": "https://www.solidfiles.com/e/mdrAj6M3Y32xA",
    "is_default": false,
    "timestamp": "2025-09-12T08:33:59.819Z"
  },
  {
    "anime_title": "Aoi Bungaku Series",
    "episode_title": "Aoi Bungaku Episode 9 Subtitle Indonesia",
    "episode_link": "https://otakudesu.best/episode/abongu-episode-9-sub-indo/",
    "episode_date": "15 September,2018",
    "server": "solidfiles",
    "quality": "720p",
    "data_content": "eyJpZCI6MjY0ODcsImkiOjAsInEiOiI3MjBwIn0=",
    "decoded_data": {
      "id": 26487,
      "i": 0,
      "q": "720p"
    },
    "stream_url": "https://www.solidfiles.com/e/zaVgyXvGDLd4M",
    "is_default": false,
    "timestamp": "2025-09-12T08:33:59.888Z"
  },
  {
    "anime_title": "Aoi Bungaku Series",
    "episode_title": "Aoi Bungaku Episode 9 Subtitle Indonesia",
    "episode_link": "https://otakudesu.best/episode/abongu-episode-9-sub-indo/",
    "episode_date": "15 September,2018",
    "server": "solidfiles",
    "quality": "360p",
    "data_content": "eyJpZCI6MjY0ODcsImkiOjAsInEiOiIzNjBwIn0=",
    "decoded_data": {
      "id": 26487,
      "i": 0,
      "q": "360p"
    },
    "stream_url": "https://www.solidfiles.com/e/gRBaqVx3Vjega",
    "is_default": false,
    "timestamp": "2025-09-12T08:33:59.747Z"
  },
  {
    "anime_title": "Aoi Bungaku Series",
    "episode_title": "Aoi Bungaku Episode 9 Subtitle Indonesia",
    "episode_link": "https://otakudesu.best/episode/abongu-episode-9-sub-indo/",
    "episode_date": "15 September,2018",
    "server": "desudesu2",
    "quality": "480p",
    "data_content": "eyJpZCI6MjY0ODcsImkiOjAsInEiOiI0ODBwIn0=",
    "decoded_data": {
      "id": 26487,
      "i": 0,
      "q": "480p"
    },
    "stream_url": "https://desustream.info/dstream/desudesu2/v2/index.php?id=RHNlZFY3UCtSMDlrMVlVakd5bWZIQk91NlZQbnN5ajgrR3U3OEFzTVZHZz0=",
    "is_default": true,
    "timestamp": "2025-09-12T08:33:59.801Z"
  },
  {
    "anime_title": "Aoi Bungaku Series",
    "episode_title": "Aoi Bungaku Episode 9 Subtitle Indonesia",
    "episode_link": "https://otakudesu.best/episode/abongu-episode-9-sub-indo/",
    "episode_date": "15 September,2018",
    "server": "solidfiles",
    "quality": "480p",
    "data_content": "eyJpZCI6MjY0ODcsImkiOjEsInEiOiI0ODBwIn0=",
    "decoded_data": {
      "id": 26487,
      "i": 1,
      "q": "480p"
    },
    "stream_url": "https://www.solidfiles.com/e/mdrAj6M3Y32xA",
    "is_default": false,
    "timestamp": "2025-09-12T08:33:59.819Z"
  },
  {
    "anime_title": "Aoi Bungaku Series",
    "episode_title": "Aoi Bungaku Episode 9 Subtitle Indonesia",
    "episode_link": "https://otakudesu.best/episode/abongu-episode-9-sub-indo/",
    "episode_date": "15 September,2018",
    "server": "solidfiles",
    "quality": "720p",
    "data_content": "eyJpZCI6MjY0ODcsImkiOjAsInEiOiI3MjBwIn0=",
    "decoded_data": {
      "id": 26487,
      "i": 0,
      "q": "720p"
    },
    "stream_url": "https://www.solidfiles.com/e/zaVgyXvGDLd4M",
    "is_default": false,
    "timestamp": "2025-09-12T08:33:59.888Z"
  },
  {
    "anime_title": "Aoi Bungaku Series",
    "episode_title": "Aoi Bungaku Episode 10 Subtitle Indonesia",
    "episode_link": "https://otakudesu.best/episode/abongu-episode-10-sub-indo/",
    "episode_date": "15 September,2018",
    "server": "solidfiles",
    "quality": "360p",
    "data_content": "eyJpZCI6MjY0ODUsImkiOjAsInEiOiIzNjBwIn0=",
    "decoded_data": {
      "id": 26485,
      "i": 0,
      "q": "360p"
    },
    "stream_url": "https://www.solidfiles.com/e/KvK8reNkKLNeL",
    "is_default": false,
    "timestamp": "2025-09-12T08:34:00.595Z"
  },
  {
    "anime_title": "Aoi Bungaku Series",
    "episode_title": "Aoi Bungaku Episode 10 Subtitle Indonesia",
    "episode_link": "https://otakudesu.best/episode/abongu-episode-10-sub-indo/",
    "episode_date": "15 September,2018",
    "server": "desudesu2",
    "quality": "480p",
    "data_content": "eyJpZCI6MjY0ODUsImkiOjAsInEiOiI0ODBwIn0=",
    "decoded_data": {
      "id": 26485,
      "i": 0,
      "q": "480p"
    },
    "stream_url": "https://desustream.info/dstream/desudesu2/v2/index.php?id=RHNlZFY3UCtSMDlrMVlVakd5bWZIQng3NC81MHJBWmdVdmVyTllJd0dkWT0=",
    "is_default": true,
    "timestamp": "2025-09-12T08:34:00.631Z"
  },
  {
    "anime_title": "Aoi Bungaku Series",
    "episode_title": "Aoi Bungaku Episode 10 Subtitle Indonesia",
    "episode_link": "https://otakudesu.best/episode/abongu-episode-10-sub-indo/",
    "episode_date": "15 September,2018",
    "server": "solidfiles",
    "quality": "480p",
    "data_content": "eyJpZCI6MjY0ODUsImkiOjEsInEiOiI0ODBwIn0=",
    "decoded_data": {
      "id": 26485,
      "i": 1,
      "q": "480p"
    },
    "stream_url": "https://www.solidfiles.com/e/aqGYxBxBa85Lm",
    "is_default": false,
    "timestamp": "2025-09-12T08:34:00.700Z"
  },
  {
    "anime_title": "Aoi Bungaku Series",
    "episode_title": "Aoi Bungaku Episode 10 Subtitle Indonesia",
    "episode_link": "https://otakudesu.best/episode/abongu-episode-10-sub-indo/",
    "episode_date": "15 September,2018",
    "server": "solidfiles",
    "quality": "720p",
    "data_content": "eyJpZCI6MjY0ODUsImkiOjAsInEiOiI3MjBwIn0=",
    "decoded_data": {
      "id": 26485,
      "i": 0,
      "q": "720p"
    },
    "stream_url": "https://www.solidfiles.com/e/gRBaq577a4ae8",
    "is_default": false,
    "timestamp": "2025-09-12T08:34:00.725Z"
  },
  {
    "anime_title": "Aoi Bungaku Series",
    "episode_title": "Aoi Bungaku Episode 10 Subtitle Indonesia",
    "episode_link": "https://otakudesu.best/episode/abongu-episode-10-sub-indo/",
    "episode_date": "15 September,2018",
    "server": "solidfiles",
    "quality": "360p",
    "data_content": "eyJpZCI6MjY0ODUsImkiOjAsInEiOiIzNjBwIn0=",
    "decoded_data": {
      "id": 26485,
      "i": 0,
      "q": "360p"
    },
    "stream_url": "https://www.solidfiles.com/e/KvK8reNkKLNeL",
    "is_default": false,
    "timestamp": "2025-09-12T08:34:00.595Z"
  },
  {
    "anime_title": "Aoi Bungaku Series",
    "episode_title": "Aoi Bungaku Episode 10 Subtitle Indonesia",
    "episode_link": "https://otakudesu.best/episode/abongu-episode-10-sub-indo/",
    "episode_date": "15 September,2018",
    "server": "desudesu2",
    "quality": "480p",
    "data_content": "eyJpZCI6MjY0ODUsImkiOjAsInEiOiI0ODBwIn0=",
    "decoded_data": {
      "id": 26485,
      "i": 0,
      "q": "480p"
    },
    "stream_url": "https://desustream.info/dstream/desudesu2/v2/index.php?id=RHNlZFY3UCtSMDlrMVlVakd5bWZIQng3NC81MHJBWmdVdmVyTllJd0dkWT0=",
    "is_default": true,
    "timestamp": "2025-09-12T08:34:00.631Z"
  },
  {
    "anime_title": "Aoi Bungaku Series",
    "episode_title": "Aoi Bungaku Episode 10 Subtitle Indonesia",
    "episode_link": "https://otakudesu.best/episode/abongu-episode-10-sub-indo/",
    "episode_date": "15 September,2018",
    "server": "solidfiles",
    "quality": "480p",
    "data_content": "eyJpZCI6MjY0ODUsImkiOjEsInEiOiI0ODBwIn0=",
    "decoded_data": {
      "id": 26485,
      "i": 1,
      "q": "480p"
    },
    "stream_url": "https://www.solidfiles.com/e/aqGYxBxBa85Lm",
    "is_default": false,
    "timestamp": "2025-09-12T08:34:00.700Z"
  },
  {
    "anime_title": "Aoi Bungaku Series",
    "episode_title": "Aoi Bungaku Episode 10 Subtitle Indonesia",
    "episode_link": "https://otakudesu.best/episode/abongu-episode-10-sub-indo/",
    "episode_date": "15 September,2018",
    "server": "solidfiles",
    "quality": "720p",
    "data_content": "eyJpZCI6MjY0ODUsImkiOjAsInEiOiI3MjBwIn0=",
    "decoded_data": {
      "id": 26485,
      "i": 0,
      "q": "720p"
    },
    "stream_url": "https://www.solidfiles.com/e/gRBaq577a4ae8",
    "is_default": false,
    "timestamp": "2025-09-12T08:34:00.725Z"
  },
  {
    "anime_title": "Aoi Bungaku Series",
    "episode_title": "Aoi Bungaku Episode 11 Subtitle Indonesia",
    "episode_link": "https://otakudesu.best/episode/abongu-episode-11-sub-indo/",
    "episode_date": "15 September,2018",
    "server": "solidfiles",
    "quality": "360p",
    "data_content": "eyJpZCI6MjY0ODYsImkiOjAsInEiOiIzNjBwIn0=",
    "decoded_data": {
      "id": 26486,
      "i": 0,
      "q": "360p"
    },
    "stream_url": "https://www.solidfiles.com/e/52XZwvn4z8KA7",
    "is_default": false,
    "timestamp": "2025-09-12T08:34:01.389Z"
  },
  {
    "anime_title": "Aoi Bungaku Series",
    "episode_title": "Aoi Bungaku Episode 11 Subtitle Indonesia",
    "episode_link": "https://otakudesu.best/episode/abongu-episode-11-sub-indo/",
    "episode_date": "15 September,2018",
    "server": "desudesu2",
    "quality": "480p",
    "data_content": "eyJpZCI6MjY0ODYsImkiOjAsInEiOiI0ODBwIn0=",
    "decoded_data": {
      "id": 26486,
      "i": 0,
      "q": "480p"
    },
    "stream_url": "https://desustream.info/dstream/desudesu2/v2/index.php?id=RHNlZFY3UCtSMDlrMVlVakd5bWZIRHhnMXE3aVYzbXNld2NUZmhxdWVFND0=",
    "is_default": true,
    "timestamp": "2025-09-12T08:34:01.445Z"
  },
  {
    "anime_title": "Aoi Bungaku Series",
    "episode_title": "Aoi Bungaku Episode 11 Subtitle Indonesia",
    "episode_link": "https://otakudesu.best/episode/abongu-episode-11-sub-indo/",
    "episode_date": "15 September,2018",
    "server": "solidfiles",
    "quality": "480p",
    "data_content": "eyJpZCI6MjY0ODYsImkiOjEsInEiOiI0ODBwIn0=",
    "decoded_data": {
      "id": 26486,
      "i": 1,
      "q": "480p"
    },
    "stream_url": "https://www.solidfiles.com/e/gRBaq4dgLYWxW",
    "is_default": false,
    "timestamp": "2025-09-12T08:34:01.490Z"
  },
  {
    "anime_title": "Aoi Bungaku Series",
    "episode_title": "Aoi Bungaku Episode 11 Subtitle Indonesia",
    "episode_link": "https://otakudesu.best/episode/abongu-episode-11-sub-indo/",
    "episode_date": "15 September,2018",
    "server": "solidfiles",
    "quality": "720p",
    "data_content": "eyJpZCI6MjY0ODYsImkiOjAsInEiOiI3MjBwIn0=",
    "decoded_data": {
      "id": 26486,
      "i": 0,
      "q": "720p"
    },
    "stream_url": "https://www.solidfiles.com/e/mdrAjwe7qRYeA",
    "is_default": false,
    "timestamp": "2025-09-12T08:34:01.522Z"
  },
  {
    "anime_title": "Aoi Bungaku Series",
    "episode_title": "Aoi Bungaku Episode 11 Subtitle Indonesia",
    "episode_link": "https://otakudesu.best/episode/abongu-episode-11-sub-indo/",
    "episode_date": "15 September,2018",
    "server": "solidfiles",
    "quality": "360p",
    "data_content": "eyJpZCI6MjY0ODYsImkiOjAsInEiOiIzNjBwIn0=",
    "decoded_data": {
      "id": 26486,
      "i": 0,
      "q": "360p"
    },
    "stream_url": "https://www.solidfiles.com/e/52XZwvn4z8KA7",
    "is_default": false,
    "timestamp": "2025-09-12T08:34:01.389Z"
  },
  {
    "anime_title": "Aoi Bungaku Series",
    "episode_title": "Aoi Bungaku Episode 11 Subtitle Indonesia",
    "episode_link": "https://otakudesu.best/episode/abongu-episode-11-sub-indo/",
    "episode_date": "15 September,2018",
    "server": "desudesu2",
    "quality": "480p",
    "data_content": "eyJpZCI6MjY0ODYsImkiOjAsInEiOiI0ODBwIn0=",
    "decoded_data": {
      "id": 26486,
      "i": 0,
      "q": "480p"
    },
    "stream_url": "https://desustream.info/dstream/desudesu2/v2/index.php?id=RHNlZFY3UCtSMDlrMVlVakd5bWZIRHhnMXE3aVYzbXNld2NUZmhxdWVFND0=",
    "is_default": true,
    "timestamp": "2025-09-12T08:34:01.445Z"
  },
  {
    "anime_title": "Aoi Bungaku Series",
    "episode_title": "Aoi Bungaku Episode 11 Subtitle Indonesia",
    "episode_link": "https://otakudesu.best/episode/abongu-episode-11-sub-indo/",
    "episode_date": "15 September,2018",
    "server": "solidfiles",
    "quality": "480p",
    "data_content": "eyJpZCI6MjY0ODYsImkiOjEsInEiOiI0ODBwIn0=",
    "decoded_data": {
      "id": 26486,
      "i": 1,
      "q": "480p"
    },
    "stream_url": "https://www.solidfiles.com/e/gRBaq4dgLYWxW",
    "is_default": false,
    "timestamp": "2025-09-12T08:34:01.490Z"
  },
  {
    "anime_title": "Aoi Bungaku Series",
    "episode_title": "Aoi Bungaku Episode 11 Subtitle Indonesia",
    "episode_link": "https://otakudesu.best/episode/abongu-episode-11-sub-indo/",
    "episode_date": "15 September,2018",
    "server": "solidfiles",
    "quality": "720p",
    "data_content": "eyJpZCI6MjY0ODYsImkiOjAsInEiOiI3MjBwIn0=",
    "decoded_data": {
      "id": 26486,
      "i": 0,
      "q": "720p"
    },
    "stream_url": "https://www.solidfiles.com/e/mdrAjwe7qRYeA",
    "is_default": false,
    "timestamp": "2025-09-12T08:34:01.522Z"
  },
  {
    "anime_title": "Aoi Bungaku Series",
    "episode_title": "Aoi Bungaku Episode 12 (End) Subtitle Indonesia",
    "episode_link": "https://otakudesu.best/episode/abongu-episode-12-sub-indo/",
    "episode_date": "15 September,2018",
    "server": "solidfiles",
    "quality": "360p",
    "data_content": "eyJpZCI6MjY0ODgsImkiOjAsInEiOiIzNjBwIn0=",
    "decoded_data": {
      "id": 26488,
      "i": 0,
      "q": "360p"
    },
    "stream_url": "https://www.solidfiles.com/e/wZxQd2QD3amRk",
    "is_default": false,
    "timestamp": "2025-09-12T08:34:02.242Z"
  },
  {
    "anime_title": "Aoi Bungaku Series",
    "episode_title": "Aoi Bungaku Episode 12 (End) Subtitle Indonesia",
    "episode_link": "https://otakudesu.best/episode/abongu-episode-12-sub-indo/",
    "episode_date": "15 September,2018",
    "server": "desudesu2",
    "quality": "480p",
    "data_content": "eyJpZCI6MjY0ODgsImkiOjAsInEiOiI0ODBwIn0=",
    "decoded_data": {
      "id": 26488,
      "i": 0,
      "q": "480p"
    },
    "stream_url": "https://desustream.info/dstream/desudesu2/v2/index.php?id=RHNlZFY3UCtSMDlrMVlVakd5bWZIS0p2OXlCM2xPYmFBMzdFMURYdEVXWT0=",
    "is_default": true,
    "timestamp": "2025-09-12T08:34:02.282Z"
  },
  {
    "anime_title": "Aoi Bungaku Series",
    "episode_title": "Aoi Bungaku Episode 12 (End) Subtitle Indonesia",
    "episode_link": "https://otakudesu.best/episode/abongu-episode-12-sub-indo/",
    "episode_date": "15 September,2018",
    "server": "solidfiles",
    "quality": "480p",
    "data_content": "eyJpZCI6MjY0ODgsImkiOjEsInEiOiI0ODBwIn0=",
    "decoded_data": {
      "id": 26488,
      "i": 1,
      "q": "480p"
    },
    "stream_url": "https://www.solidfiles.com/e/eRpKMkqvzKgKw",
    "is_default": false,
    "timestamp": "2025-09-12T08:34:02.314Z"
  },
  {
    "anime_title": "Aoi Bungaku Series",
    "episode_title": "Aoi Bungaku Episode 12 (End) Subtitle Indonesia",
    "episode_link": "https://otakudesu.best/episode/abongu-episode-12-sub-indo/",
    "episode_date": "15 September,2018",
    "server": "solidfiles",
    "quality": "720p",
    "data_content": "eyJpZCI6MjY0ODgsImkiOjAsInEiOiI3MjBwIn0=",
    "decoded_data": {
      "id": 26488,
      "i": 0,
      "q": "720p"
    },
    "stream_url": "https://www.solidfiles.com/e/XG6QyjYwPy6PQ",
    "is_default": false,
    "timestamp": "2025-09-12T08:34:02.370Z"
  },
  {
    "anime_title": "Aoi Bungaku Series",
    "episode_title": "Aoi Bungaku Episode 12 (End) Subtitle Indonesia",
    "episode_link": "https://otakudesu.best/episode/abongu-episode-12-sub-indo/",
    "episode_date": "15 September,2018",
    "server": "solidfiles",
    "quality": "360p",
    "data_content": "eyJpZCI6MjY0ODgsImkiOjAsInEiOiIzNjBwIn0=",
    "decoded_data": {
      "id": 26488,
      "i": 0,
      "q": "360p"
    },
    "stream_url": "https://www.solidfiles.com/e/wZxQd2QD3amRk",
    "is_default": false,
    "timestamp": "2025-09-12T08:34:02.242Z"
  },
  {
    "anime_title": "Aoi Bungaku Series",
    "episode_title": "Aoi Bungaku Episode 12 (End) Subtitle Indonesia",
    "episode_link": "https://otakudesu.best/episode/abongu-episode-12-sub-indo/",
    "episode_date": "15 September,2018",
    "server": "desudesu2",
    "quality": "480p",
    "data_content": "eyJpZCI6MjY0ODgsImkiOjAsInEiOiI0ODBwIn0=",
    "decoded_data": {
      "id": 26488,
      "i": 0,
      "q": "480p"
    },
    "stream_url": "https://desustream.info/dstream/desudesu2/v2/index.php?id=RHNlZFY3UCtSMDlrMVlVakd5bWZIS0p2OXlCM2xPYmFBMzdFMURYdEVXWT0=",
    "is_default": true,
    "timestamp": "2025-09-12T08:34:02.282Z"
  },
  {
    "anime_title": "Aoi Bungaku Series",
    "episode_title": "Aoi Bungaku Episode 12 (End) Subtitle Indonesia",
    "episode_link": "https://otakudesu.best/episode/abongu-episode-12-sub-indo/",
    "episode_date": "15 September,2018",
    "server": "solidfiles",
    "quality": "480p",
    "data_content": "eyJpZCI6MjY0ODgsImkiOjEsInEiOiI0ODBwIn0=",
    "decoded_data": {
      "id": 26488,
      "i": 1,
      "q": "480p"
    },
    "stream_url": "https://www.solidfiles.com/e/eRpKMkqvzKgKw",
    "is_default": false,
    "timestamp": "2025-09-12T08:34:02.314Z"
  },
  {
    "anime_title": "Aoi Bungaku Series",
    "episode_title": "Aoi Bungaku Episode 12 (End) Subtitle Indonesia",
    "episode_link": "https://otakudesu.best/episode/abongu-episode-12-sub-indo/",
    "episode_date": "15 September,2018",
    "server": "solidfiles",
    "quality": "720p",
    "data_content": "eyJpZCI6MjY0ODgsImkiOjAsInEiOiI3MjBwIn0=",
    "decoded_data": {
      "id": 26488,
      "i": 0,
      "q": "720p"
    },
    "stream_url": "https://www.solidfiles.com/e/XG6QyjYwPy6PQ",
    "is_default": false,
    "timestamp": "2025-09-12T08:34:02.370Z"
  },
  {
    "anime_title": "Aoi Hana",
    "episode_title": "Aoi Hana Episode 1 Subtitle Indonesia",
    "episode_link": "https://otakudesu.best/episode/ainha-episode-1-subtitle-indonesia/",
    "episode_date": "22 Juni,2018",
    "server": "solidfiles",
    "quality": "360p",
    "data_content": "eyJpZCI6MjE1ODYsImkiOjAsInEiOiIzNjBwIn0=",
    "decoded_data": {
      "id": 21586,
      "i": 0,
      "q": "360p"
    },
    "stream_url": "https://www.solidfiles.com/e/eRrY52Mr6NarG",
    "is_default": false,
    "timestamp": "2025-09-12T08:34:03.337Z"
  },
  {
    "anime_title": "Aoi Hana",
    "episode_title": "Aoi Hana Episode 1 Subtitle Indonesia",
    "episode_link": "https://otakudesu.best/episode/ainha-episode-1-subtitle-indonesia/",
    "episode_date": "22 Juni,2018",
    "server": "odesu2",
    "quality": "480p",
    "data_content": "eyJpZCI6MjE1ODYsImkiOjAsInEiOiI0ODBwIn0=",
    "decoded_data": {
      "id": 21586,
      "i": 0,
      "q": "480p"
    },
    "stream_url": "https://desustream.info/dstream/odesu2/v2/index.php?id=NWVsWlE0VUkzbFRuWDE2ZjR6VmpVZz09",
    "is_default": true,
    "timestamp": "2025-09-12T08:34:03.351Z"
  },
  {
    "anime_title": "Aoi Hana",
    "episode_title": "Aoi Hana Episode 1 Subtitle Indonesia",
    "episode_link": "https://otakudesu.best/episode/ainha-episode-1-subtitle-indonesia/",
    "episode_date": "22 Juni,2018",
    "server": "solidfiles",
    "quality": "480p",
    "data_content": "eyJpZCI6MjE1ODYsImkiOjEsInEiOiI0ODBwIn0=",
    "decoded_data": {
      "id": 21586,
      "i": 1,
      "q": "480p"
    },
    "stream_url": "https://www.solidfiles.com/e/Kv4QZmNvN5PRX",
    "is_default": false,
    "timestamp": "2025-09-12T08:34:03.419Z"
  },
  {
    "anime_title": "Aoi Hana",
    "episode_title": "Aoi Hana Episode 1 Subtitle Indonesia",
    "episode_link": "https://otakudesu.best/episode/ainha-episode-1-subtitle-indonesia/",
    "episode_date": "22 Juni,2018",
    "server": "solidfiles",
    "quality": "720p",
    "data_content": "eyJpZCI6MjE1ODYsImkiOjAsInEiOiI3MjBwIn0=",
    "decoded_data": {
      "id": 21586,
      "i": 0,
      "q": "720p"
    },
    "stream_url": "https://www.solidfiles.com/e/eRrYqBN5xe6eQ",
    "is_default": false,
    "timestamp": "2025-09-12T08:34:03.449Z"
  },
  {
    "anime_title": "Aoi Hana",
    "episode_title": "Aoi Hana Episode 1 Subtitle Indonesia",
    "episode_link": "https://otakudesu.best/episode/ainha-episode-1-subtitle-indonesia/",
    "episode_date": "22 Juni,2018",
    "server": "solidfiles",
    "quality": "360p",
    "data_content": "eyJpZCI6MjE1ODYsImkiOjAsInEiOiIzNjBwIn0=",
    "decoded_data": {
      "id": 21586,
      "i": 0,
      "q": "360p"
    },
    "stream_url": "https://www.solidfiles.com/e/eRrY52Mr6NarG",
    "is_default": false,
    "timestamp": "2025-09-12T08:34:03.337Z"
  },
  {
    "anime_title": "Aoi Hana",
    "episode_title": "Aoi Hana Episode 1 Subtitle Indonesia",
    "episode_link": "https://otakudesu.best/episode/ainha-episode-1-subtitle-indonesia/",
    "episode_date": "22 Juni,2018",
    "server": "odesu2",
    "quality": "480p",
    "data_content": "eyJpZCI6MjE1ODYsImkiOjAsInEiOiI0ODBwIn0=",
    "decoded_data": {
      "id": 21586,
      "i": 0,
      "q": "480p"
    },
    "stream_url": "https://desustream.info/dstream/odesu2/v2/index.php?id=NWVsWlE0VUkzbFRuWDE2ZjR6VmpVZz09",
    "is_default": true,
    "timestamp": "2025-09-12T08:34:03.351Z"
  },
  {
    "anime_title": "Aoi Hana",
    "episode_title": "Aoi Hana Episode 1 Subtitle Indonesia",
    "episode_link": "https://otakudesu.best/episode/ainha-episode-1-subtitle-indonesia/",
    "episode_date": "22 Juni,2018",
    "server": "solidfiles",
    "quality": "480p",
    "data_content": "eyJpZCI6MjE1ODYsImkiOjEsInEiOiI0ODBwIn0=",
    "decoded_data": {
      "id": 21586,
      "i": 1,
      "q": "480p"
    },
    "stream_url": "https://www.solidfiles.com/e/Kv4QZmNvN5PRX",
    "is_default": false,
    "timestamp": "2025-09-12T08:34:03.419Z"
  },
  {
    "anime_title": "Aoi Hana",
    "episode_title": "Aoi Hana Episode 1 Subtitle Indonesia",
    "episode_link": "https://otakudesu.best/episode/ainha-episode-1-subtitle-indonesia/",
    "episode_date": "22 Juni,2018",
    "server": "solidfiles",
    "quality": "720p",
    "data_content": "eyJpZCI6MjE1ODYsImkiOjAsInEiOiI3MjBwIn0=",
    "decoded_data": {
      "id": 21586,
      "i": 0,
      "q": "720p"
    },
    "stream_url": "https://www.solidfiles.com/e/eRrYqBN5xe6eQ",
    "is_default": false,
    "timestamp": "2025-09-12T08:34:03.449Z"
  },
  {
    "anime_title": "Aoi Hana",
    "episode_title": "Aoi Hana Episode 2 Subtitle Indonesia",
    "episode_link": "https://otakudesu.best/episode/ainha-episode-2-subtitle-indonesia/",
    "episode_date": "22 Juni,2018",
    "server": "solidfiles",
    "quality": "360p",
    "data_content": "eyJpZCI6MjE1ODcsImkiOjAsInEiOiIzNjBwIn0=",
    "decoded_data": {
      "id": 21587,
      "i": 0,
      "q": "360p"
    },
    "stream_url": "https://www.solidfiles.com/e/Bj4Qn4Nage7WK",
    "is_default": false,
    "timestamp": "2025-09-12T08:34:04.158Z"
  },
  {
    "anime_title": "Aoi Hana",
    "episode_title": "Aoi Hana Episode 2 Subtitle Indonesia",
    "episode_link": "https://otakudesu.best/episode/ainha-episode-2-subtitle-indonesia/",
    "episode_date": "22 Juni,2018",
    "server": "odesu2",
    "quality": "480p",
    "data_content": "eyJpZCI6MjE1ODcsImkiOjAsInEiOiI0ODBwIn0=",
    "decoded_data": {
      "id": 21587,
      "i": 0,
      "q": "480p"
    },
    "stream_url": "https://desustream.info/dstream/odesu2/v2/index.php?id=aVdJajY2a2JQRC9WcXNCTW5GSkI4QT09",
    "is_default": true,
    "timestamp": "2025-09-12T08:34:04.187Z"
  },
  {
    "anime_title": "Aoi Hana",
    "episode_title": "Aoi Hana Episode 2 Subtitle Indonesia",
    "episode_link": "https://otakudesu.best/episode/ainha-episode-2-subtitle-indonesia/",
    "episode_date": "22 Juni,2018",
    "server": "solidfiles",
    "quality": "480p",
    "data_content": "eyJpZCI6MjE1ODcsImkiOjEsInEiOiI0ODBwIn0=",
    "decoded_data": {
      "id": 21587,
      "i": 1,
      "q": "480p"
    },
    "stream_url": "https://www.solidfiles.com/e/Wd5x3Pz5MxXAL",
    "is_default": false,
    "timestamp": "2025-09-12T08:34:04.219Z"
  },
  {
    "anime_title": "Aoi Hana",
    "episode_title": "Aoi Hana Episode 2 Subtitle Indonesia",
    "episode_link": "https://otakudesu.best/episode/ainha-episode-2-subtitle-indonesia/",
    "episode_date": "22 Juni,2018",
    "server": "solidfiles",
    "quality": "720p",
    "data_content": "eyJpZCI6MjE1ODcsImkiOjAsInEiOiI3MjBwIn0=",
    "decoded_data": {
      "id": 21587,
      "i": 0,
      "q": "720p"
    },
    "stream_url": "https://www.solidfiles.com/e/rG3MDPgkae5aW",
    "is_default": false,
    "timestamp": "2025-09-12T08:34:04.277Z"
  },
  {
    "anime_title": "Aoi Hana",
    "episode_title": "Aoi Hana Episode 2 Subtitle Indonesia",
    "episode_link": "https://otakudesu.best/episode/ainha-episode-2-subtitle-indonesia/",
    "episode_date": "22 Juni,2018",
    "server": "solidfiles",
    "quality": "360p",
    "data_content": "eyJpZCI6MjE1ODcsImkiOjAsInEiOiIzNjBwIn0=",
    "decoded_data": {
      "id": 21587,
      "i": 0,
      "q": "360p"
    },
    "stream_url": "https://www.solidfiles.com/e/Bj4Qn4Nage7WK",
    "is_default": false,
    "timestamp": "2025-09-12T08:34:04.158Z"
  },
  {
    "anime_title": "Aoi Hana",
    "episode_title": "Aoi Hana Episode 2 Subtitle Indonesia",
    "episode_link": "https://otakudesu.best/episode/ainha-episode-2-subtitle-indonesia/",
    "episode_date": "22 Juni,2018",
    "server": "odesu2",
    "quality": "480p",
    "data_content": "eyJpZCI6MjE1ODcsImkiOjAsInEiOiI0ODBwIn0=",
    "decoded_data": {
      "id": 21587,
      "i": 0,
      "q": "480p"
    },
    "stream_url": "https://desustream.info/dstream/odesu2/v2/index.php?id=aVdJajY2a2JQRC9WcXNCTW5GSkI4QT09",
    "is_default": true,
    "timestamp": "2025-09-12T08:34:04.187Z"
  },
  {
    "anime_title": "Aoi Hana",
    "episode_title": "Aoi Hana Episode 2 Subtitle Indonesia",
    "episode_link": "https://otakudesu.best/episode/ainha-episode-2-subtitle-indonesia/",
    "episode_date": "22 Juni,2018",
    "server": "solidfiles",
    "quality": "480p",
    "data_content": "eyJpZCI6MjE1ODcsImkiOjEsInEiOiI0ODBwIn0=",
    "decoded_data": {
      "id": 21587,
      "i": 1,
      "q": "480p"
    },
    "stream_url": "https://www.solidfiles.com/e/Wd5x3Pz5MxXAL",
    "is_default": false,
    "timestamp": "2025-09-12T08:34:04.219Z"
  },
  {
    "anime_title": "Aoi Hana",
    "episode_title": "Aoi Hana Episode 2 Subtitle Indonesia",
    "episode_link": "https://otakudesu.best/episode/ainha-episode-2-subtitle-indonesia/",
    "episode_date": "22 Juni,2018",
    "server": "solidfiles",
    "quality": "720p",
    "data_content": "eyJpZCI6MjE1ODcsImkiOjAsInEiOiI3MjBwIn0=",
    "decoded_data": {
      "id": 21587,
      "i": 0,
      "q": "720p"
    },
    "stream_url": "https://www.solidfiles.com/e/rG3MDPgkae5aW",
    "is_default": false,
    "timestamp": "2025-09-12T08:34:04.277Z"
  },
  {
    "anime_title": "Aoi Hana",
    "episode_title": "Aoi Hana Episode 3 Subtitle Indonesia",
    "episode_link": "https://otakudesu.best/episode/ainha-episode-3-subtitle-indonesia/",
    "episode_date": "22 Juni,2018",
    "server": "solidfiles",
    "quality": "360p",
    "data_content": "eyJpZCI6MjE1ODgsImkiOjAsInEiOiIzNjBwIn0=",
    "decoded_data": {
      "id": 21588,
      "i": 0,
      "q": "360p"
    },
    "stream_url": "https://www.solidfiles.com/e/XGdz7ddrDw7zG",
    "is_default": false,
    "timestamp": "2025-09-12T08:34:04.955Z"
  },
  {
    "anime_title": "Aoi Hana",
    "episode_title": "Aoi Hana Episode 3 Subtitle Indonesia",
    "episode_link": "https://otakudesu.best/episode/ainha-episode-3-subtitle-indonesia/",
    "episode_date": "22 Juni,2018",
    "server": "odesu2",
    "quality": "480p",
    "data_content": "eyJpZCI6MjE1ODgsImkiOjAsInEiOiI0ODBwIn0=",
    "decoded_data": {
      "id": 21588,
      "i": 0,
      "q": "480p"
    },
    "stream_url": "https://desustream.info/dstream/odesu2/v2/index.php?id=L0U0UUZLZlVHR25FZnlsVzdQSWMwZz09",
    "is_default": true,
    "timestamp": "2025-09-12T08:34:04.988Z"
  },
  {
    "anime_title": "Aoi Hana",
    "episode_title": "Aoi Hana Episode 3 Subtitle Indonesia",
    "episode_link": "https://otakudesu.best/episode/ainha-episode-3-subtitle-indonesia/",
    "episode_date": "22 Juni,2018",
    "server": "solidfiles",
    "quality": "480p",
    "data_content": "eyJpZCI6MjE1ODgsImkiOjEsInEiOiI0ODBwIn0=",
    "decoded_data": {
      "id": 21588,
      "i": 1,
      "q": "480p"
    },
    "stream_url": "https://www.solidfiles.com/e/3M4zx3LazvBQP",
    "is_default": false,
    "timestamp": "2025-09-12T08:34:05.005Z"
  },
  {
    "anime_title": "Aoi Hana",
    "episode_title": "Aoi Hana Episode 3 Subtitle Indonesia",
    "episode_link": "https://otakudesu.best/episode/ainha-episode-3-subtitle-indonesia/",
    "episode_date": "22 Juni,2018",
    "server": "solidfiles",
    "quality": "720p",
    "data_content": "eyJpZCI6MjE1ODgsImkiOjAsInEiOiI3MjBwIn0=",
    "decoded_data": {
      "id": 21588,
      "i": 0,
      "q": "720p"
    },
    "stream_url": "https://www.solidfiles.com/e/NjWz8jgKVqvPq",
    "is_default": false,
    "timestamp": "2025-09-12T08:34:05.059Z"
  },
  {
    "anime_title": "Aoi Hana",
    "episode_title": "Aoi Hana Episode 3 Subtitle Indonesia",
    "episode_link": "https://otakudesu.best/episode/ainha-episode-3-subtitle-indonesia/",
    "episode_date": "22 Juni,2018",
    "server": "solidfiles",
    "quality": "360p",
    "data_content": "eyJpZCI6MjE1ODgsImkiOjAsInEiOiIzNjBwIn0=",
    "decoded_data": {
      "id": 21588,
      "i": 0,
      "q": "360p"
    },
    "stream_url": "https://www.solidfiles.com/e/XGdz7ddrDw7zG",
    "is_default": false,
    "timestamp": "2025-09-12T08:34:04.955Z"
  },
  {
    "anime_title": "Aoi Hana",
    "episode_title": "Aoi Hana Episode 3 Subtitle Indonesia",
    "episode_link": "https://otakudesu.best/episode/ainha-episode-3-subtitle-indonesia/",
    "episode_date": "22 Juni,2018",
    "server": "odesu2",
    "quality": "480p",
    "data_content": "eyJpZCI6MjE1ODgsImkiOjAsInEiOiI0ODBwIn0=",
    "decoded_data": {
      "id": 21588,
      "i": 0,
      "q": "480p"
    },
    "stream_url": "https://desustream.info/dstream/odesu2/v2/index.php?id=L0U0UUZLZlVHR25FZnlsVzdQSWMwZz09",
    "is_default": true,
    "timestamp": "2025-09-12T08:34:04.988Z"
  },
  {
    "anime_title": "Aoi Hana",
    "episode_title": "Aoi Hana Episode 3 Subtitle Indonesia",
    "episode_link": "https://otakudesu.best/episode/ainha-episode-3-subtitle-indonesia/",
    "episode_date": "22 Juni,2018",
    "server": "solidfiles",
    "quality": "480p",
    "data_content": "eyJpZCI6MjE1ODgsImkiOjEsInEiOiI0ODBwIn0=",
    "decoded_data": {
      "id": 21588,
      "i": 1,
      "q": "480p"
    },
    "stream_url": "https://www.solidfiles.com/e/3M4zx3LazvBQP",
    "is_default": false,
    "timestamp": "2025-09-12T08:34:05.005Z"
  },
  {
    "anime_title": "Aoi Hana",
    "episode_title": "Aoi Hana Episode 3 Subtitle Indonesia",
    "episode_link": "https://otakudesu.best/episode/ainha-episode-3-subtitle-indonesia/",
    "episode_date": "22 Juni,2018",
    "server": "solidfiles",
    "quality": "720p",
    "data_content": "eyJpZCI6MjE1ODgsImkiOjAsInEiOiI3MjBwIn0=",
    "decoded_data": {
      "id": 21588,
      "i": 0,
      "q": "720p"
    },
    "stream_url": "https://www.solidfiles.com/e/NjWz8jgKVqvPq",
    "is_default": false,
    "timestamp": "2025-09-12T08:34:05.059Z"
  },
  {
    "anime_title": "Aoi Hana",
    "episode_title": "Aoi Hana Episode 4 Subtitle Indonesia",
    "episode_link": "https://otakudesu.best/episode/ainha-episode-4-subtitle-indonesia/",
    "episode_date": "22 Juni,2018",
    "server": "solidfiles",
    "quality": "360p",
    "data_content": "eyJpZCI6MjE1ODksImkiOjAsInEiOiIzNjBwIn0=",
    "decoded_data": {
      "id": 21589,
      "i": 0,
      "q": "360p"
    },
    "stream_url": "https://www.solidfiles.com/e/6PLZxnG7VNgz2",
    "is_default": false,
    "timestamp": "2025-09-12T08:34:05.762Z"
  },
  {
    "anime_title": "Aoi Hana",
    "episode_title": "Aoi Hana Episode 4 Subtitle Indonesia",
    "episode_link": "https://otakudesu.best/episode/ainha-episode-4-subtitle-indonesia/",
    "episode_date": "22 Juni,2018",
    "server": "odesu2",
    "quality": "480p",
    "data_content": "eyJpZCI6MjE1ODksImkiOjAsInEiOiI0ODBwIn0=",
    "decoded_data": {
      "id": 21589,
      "i": 0,
      "q": "480p"
    },
    "stream_url": "https://desustream.info/dstream/odesu2/v2/index.php?id=cWxpdGJIaXdHNEVTdnlJbXNENjIzdz09",
    "is_default": true,
    "timestamp": "2025-09-12T08:34:05.792Z"
  },
  {
    "anime_title": "Aoi Hana",
    "episode_title": "Aoi Hana Episode 4 Subtitle Indonesia",
    "episode_link": "https://otakudesu.best/episode/ainha-episode-4-subtitle-indonesia/",
    "episode_date": "22 Juni,2018",
    "server": "solidfiles",
    "quality": "480p",
    "data_content": "eyJpZCI6MjE1ODksImkiOjEsInEiOiI0ODBwIn0=",
    "decoded_data": {
      "id": 21589,
      "i": 1,
      "q": "480p"
    },
    "stream_url": "https://www.solidfiles.com/e/yvpANqkXqpe7Y",
    "is_default": false,
    "timestamp": "2025-09-12T08:34:05.839Z"
  },
  {
    "anime_title": "Aoi Hana",
    "episode_title": "Aoi Hana Episode 4 Subtitle Indonesia",
    "episode_link": "https://otakudesu.best/episode/ainha-episode-4-subtitle-indonesia/",
    "episode_date": "22 Juni,2018",
    "server": "solidfiles",
    "quality": "720p",
    "data_content": "eyJpZCI6MjE1ODksImkiOjAsInEiOiI3MjBwIn0=",
    "decoded_data": {
      "id": 21589,
      "i": 0,
      "q": "720p"
    },
    "stream_url": "https://www.solidfiles.com/e/rG3Mq6A2Zjmm7",
    "is_default": false,
    "timestamp": "2025-09-12T08:34:05.913Z"
  },
  {
    "anime_title": "Aoi Hana",
    "episode_title": "Aoi Hana Episode 4 Subtitle Indonesia",
    "episode_link": "https://otakudesu.best/episode/ainha-episode-4-subtitle-indonesia/",
    "episode_date": "22 Juni,2018",
    "server": "solidfiles",
    "quality": "360p",
    "data_content": "eyJpZCI6MjE1ODksImkiOjAsInEiOiIzNjBwIn0=",
    "decoded_data": {
      "id": 21589,
      "i": 0,
      "q": "360p"
    },
    "stream_url": "https://www.solidfiles.com/e/6PLZxnG7VNgz2",
    "is_default": false,
    "timestamp": "2025-09-12T08:34:05.762Z"
  },
  {
    "anime_title": "Aoi Hana",
    "episode_title": "Aoi Hana Episode 4 Subtitle Indonesia",
    "episode_link": "https://otakudesu.best/episode/ainha-episode-4-subtitle-indonesia/",
    "episode_date": "22 Juni,2018",
    "server": "odesu2",
    "quality": "480p",
    "data_content": "eyJpZCI6MjE1ODksImkiOjAsInEiOiI0ODBwIn0=",
    "decoded_data": {
      "id": 21589,
      "i": 0,
      "q": "480p"
    },
    "stream_url": "https://desustream.info/dstream/odesu2/v2/index.php?id=cWxpdGJIaXdHNEVTdnlJbXNENjIzdz09",
    "is_default": true,
    "timestamp": "2025-09-12T08:34:05.792Z"
  },
  {
    "anime_title": "Aoi Hana",
    "episode_title": "Aoi Hana Episode 4 Subtitle Indonesia",
    "episode_link": "https://otakudesu.best/episode/ainha-episode-4-subtitle-indonesia/",
    "episode_date": "22 Juni,2018",
    "server": "solidfiles",
    "quality": "480p",
    "data_content": "eyJpZCI6MjE1ODksImkiOjEsInEiOiI0ODBwIn0=",
    "decoded_data": {
      "id": 21589,
      "i": 1,
      "q": "480p"
    },
    "stream_url": "https://www.solidfiles.com/e/yvpANqkXqpe7Y",
    "is_default": false,
    "timestamp": "2025-09-12T08:34:05.839Z"
  },
  {
    "anime_title": "Aoi Hana",
    "episode_title": "Aoi Hana Episode 4 Subtitle Indonesia",
    "episode_link": "https://otakudesu.best/episode/ainha-episode-4-subtitle-indonesia/",
    "episode_date": "22 Juni,2018",
    "server": "solidfiles",
    "quality": "720p",
    "data_content": "eyJpZCI6MjE1ODksImkiOjAsInEiOiI3MjBwIn0=",
    "decoded_data": {
      "id": 21589,
      "i": 0,
      "q": "720p"
    },
    "stream_url": "https://www.solidfiles.com/e/rG3Mq6A2Zjmm7",
    "is_default": false,
    "timestamp": "2025-09-12T08:34:05.913Z"
  },
  {
    "anime_title": "Aoi Hana",
    "episode_title": "Aoi Hana Episode 5 Subtitle Indonesia",
    "episode_link": "https://otakudesu.best/episode/ainha-episode-5-subtitle-indonesia/",
    "episode_date": "22 Juni,2018",
    "server": "solidfiles",
    "quality": "360p",
    "data_content": "eyJpZCI6MjE1OTAsImkiOjAsInEiOiIzNjBwIn0=",
    "decoded_data": {
      "id": 21590,
      "i": 0,
      "q": "360p"
    },
    "stream_url": "https://www.solidfiles.com/e/2AgBxW2xyYpGM",
    "is_default": false,
    "timestamp": "2025-09-12T08:34:06.572Z"
  },
  {
    "anime_title": "Aoi Hana",
    "episode_title": "Aoi Hana Episode 5 Subtitle Indonesia",
    "episode_link": "https://otakudesu.best/episode/ainha-episode-5-subtitle-indonesia/",
    "episode_date": "22 Juni,2018",
    "server": "odesu2",
    "quality": "480p",
    "data_content": "eyJpZCI6MjE1OTAsImkiOjAsInEiOiI0ODBwIn0=",
    "decoded_data": {
      "id": 21590,
      "i": 0,
      "q": "480p"
    },
    "stream_url": "https://desustream.info/dstream/odesu2/v2/index.php?id=Sy90aHVhOEtJUm55ZVdFOTBaNHlWQT09",
    "is_default": true,
    "timestamp": "2025-09-12T08:34:06.622Z"
  },
  {
    "anime_title": "Aoi Hana",
    "episode_title": "Aoi Hana Episode 5 Subtitle Indonesia",
    "episode_link": "https://otakudesu.best/episode/ainha-episode-5-subtitle-indonesia/",
    "episode_date": "22 Juni,2018",
    "server": "solidfiles",
    "quality": "480p",
    "data_content": "eyJpZCI6MjE1OTAsImkiOjEsInEiOiI0ODBwIn0=",
    "decoded_data": {
      "id": 21590,
      "i": 1,
      "q": "480p"
    },
    "stream_url": "https://www.solidfiles.com/e/Bj4QnjdmyNYBM",
    "is_default": false,
    "timestamp": "2025-09-12T08:34:06.638Z"
  },
  {
    "anime_title": "Aoi Hana",
    "episode_title": "Aoi Hana Episode 5 Subtitle Indonesia",
    "episode_link": "https://otakudesu.best/episode/ainha-episode-5-subtitle-indonesia/",
    "episode_date": "22 Juni,2018",
    "server": "solidfiles",
    "quality": "720p",
    "data_content": "eyJpZCI6MjE1OTAsImkiOjAsInEiOiI3MjBwIn0=",
    "decoded_data": {
      "id": 21590,
      "i": 0,
      "q": "720p"
    },
    "stream_url": "https://www.solidfiles.com/e/NjWz8gz6Dq26Z",
    "is_default": false,
    "timestamp": "2025-09-12T08:34:06.720Z"
  },
  {
    "anime_title": "Aoi Hana",
    "episode_title": "Aoi Hana Episode 5 Subtitle Indonesia",
    "episode_link": "https://otakudesu.best/episode/ainha-episode-5-subtitle-indonesia/",
    "episode_date": "22 Juni,2018",
    "server": "solidfiles",
    "quality": "360p",
    "data_content": "eyJpZCI6MjE1OTAsImkiOjAsInEiOiIzNjBwIn0=",
    "decoded_data": {
      "id": 21590,
      "i": 0,
      "q": "360p"
    },
    "stream_url": "https://www.solidfiles.com/e/2AgBxW2xyYpGM",
    "is_default": false,
    "timestamp": "2025-09-12T08:34:06.572Z"
  },
  {
    "anime_title": "Aoi Hana",
    "episode_title": "Aoi Hana Episode 5 Subtitle Indonesia",
    "episode_link": "https://otakudesu.best/episode/ainha-episode-5-subtitle-indonesia/",
    "episode_date": "22 Juni,2018",
    "server": "odesu2",
    "quality": "480p",
    "data_content": "eyJpZCI6MjE1OTAsImkiOjAsInEiOiI0ODBwIn0=",
    "decoded_data": {
      "id": 21590,
      "i": 0,
      "q": "480p"
    },
    "stream_url": "https://desustream.info/dstream/odesu2/v2/index.php?id=Sy90aHVhOEtJUm55ZVdFOTBaNHlWQT09",
    "is_default": true,
    "timestamp": "2025-09-12T08:34:06.622Z"
  },
  {
    "anime_title": "Aoi Hana",
    "episode_title": "Aoi Hana Episode 5 Subtitle Indonesia",
    "episode_link": "https://otakudesu.best/episode/ainha-episode-5-subtitle-indonesia/",
    "episode_date": "22 Juni,2018",
    "server": "solidfiles",
    "quality": "480p",
    "data_content": "eyJpZCI6MjE1OTAsImkiOjEsInEiOiI0ODBwIn0=",
    "decoded_data": {
      "id": 21590,
      "i": 1,
      "q": "480p"
    },
    "stream_url": "https://www.solidfiles.com/e/Bj4QnjdmyNYBM",
    "is_default": false,
    "timestamp": "2025-09-12T08:34:06.638Z"
  },
  {
    "anime_title": "Aoi Hana",
    "episode_title": "Aoi Hana Episode 5 Subtitle Indonesia",
    "episode_link": "https://otakudesu.best/episode/ainha-episode-5-subtitle-indonesia/",
    "episode_date": "22 Juni,2018",
    "server": "solidfiles",
    "quality": "720p",
    "data_content": "eyJpZCI6MjE1OTAsImkiOjAsInEiOiI3MjBwIn0=",
    "decoded_data": {
      "id": 21590,
      "i": 0,
      "q": "720p"
    },
    "stream_url": "https://www.solidfiles.com/e/NjWz8gz6Dq26Z",
    "is_default": false,
    "timestamp": "2025-09-12T08:34:06.720Z"
  },
  {
    "anime_title": "Aoi Hana",
    "episode_title": "Aoi Hana Episode 6 Subtitle Indonesia",
    "episode_link": "https://otakudesu.best/episode/ainha-episode-6-subtitle-indonesia/",
    "episode_date": "22 Juni,2018",
    "server": "solidfiles",
    "quality": "360p",
    "data_content": "eyJpZCI6MjE1OTEsImkiOjAsInEiOiIzNjBwIn0=",
    "decoded_data": {
      "id": 21591,
      "i": 0,
      "q": "360p"
    },
    "stream_url": "https://www.solidfiles.com/e/eRrY5KvMmKWaZ",
    "is_default": false,
    "timestamp": "2025-09-12T08:34:07.408Z"
  },
  {
    "anime_title": "Aoi Hana",
    "episode_title": "Aoi Hana Episode 6 Subtitle Indonesia",
    "episode_link": "https://otakudesu.best/episode/ainha-episode-6-subtitle-indonesia/",
    "episode_date": "22 Juni,2018",
    "server": "odesu2",
    "quality": "480p",
    "data_content": "eyJpZCI6MjE1OTEsImkiOjAsInEiOiI0ODBwIn0=",
    "decoded_data": {
      "id": 21591,
      "i": 0,
      "q": "480p"
    },
    "stream_url": "https://desustream.info/dstream/odesu2/v2/index.php?id=aUVWU25wcWsva1BEeWJYMGk0MTFuUT09",
    "is_default": true,
    "timestamp": "2025-09-12T08:34:07.463Z"
  },
  {
    "anime_title": "Aoi Hana",
    "episode_title": "Aoi Hana Episode 6 Subtitle Indonesia",
    "episode_link": "https://otakudesu.best/episode/ainha-episode-6-subtitle-indonesia/",
    "episode_date": "22 Juni,2018",
    "server": "solidfiles",
    "quality": "480p",
    "data_content": "eyJpZCI6MjE1OTEsImkiOjEsInEiOiI0ODBwIn0=",
    "decoded_data": {
      "id": 21591,
      "i": 1,
      "q": "480p"
    },
    "stream_url": "https://www.solidfiles.com/e/Pr6wRAAQ75DRW",
    "is_default": false,
    "timestamp": "2025-09-12T08:34:07.478Z"
  },
  {
    "anime_title": "Aoi Hana",
    "episode_title": "Aoi Hana Episode 6 Subtitle Indonesia",
    "episode_link": "https://otakudesu.best/episode/ainha-episode-6-subtitle-indonesia/",
    "episode_date": "22 Juni,2018",
    "server": "solidfiles",
    "quality": "720p",
    "data_content": "eyJpZCI6MjE1OTEsImkiOjAsInEiOiI3MjBwIn0=",
    "decoded_data": {
      "id": 21591,
      "i": 0,
      "q": "720p"
    },
    "stream_url": "https://www.solidfiles.com/e/NjWz83DjjePpw",
    "is_default": false,
    "timestamp": "2025-09-12T08:34:07.535Z"
  },
  {
    "anime_title": "Aoi Hana",
    "episode_title": "Aoi Hana Episode 6 Subtitle Indonesia",
    "episode_link": "https://otakudesu.best/episode/ainha-episode-6-subtitle-indonesia/",
    "episode_date": "22 Juni,2018",
    "server": "solidfiles",
    "quality": "360p",
    "data_content": "eyJpZCI6MjE1OTEsImkiOjAsInEiOiIzNjBwIn0=",
    "decoded_data": {
      "id": 21591,
      "i": 0,
      "q": "360p"
    },
    "stream_url": "https://www.solidfiles.com/e/eRrY5KvMmKWaZ",
    "is_default": false,
    "timestamp": "2025-09-12T08:34:07.408Z"
  },
  {
    "anime_title": "Aoi Hana",
    "episode_title": "Aoi Hana Episode 6 Subtitle Indonesia",
    "episode_link": "https://otakudesu.best/episode/ainha-episode-6-subtitle-indonesia/",
    "episode_date": "22 Juni,2018",
    "server": "odesu2",
    "quality": "480p",
    "data_content": "eyJpZCI6MjE1OTEsImkiOjAsInEiOiI0ODBwIn0=",
    "decoded_data": {
      "id": 21591,
      "i": 0,
      "q": "480p"
    },
    "stream_url": "https://desustream.info/dstream/odesu2/v2/index.php?id=aUVWU25wcWsva1BEeWJYMGk0MTFuUT09",
    "is_default": true,
    "timestamp": "2025-09-12T08:34:07.463Z"
  },
  {
    "anime_title": "Aoi Hana",
    "episode_title": "Aoi Hana Episode 6 Subtitle Indonesia",
    "episode_link": "https://otakudesu.best/episode/ainha-episode-6-subtitle-indonesia/",
    "episode_date": "22 Juni,2018",
    "server": "solidfiles",
    "quality": "480p",
    "data_content": "eyJpZCI6MjE1OTEsImkiOjEsInEiOiI0ODBwIn0=",
    "decoded_data": {
      "id": 21591,
      "i": 1,
      "q": "480p"
    },
    "stream_url": "https://www.solidfiles.com/e/Pr6wRAAQ75DRW",
    "is_default": false,
    "timestamp": "2025-09-12T08:34:07.478Z"
  },
  {
    "anime_title": "Aoi Hana",
    "episode_title": "Aoi Hana Episode 6 Subtitle Indonesia",
    "episode_link": "https://otakudesu.best/episode/ainha-episode-6-subtitle-indonesia/",
    "episode_date": "22 Juni,2018",
    "server": "solidfiles",
    "quality": "720p",
    "data_content": "eyJpZCI6MjE1OTEsImkiOjAsInEiOiI3MjBwIn0=",
    "decoded_data": {
      "id": 21591,
      "i": 0,
      "q": "720p"
    },
    "stream_url": "https://www.solidfiles.com/e/NjWz83DjjePpw",
    "is_default": false,
    "timestamp": "2025-09-12T08:34:07.535Z"
  },
  {
    "anime_title": "Aoi Hana",
    "episode_title": "Aoi Hana Episode 7 Subtitle Indonesia",
    "episode_link": "https://otakudesu.best/episode/ainha-episode-7-subtitle-indonesia/",
    "episode_date": "22 Juni,2018",
    "server": "solidfiles",
    "quality": "360p",
    "data_content": "eyJpZCI6MjE1OTIsImkiOjAsInEiOiIzNjBwIn0=",
    "decoded_data": {
      "id": 21592,
      "i": 0,
      "q": "360p"
    },
    "stream_url": "https://www.solidfiles.com/e/kDVapxkkLpv6r",
    "is_default": false,
    "timestamp": "2025-09-12T08:34:08.248Z"
  },
  {
    "anime_title": "Aoi Hana",
    "episode_title": "Aoi Hana Episode 7 Subtitle Indonesia",
    "episode_link": "https://otakudesu.best/episode/ainha-episode-7-subtitle-indonesia/",
    "episode_date": "22 Juni,2018",
    "server": "odesu2",
    "quality": "480p",
    "data_content": "eyJpZCI6MjE1OTIsImkiOjAsInEiOiI0ODBwIn0=",
    "decoded_data": {
      "id": 21592,
      "i": 0,
      "q": "480p"
    },
    "stream_url": "https://desustream.info/dstream/odesu2/v2/index.php?id=NXozYlV5cTMya2RrOFJuUXZpUnBidz09",
    "is_default": true,
    "timestamp": "2025-09-12T08:34:08.299Z"
  },
  {
    "anime_title": "Aoi Hana",
    "episode_title": "Aoi Hana Episode 7 Subtitle Indonesia",
    "episode_link": "https://otakudesu.best/episode/ainha-episode-7-subtitle-indonesia/",
    "episode_date": "22 Juni,2018",
    "server": "solidfiles",
    "quality": "480p",
    "data_content": "eyJpZCI6MjE1OTIsImkiOjEsInEiOiI0ODBwIn0=",
    "decoded_data": {
      "id": 21592,
      "i": 1,
      "q": "480p"
    },
    "stream_url": "https://www.solidfiles.com/e/V43zP7BzXmMKw",
    "is_default": false,
    "timestamp": "2025-09-12T08:34:08.311Z"
  },
  {
    "anime_title": "Aoi Hana",
    "episode_title": "Aoi Hana Episode 7 Subtitle Indonesia",
    "episode_link": "https://otakudesu.best/episode/ainha-episode-7-subtitle-indonesia/",
    "episode_date": "22 Juni,2018",
    "server": "solidfiles",
    "quality": "720p",
    "data_content": "eyJpZCI6MjE1OTIsImkiOjAsInEiOiI3MjBwIn0=",
    "decoded_data": {
      "id": 21592,
      "i": 0,
      "q": "720p"
    },
    "stream_url": "https://www.solidfiles.com/e/aqAKj6ggzV4gW",
    "is_default": false,
    "timestamp": "2025-09-12T08:34:08.368Z"
  },
  {
    "anime_title": "Aoi Hana",
    "episode_title": "Aoi Hana Episode 7 Subtitle Indonesia",
    "episode_link": "https://otakudesu.best/episode/ainha-episode-7-subtitle-indonesia/",
    "episode_date": "22 Juni,2018",
    "server": "solidfiles",
    "quality": "360p",
    "data_content": "eyJpZCI6MjE1OTIsImkiOjAsInEiOiIzNjBwIn0=",
    "decoded_data": {
      "id": 21592,
      "i": 0,
      "q": "360p"
    },
    "stream_url": "https://www.solidfiles.com/e/kDVapxkkLpv6r",
    "is_default": false,
    "timestamp": "2025-09-12T08:34:08.248Z"
  },
  {
    "anime_title": "Aoi Hana",
    "episode_title": "Aoi Hana Episode 7 Subtitle Indonesia",
    "episode_link": "https://otakudesu.best/episode/ainha-episode-7-subtitle-indonesia/",
    "episode_date": "22 Juni,2018",
    "server": "odesu2",
    "quality": "480p",
    "data_content": "eyJpZCI6MjE1OTIsImkiOjAsInEiOiI0ODBwIn0=",
    "decoded_data": {
      "id": 21592,
      "i": 0,
      "q": "480p"
    },
    "stream_url": "https://desustream.info/dstream/odesu2/v2/index.php?id=NXozYlV5cTMya2RrOFJuUXZpUnBidz09",
    "is_default": true,
    "timestamp": "2025-09-12T08:34:08.299Z"
  },
  {
    "anime_title": "Aoi Hana",
    "episode_title": "Aoi Hana Episode 7 Subtitle Indonesia",
    "episode_link": "https://otakudesu.best/episode/ainha-episode-7-subtitle-indonesia/",
    "episode_date": "22 Juni,2018",
    "server": "solidfiles",
    "quality": "480p",
    "data_content": "eyJpZCI6MjE1OTIsImkiOjEsInEiOiI0ODBwIn0=",
    "decoded_data": {
      "id": 21592,
      "i": 1,
      "q": "480p"
    },
    "stream_url": "https://www.solidfiles.com/e/V43zP7BzXmMKw",
    "is_default": false,
    "timestamp": "2025-09-12T08:34:08.311Z"
  },
  {
    "anime_title": "Aoi Hana",
    "episode_title": "Aoi Hana Episode 7 Subtitle Indonesia",
    "episode_link": "https://otakudesu.best/episode/ainha-episode-7-subtitle-indonesia/",
    "episode_date": "22 Juni,2018",
    "server": "solidfiles",
    "quality": "720p",
    "data_content": "eyJpZCI6MjE1OTIsImkiOjAsInEiOiI3MjBwIn0=",
    "decoded_data": {
      "id": 21592,
      "i": 0,
      "q": "720p"
    },
    "stream_url": "https://www.solidfiles.com/e/aqAKj6ggzV4gW",
    "is_default": false,
    "timestamp": "2025-09-12T08:34:08.368Z"
  },
  {
    "anime_title": "Aoi Hana",
    "episode_title": "Aoi Hana Episode 8 Subtitle Indonesia",
    "episode_link": "https://otakudesu.best/episode/ainha-episode-8-subtitle-indonesia/",
    "episode_date": "22 Juni,2018",
    "server": "solidfiles",
    "quality": "360p",
    "data_content": "eyJpZCI6MjE1OTMsImkiOjAsInEiOiIzNjBwIn0=",
    "decoded_data": {
      "id": 21593,
      "i": 0,
      "q": "360p"
    },
    "stream_url": "https://www.solidfiles.com/e/8GLBxMKywYNaa",
    "is_default": false,
    "timestamp": "2025-09-12T08:34:09.086Z"
  },
  {
    "anime_title": "Aoi Hana",
    "episode_title": "Aoi Hana Episode 8 Subtitle Indonesia",
    "episode_link": "https://otakudesu.best/episode/ainha-episode-8-subtitle-indonesia/",
    "episode_date": "22 Juni,2018",
    "server": "odesu2",
    "quality": "480p",
    "data_content": "eyJpZCI6MjE1OTMsImkiOjAsInEiOiI0ODBwIn0=",
    "decoded_data": {
      "id": 21593,
      "i": 0,
      "q": "480p"
    },
    "stream_url": "https://desustream.info/dstream/odesu2/v2/index.php?id=cEVCUFNaTWZrQnNhTUpxc0hqWjBpdz09",
    "is_default": true,
    "timestamp": "2025-09-12T08:34:09.108Z"
  },
  {
    "anime_title": "Aoi Hana",
    "episode_title": "Aoi Hana Episode 8 Subtitle Indonesia",
    "episode_link": "https://otakudesu.best/episode/ainha-episode-8-subtitle-indonesia/",
    "episode_date": "22 Juni,2018",
    "server": "solidfiles",
    "quality": "480p",
    "data_content": "eyJpZCI6MjE1OTMsImkiOjEsInEiOiI0ODBwIn0=",
    "decoded_data": {
      "id": 21593,
      "i": 1,
      "q": "480p"
    },
    "stream_url": "https://www.solidfiles.com/e/Wd5xZGZ4wvnVA",
    "is_default": false,
    "timestamp": "2025-09-12T08:34:09.164Z"
  },
  {
    "anime_title": "Aoi Hana",
    "episode_title": "Aoi Hana Episode 8 Subtitle Indonesia",
    "episode_link": "https://otakudesu.best/episode/ainha-episode-8-subtitle-indonesia/",
    "episode_date": "22 Juni,2018",
    "server": "solidfiles",
    "quality": "720p",
    "data_content": "eyJpZCI6MjE1OTMsImkiOjAsInEiOiI3MjBwIn0=",
    "decoded_data": {
      "id": 21593,
      "i": 0,
      "q": "720p"
    },
    "stream_url": "https://www.solidfiles.com/e/vp2A7MZPdWXzn",
    "is_default": false,
    "timestamp": "2025-09-12T08:34:09.177Z"
  },
  {
    "anime_title": "Aoi Hana",
    "episode_title": "Aoi Hana Episode 8 Subtitle Indonesia",
    "episode_link": "https://otakudesu.best/episode/ainha-episode-8-subtitle-indonesia/",
    "episode_date": "22 Juni,2018",
    "server": "solidfiles",
    "quality": "360p",
    "data_content": "eyJpZCI6MjE1OTMsImkiOjAsInEiOiIzNjBwIn0=",
    "decoded_data": {
      "id": 21593,
      "i": 0,
      "q": "360p"
    },
    "stream_url": "https://www.solidfiles.com/e/8GLBxMKywYNaa",
    "is_default": false,
    "timestamp": "2025-09-12T08:34:09.086Z"
  },
  {
    "anime_title": "Aoi Hana",
    "episode_title": "Aoi Hana Episode 8 Subtitle Indonesia",
    "episode_link": "https://otakudesu.best/episode/ainha-episode-8-subtitle-indonesia/",
    "episode_date": "22 Juni,2018",
    "server": "odesu2",
    "quality": "480p",
    "data_content": "eyJpZCI6MjE1OTMsImkiOjAsInEiOiI0ODBwIn0=",
    "decoded_data": {
      "id": 21593,
      "i": 0,
      "q": "480p"
    },
    "stream_url": "https://desustream.info/dstream/odesu2/v2/index.php?id=cEVCUFNaTWZrQnNhTUpxc0hqWjBpdz09",
    "is_default": true,
    "timestamp": "2025-09-12T08:34:09.108Z"
  },
  {
    "anime_title": "Aoi Hana",
    "episode_title": "Aoi Hana Episode 8 Subtitle Indonesia",
    "episode_link": "https://otakudesu.best/episode/ainha-episode-8-subtitle-indonesia/",
    "episode_date": "22 Juni,2018",
    "server": "solidfiles",
    "quality": "480p",
    "data_content": "eyJpZCI6MjE1OTMsImkiOjEsInEiOiI0ODBwIn0=",
    "decoded_data": {
      "id": 21593,
      "i": 1,
      "q": "480p"
    },
    "stream_url": "https://www.solidfiles.com/e/Wd5xZGZ4wvnVA",
    "is_default": false,
    "timestamp": "2025-09-12T08:34:09.164Z"
  },
  {
    "anime_title": "Aoi Hana",
    "episode_title": "Aoi Hana Episode 8 Subtitle Indonesia",
    "episode_link": "https://otakudesu.best/episode/ainha-episode-8-subtitle-indonesia/",
    "episode_date": "22 Juni,2018",
    "server": "solidfiles",
    "quality": "720p",
    "data_content": "eyJpZCI6MjE1OTMsImkiOjAsInEiOiI3MjBwIn0=",
    "decoded_data": {
      "id": 21593,
      "i": 0,
      "q": "720p"
    },
    "stream_url": "https://www.solidfiles.com/e/vp2A7MZPdWXzn",
    "is_default": false,
    "timestamp": "2025-09-12T08:34:09.177Z"
  },
  {
    "anime_title": "Aoi Hana",
    "episode_title": "Aoi Hana Episode 9 Subtitle Indonesia",
    "episode_link": "https://otakudesu.best/episode/ainha-episode-9-subtitle-indonesia/",
    "episode_date": "22 Juni,2018",
    "server": "solidfiles",
    "quality": "360p",
    "data_content": "eyJpZCI6MjE1OTQsImkiOjAsInEiOiIzNjBwIn0=",
    "decoded_data": {
      "id": 21594,
      "i": 0,
      "q": "360p"
    },
    "stream_url": "https://www.solidfiles.com/e/mdewBzQvVrN2Q",
    "is_default": false,
    "timestamp": "2025-09-12T08:34:09.888Z"
  },
  {
    "anime_title": "Aoi Hana",
    "episode_title": "Aoi Hana Episode 9 Subtitle Indonesia",
    "episode_link": "https://otakudesu.best/episode/ainha-episode-9-subtitle-indonesia/",
    "episode_date": "22 Juni,2018",
    "server": "odesu2",
    "quality": "480p",
    "data_content": "eyJpZCI6MjE1OTQsImkiOjAsInEiOiI0ODBwIn0=",
    "decoded_data": {
      "id": 21594,
      "i": 0,
      "q": "480p"
    },
    "stream_url": "https://desustream.info/dstream/odesu2/v2/index.php?id=S2dSZDZsc3JnMDEvNGdQcmthRCs1Zz09",
    "is_default": true,
    "timestamp": "2025-09-12T08:34:09.936Z"
  },
  {
    "anime_title": "Aoi Hana",
    "episode_title": "Aoi Hana Episode 9 Subtitle Indonesia",
    "episode_link": "https://otakudesu.best/episode/ainha-episode-9-subtitle-indonesia/",
    "episode_date": "22 Juni,2018",
    "server": "solidfiles",
    "quality": "480p",
    "data_content": "eyJpZCI6MjE1OTQsImkiOjEsInEiOiI0ODBwIn0=",
    "decoded_data": {
      "id": 21594,
      "i": 1,
      "q": "480p"
    },
    "stream_url": "https://www.solidfiles.com/e/Bj4QnV24PnjXn",
    "is_default": false,
    "timestamp": "2025-09-12T08:34:09.953Z"
  },
  {
    "anime_title": "Aoi Hana",
    "episode_title": "Aoi Hana Episode 9 Subtitle Indonesia",
    "episode_link": "https://otakudesu.best/episode/ainha-episode-9-subtitle-indonesia/",
    "episode_date": "22 Juni,2018",
    "server": "solidfiles",
    "quality": "720p",
    "data_content": "eyJpZCI6MjE1OTQsImkiOjAsInEiOiI3MjBwIn0=",
    "decoded_data": {
      "id": 21594,
      "i": 0,
      "q": "720p"
    },
    "stream_url": "https://www.solidfiles.com/e/Bj4QnLzNXZzKP",
    "is_default": false,
    "timestamp": "2025-09-12T08:34:10.011Z"
  },
  {
    "anime_title": "Aoi Hana",
    "episode_title": "Aoi Hana Episode 9 Subtitle Indonesia",
    "episode_link": "https://otakudesu.best/episode/ainha-episode-9-subtitle-indonesia/",
    "episode_date": "22 Juni,2018",
    "server": "solidfiles",
    "quality": "360p",
    "data_content": "eyJpZCI6MjE1OTQsImkiOjAsInEiOiIzNjBwIn0=",
    "decoded_data": {
      "id": 21594,
      "i": 0,
      "q": "360p"
    },
    "stream_url": "https://www.solidfiles.com/e/mdewBzQvVrN2Q",
    "is_default": false,
    "timestamp": "2025-09-12T08:34:09.888Z"
  },
  {
    "anime_title": "Aoi Hana",
    "episode_title": "Aoi Hana Episode 9 Subtitle Indonesia",
    "episode_link": "https://otakudesu.best/episode/ainha-episode-9-subtitle-indonesia/",
    "episode_date": "22 Juni,2018",
    "server": "odesu2",
    "quality": "480p",
    "data_content": "eyJpZCI6MjE1OTQsImkiOjAsInEiOiI0ODBwIn0=",
    "decoded_data": {
      "id": 21594,
      "i": 0,
      "q": "480p"
    },
    "stream_url": "https://desustream.info/dstream/odesu2/v2/index.php?id=S2dSZDZsc3JnMDEvNGdQcmthRCs1Zz09",
    "is_default": true,
    "timestamp": "2025-09-12T08:34:09.936Z"
  },
  {
    "anime_title": "Aoi Hana",
    "episode_title": "Aoi Hana Episode 9 Subtitle Indonesia",
    "episode_link": "https://otakudesu.best/episode/ainha-episode-9-subtitle-indonesia/",
    "episode_date": "22 Juni,2018",
    "server": "solidfiles",
    "quality": "480p",
    "data_content": "eyJpZCI6MjE1OTQsImkiOjEsInEiOiI0ODBwIn0=",
    "decoded_data": {
      "id": 21594,
      "i": 1,
      "q": "480p"
    },
    "stream_url": "https://www.solidfiles.com/e/Bj4QnV24PnjXn",
    "is_default": false,
    "timestamp": "2025-09-12T08:34:09.953Z"
  },
  {
    "anime_title": "Aoi Hana",
    "episode_title": "Aoi Hana Episode 9 Subtitle Indonesia",
    "episode_link": "https://otakudesu.best/episode/ainha-episode-9-subtitle-indonesia/",
    "episode_date": "22 Juni,2018",
    "server": "solidfiles",
    "quality": "720p",
    "data_content": "eyJpZCI6MjE1OTQsImkiOjAsInEiOiI3MjBwIn0=",
    "decoded_data": {
      "id": 21594,
      "i": 0,
      "q": "720p"
    },
    "stream_url": "https://www.solidfiles.com/e/Bj4QnLzNXZzKP",
    "is_default": false,
    "timestamp": "2025-09-12T08:34:10.011Z"
  },
  {
    "anime_title": "Aoi Hana",
    "episode_title": "Aoi Hana Episode 10 Subtitle Indonesia",
    "episode_link": "https://otakudesu.best/episode/ainha-episode-10-subtitle-indonesia/",
    "episode_date": "22 Juni,2018",
    "server": "solidfiles",
    "quality": "360p",
    "data_content": "eyJpZCI6MjE1OTUsImkiOjAsInEiOiIzNjBwIn0=",
    "decoded_data": {
      "id": 21595,
      "i": 0,
      "q": "360p"
    },
    "stream_url": "https://www.solidfiles.com/e/Wd5xZNWLdrqq3",
    "is_default": false,
    "timestamp": "2025-09-12T08:34:10.708Z"
  },
  {
    "anime_title": "Aoi Hana",
    "episode_title": "Aoi Hana Episode 10 Subtitle Indonesia",
    "episode_link": "https://otakudesu.best/episode/ainha-episode-10-subtitle-indonesia/",
    "episode_date": "22 Juni,2018",
    "server": "odesu2",
    "quality": "480p",
    "data_content": "eyJpZCI6MjE1OTUsImkiOjAsInEiOiI0ODBwIn0=",
    "decoded_data": {
      "id": 21595,
      "i": 0,
      "q": "480p"
    },
    "stream_url": "https://desustream.info/dstream/odesu2/v2/index.php?id=ZnNQZTVxZXVMMW5Fd0dEOGJvbXNSbjRLQm5Xa0trMUZvV3pWdnlkN0F6OD0=",
    "is_default": true,
    "timestamp": "2025-09-12T08:34:10.742Z"
  },
  {
    "anime_title": "Aoi Hana",
    "episode_title": "Aoi Hana Episode 10 Subtitle Indonesia",
    "episode_link": "https://otakudesu.best/episode/ainha-episode-10-subtitle-indonesia/",
    "episode_date": "22 Juni,2018",
    "server": "solidfiles",
    "quality": "480p",
    "data_content": "eyJpZCI6MjE1OTUsImkiOjEsInEiOiI0ODBwIn0=",
    "decoded_data": {
      "id": 21595,
      "i": 1,
      "q": "480p"
    },
    "stream_url": "https://www.solidfiles.com/e/3M4zxexveAjB8",
    "is_default": false,
    "timestamp": "2025-09-12T08:34:10.797Z"
  },
  {
    "anime_title": "Aoi Hana",
    "episode_title": "Aoi Hana Episode 10 Subtitle Indonesia",
    "episode_link": "https://otakudesu.best/episode/ainha-episode-10-subtitle-indonesia/",
    "episode_date": "22 Juni,2018",
    "server": "solidfiles",
    "quality": "720p",
    "data_content": "eyJpZCI6MjE1OTUsImkiOjAsInEiOiI3MjBwIn0=",
    "decoded_data": {
      "id": 21595,
      "i": 0,
      "q": "720p"
    },
    "stream_url": "https://www.solidfiles.com/e/Lj4Qv2egnpGny",
    "is_default": false,
    "timestamp": "2025-09-12T08:34:10.857Z"
  },
  {
    "anime_title": "Aoi Hana",
    "episode_title": "Aoi Hana Episode 10 Subtitle Indonesia",
    "episode_link": "https://otakudesu.best/episode/ainha-episode-10-subtitle-indonesia/",
    "episode_date": "22 Juni,2018",
    "server": "solidfiles",
    "quality": "360p",
    "data_content": "eyJpZCI6MjE1OTUsImkiOjAsInEiOiIzNjBwIn0=",
    "decoded_data": {
      "id": 21595,
      "i": 0,
      "q": "360p"
    },
    "stream_url": "https://www.solidfiles.com/e/Wd5xZNWLdrqq3",
    "is_default": false,
    "timestamp": "2025-09-12T08:34:10.708Z"
  },
  {
    "anime_title": "Aoi Hana",
    "episode_title": "Aoi Hana Episode 10 Subtitle Indonesia",
    "episode_link": "https://otakudesu.best/episode/ainha-episode-10-subtitle-indonesia/",
    "episode_date": "22 Juni,2018",
    "server": "odesu2",
    "quality": "480p",
    "data_content": "eyJpZCI6MjE1OTUsImkiOjAsInEiOiI0ODBwIn0=",
    "decoded_data": {
      "id": 21595,
      "i": 0,
      "q": "480p"
    },
    "stream_url": "https://desustream.info/dstream/odesu2/v2/index.php?id=ZnNQZTVxZXVMMW5Fd0dEOGJvbXNSbjRLQm5Xa0trMUZvV3pWdnlkN0F6OD0=",
    "is_default": true,
    "timestamp": "2025-09-12T08:34:10.742Z"
  },
  {
    "anime_title": "Aoi Hana",
    "episode_title": "Aoi Hana Episode 10 Subtitle Indonesia",
    "episode_link": "https://otakudesu.best/episode/ainha-episode-10-subtitle-indonesia/",
    "episode_date": "22 Juni,2018",
    "server": "solidfiles",
    "quality": "480p",
    "data_content": "eyJpZCI6MjE1OTUsImkiOjEsInEiOiI0ODBwIn0=",
    "decoded_data": {
      "id": 21595,
      "i": 1,
      "q": "480p"
    },
    "stream_url": "https://www.solidfiles.com/e/3M4zxexveAjB8",
    "is_default": false,
    "timestamp": "2025-09-12T08:34:10.797Z"
  },
  {
    "anime_title": "Aoi Hana",
    "episode_title": "Aoi Hana Episode 10 Subtitle Indonesia",
    "episode_link": "https://otakudesu.best/episode/ainha-episode-10-subtitle-indonesia/",
    "episode_date": "22 Juni,2018",
    "server": "solidfiles",
    "quality": "720p",
    "data_content": "eyJpZCI6MjE1OTUsImkiOjAsInEiOiI3MjBwIn0=",
    "decoded_data": {
      "id": 21595,
      "i": 0,
      "q": "720p"
    },
    "stream_url": "https://www.solidfiles.com/e/Lj4Qv2egnpGny",
    "is_default": false,
    "timestamp": "2025-09-12T08:34:10.857Z"
  }
]