[
  {
    "anime_title": "Black Clover",
    "episode_title": "Black Clover Episode 49 Subtitle Indonesia",
    "episode_link": "https://otakudesu.best/episode/bkclrv-episode-49-sub-indo/",
    "episode_date": "12 November,2018",
    "server": "mega",
    "quality": "360p",
    "data_content": "eyJpZCI6NzM2MDEsImkiOjIsInEiOiIzNjBwIn0=",
    "decoded_data": {
      "id": 73601,
      "i": 2,
      "q": "360p"
    },
    "stream_url": "https://mega.nz/embed/#!NNIHmCyZ!VeyuYKDo5hoHn0YNrZ3Jxz55DV0bn4E_cK0D62oyfd8",
    "is_default": false,
    "timestamp": "2025-09-12T08:50:24.843Z"
  },
  {
    "anime_title": "Black Clover",
    "episode_title": "Black Clover Episode 49 Subtitle Indonesia",
    "episode_link": "https://otakudesu.best/episode/bkclrv-episode-49-sub-indo/",
    "episode_date": "12 November,2018",
    "server": "otakuplay",
    "quality": "480p",
    "data_content": "eyJpZCI6NzM2MDEsImkiOjAsInEiOiI0ODBwIn0=",
    "decoded_data": {
      "id": 73601,
      "i": 0,
      "q": "480p"
    },
    "stream_url": "https://desustream.info/dstream/otakuplay/v2/index.php?id=bFJXTWVHL3JOc2hTWFF4cXdLNTNpNE9xd2NTRWMvZWMyM3pFYlBpelRqWT0=",
    "is_default": true,
    "timestamp": "2025-09-12T08:50:24.868Z"
  },
  {
    "anime_title": "Black Clover",
    "episode_title": "Black Clover Episode 49 Subtitle Indonesia",
    "episode_link": "https://otakudesu.best/episode/bkclrv-episode-49-sub-indo/",
    "episode_date": "12 November,2018",
    "server": "desudrive",
    "quality": "480p",
    "data_content": "eyJpZCI6NzM2MDEsImkiOjEsInEiOiI0ODBwIn0=",
    "decoded_data": {
      "id": 73601,
      "i": 1,
      "q": "480p"
    },
    "stream_url": "https://desustream.info/dstream/desudrive/player.php?id=UUpibTVsSTg5eWttdjJWU3IrRU1hamt4NEpkZUdTQWlFZXNFb1oxck5jZE0yRzdNM2ZHVVNYT0pOOXNTVXZWaw==",
    "is_default": false,
    "timestamp": "2025-09-12T08:50:24.911Z"
  },
  {
    "anime_title": "Black Clover",
    "episode_title": "Black Clover Episode 49 Subtitle Indonesia",
    "episode_link": "https://otakudesu.best/episode/bkclrv-episode-49-sub-indo/",
    "episode_date": "12 November,2018",
    "server": "mega",
    "quality": "480p",
    "data_content": "eyJpZCI6NzM2MDEsImkiOjIsInEiOiI0ODBwIn0=",
    "decoded_data": {
      "id": 73601,
      "i": 2,
      "q": "480p"
    },
    "stream_url": "https://mega.nz/embed/#!pUghxYDL!0jmlX3cWVapxFyCnwyNySYV1FI9o4ijxRyC9BPeIT9Y",
    "is_default": false,
    "timestamp": "2025-09-12T08:50:24.928Z"
  },
  {
    "anime_title": "Black Clover",
    "episode_title": "Black Clover Episode 49 Subtitle Indonesia",
    "episode_link": "https://otakudesu.best/episode/bkclrv-episode-49-sub-indo/",
    "episode_date": "12 November,2018",
    "server": "otakustream",
    "quality": "720p",
    "data_content": "eyJpZCI6NzM2MDEsImkiOjAsInEiOiI3MjBwIn0=",
    "decoded_data": {
      "id": 73601,
      "i": 0,
      "q": "720p"
    },
    "stream_url": "https://desustream.info/dstream/otakustream/v2/index.php?id=ZHdJRWNDVllTaWFHTndPZ2F4VkhQZzNERjlUQXkxRmNJWFh5dVZ6RTVLUT0=",
    "is_default": false,
    "timestamp": "2025-09-12T08:50:24.966Z"
  },
  {
    "anime_title": "Black Clover",
    "episode_title": "Black Clover Episode 49 Subtitle Indonesia",
    "episode_link": "https://otakudesu.best/episode/bkclrv-episode-49-sub-indo/",
    "episode_date": "12 November,2018",
    "server": "mp4load",
    "quality": "360p",
    "data_content": "eyJpZCI6NzM2MDEsImkiOjAsInEiOiIzNjBwIn0=",
    "decoded_data": {
      "id": 73601,
      "i": 0,
      "q": "360p"
    },
    "stream_url": "https://www.mp4upload.com/embed-08awbkwcf0wl.html",
    "is_default": false,
    "timestamp": "2025-09-12T08:50:24.987Z"
  },
  {
    "anime_title": "Black Clover",
    "episode_title": "Black Clover Episode 49 Subtitle Indonesia",
    "episode_link": "https://otakudesu.best/episode/bkclrv-episode-49-sub-indo/",
    "episode_date": "12 November,2018",
    "server": "desudrive",
    "quality": "720p",
    "data_content": "eyJpZCI6NzM2MDEsImkiOjEsInEiOiI3MjBwIn0=",
    "decoded_data": {
      "id": 73601,
      "i": 1,
      "q": "720p"
    },
    "stream_url": "https://desustream.info/dstream/desudrive/player.php?id=RFpSWUxXdGZ1emVndmNibUNFR1hBTmJUV0w2b05meG9mK3MrZUJ2V2dQNk1xSXRZemRDemh6Sjd5aHA5UkNlNQ==",
    "is_default": false,
    "timestamp": "2025-09-12T08:50:25.005Z"
  },
  {
    "anime_title": "Black Clover",
    "episode_title": "Black Clover Episode 49 Subtitle Indonesia",
    "episode_link": "https://otakudesu.best/episode/bkclrv-episode-49-sub-indo/",
    "episode_date": "12 November,2018",
    "server": "mega",
    "quality": "720p",
    "data_content": "eyJpZCI6NzM2MDEsImkiOjIsInEiOiI3MjBwIn0=",
    "decoded_data": {
      "id": 73601,
      "i": 2,
      "q": "720p"
    },
    "stream_url": "https://mega.nz/embed/#!FQ5xzIBB!VwFv2TpeeMrzREwwkrYb-8MeW0oeYFjJPA03svikCk8",
    "is_default": false,
    "timestamp": "2025-09-12T08:50:25.023Z"
  },
  {
    "anime_title": "Black Clover",
    "episode_title": "Black Clover Episode 49 Subtitle Indonesia",
    "episode_link": "https://otakudesu.best/episode/bkclrv-episode-49-sub-indo/",
    "episode_date": "12 November,2018",
    "server": "desudrive",
    "quality": "360p",
    "data_content": "eyJpZCI6NzM2MDEsImkiOjEsInEiOiIzNjBwIn0=",
    "decoded_data": {
      "id": 73601,
      "i": 1,
      "q": "360p"
    },
    "stream_url": "https://desustream.info/dstream/desudrive/player.php?id=ZUc4T3dEbDdEUXJ3dllRNXBDdGFBUmIvTm0rUGt0eUR1MzZiUkFoT01VcFl4NzYzenFBUGJaL3lTcEVaVitwaA==",
    "is_default": false,
    "timestamp": "2025-09-12T08:50:25.040Z"
  },
  {
    "anime_title": "Black Clover",
    "episode_title": "Black Clover Episode 49 Subtitle Indonesia",
    "episode_link": "https://otakudesu.best/episode/bkclrv-episode-49-sub-indo/",
    "episode_date": "12 November,2018",
    "server": "mp4load",
    "quality": "360p",
    "data_content": "eyJpZCI6NzM2MDEsImkiOjAsInEiOiIzNjBwIn0=",
    "decoded_data": {
      "id": 73601,
      "i": 0,
      "q": "360p"
    },
    "stream_url": "https://www.mp4upload.com/embed-08awbkwcf0wl.html",
    "is_default": false,
    "timestamp": "2025-09-12T08:50:24.987Z"
  },
  {
    "anime_title": "Black Clover",
    "episode_title": "Black Clover Episode 49 Subtitle Indonesia",
    "episode_link": "https://otakudesu.best/episode/bkclrv-episode-49-sub-indo/",
    "episode_date": "12 November,2018",
    "server": "desudrive",
    "quality": "360p",
    "data_content": "eyJpZCI6NzM2MDEsImkiOjEsInEiOiIzNjBwIn0=",
    "decoded_data": {
      "id": 73601,
      "i": 1,
      "q": "360p"
    },
    "stream_url": "https://desustream.info/dstream/desudrive/player.php?id=ZUc4T3dEbDdEUXJ3dllRNXBDdGFBUmIvTm0rUGt0eUR1MzZiUkFoT01VcFl4NzYzenFBUGJaL3lTcEVaVitwaA==",
    "is_default": false,
    "timestamp": "2025-09-12T08:50:25.040Z"
  },
  {
    "anime_title": "Black Clover",
    "episode_title": "Black Clover Episode 49 Subtitle Indonesia",
    "episode_link": "https://otakudesu.best/episode/bkclrv-episode-49-sub-indo/",
    "episode_date": "12 November,2018",
    "server": "mega",
    "quality": "360p",
    "data_content": "eyJpZCI6NzM2MDEsImkiOjIsInEiOiIzNjBwIn0=",
    "decoded_data": {
      "id": 73601,
      "i": 2,
      "q": "360p"
    },
    "stream_url": "https://mega.nz/embed/#!NNIHmCyZ!VeyuYKDo5hoHn0YNrZ3Jxz55DV0bn4E_cK0D62oyfd8",
    "is_default": false,
    "timestamp": "2025-09-12T08:50:24.843Z"
  },
  {
    "anime_title": "Black Clover",
    "episode_title": "Black Clover Episode 49 Subtitle Indonesia",
    "episode_link": "https://otakudesu.best/episode/bkclrv-episode-49-sub-indo/",
    "episode_date": "12 November,2018",
    "server": "otakuplay",
    "quality": "480p",
    "data_content": "eyJpZCI6NzM2MDEsImkiOjAsInEiOiI0ODBwIn0=",
    "decoded_data": {
      "id": 73601,
      "i": 0,
      "q": "480p"
    },
    "stream_url": "https://desustream.info/dstream/otakuplay/v2/index.php?id=bFJXTWVHL3JOc2hTWFF4cXdLNTNpNE9xd2NTRWMvZWMyM3pFYlBpelRqWT0=",
    "is_default": true,
    "timestamp": "2025-09-12T08:50:24.868Z"
  },
  {
    "anime_title": "Black Clover",
    "episode_title": "Black Clover Episode 49 Subtitle Indonesia",
    "episode_link": "https://otakudesu.best/episode/bkclrv-episode-49-sub-indo/",
    "episode_date": "12 November,2018",
    "server": "desudrive",
    "quality": "480p",
    "data_content": "eyJpZCI6NzM2MDEsImkiOjEsInEiOiI0ODBwIn0=",
    "decoded_data": {
      "id": 73601,
      "i": 1,
      "q": "480p"
    },
    "stream_url": "https://desustream.info/dstream/desudrive/player.php?id=UUpibTVsSTg5eWttdjJWU3IrRU1hamt4NEpkZUdTQWlFZXNFb1oxck5jZE0yRzdNM2ZHVVNYT0pOOXNTVXZWaw==",
    "is_default": false,
    "timestamp": "2025-09-12T08:50:24.911Z"
  },
  {
    "anime_title": "Black Clover",
    "episode_title": "Black Clover Episode 49 Subtitle Indonesia",
    "episode_link": "https://otakudesu.best/episode/bkclrv-episode-49-sub-indo/",
    "episode_date": "12 November,2018",
    "server": "mega",
    "quality": "480p",
    "data_content": "eyJpZCI6NzM2MDEsImkiOjIsInEiOiI0ODBwIn0=",
    "decoded_data": {
      "id": 73601,
      "i": 2,
      "q": "480p"
    },
    "stream_url": "https://mega.nz/embed/#!pUghxYDL!0jmlX3cWVapxFyCnwyNySYV1FI9o4ijxRyC9BPeIT9Y",
    "is_default": false,
    "timestamp": "2025-09-12T08:50:24.928Z"
  },
  {
    "anime_title": "Black Clover",
    "episode_title": "Black Clover Episode 49 Subtitle Indonesia",
    "episode_link": "https://otakudesu.best/episode/bkclrv-episode-49-sub-indo/",
    "episode_date": "12 November,2018",
    "server": "otakustream",
    "quality": "720p",
    "data_content": "eyJpZCI6NzM2MDEsImkiOjAsInEiOiI3MjBwIn0=",
    "decoded_data": {
      "id": 73601,
      "i": 0,
      "q": "720p"
    },
    "stream_url": "https://desustream.info/dstream/otakustream/v2/index.php?id=ZHdJRWNDVllTaWFHTndPZ2F4VkhQZzNERjlUQXkxRmNJWFh5dVZ6RTVLUT0=",
    "is_default": false,
    "timestamp": "2025-09-12T08:50:24.966Z"
  },
  {
    "anime_title": "Black Clover",
    "episode_title": "Black Clover Episode 49 Subtitle Indonesia",
    "episode_link": "https://otakudesu.best/episode/bkclrv-episode-49-sub-indo/",
    "episode_date": "12 November,2018",
    "server": "desudrive",
    "quality": "720p",
    "data_content": "eyJpZCI6NzM2MDEsImkiOjEsInEiOiI3MjBwIn0=",
    "decoded_data": {
      "id": 73601,
      "i": 1,
      "q": "720p"
    },
    "stream_url": "https://desustream.info/dstream/desudrive/player.php?id=RFpSWUxXdGZ1emVndmNibUNFR1hBTmJUV0w2b05meG9mK3MrZUJ2V2dQNk1xSXRZemRDemh6Sjd5aHA5UkNlNQ==",
    "is_default": false,
    "timestamp": "2025-09-12T08:50:25.005Z"
  },
  {
    "anime_title": "Black Clover",
    "episode_title": "Black Clover Episode 49 Subtitle Indonesia",
    "episode_link": "https://otakudesu.best/episode/bkclrv-episode-49-sub-indo/",
    "episode_date": "12 November,2018",
    "server": "mega",
    "quality": "720p",
    "data_content": "eyJpZCI6NzM2MDEsImkiOjIsInEiOiI3MjBwIn0=",
    "decoded_data": {
      "id": 73601,
      "i": 2,
      "q": "720p"
    },
    "stream_url": "https://mega.nz/embed/#!FQ5xzIBB!VwFv2TpeeMrzREwwkrYb-8MeW0oeYFjJPA03svikCk8",
    "is_default": false,
    "timestamp": "2025-09-12T08:50:25.023Z"
  },
  {
    "anime_title": "Black Clover",
    "episode_title": "Black Clover Episode 50 Subtitle Indonesia",
    "episode_link": "https://otakudesu.best/episode/bkclrv-episode-50-sub-indo/",
    "episode_date": "12 November,2018",
    "server": "mp4load",
    "quality": "360p",
    "data_content": "eyJpZCI6NzM2MDIsImkiOjAsInEiOiIzNjBwIn0=",
    "decoded_data": {
      "id": 73602,
      "i": 0,
      "q": "360p"
    },
    "stream_url": "https://www.mp4upload.com/embed-1l6d3f7vw1kx.html",
    "is_default": false,
    "timestamp": "2025-09-12T08:50:25.823Z"
  },
  {
    "anime_title": "Black Clover",
    "episode_title": "Black Clover Episode 50 Subtitle Indonesia",
    "episode_link": "https://otakudesu.best/episode/bkclrv-episode-50-sub-indo/",
    "episode_date": "12 November,2018",
    "server": "desudrive",
    "quality": "360p",
    "data_content": "eyJpZCI6NzM2MDIsImkiOjEsInEiOiIzNjBwIn0=",
    "decoded_data": {
      "id": 73602,
      "i": 1,
      "q": "360p"
    },
    "stream_url": "https://desustream.info/dstream/desudrive/player.php?id=L0pGRGIrM2JGVFBLT1RqTVczUXdjSUwzdE9KVndUd1RVci9hc0M1dG1KMUZUTVZNajRsOGpjNlMzSDZGY1htaQ==",
    "is_default": false,
    "timestamp": "2025-09-12T08:50:25.877Z"
  },
  {
    "anime_title": "Black Clover",
    "episode_title": "Black Clover Episode 50 Subtitle Indonesia",
    "episode_link": "https://otakudesu.best/episode/bkclrv-episode-50-sub-indo/",
    "episode_date": "12 November,2018",
    "server": "desudrive",
    "quality": "480p",
    "data_content": "eyJpZCI6NzM2MDIsImkiOjEsInEiOiI0ODBwIn0=",
    "decoded_data": {
      "id": 73602,
      "i": 1,
      "q": "480p"
    },
    "stream_url": "https://desustream.info/dstream/desudrive/player.php?id=OWd2UldyQnR5WVlWZDNZd3g0QmtBMDhnclJTKzlXbWpnRWQweUExUGNFTUQ1L1czdmJKRldCYVIyVEFjaUtxWg==",
    "is_default": false,
    "timestamp": "2025-09-12T08:50:26.027Z"
  },
  {
    "anime_title": "Black Clover",
    "episode_title": "Black Clover Episode 50 Subtitle Indonesia",
    "episode_link": "https://otakudesu.best/episode/bkclrv-episode-50-sub-indo/",
    "episode_date": "12 November,2018",
    "server": "mega",
    "quality": "360p",
    "data_content": "eyJpZCI6NzM2MDIsImkiOjIsInEiOiIzNjBwIn0=",
    "decoded_data": {
      "id": 73602,
      "i": 2,
      "q": "360p"
    },
    "stream_url": "https://mega.nz/embed/#!oUIB2IRQ!94z0logxMSDoJNmsuFl8tm4C2cPl1hx_2bj-JNJ_Y0I",
    "is_default": false,
    "timestamp": "2025-09-12T08:50:26.079Z"
  },
  {
    "anime_title": "Black Clover",
    "episode_title": "Black Clover Episode 50 Subtitle Indonesia",
    "episode_link": "https://otakudesu.best/episode/bkclrv-episode-50-sub-indo/",
    "episode_date": "12 November,2018",
    "server": "otakustream",
    "quality": "720p",
    "data_content": "eyJpZCI6NzM2MDIsImkiOjAsInEiOiI3MjBwIn0=",
    "decoded_data": {
      "id": 73602,
      "i": 0,
      "q": "720p"
    },
    "stream_url": "https://desustream.info/dstream/otakustream/v2/index.php?id=K01icHRNNkNidVBkVndncWxMRmp0WlQ4QWdaSzVFK1NOYXBzc0ZVck1EUT0=",
    "is_default": false,
    "timestamp": "2025-09-12T08:50:26.110Z"
  },
  {
    "anime_title": "Black Clover",
    "episode_title": "Black Clover Episode 50 Subtitle Indonesia",
    "episode_link": "https://otakudesu.best/episode/bkclrv-episode-50-sub-indo/",
    "episode_date": "12 November,2018",
    "server": "desudrive",
    "quality": "720p",
    "data_content": "eyJpZCI6NzM2MDIsImkiOjEsInEiOiI3MjBwIn0=",
    "decoded_data": {
      "id": 73602,
      "i": 1,
      "q": "720p"
    },
    "stream_url": "https://desustream.info/dstream/desudrive/player.php?id=cGZRSWxjMWY3Z2FFb3ZyTzk2d0dRM3BLOE9rd2RGY1EvNjVjSWJlK2ZhcHhZS0d0ZmZSSjZiTHlvZk5EQzluSw==",
    "is_default": false,
    "timestamp": "2025-09-12T08:50:26.147Z"
  },
  {
    "anime_title": "Black Clover",
    "episode_title": "Black Clover Episode 50 Subtitle Indonesia",
    "episode_link": "https://otakudesu.best/episode/bkclrv-episode-50-sub-indo/",
    "episode_date": "12 November,2018",
    "server": "mega",
    "quality": "720p",
    "data_content": "eyJpZCI6NzM2MDIsImkiOjIsInEiOiI3MjBwIn0=",
    "decoded_data": {
      "id": 73602,
      "i": 2,
      "q": "720p"
    },
    "stream_url": "https://mega.nz/embed/#!8Qx1ECjY!-Ks27z-rgwqgOO2cGOEm0-TjPAgRT2JodHm1gtai3cY",
    "is_default": false,
    "timestamp": "2025-09-12T08:50:26.166Z"
  },
  {
    "anime_title": "Black Clover",
    "episode_title": "Black Clover Episode 50 Subtitle Indonesia",
    "episode_link": "https://otakudesu.best/episode/bkclrv-episode-50-sub-indo/",
    "episode_date": "12 November,2018",
    "server": "otakuplay",
    "quality": "480p",
    "data_content": "eyJpZCI6NzM2MDIsImkiOjAsInEiOiI0ODBwIn0=",
    "decoded_data": {
      "id": 73602,
      "i": 0,
      "q": "480p"
    },
    "stream_url": "https://desustream.info/dstream/otakuplay/v2/index.php?id=VnFUeTFmaFZ0eXoyQXU2U1NKM3BlYTVoWDczTnIyRnFMc2lKR0laaURrND0=",
    "is_default": true,
    "timestamp": "2025-09-12T08:50:26.277Z"
  },
  {
    "anime_title": "Black Clover",
    "episode_title": "Black Clover Episode 50 Subtitle Indonesia",
    "episode_link": "https://otakudesu.best/episode/bkclrv-episode-50-sub-indo/",
    "episode_date": "12 November,2018",
    "server": "mega",
    "quality": "480p",
    "data_content": "eyJpZCI6NzM2MDIsImkiOjIsInEiOiI0ODBwIn0=",
    "decoded_data": {
      "id": 73602,
      "i": 2,
      "q": "480p"
    },
    "stream_url": "https://mega.nz/embed/#!EUgTnSTS!qAfOOU-96uN04X-3bLdQhbHHQN6uj8HJd5IOwB9meLM",
    "is_default": false,
    "timestamp": "2025-09-12T08:50:26.378Z"
  },
  {
    "anime_title": "Black Clover",
    "episode_title": "Black Clover Episode 50 Subtitle Indonesia",
    "episode_link": "https://otakudesu.best/episode/bkclrv-episode-50-sub-indo/",
    "episode_date": "12 November,2018",
    "server": "mp4load",
    "quality": "360p",
    "data_content": "eyJpZCI6NzM2MDIsImkiOjAsInEiOiIzNjBwIn0=",
    "decoded_data": {
      "id": 73602,
      "i": 0,
      "q": "360p"
    },
    "stream_url": "https://www.mp4upload.com/embed-1l6d3f7vw1kx.html",
    "is_default": false,
    "timestamp": "2025-09-12T08:50:25.823Z"
  },
  {
    "anime_title": "Black Clover",
    "episode_title": "Black Clover Episode 50 Subtitle Indonesia",
    "episode_link": "https://otakudesu.best/episode/bkclrv-episode-50-sub-indo/",
    "episode_date": "12 November,2018",
    "server": "desudrive",
    "quality": "360p",
    "data_content": "eyJpZCI6NzM2MDIsImkiOjEsInEiOiIzNjBwIn0=",
    "decoded_data": {
      "id": 73602,
      "i": 1,
      "q": "360p"
    },
    "stream_url": "https://desustream.info/dstream/desudrive/player.php?id=L0pGRGIrM2JGVFBLT1RqTVczUXdjSUwzdE9KVndUd1RVci9hc0M1dG1KMUZUTVZNajRsOGpjNlMzSDZGY1htaQ==",
    "is_default": false,
    "timestamp": "2025-09-12T08:50:25.877Z"
  },
  {
    "anime_title": "Black Clover",
    "episode_title": "Black Clover Episode 50 Subtitle Indonesia",
    "episode_link": "https://otakudesu.best/episode/bkclrv-episode-50-sub-indo/",
    "episode_date": "12 November,2018",
    "server": "mega",
    "quality": "360p",
    "data_content": "eyJpZCI6NzM2MDIsImkiOjIsInEiOiIzNjBwIn0=",
    "decoded_data": {
      "id": 73602,
      "i": 2,
      "q": "360p"
    },
    "stream_url": "https://mega.nz/embed/#!oUIB2IRQ!94z0logxMSDoJNmsuFl8tm4C2cPl1hx_2bj-JNJ_Y0I",
    "is_default": false,
    "timestamp": "2025-09-12T08:50:26.079Z"
  },
  {
    "anime_title": "Black Clover",
    "episode_title": "Black Clover Episode 50 Subtitle Indonesia",
    "episode_link": "https://otakudesu.best/episode/bkclrv-episode-50-sub-indo/",
    "episode_date": "12 November,2018",
    "server": "otakuplay",
    "quality": "480p",
    "data_content": "eyJpZCI6NzM2MDIsImkiOjAsInEiOiI0ODBwIn0=",
    "decoded_data": {
      "id": 73602,
      "i": 0,
      "q": "480p"
    },
    "stream_url": "https://desustream.info/dstream/otakuplay/v2/index.php?id=VnFUeTFmaFZ0eXoyQXU2U1NKM3BlYTVoWDczTnIyRnFMc2lKR0laaURrND0=",
    "is_default": true,
    "timestamp": "2025-09-12T08:50:26.277Z"
  },
  {
    "anime_title": "Black Clover",
    "episode_title": "Black Clover Episode 50 Subtitle Indonesia",
    "episode_link": "https://otakudesu.best/episode/bkclrv-episode-50-sub-indo/",
    "episode_date": "12 November,2018",
    "server": "desudrive",
    "quality": "480p",
    "data_content": "eyJpZCI6NzM2MDIsImkiOjEsInEiOiI0ODBwIn0=",
    "decoded_data": {
      "id": 73602,
      "i": 1,
      "q": "480p"
    },
    "stream_url": "https://desustream.info/dstream/desudrive/player.php?id=OWd2UldyQnR5WVlWZDNZd3g0QmtBMDhnclJTKzlXbWpnRWQweUExUGNFTUQ1L1czdmJKRldCYVIyVEFjaUtxWg==",
    "is_default": false,
    "timestamp": "2025-09-12T08:50:26.027Z"
  },
  {
    "anime_title": "Black Clover",
    "episode_title": "Black Clover Episode 50 Subtitle Indonesia",
    "episode_link": "https://otakudesu.best/episode/bkclrv-episode-50-sub-indo/",
    "episode_date": "12 November,2018",
    "server": "mega",
    "quality": "480p",
    "data_content": "eyJpZCI6NzM2MDIsImkiOjIsInEiOiI0ODBwIn0=",
    "decoded_data": {
      "id": 73602,
      "i": 2,
      "q": "480p"
    },
    "stream_url": "https://mega.nz/embed/#!EUgTnSTS!qAfOOU-96uN04X-3bLdQhbHHQN6uj8HJd5IOwB9meLM",
    "is_default": false,
    "timestamp": "2025-09-12T08:50:26.378Z"
  },
  {
    "anime_title": "Black Clover",
    "episode_title": "Black Clover Episode 50 Subtitle Indonesia",
    "episode_link": "https://otakudesu.best/episode/bkclrv-episode-50-sub-indo/",
    "episode_date": "12 November,2018",
    "server": "otakustream",
    "quality": "720p",
    "data_content": "eyJpZCI6NzM2MDIsImkiOjAsInEiOiI3MjBwIn0=",
    "decoded_data": {
      "id": 73602,
      "i": 0,
      "q": "720p"
    },
    "stream_url": "https://desustream.info/dstream/otakustream/v2/index.php?id=K01icHRNNkNidVBkVndncWxMRmp0WlQ4QWdaSzVFK1NOYXBzc0ZVck1EUT0=",
    "is_default": false,
    "timestamp": "2025-09-12T08:50:26.110Z"
  },
  {
    "anime_title": "Black Clover",
    "episode_title": "Black Clover Episode 50 Subtitle Indonesia",
    "episode_link": "https://otakudesu.best/episode/bkclrv-episode-50-sub-indo/",
    "episode_date": "12 November,2018",
    "server": "desudrive",
    "quality": "720p",
    "data_content": "eyJpZCI6NzM2MDIsImkiOjEsInEiOiI3MjBwIn0=",
    "decoded_data": {
      "id": 73602,
      "i": 1,
      "q": "720p"
    },
    "stream_url": "https://desustream.info/dstream/desudrive/player.php?id=cGZRSWxjMWY3Z2FFb3ZyTzk2d0dRM3BLOE9rd2RGY1EvNjVjSWJlK2ZhcHhZS0d0ZmZSSjZiTHlvZk5EQzluSw==",
    "is_default": false,
    "timestamp": "2025-09-12T08:50:26.147Z"
  },
  {
    "anime_title": "Black Clover",
    "episode_title": "Black Clover Episode 50 Subtitle Indonesia",
    "episode_link": "https://otakudesu.best/episode/bkclrv-episode-50-sub-indo/",
    "episode_date": "12 November,2018",
    "server": "mega",
    "quality": "720p",
    "data_content": "eyJpZCI6NzM2MDIsImkiOjIsInEiOiI3MjBwIn0=",
    "decoded_data": {
      "id": 73602,
      "i": 2,
      "q": "720p"
    },
    "stream_url": "https://mega.nz/embed/#!8Qx1ECjY!-Ks27z-rgwqgOO2cGOEm0-TjPAgRT2JodHm1gtai3cY",
    "is_default": false,
    "timestamp": "2025-09-12T08:50:26.166Z"
  },
  {
    "anime_title": "Black Clover",
    "episode_title": "Black Clover Episode 51 Subtitle Indonesia",
    "episode_link": "https://otakudesu.best/episode/bkclrv-episode-51-sub-indo/",
    "episode_date": "16 November,2018",
    "server": "mp4load",
    "quality": "360p",
    "data_content": "eyJpZCI6NzM2NzAsImkiOjAsInEiOiIzNjBwIn0=",
    "decoded_data": {
      "id": 73670,
      "i": 0,
      "q": "360p"
    },
    "stream_url": "https://www.mp4upload.com/embed-uq9in5fo9t8f.html",
    "is_default": false,
    "timestamp": "2025-09-12T08:50:27.235Z"
  },
  {
    "anime_title": "Black Clover",
    "episode_title": "Black Clover Episode 51 Subtitle Indonesia",
    "episode_link": "https://otakudesu.best/episode/bkclrv-episode-51-sub-indo/",
    "episode_date": "16 November,2018",
    "server": "desudrive",
    "quality": "360p",
    "data_content": "eyJpZCI6NzM2NzAsImkiOjEsInEiOiIzNjBwIn0=",
    "decoded_data": {
      "id": 73670,
      "i": 1,
      "q": "360p"
    },
    "stream_url": "https://desustream.info/dstream/desudrive/player.php?id=NFRFQ3FlTS94a2NCbEdWOGhNeURQOHllVkVPbHRRMVFzaGE3dFVLNTMyVjNxczNiV2hFdm5PMktRK3VkTWJseQ==",
    "is_default": false,
    "timestamp": "2025-09-12T08:50:27.278Z"
  },
  {
    "anime_title": "Black Clover",
    "episode_title": "Black Clover Episode 51 Subtitle Indonesia",
    "episode_link": "https://otakudesu.best/episode/bkclrv-episode-51-sub-indo/",
    "episode_date": "16 November,2018",
    "server": "mega",
    "quality": "360p",
    "data_content": "eyJpZCI6NzM2NzAsImkiOjIsInEiOiIzNjBwIn0=",
    "decoded_data": {
      "id": 73670,
      "i": 2,
      "q": "360p"
    },
    "stream_url": "https://mega.nz/embed/#!BAIlTKYQ!8dW-UZFvx6p6IEryPz8iWOCQKdCFKGpQ_SjmClzAklQ",
    "is_default": false,
    "timestamp": "2025-09-12T08:50:27.322Z"
  },
  {
    "anime_title": "Black Clover",
    "episode_title": "Black Clover Episode 51 Subtitle Indonesia",
    "episode_link": "https://otakudesu.best/episode/bkclrv-episode-51-sub-indo/",
    "episode_date": "16 November,2018",
    "server": "otakuplay",
    "quality": "480p",
    "data_content": "eyJpZCI6NzM2NzAsImkiOjAsInEiOiI0ODBwIn0=",
    "decoded_data": {
      "id": 73670,
      "i": 0,
      "q": "480p"
    },
    "stream_url": "https://desustream.info/dstream/otakuplay/v2/index.php?id=VnFUeTFmaFZ0eXoyQXU2U1NKM3BlU2lHbTJyMWVlSnFpZmdqNDVSQTFRcz0=",
    "is_default": true,
    "timestamp": "2025-09-12T08:50:27.368Z"
  },
  {
    "anime_title": "Black Clover",
    "episode_title": "Black Clover Episode 51 Subtitle Indonesia",
    "episode_link": "https://otakudesu.best/episode/bkclrv-episode-51-sub-indo/",
    "episode_date": "16 November,2018",
    "server": "desudrive",
    "quality": "480p",
    "data_content": "eyJpZCI6NzM2NzAsImkiOjEsInEiOiI0ODBwIn0=",
    "decoded_data": {
      "id": 73670,
      "i": 1,
      "q": "480p"
    },
    "stream_url": "https://desustream.info/dstream/desudrive/player.php?id=d3p1VDVUOXVnOTBVWENKQWFiL3J1WnRQZTI3UVVDMHRHQndBVDUrTm80cndqNUQraWwrWTdHWVc1eE5POXBCQg==",
    "is_default": false,
    "timestamp": "2025-09-12T08:50:27.427Z"
  },
  {
    "anime_title": "Black Clover",
    "episode_title": "Black Clover Episode 51 Subtitle Indonesia",
    "episode_link": "https://otakudesu.best/episode/bkclrv-episode-51-sub-indo/",
    "episode_date": "16 November,2018",
    "server": "mega",
    "quality": "480p",
    "data_content": "eyJpZCI6NzM2NzAsImkiOjIsInEiOiI0ODBwIn0=",
    "decoded_data": {
      "id": 73670,
      "i": 2,
      "q": "480p"
    },
    "stream_url": "https://mega.nz/embed/#!0JJlSIIb!vX3TvRe5_cFltMUtJrb0Ab1Hvfs3DeCkC_GiEBKbaw0",
    "is_default": false,
    "timestamp": "2025-09-12T08:50:27.462Z"
  },
  {
    "anime_title": "Black Clover",
    "episode_title": "Black Clover Episode 51 Subtitle Indonesia",
    "episode_link": "https://otakudesu.best/episode/bkclrv-episode-51-sub-indo/",
    "episode_date": "16 November,2018",
    "server": "mega",
    "quality": "720p",
    "data_content": "eyJpZCI6NzM2NzAsImkiOjIsInEiOiI3MjBwIn0=",
    "decoded_data": {
      "id": 73670,
      "i": 2,
      "q": "720p"
    },
    "stream_url": "https://mega.nz/embed/#!RJQzmIaZ!OYEN2GViId5FuMuCm03M1EiCOVX06eaFZoRNLFJPVE8",
    "is_default": false,
    "timestamp": "2025-09-12T08:50:27.557Z"
  },
  {
    "anime_title": "Black Clover",
    "episode_title": "Black Clover Episode 51 Subtitle Indonesia",
    "episode_link": "https://otakudesu.best/episode/bkclrv-episode-51-sub-indo/",
    "episode_date": "16 November,2018",
    "server": "otakustream",
    "quality": "720p",
    "data_content": "eyJpZCI6NzM2NzAsImkiOjAsInEiOiI3MjBwIn0=",
    "decoded_data": {
      "id": 73670,
      "i": 0,
      "q": "720p"
    },
    "stream_url": "https://desustream.info/dstream/otakustream/v2/index.php?id=TjNQRmtITlcwbFMvYlJHWGpndGJKdGZYcnY5RVhleld6Rno4UGxqSnZiQT0=",
    "is_default": false,
    "timestamp": "2025-09-12T08:50:27.587Z"
  },
  {
    "anime_title": "Black Clover",
    "episode_title": "Black Clover Episode 51 Subtitle Indonesia",
    "episode_link": "https://otakudesu.best/episode/bkclrv-episode-51-sub-indo/",
    "episode_date": "16 November,2018",
    "server": "desudrive",
    "quality": "720p",
    "data_content": "eyJpZCI6NzM2NzAsImkiOjEsInEiOiI3MjBwIn0=",
    "decoded_data": {
      "id": 73670,
      "i": 1,
      "q": "720p"
    },
    "stream_url": "https://desustream.info/dstream/desudrive/player.php?id=WUlnUCttUTVmcFdzTDZmejNzeW4rdWVLeXlyVXVrblVsNUwxSTc3YUpDTS9Ec3MxWHp2L2JzbFZUQmNleGd1Yg==",
    "is_default": false,
    "timestamp": "2025-09-12T08:50:27.604Z"
  },
  {
    "anime_title": "Black Clover",
    "episode_title": "Black Clover Episode 51 Subtitle Indonesia",
    "episode_link": "https://otakudesu.best/episode/bkclrv-episode-51-sub-indo/",
    "episode_date": "16 November,2018",
    "server": "mp4load",
    "quality": "360p",
    "data_content": "eyJpZCI6NzM2NzAsImkiOjAsInEiOiIzNjBwIn0=",
    "decoded_data": {
      "id": 73670,
      "i": 0,
      "q": "360p"
    },
    "stream_url": "https://www.mp4upload.com/embed-uq9in5fo9t8f.html",
    "is_default": false,
    "timestamp": "2025-09-12T08:50:27.235Z"
  },
  {
    "anime_title": "Black Clover",
    "episode_title": "Black Clover Episode 51 Subtitle Indonesia",
    "episode_link": "https://otakudesu.best/episode/bkclrv-episode-51-sub-indo/",
    "episode_date": "16 November,2018",
    "server": "desudrive",
    "quality": "360p",
    "data_content": "eyJpZCI6NzM2NzAsImkiOjEsInEiOiIzNjBwIn0=",
    "decoded_data": {
      "id": 73670,
      "i": 1,
      "q": "360p"
    },
    "stream_url": "https://desustream.info/dstream/desudrive/player.php?id=NFRFQ3FlTS94a2NCbEdWOGhNeURQOHllVkVPbHRRMVFzaGE3dFVLNTMyVjNxczNiV2hFdm5PMktRK3VkTWJseQ==",
    "is_default": false,
    "timestamp": "2025-09-12T08:50:27.278Z"
  },
  {
    "anime_title": "Black Clover",
    "episode_title": "Black Clover Episode 51 Subtitle Indonesia",
    "episode_link": "https://otakudesu.best/episode/bkclrv-episode-51-sub-indo/",
    "episode_date": "16 November,2018",
    "server": "mega",
    "quality": "360p",
    "data_content": "eyJpZCI6NzM2NzAsImkiOjIsInEiOiIzNjBwIn0=",
    "decoded_data": {
      "id": 73670,
      "i": 2,
      "q": "360p"
    },
    "stream_url": "https://mega.nz/embed/#!BAIlTKYQ!8dW-UZFvx6p6IEryPz8iWOCQKdCFKGpQ_SjmClzAklQ",
    "is_default": false,
    "timestamp": "2025-09-12T08:50:27.322Z"
  },
  {
    "anime_title": "Black Clover",
    "episode_title": "Black Clover Episode 51 Subtitle Indonesia",
    "episode_link": "https://otakudesu.best/episode/bkclrv-episode-51-sub-indo/",
    "episode_date": "16 November,2018",
    "server": "otakuplay",
    "quality": "480p",
    "data_content": "eyJpZCI6NzM2NzAsImkiOjAsInEiOiI0ODBwIn0=",
    "decoded_data": {
      "id": 73670,
      "i": 0,
      "q": "480p"
    },
    "stream_url": "https://desustream.info/dstream/otakuplay/v2/index.php?id=VnFUeTFmaFZ0eXoyQXU2U1NKM3BlU2lHbTJyMWVlSnFpZmdqNDVSQTFRcz0=",
    "is_default": true,
    "timestamp": "2025-09-12T08:50:27.368Z"
  },
  {
    "anime_title": "Black Clover",
    "episode_title": "Black Clover Episode 51 Subtitle Indonesia",
    "episode_link": "https://otakudesu.best/episode/bkclrv-episode-51-sub-indo/",
    "episode_date": "16 November,2018",
    "server": "desudrive",
    "quality": "480p",
    "data_content": "eyJpZCI6NzM2NzAsImkiOjEsInEiOiI0ODBwIn0=",
    "decoded_data": {
      "id": 73670,
      "i": 1,
      "q": "480p"
    },
    "stream_url": "https://desustream.info/dstream/desudrive/player.php?id=d3p1VDVUOXVnOTBVWENKQWFiL3J1WnRQZTI3UVVDMHRHQndBVDUrTm80cndqNUQraWwrWTdHWVc1eE5POXBCQg==",
    "is_default": false,
    "timestamp": "2025-09-12T08:50:27.427Z"
  },
  {
    "anime_title": "Black Clover",
    "episode_title": "Black Clover Episode 51 Subtitle Indonesia",
    "episode_link": "https://otakudesu.best/episode/bkclrv-episode-51-sub-indo/",
    "episode_date": "16 November,2018",
    "server": "mega",
    "quality": "480p",
    "data_content": "eyJpZCI6NzM2NzAsImkiOjIsInEiOiI0ODBwIn0=",
    "decoded_data": {
      "id": 73670,
      "i": 2,
      "q": "480p"
    },
    "stream_url": "https://mega.nz/embed/#!0JJlSIIb!vX3TvRe5_cFltMUtJrb0Ab1Hvfs3DeCkC_GiEBKbaw0",
    "is_default": false,
    "timestamp": "2025-09-12T08:50:27.462Z"
  },
  {
    "anime_title": "Black Clover",
    "episode_title": "Black Clover Episode 51 Subtitle Indonesia",
    "episode_link": "https://otakudesu.best/episode/bkclrv-episode-51-sub-indo/",
    "episode_date": "16 November,2018",
    "server": "otakustream",
    "quality": "720p",
    "data_content": "eyJpZCI6NzM2NzAsImkiOjAsInEiOiI3MjBwIn0=",
    "decoded_data": {
      "id": 73670,
      "i": 0,
      "q": "720p"
    },
    "stream_url": "https://desustream.info/dstream/otakustream/v2/index.php?id=TjNQRmtITlcwbFMvYlJHWGpndGJKdGZYcnY5RVhleld6Rno4UGxqSnZiQT0=",
    "is_default": false,
    "timestamp": "2025-09-12T08:50:27.587Z"
  },
  {
    "anime_title": "Black Clover",
    "episode_title": "Black Clover Episode 51 Subtitle Indonesia",
    "episode_link": "https://otakudesu.best/episode/bkclrv-episode-51-sub-indo/",
    "episode_date": "16 November,2018",
    "server": "desudrive",
    "quality": "720p",
    "data_content": "eyJpZCI6NzM2NzAsImkiOjEsInEiOiI3MjBwIn0=",
    "decoded_data": {
      "id": 73670,
      "i": 1,
      "q": "720p"
    },
    "stream_url": "https://desustream.info/dstream/desudrive/player.php?id=WUlnUCttUTVmcFdzTDZmejNzeW4rdWVLeXlyVXVrblVsNUwxSTc3YUpDTS9Ec3MxWHp2L2JzbFZUQmNleGd1Yg==",
    "is_default": false,
    "timestamp": "2025-09-12T08:50:27.604Z"
  },
  {
    "anime_title": "Black Clover",
    "episode_title": "Black Clover Episode 51 Subtitle Indonesia",
    "episode_link": "https://otakudesu.best/episode/bkclrv-episode-51-sub-indo/",
    "episode_date": "16 November,2018",
    "server": "mega",
    "quality": "720p",
    "data_content": "eyJpZCI6NzM2NzAsImkiOjIsInEiOiI3MjBwIn0=",
    "decoded_data": {
      "id": 73670,
      "i": 2,
      "q": "720p"
    },
    "stream_url": "https://mega.nz/embed/#!RJQzmIaZ!OYEN2GViId5FuMuCm03M1EiCOVX06eaFZoRNLFJPVE8",
    "is_default": false,
    "timestamp": "2025-09-12T08:50:27.557Z"
  },
  {
    "anime_title": "Black Clover",
    "episode_title": "Black Clover Episode 52 Subtitle Indonesia",
    "episode_link": "https://otakudesu.best/episode/bkclrv-episode-52-sub-indo/",
    "episode_date": "16 November,2018",
    "server": "otakuplay",
    "quality": "480p",
    "data_content": "eyJpZCI6NzM2NzEsImkiOjAsInEiOiI0ODBwIn0=",
    "decoded_data": {
      "id": 73671,
      "i": 0,
      "q": "480p"
    },
    "stream_url": "https://desustream.info/dstream/otakuplay/v2/index.php?id=VnFUeTFmaFZ0eXoyQXU2U1NKM3BlV1VqQzRiUVF3MDlhWVZVdFJrRmJlYz0=",
    "is_default": true,
    "timestamp": "2025-09-12T08:50:28.586Z"
  },
  {
    "anime_title": "Black Clover",
    "episode_title": "Black Clover Episode 52 Subtitle Indonesia",
    "episode_link": "https://otakudesu.best/episode/bkclrv-episode-52-sub-indo/",
    "episode_date": "16 November,2018",
    "server": "desudrive",
    "quality": "480p",
    "data_content": "eyJpZCI6NzM2NzEsImkiOjEsInEiOiI0ODBwIn0=",
    "decoded_data": {
      "id": 73671,
      "i": 1,
      "q": "480p"
    },
    "stream_url": "https://desustream.info/dstream/desudrive/player.php?id=c01HNGIvY3prTXJIQTFRcHZMVVlodlVSUEs3cXAzRmIwbE9zVm9leGxmM1VTVldVVEswd21jY0ZXaTlESnZGbA==",
    "is_default": false,
    "timestamp": "2025-09-12T08:50:28.607Z"
  },
  {
    "anime_title": "Black Clover",
    "episode_title": "Black Clover Episode 52 Subtitle Indonesia",
    "episode_link": "https://otakudesu.best/episode/bkclrv-episode-52-sub-indo/",
    "episode_date": "16 November,2018",
    "server": "mega",
    "quality": "360p",
    "data_content": "eyJpZCI6NzM2NzEsImkiOjIsInEiOiIzNjBwIn0=",
    "decoded_data": {
      "id": 73671,
      "i": 2,
      "q": "360p"
    },
    "stream_url": "https://mega.nz/embed/#!0BYB2YxT!UXEnBMZeekB0ZAbTozzk4EL8MrQvWBa9ifzDTT16gkc",
    "is_default": false,
    "timestamp": "2025-09-12T08:50:28.625Z"
  },
  {
    "anime_title": "Black Clover",
    "episode_title": "Black Clover Episode 52 Subtitle Indonesia",
    "episode_link": "https://otakudesu.best/episode/bkclrv-episode-52-sub-indo/",
    "episode_date": "16 November,2018",
    "server": "mega",
    "quality": "480p",
    "data_content": "eyJpZCI6NzM2NzEsImkiOjIsInEiOiI0ODBwIn0=",
    "decoded_data": {
      "id": 73671,
      "i": 2,
      "q": "480p"
    },
    "stream_url": "https://mega.nz/embed/#!sBAhXKgY!Iv1rr02WX0vvVZSNKpTEJ6s76AWy6Bt8IfT5o5OBL5g",
    "is_default": false,
    "timestamp": "2025-09-12T08:50:28.644Z"
  },
  {
    "anime_title": "Black Clover",
    "episode_title": "Black Clover Episode 52 Subtitle Indonesia",
    "episode_link": "https://otakudesu.best/episode/bkclrv-episode-52-sub-indo/",
    "episode_date": "16 November,2018",
    "server": "otakustream",
    "quality": "720p",
    "data_content": "eyJpZCI6NzM2NzEsImkiOjAsInEiOiI3MjBwIn0=",
    "decoded_data": {
      "id": 73671,
      "i": 0,
      "q": "720p"
    },
    "stream_url": "https://desustream.info/dstream/otakustream/v2/index.php?id=TjNQRmtITlcwbFMvYlJHWGpndGJKbkRYRE0rTWdwYkxYOWhSZnJxcjNXQT0=",
    "is_default": false,
    "timestamp": "2025-09-12T08:50:28.662Z"
  },
  {
    "anime_title": "Black Clover",
    "episode_title": "Black Clover Episode 52 Subtitle Indonesia",
    "episode_link": "https://otakudesu.best/episode/bkclrv-episode-52-sub-indo/",
    "episode_date": "16 November,2018",
    "server": "desudrive",
    "quality": "720p",
    "data_content": "eyJpZCI6NzM2NzEsImkiOjEsInEiOiI3MjBwIn0=",
    "decoded_data": {
      "id": 73671,
      "i": 1,
      "q": "720p"
    },
    "stream_url": "https://desustream.info/dstream/desudrive/player.php?id=ajM1Y0JBMVd4aWhTa1dKd2kzODk4MW5lN2d3MHpMNVlyQkhieWFzTUFaN0l5a3hMK2ZNNjZ0NUZ2d2pCVE1HOA==",
    "is_default": false,
    "timestamp": "2025-09-12T08:50:28.705Z"
  },
  {
    "anime_title": "Black Clover",
    "episode_title": "Black Clover Episode 52 Subtitle Indonesia",
    "episode_link": "https://otakudesu.best/episode/bkclrv-episode-52-sub-indo/",
    "episode_date": "16 November,2018",
    "server": "mp4load",
    "quality": "360p",
    "data_content": "eyJpZCI6NzM2NzEsImkiOjAsInEiOiIzNjBwIn0=",
    "decoded_data": {
      "id": 73671,
      "i": 0,
      "q": "360p"
    },
    "stream_url": "https://www.mp4upload.com/embed-xrky53vyp4p8.html",
    "is_default": false,
    "timestamp": "2025-09-12T08:50:28.752Z"
  },
  {
    "anime_title": "Black Clover",
    "episode_title": "Black Clover Episode 52 Subtitle Indonesia",
    "episode_link": "https://otakudesu.best/episode/bkclrv-episode-52-sub-indo/",
    "episode_date": "16 November,2018",
    "server": "mega",
    "quality": "720p",
    "data_content": "eyJpZCI6NzM2NzEsImkiOjIsInEiOiI3MjBwIn0=",
    "decoded_data": {
      "id": 73671,
      "i": 2,
      "q": "720p"
    },
    "stream_url": "https://mega.nz/embed/#!IQQRXa4K!QIIs2wpmqrpNFnyG0vLRnG9cvhGxP7s4IveH1a758SI",
    "is_default": false,
    "timestamp": "2025-09-12T08:50:28.769Z"
  },
  {
    "anime_title": "Black Clover",
    "episode_title": "Black Clover Episode 52 Subtitle Indonesia",
    "episode_link": "https://otakudesu.best/episode/bkclrv-episode-52-sub-indo/",
    "episode_date": "16 November,2018",
    "server": "desudrive",
    "quality": "360p",
    "data_content": "eyJpZCI6NzM2NzEsImkiOjEsInEiOiIzNjBwIn0=",
    "decoded_data": {
      "id": 73671,
      "i": 1,
      "q": "360p"
    },
    "stream_url": "https://desustream.info/dstream/desudrive/player.php?id=MGQvVHlQR0J5WWNSUGNFYnFFMHh4c3BMR25OVGtINis0NkRnejA2czYyd0hvZnI0Y2JzSHUrWVRkMmdIWFc3MA==",
    "is_default": false,
    "timestamp": "2025-09-12T08:50:28.787Z"
  },
  {
    "anime_title": "Black Clover",
    "episode_title": "Black Clover Episode 52 Subtitle Indonesia",
    "episode_link": "https://otakudesu.best/episode/bkclrv-episode-52-sub-indo/",
    "episode_date": "16 November,2018",
    "server": "mp4load",
    "quality": "360p",
    "data_content": "eyJpZCI6NzM2NzEsImkiOjAsInEiOiIzNjBwIn0=",
    "decoded_data": {
      "id": 73671,
      "i": 0,
      "q": "360p"
    },
    "stream_url": "https://www.mp4upload.com/embed-xrky53vyp4p8.html",
    "is_default": false,
    "timestamp": "2025-09-12T08:50:28.752Z"
  },
  {
    "anime_title": "Black Clover",
    "episode_title": "Black Clover Episode 52 Subtitle Indonesia",
    "episode_link": "https://otakudesu.best/episode/bkclrv-episode-52-sub-indo/",
    "episode_date": "16 November,2018",
    "server": "desudrive",
    "quality": "360p",
    "data_content": "eyJpZCI6NzM2NzEsImkiOjEsInEiOiIzNjBwIn0=",
    "decoded_data": {
      "id": 73671,
      "i": 1,
      "q": "360p"
    },
    "stream_url": "https://desustream.info/dstream/desudrive/player.php?id=MGQvVHlQR0J5WWNSUGNFYnFFMHh4c3BMR25OVGtINis0NkRnejA2czYyd0hvZnI0Y2JzSHUrWVRkMmdIWFc3MA==",
    "is_default": false,
    "timestamp": "2025-09-12T08:50:28.787Z"
  },
  {
    "anime_title": "Black Clover",
    "episode_title": "Black Clover Episode 52 Subtitle Indonesia",
    "episode_link": "https://otakudesu.best/episode/bkclrv-episode-52-sub-indo/",
    "episode_date": "16 November,2018",
    "server": "mega",
    "quality": "360p",
    "data_content": "eyJpZCI6NzM2NzEsImkiOjIsInEiOiIzNjBwIn0=",
    "decoded_data": {
      "id": 73671,
      "i": 2,
      "q": "360p"
    },
    "stream_url": "https://mega.nz/embed/#!0BYB2YxT!UXEnBMZeekB0ZAbTozzk4EL8MrQvWBa9ifzDTT16gkc",
    "is_default": false,
    "timestamp": "2025-09-12T08:50:28.625Z"
  },
  {
    "anime_title": "Black Clover",
    "episode_title": "Black Clover Episode 52 Subtitle Indonesia",
    "episode_link": "https://otakudesu.best/episode/bkclrv-episode-52-sub-indo/",
    "episode_date": "16 November,2018",
    "server": "otakuplay",
    "quality": "480p",
    "data_content": "eyJpZCI6NzM2NzEsImkiOjAsInEiOiI0ODBwIn0=",
    "decoded_data": {
      "id": 73671,
      "i": 0,
      "q": "480p"
    },
    "stream_url": "https://desustream.info/dstream/otakuplay/v2/index.php?id=VnFUeTFmaFZ0eXoyQXU2U1NKM3BlV1VqQzRiUVF3MDlhWVZVdFJrRmJlYz0=",
    "is_default": true,
    "timestamp": "2025-09-12T08:50:28.586Z"
  },
  {
    "anime_title": "Black Clover",
    "episode_title": "Black Clover Episode 52 Subtitle Indonesia",
    "episode_link": "https://otakudesu.best/episode/bkclrv-episode-52-sub-indo/",
    "episode_date": "16 November,2018",
    "server": "desudrive",
    "quality": "480p",
    "data_content": "eyJpZCI6NzM2NzEsImkiOjEsInEiOiI0ODBwIn0=",
    "decoded_data": {
      "id": 73671,
      "i": 1,
      "q": "480p"
    },
    "stream_url": "https://desustream.info/dstream/desudrive/player.php?id=c01HNGIvY3prTXJIQTFRcHZMVVlodlVSUEs3cXAzRmIwbE9zVm9leGxmM1VTVldVVEswd21jY0ZXaTlESnZGbA==",
    "is_default": false,
    "timestamp": "2025-09-12T08:50:28.607Z"
  },
  {
    "anime_title": "Black Clover",
    "episode_title": "Black Clover Episode 52 Subtitle Indonesia",
    "episode_link": "https://otakudesu.best/episode/bkclrv-episode-52-sub-indo/",
    "episode_date": "16 November,2018",
    "server": "mega",
    "quality": "480p",
    "data_content": "eyJpZCI6NzM2NzEsImkiOjIsInEiOiI0ODBwIn0=",
    "decoded_data": {
      "id": 73671,
      "i": 2,
      "q": "480p"
    },
    "stream_url": "https://mega.nz/embed/#!sBAhXKgY!Iv1rr02WX0vvVZSNKpTEJ6s76AWy6Bt8IfT5o5OBL5g",
    "is_default": false,
    "timestamp": "2025-09-12T08:50:28.644Z"
  },
  {
    "anime_title": "Black Clover",
    "episode_title": "Black Clover Episode 52 Subtitle Indonesia",
    "episode_link": "https://otakudesu.best/episode/bkclrv-episode-52-sub-indo/",
    "episode_date": "16 November,2018",
    "server": "otakustream",
    "quality": "720p",
    "data_content": "eyJpZCI6NzM2NzEsImkiOjAsInEiOiI3MjBwIn0=",
    "decoded_data": {
      "id": 73671,
      "i": 0,
      "q": "720p"
    },
    "stream_url": "https://desustream.info/dstream/otakustream/v2/index.php?id=TjNQRmtITlcwbFMvYlJHWGpndGJKbkRYRE0rTWdwYkxYOWhSZnJxcjNXQT0=",
    "is_default": false,
    "timestamp": "2025-09-12T08:50:28.662Z"
  },
  {
    "anime_title": "Black Clover",
    "episode_title": "Black Clover Episode 52 Subtitle Indonesia",
    "episode_link": "https://otakudesu.best/episode/bkclrv-episode-52-sub-indo/",
    "episode_date": "16 November,2018",
    "server": "desudrive",
    "quality": "720p",
    "data_content": "eyJpZCI6NzM2NzEsImkiOjEsInEiOiI3MjBwIn0=",
    "decoded_data": {
      "id": 73671,
      "i": 1,
      "q": "720p"
    },
    "stream_url": "https://desustream.info/dstream/desudrive/player.php?id=ajM1Y0JBMVd4aWhTa1dKd2kzODk4MW5lN2d3MHpMNVlyQkhieWFzTUFaN0l5a3hMK2ZNNjZ0NUZ2d2pCVE1HOA==",
    "is_default": false,
    "timestamp": "2025-09-12T08:50:28.705Z"
  },
  {
    "anime_title": "Black Clover",
    "episode_title": "Black Clover Episode 52 Subtitle Indonesia",
    "episode_link": "https://otakudesu.best/episode/bkclrv-episode-52-sub-indo/",
    "episode_date": "16 November,2018",
    "server": "mega",
    "quality": "720p",
    "data_content": "eyJpZCI6NzM2NzEsImkiOjIsInEiOiI3MjBwIn0=",
    "decoded_data": {
      "id": 73671,
      "i": 2,
      "q": "720p"
    },
    "stream_url": "https://mega.nz/embed/#!IQQRXa4K!QIIs2wpmqrpNFnyG0vLRnG9cvhGxP7s4IveH1a758SI",
    "is_default": false,
    "timestamp": "2025-09-12T08:50:28.769Z"
  },
  {
    "anime_title": "Black Clover",
    "episode_title": "Black Clover Episode 53 Subtitle Indonesia",
    "episode_link": "https://otakudesu.best/episode/bkclrv-episode-53-sub-indo/",
    "episode_date": "16 November,2018",
    "server": "mp4load",
    "quality": "360p",
    "data_content": "eyJpZCI6NzM2NzIsImkiOjAsInEiOiIzNjBwIn0=",
    "decoded_data": {
      "id": 73672,
      "i": 0,
      "q": "360p"
    },
    "stream_url": "https://www.mp4upload.com/embed-3brlpn3ecfaz.html",
    "is_default": false,
    "timestamp": "2025-09-12T08:50:30.103Z"
  },
  {
    "anime_title": "Black Clover",
    "episode_title": "Black Clover Episode 53 Subtitle Indonesia",
    "episode_link": "https://otakudesu.best/episode/bkclrv-episode-53-sub-indo/",
    "episode_date": "16 November,2018",
    "server": "desudrive",
    "quality": "360p",
    "data_content": "eyJpZCI6NzM2NzIsImkiOjEsInEiOiIzNjBwIn0=",
    "decoded_data": {
      "id": 73672,
      "i": 1,
      "q": "360p"
    },
    "stream_url": "https://desustream.info/dstream/desudrive/player.php?id=TlJXREtJMjZDSkl0M2ZIclRHQy9mdWVlWGo3RzRTZWRtY3FXRzl6WVFkZWExaW4wc1hSYnNoZ2lMT1ZmdEFSOA==",
    "is_default": false,
    "timestamp": "2025-09-12T08:50:30.124Z"
  },
  {
    "anime_title": "Black Clover",
    "episode_title": "Black Clover Episode 53 Subtitle Indonesia",
    "episode_link": "https://otakudesu.best/episode/bkclrv-episode-53-sub-indo/",
    "episode_date": "16 November,2018",
    "server": "desudrive",
    "quality": "720p",
    "data_content": "eyJpZCI6NzM2NzIsImkiOjEsInEiOiI3MjBwIn0=",
    "decoded_data": {
      "id": 73672,
      "i": 1,
      "q": "720p"
    },
    "stream_url": "https://desustream.info/dstream/desudrive/player.php?id=b2s2T1U4MlFkZlZkOHlKUlNIaWl3OGxQc25qalpsS0tzZ2g1WGJVTWRCMlB0OHRWOEF3TnlTMEtNaDV0SlFnQQ==",
    "is_default": false,
    "timestamp": "2025-09-12T08:50:30.383Z"
  },
  {
    "anime_title": "Black Clover",
    "episode_title": "Black Clover Episode 53 Subtitle Indonesia",
    "episode_link": "https://otakudesu.best/episode/bkclrv-episode-53-sub-indo/",
    "episode_date": "16 November,2018",
    "server": "otakustream",
    "quality": "720p",
    "data_content": "eyJpZCI6NzM2NzIsImkiOjAsInEiOiI3MjBwIn0=",
    "decoded_data": {
      "id": 73672,
      "i": 0,
      "q": "720p"
    },
    "stream_url": "https://desustream.info/dstream/otakustream/v2/index.php?id=TjNQRmtITlcwbFMvYlJHWGpndGJKbVJWc0syeHJoTlFETjh6aW5PbVh6ST0=",
    "is_default": false,
    "timestamp": "2025-09-12T08:50:30.401Z"
  },
  {
    "anime_title": "Black Clover",
    "episode_title": "Black Clover Episode 53 Subtitle Indonesia",
    "episode_link": "https://otakudesu.best/episode/bkclrv-episode-53-sub-indo/",
    "episode_date": "16 November,2018",
    "server": "mega",
    "quality": "720p",
    "data_content": "eyJpZCI6NzM2NzIsImkiOjIsInEiOiI3MjBwIn0=",
    "decoded_data": {
      "id": 73672,
      "i": 2,
      "q": "720p"
    },
    "stream_url": "https://mega.nz/embed/#!FVQhUAAT!l1iWQCbbxXl6dbMFn6sAHrNEHx7ZIbNbycd-AL_ps8k",
    "is_default": false,
    "timestamp": "2025-09-12T08:50:30.446Z"
  },
  {
    "anime_title": "Black Clover",
    "episode_title": "Black Clover Episode 53 Subtitle Indonesia",
    "episode_link": "https://otakudesu.best/episode/bkclrv-episode-53-sub-indo/",
    "episode_date": "16 November,2018",
    "server": "mega",
    "quality": "480p",
    "data_content": "eyJpZCI6NzM2NzIsImkiOjIsInEiOiI0ODBwIn0=",
    "decoded_data": {
      "id": 73672,
      "i": 2,
      "q": "480p"
    },
    "stream_url": "https://mega.nz/embed/#!sIZR0aYQ!zW9zVVt9aK_INgKCwrZObY8v6dfFFoogyCUWqR6juD8",
    "is_default": false,
    "timestamp": "2025-09-12T08:50:30.470Z"
  },
  {
    "anime_title": "Black Clover",
    "episode_title": "Black Clover Episode 53 Subtitle Indonesia",
    "episode_link": "https://otakudesu.best/episode/bkclrv-episode-53-sub-indo/",
    "episode_date": "16 November,2018",
    "server": "mega",
    "quality": "360p",
    "data_content": "eyJpZCI6NzM2NzIsImkiOjIsInEiOiIzNjBwIn0=",
    "decoded_data": {
      "id": 73672,
      "i": 2,
      "q": "360p"
    },
    "stream_url": "https://mega.nz/embed/#!IEJBgapD!gVdVsTIWGlv23WWHpO2Iln0ILKDZ7yD-nsDyUKiVRkY",
    "is_default": false,
    "timestamp": "2025-09-12T08:50:30.487Z"
  },
  {
    "anime_title": "Black Clover",
    "episode_title": "Black Clover Episode 53 Subtitle Indonesia",
    "episode_link": "https://otakudesu.best/episode/bkclrv-episode-53-sub-indo/",
    "episode_date": "16 November,2018",
    "server": "otakuplay",
    "quality": "480p",
    "data_content": "eyJpZCI6NzM2NzIsImkiOjAsInEiOiI0ODBwIn0=",
    "decoded_data": {
      "id": 73672,
      "i": 0,
      "q": "480p"
    },
    "stream_url": "https://desustream.info/dstream/otakuplay/v2/index.php?id=VnFUeTFmaFZ0eXoyQXU2U1NKM3BlV0VLTTByK1dTbDdPL2M3dUwyL1Foaz0=",
    "is_default": true,
    "timestamp": "2025-09-12T08:50:30.519Z"
  },
  {
    "anime_title": "Black Clover",
    "episode_title": "Black Clover Episode 53 Subtitle Indonesia",
    "episode_link": "https://otakudesu.best/episode/bkclrv-episode-53-sub-indo/",
    "episode_date": "16 November,2018",
    "server": "desudrive",
    "quality": "480p",
    "data_content": "eyJpZCI6NzM2NzIsImkiOjEsInEiOiI0ODBwIn0=",
    "decoded_data": {
      "id": 73672,
      "i": 1,
      "q": "480p"
    },
    "stream_url": "https://desustream.info/dstream/desudrive/player.php?id=ZW1uWUZHYVRUd0RJbCt0Z29pcG9hT29aNjBDYUxPdHgxSGJFY3ZSVXpHbm5waHZtNjlNYW5VQnI0c2tmd0JRaA==",
    "is_default": false,
    "timestamp": "2025-09-12T08:50:30.547Z"
  },
  {
    "anime_title": "Black Clover",
    "episode_title": "Black Clover Episode 53 Subtitle Indonesia",
    "episode_link": "https://otakudesu.best/episode/bkclrv-episode-53-sub-indo/",
    "episode_date": "16 November,2018",
    "server": "mp4load",
    "quality": "360p",
    "data_content": "eyJpZCI6NzM2NzIsImkiOjAsInEiOiIzNjBwIn0=",
    "decoded_data": {
      "id": 73672,
      "i": 0,
      "q": "360p"
    },
    "stream_url": "https://www.mp4upload.com/embed-3brlpn3ecfaz.html",
    "is_default": false,
    "timestamp": "2025-09-12T08:50:30.103Z"
  },
  {
    "anime_title": "Black Clover",
    "episode_title": "Black Clover Episode 53 Subtitle Indonesia",
    "episode_link": "https://otakudesu.best/episode/bkclrv-episode-53-sub-indo/",
    "episode_date": "16 November,2018",
    "server": "desudrive",
    "quality": "360p",
    "data_content": "eyJpZCI6NzM2NzIsImkiOjEsInEiOiIzNjBwIn0=",
    "decoded_data": {
      "id": 73672,
      "i": 1,
      "q": "360p"
    },
    "stream_url": "https://desustream.info/dstream/desudrive/player.php?id=TlJXREtJMjZDSkl0M2ZIclRHQy9mdWVlWGo3RzRTZWRtY3FXRzl6WVFkZWExaW4wc1hSYnNoZ2lMT1ZmdEFSOA==",
    "is_default": false,
    "timestamp": "2025-09-12T08:50:30.124Z"
  },
  {
    "anime_title": "Black Clover",
    "episode_title": "Black Clover Episode 53 Subtitle Indonesia",
    "episode_link": "https://otakudesu.best/episode/bkclrv-episode-53-sub-indo/",
    "episode_date": "16 November,2018",
    "server": "mega",
    "quality": "360p",
    "data_content": "eyJpZCI6NzM2NzIsImkiOjIsInEiOiIzNjBwIn0=",
    "decoded_data": {
      "id": 73672,
      "i": 2,
      "q": "360p"
    },
    "stream_url": "https://mega.nz/embed/#!IEJBgapD!gVdVsTIWGlv23WWHpO2Iln0ILKDZ7yD-nsDyUKiVRkY",
    "is_default": false,
    "timestamp": "2025-09-12T08:50:30.487Z"
  },
  {
    "anime_title": "Black Clover",
    "episode_title": "Black Clover Episode 53 Subtitle Indonesia",
    "episode_link": "https://otakudesu.best/episode/bkclrv-episode-53-sub-indo/",
    "episode_date": "16 November,2018",
    "server": "otakuplay",
    "quality": "480p",
    "data_content": "eyJpZCI6NzM2NzIsImkiOjAsInEiOiI0ODBwIn0=",
    "decoded_data": {
      "id": 73672,
      "i": 0,
      "q": "480p"
    },
    "stream_url": "https://desustream.info/dstream/otakuplay/v2/index.php?id=VnFUeTFmaFZ0eXoyQXU2U1NKM3BlV0VLTTByK1dTbDdPL2M3dUwyL1Foaz0=",
    "is_default": true,
    "timestamp": "2025-09-12T08:50:30.519Z"
  },
  {
    "anime_title": "Black Clover",
    "episode_title": "Black Clover Episode 53 Subtitle Indonesia",
    "episode_link": "https://otakudesu.best/episode/bkclrv-episode-53-sub-indo/",
    "episode_date": "16 November,2018",
    "server": "desudrive",
    "quality": "480p",
    "data_content": "eyJpZCI6NzM2NzIsImkiOjEsInEiOiI0ODBwIn0=",
    "decoded_data": {
      "id": 73672,
      "i": 1,
      "q": "480p"
    },
    "stream_url": "https://desustream.info/dstream/desudrive/player.php?id=ZW1uWUZHYVRUd0RJbCt0Z29pcG9hT29aNjBDYUxPdHgxSGJFY3ZSVXpHbm5waHZtNjlNYW5VQnI0c2tmd0JRaA==",
    "is_default": false,
    "timestamp": "2025-09-12T08:50:30.547Z"
  },
  {
    "anime_title": "Black Clover",
    "episode_title": "Black Clover Episode 53 Subtitle Indonesia",
    "episode_link": "https://otakudesu.best/episode/bkclrv-episode-53-sub-indo/",
    "episode_date": "16 November,2018",
    "server": "mega",
    "quality": "480p",
    "data_content": "eyJpZCI6NzM2NzIsImkiOjIsInEiOiI0ODBwIn0=",
    "decoded_data": {
      "id": 73672,
      "i": 2,
      "q": "480p"
    },
    "stream_url": "https://mega.nz/embed/#!sIZR0aYQ!zW9zVVt9aK_INgKCwrZObY8v6dfFFoogyCUWqR6juD8",
    "is_default": false,
    "timestamp": "2025-09-12T08:50:30.470Z"
  },
  {
    "anime_title": "Black Clover",
    "episode_title": "Black Clover Episode 53 Subtitle Indonesia",
    "episode_link": "https://otakudesu.best/episode/bkclrv-episode-53-sub-indo/",
    "episode_date": "16 November,2018",
    "server": "otakustream",
    "quality": "720p",
    "data_content": "eyJpZCI6NzM2NzIsImkiOjAsInEiOiI3MjBwIn0=",
    "decoded_data": {
      "id": 73672,
      "i": 0,
      "q": "720p"
    },
    "stream_url": "https://desustream.info/dstream/otakustream/v2/index.php?id=TjNQRmtITlcwbFMvYlJHWGpndGJKbVJWc0syeHJoTlFETjh6aW5PbVh6ST0=",
    "is_default": false,
    "timestamp": "2025-09-12T08:50:30.401Z"
  },
  {
    "anime_title": "Black Clover",
    "episode_title": "Black Clover Episode 53 Subtitle Indonesia",
    "episode_link": "https://otakudesu.best/episode/bkclrv-episode-53-sub-indo/",
    "episode_date": "16 November,2018",
    "server": "desudrive",
    "quality": "720p",
    "data_content": "eyJpZCI6NzM2NzIsImkiOjEsInEiOiI3MjBwIn0=",
    "decoded_data": {
      "id": 73672,
      "i": 1,
      "q": "720p"
    },
    "stream_url": "https://desustream.info/dstream/desudrive/player.php?id=b2s2T1U4MlFkZlZkOHlKUlNIaWl3OGxQc25qalpsS0tzZ2g1WGJVTWRCMlB0OHRWOEF3TnlTMEtNaDV0SlFnQQ==",
    "is_default": false,
    "timestamp": "2025-09-12T08:50:30.383Z"
  },
  {
    "anime_title": "Black Clover",
    "episode_title": "Black Clover Episode 53 Subtitle Indonesia",
    "episode_link": "https://otakudesu.best/episode/bkclrv-episode-53-sub-indo/",
    "episode_date": "16 November,2018",
    "server": "mega",
    "quality": "720p",
    "data_content": "eyJpZCI6NzM2NzIsImkiOjIsInEiOiI3MjBwIn0=",
    "decoded_data": {
      "id": 73672,
      "i": 2,
      "q": "720p"
    },
    "stream_url": "https://mega.nz/embed/#!FVQhUAAT!l1iWQCbbxXl6dbMFn6sAHrNEHx7ZIbNbycd-AL_ps8k",
    "is_default": false,
    "timestamp": "2025-09-12T08:50:30.446Z"
  },
  {
    "anime_title": "Black Clover",
    "episode_title": "Black Clover Episode 54 Subtitle Indonesia",
    "episode_link": "https://otakudesu.best/episode/bkclrv-episode-54-sub-indo/",
    "episode_date": "16 November,2018",
    "server": "desudrive",
    "quality": "360p",
    "data_content": "eyJpZCI6NzM2NzMsImkiOjEsInEiOiIzNjBwIn0=",
    "decoded_data": {
      "id": 73673,
      "i": 1,
      "q": "360p"
    },
    "stream_url": "https://desustream.info/dstream/desudrive/player.php?id=bGlzNXpseVorZm16M3JsWmkrMXdyUFNhRFBhWkVwVXpmSUlsc25sKzcrOXFYN2NSTE9YRnZUL1pGam03MzlWNQ==",
    "is_default": false,
    "timestamp": "2025-09-12T08:50:31.533Z"
  },
  {
    "anime_title": "Black Clover",
    "episode_title": "Black Clover Episode 54 Subtitle Indonesia",
    "episode_link": "https://otakudesu.best/episode/bkclrv-episode-54-sub-indo/",
    "episode_date": "16 November,2018",
    "server": "mega",
    "quality": "360p",
    "data_content": "eyJpZCI6NzM2NzMsImkiOjIsInEiOiIzNjBwIn0=",
    "decoded_data": {
      "id": 73673,
      "i": 2,
      "q": "360p"
    },
    "stream_url": "https://mega.nz/embed/#!sIJnGKTS!qYAQtNXd--wNUwLBB4ivomcbhEkk6fbBOud9_hszunQ",
    "is_default": false,
    "timestamp": "2025-09-12T08:50:31.552Z"
  },
  {
    "anime_title": "Black Clover",
    "episode_title": "Black Clover Episode 54 Subtitle Indonesia",
    "episode_link": "https://otakudesu.best/episode/bkclrv-episode-54-sub-indo/",
    "episode_date": "16 November,2018",
    "server": "otakuplay",
    "quality": "480p",
    "data_content": "eyJpZCI6NzM2NzMsImkiOjAsInEiOiI0ODBwIn0=",
    "decoded_data": {
      "id": 73673,
      "i": 0,
      "q": "480p"
    },
    "stream_url": "https://desustream.info/dstream/otakuplay/v2/index.php?id=VnFUeTFmaFZ0eXoyQXU2U1NKM3BlVm9sNytlbEdmZlR0em9nZmoxb1hZRT0=",
    "is_default": true,
    "timestamp": "2025-09-12T08:50:31.572Z"
  },
  {
    "anime_title": "Black Clover",
    "episode_title": "Black Clover Episode 54 Subtitle Indonesia",
    "episode_link": "https://otakudesu.best/episode/bkclrv-episode-54-sub-indo/",
    "episode_date": "16 November,2018",
    "server": "mp4load",
    "quality": "360p",
    "data_content": "eyJpZCI6NzM2NzMsImkiOjAsInEiOiIzNjBwIn0=",
    "decoded_data": {
      "id": 73673,
      "i": 0,
      "q": "360p"
    },
    "stream_url": "https://www.mp4upload.com/embed-kucgnhaduq0l.html",
    "is_default": false,
    "timestamp": "2025-09-12T08:50:31.598Z"
  },
  {
    "anime_title": "Black Clover",
    "episode_title": "Black Clover Episode 54 Subtitle Indonesia",
    "episode_link": "https://otakudesu.best/episode/bkclrv-episode-54-sub-indo/",
    "episode_date": "16 November,2018",
    "server": "desudrive",
    "quality": "480p",
    "data_content": "eyJpZCI6NzM2NzMsImkiOjEsInEiOiI0ODBwIn0=",
    "decoded_data": {
      "id": 73673,
      "i": 1,
      "q": "480p"
    },
    "stream_url": "https://desustream.info/dstream/desudrive/player.php?id=RzZWR2l0TXJBU1k4cGh6TDd3UThyZjBvQ2VybTd1aFlRQ1dNUUJuMk5CdUljRGhzVnVScFpKSTVTWFVNQTUzZw==",
    "is_default": false,
    "timestamp": "2025-09-12T08:50:31.618Z"
  },
  {
    "anime_title": "Black Clover",
    "episode_title": "Black Clover Episode 54 Subtitle Indonesia",
    "episode_link": "https://otakudesu.best/episode/bkclrv-episode-54-sub-indo/",
    "episode_date": "16 November,2018",
    "server": "mega",
    "quality": "480p",
    "data_content": "eyJpZCI6NzM2NzMsImkiOjIsInEiOiI0ODBwIn0=",
    "decoded_data": {
      "id": 73673,
      "i": 2,
      "q": "480p"
    },
    "stream_url": "https://mega.nz/embed/#!cER1iAgb!oFZQ62yvrhMNtq0xOopeVeDxWCaEnx5cNQ1UwSxl12Q",
    "is_default": false,
    "timestamp": "2025-09-12T08:50:31.636Z"
  },
  {
    "anime_title": "Black Clover",
    "episode_title": "Black Clover Episode 54 Subtitle Indonesia",
    "episode_link": "https://otakudesu.best/episode/bkclrv-episode-54-sub-indo/",
    "episode_date": "16 November,2018",
    "server": "otakustream",
    "quality": "720p",
    "data_content": "eyJpZCI6NzM2NzMsImkiOjAsInEiOiI3MjBwIn0=",
    "decoded_data": {
      "id": 73673,
      "i": 0,
      "q": "720p"
    },
    "stream_url": "https://desustream.info/dstream/otakustream/v2/index.php?id=TjNQRmtITlcwbFMvYlJHWGpndGJKb0Yyb3BpR0FkVFNuUDJyUHpLL21wYz0=",
    "is_default": false,
    "timestamp": "2025-09-12T08:50:31.693Z"
  },
  {
    "anime_title": "Black Clover",
    "episode_title": "Black Clover Episode 54 Subtitle Indonesia",
    "episode_link": "https://otakudesu.best/episode/bkclrv-episode-54-sub-indo/",
    "episode_date": "16 November,2018",
    "server": "desudrive",
    "quality": "720p",
    "data_content": "eyJpZCI6NzM2NzMsImkiOjEsInEiOiI3MjBwIn0=",
    "decoded_data": {
      "id": 73673,
      "i": 1,
      "q": "720p"
    },
    "stream_url": "https://desustream.info/dstream/desudrive/player.php?id=OTRhRHFOajgrbVVwZlhWRGYweFdJNzJCcEk2UEQ2Q2g0RUFsZWVON0E3MmR5bE9JYlRPMlkzL0xoclhEMTN2ZA==",
    "is_default": false,
    "timestamp": "2025-09-12T08:50:31.726Z"
  },
  {
    "anime_title": "Black Clover",
    "episode_title": "Black Clover Episode 54 Subtitle Indonesia",
    "episode_link": "https://otakudesu.best/episode/bkclrv-episode-54-sub-indo/",
    "episode_date": "16 November,2018",
    "server": "mega",
    "quality": "720p",
    "data_content": "eyJpZCI6NzM2NzMsImkiOjIsInEiOiI3MjBwIn0=",
    "decoded_data": {
      "id": 73673,
      "i": 2,
      "q": "720p"
    },
    "stream_url": "https://mega.nz/embed/#!gUJjRK4T!MPnMjpjQ8-fqQvO1enHg4N5NusW7JfRGICeu8DfrYKE",
    "is_default": false,
    "timestamp": "2025-09-12T08:50:31.775Z"
  },
  {
    "anime_title": "Black Clover",
    "episode_title": "Black Clover Episode 54 Subtitle Indonesia",
    "episode_link": "https://otakudesu.best/episode/bkclrv-episode-54-sub-indo/",
    "episode_date": "16 November,2018",
    "server": "mp4load",
    "quality": "360p",
    "data_content": "eyJpZCI6NzM2NzMsImkiOjAsInEiOiIzNjBwIn0=",
    "decoded_data": {
      "id": 73673,
      "i": 0,
      "q": "360p"
    },
    "stream_url": "https://www.mp4upload.com/embed-kucgnhaduq0l.html",
    "is_default": false,
    "timestamp": "2025-09-12T08:50:31.598Z"
  },
  {
    "anime_title": "Black Clover",
    "episode_title": "Black Clover Episode 54 Subtitle Indonesia",
    "episode_link": "https://otakudesu.best/episode/bkclrv-episode-54-sub-indo/",
    "episode_date": "16 November,2018",
    "server": "desudrive",
    "quality": "360p",
    "data_content": "eyJpZCI6NzM2NzMsImkiOjEsInEiOiIzNjBwIn0=",
    "decoded_data": {
      "id": 73673,
      "i": 1,
      "q": "360p"
    },
    "stream_url": "https://desustream.info/dstream/desudrive/player.php?id=bGlzNXpseVorZm16M3JsWmkrMXdyUFNhRFBhWkVwVXpmSUlsc25sKzcrOXFYN2NSTE9YRnZUL1pGam03MzlWNQ==",
    "is_default": false,
    "timestamp": "2025-09-12T08:50:31.533Z"
  },
  {
    "anime_title": "Black Clover",
    "episode_title": "Black Clover Episode 54 Subtitle Indonesia",
    "episode_link": "https://otakudesu.best/episode/bkclrv-episode-54-sub-indo/",
    "episode_date": "16 November,2018",
    "server": "mega",
    "quality": "360p",
    "data_content": "eyJpZCI6NzM2NzMsImkiOjIsInEiOiIzNjBwIn0=",
    "decoded_data": {
      "id": 73673,
      "i": 2,
      "q": "360p"
    },
    "stream_url": "https://mega.nz/embed/#!sIJnGKTS!qYAQtNXd--wNUwLBB4ivomcbhEkk6fbBOud9_hszunQ",
    "is_default": false,
    "timestamp": "2025-09-12T08:50:31.552Z"
  },
  {
    "anime_title": "Black Clover",
    "episode_title": "Black Clover Episode 54 Subtitle Indonesia",
    "episode_link": "https://otakudesu.best/episode/bkclrv-episode-54-sub-indo/",
    "episode_date": "16 November,2018",
    "server": "otakuplay",
    "quality": "480p",
    "data_content": "eyJpZCI6NzM2NzMsImkiOjAsInEiOiI0ODBwIn0=",
    "decoded_data": {
      "id": 73673,
      "i": 0,
      "q": "480p"
    },
    "stream_url": "https://desustream.info/dstream/otakuplay/v2/index.php?id=VnFUeTFmaFZ0eXoyQXU2U1NKM3BlVm9sNytlbEdmZlR0em9nZmoxb1hZRT0=",
    "is_default": true,
    "timestamp": "2025-09-12T08:50:31.572Z"
  },
  {
    "anime_title": "Black Clover",
    "episode_title": "Black Clover Episode 54 Subtitle Indonesia",
    "episode_link": "https://otakudesu.best/episode/bkclrv-episode-54-sub-indo/",
    "episode_date": "16 November,2018",
    "server": "desudrive",
    "quality": "480p",
    "data_content": "eyJpZCI6NzM2NzMsImkiOjEsInEiOiI0ODBwIn0=",
    "decoded_data": {
      "id": 73673,
      "i": 1,
      "q": "480p"
    },
    "stream_url": "https://desustream.info/dstream/desudrive/player.php?id=RzZWR2l0TXJBU1k4cGh6TDd3UThyZjBvQ2VybTd1aFlRQ1dNUUJuMk5CdUljRGhzVnVScFpKSTVTWFVNQTUzZw==",
    "is_default": false,
    "timestamp": "2025-09-12T08:50:31.618Z"
  },
  {
    "anime_title": "Black Clover",
    "episode_title": "Black Clover Episode 54 Subtitle Indonesia",
    "episode_link": "https://otakudesu.best/episode/bkclrv-episode-54-sub-indo/",
    "episode_date": "16 November,2018",
    "server": "mega",
    "quality": "480p",
    "data_content": "eyJpZCI6NzM2NzMsImkiOjIsInEiOiI0ODBwIn0=",
    "decoded_data": {
      "id": 73673,
      "i": 2,
      "q": "480p"
    },
    "stream_url": "https://mega.nz/embed/#!cER1iAgb!oFZQ62yvrhMNtq0xOopeVeDxWCaEnx5cNQ1UwSxl12Q",
    "is_default": false,
    "timestamp": "2025-09-12T08:50:31.636Z"
  },
  {
    "anime_title": "Black Clover",
    "episode_title": "Black Clover Episode 54 Subtitle Indonesia",
    "episode_link": "https://otakudesu.best/episode/bkclrv-episode-54-sub-indo/",
    "episode_date": "16 November,2018",
    "server": "otakustream",
    "quality": "720p",
    "data_content": "eyJpZCI6NzM2NzMsImkiOjAsInEiOiI3MjBwIn0=",
    "decoded_data": {
      "id": 73673,
      "i": 0,
      "q": "720p"
    },
    "stream_url": "https://desustream.info/dstream/otakustream/v2/index.php?id=TjNQRmtITlcwbFMvYlJHWGpndGJKb0Yyb3BpR0FkVFNuUDJyUHpLL21wYz0=",
    "is_default": false,
    "timestamp": "2025-09-12T08:50:31.693Z"
  },
  {
    "anime_title": "Black Clover",
    "episode_title": "Black Clover Episode 54 Subtitle Indonesia",
    "episode_link": "https://otakudesu.best/episode/bkclrv-episode-54-sub-indo/",
    "episode_date": "16 November,2018",
    "server": "desudrive",
    "quality": "720p",
    "data_content": "eyJpZCI6NzM2NzMsImkiOjEsInEiOiI3MjBwIn0=",
    "decoded_data": {
      "id": 73673,
      "i": 1,
      "q": "720p"
    },
    "stream_url": "https://desustream.info/dstream/desudrive/player.php?id=OTRhRHFOajgrbVVwZlhWRGYweFdJNzJCcEk2UEQ2Q2g0RUFsZWVON0E3MmR5bE9JYlRPMlkzL0xoclhEMTN2ZA==",
    "is_default": false,
    "timestamp": "2025-09-12T08:50:31.726Z"
  },
  {
    "anime_title": "Black Clover",
    "episode_title": "Black Clover Episode 54 Subtitle Indonesia",
    "episode_link": "https://otakudesu.best/episode/bkclrv-episode-54-sub-indo/",
    "episode_date": "16 November,2018",
    "server": "mega",
    "quality": "720p",
    "data_content": "eyJpZCI6NzM2NzMsImkiOjIsInEiOiI3MjBwIn0=",
    "decoded_data": {
      "id": 73673,
      "i": 2,
      "q": "720p"
    },
    "stream_url": "https://mega.nz/embed/#!gUJjRK4T!MPnMjpjQ8-fqQvO1enHg4N5NusW7JfRGICeu8DfrYKE",
    "is_default": false,
    "timestamp": "2025-09-12T08:50:31.775Z"
  },
  {
    "anime_title": "Black Clover",
    "episode_title": "Black Clover Episode 55 Subtitle Indonesia",
    "episode_link": "https://otakudesu.best/episode/bkclrv-episode-55-sub-indo/",
    "episode_date": "16 November,2018",
    "server": "mp4load",
    "quality": "360p",
    "data_content": "eyJpZCI6NzM2NzQsImkiOjAsInEiOiIzNjBwIn0=",
    "decoded_data": {
      "id": 73674,
      "i": 0,
      "q": "360p"
    },
    "stream_url": "https://www.mp4upload.com/embed-u62cx4to0pkh.html",
    "is_default": false,
    "timestamp": "2025-09-12T08:50:33.445Z"
  },
  {
    "anime_title": "Black Clover",
    "episode_title": "Black Clover Episode 55 Subtitle Indonesia",
    "episode_link": "https://otakudesu.best/episode/bkclrv-episode-55-sub-indo/",
    "episode_date": "16 November,2018",
    "server": "desudrive",
    "quality": "360p",
    "data_content": "eyJpZCI6NzM2NzQsImkiOjEsInEiOiIzNjBwIn0=",
    "decoded_data": {
      "id": 73674,
      "i": 1,
      "q": "360p"
    },
    "stream_url": "https://desustream.info/dstream/desudrive/player.php?id=MGJpZ1kzR01NaVZ0YVlEUVdQZ3FaQWc1VEtLMjFYZEg0dzVNRmE1UWZyOEZhQTFaWGlvUGZzNmtNbXhobnEzbg==",
    "is_default": false,
    "timestamp": "2025-09-12T08:50:33.464Z"
  },
  {
    "anime_title": "Black Clover",
    "episode_title": "Black Clover Episode 55 Subtitle Indonesia",
    "episode_link": "https://otakudesu.best/episode/bkclrv-episode-55-sub-indo/",
    "episode_date": "16 November,2018",
    "server": "otakuplay",
    "quality": "480p",
    "data_content": "eyJpZCI6NzM2NzQsImkiOjAsInEiOiI0ODBwIn0=",
    "decoded_data": {
      "id": 73674,
      "i": 0,
      "q": "480p"
    },
    "stream_url": "https://desustream.info/dstream/otakuplay/v2/index.php?id=VnFUeTFmaFZ0eXoyQXU2U1NKM3BlYVR4RGtsdldIekZzU1c2ZkpkTGxjdz0=",
    "is_default": true,
    "timestamp": "2025-09-12T08:50:33.566Z"
  },
  {
    "anime_title": "Black Clover",
    "episode_title": "Black Clover Episode 55 Subtitle Indonesia",
    "episode_link": "https://otakudesu.best/episode/bkclrv-episode-55-sub-indo/",
    "episode_date": "16 November,2018",
    "server": "mega",
    "quality": "360p",
    "data_content": "eyJpZCI6NzM2NzQsImkiOjIsInEiOiIzNjBwIn0=",
    "decoded_data": {
      "id": 73674,
      "i": 2,
      "q": "360p"
    },
    "stream_url": "https://mega.nz/embed/#!JZBjEATI!eYKs1Ltbci76ZJc4ql4jbO128vvUZiEVhWRYjESmSo8",
    "is_default": false,
    "timestamp": "2025-09-12T08:50:33.588Z"
  },
  {
    "anime_title": "Black Clover",
    "episode_title": "Black Clover Episode 55 Subtitle Indonesia",
    "episode_link": "https://otakudesu.best/episode/bkclrv-episode-55-sub-indo/",
    "episode_date": "16 November,2018",
    "server": "desudrive",
    "quality": "480p",
    "data_content": "eyJpZCI6NzM2NzQsImkiOjEsInEiOiI0ODBwIn0=",
    "decoded_data": {
      "id": 73674,
      "i": 1,
      "q": "480p"
    },
    "stream_url": "https://desustream.info/dstream/desudrive/player.php?id=c3VGZWJXRG1TVlRhSWpDUk5XbnNRR2RpQ2RvYWwxdDdqVFFEV3pma1RMelBRc1VpQ0txNnpxM2ZTWnVyRWxyUg==",
    "is_default": false,
    "timestamp": "2025-09-12T08:50:33.618Z"
  },
  {
    "anime_title": "Black Clover",
    "episode_title": "Black Clover Episode 55 Subtitle Indonesia",
    "episode_link": "https://otakudesu.best/episode/bkclrv-episode-55-sub-indo/",
    "episode_date": "16 November,2018",
    "server": "mega",
    "quality": "480p",
    "data_content": "eyJpZCI6NzM2NzQsImkiOjIsInEiOiI0ODBwIn0=",
    "decoded_data": {
      "id": 73674,
      "i": 2,
      "q": "480p"
    },
    "stream_url": "https://mega.nz/embed/#!hNRjXKDY!T_UeNdSDNT32f3nhe85VK534X7ySy8glBtuWR-pXTv4",
    "is_default": false,
    "timestamp": "2025-09-12T08:50:33.635Z"
  },
  {
    "anime_title": "Black Clover",
    "episode_title": "Black Clover Episode 55 Subtitle Indonesia",
    "episode_link": "https://otakudesu.best/episode/bkclrv-episode-55-sub-indo/",
    "episode_date": "16 November,2018",
    "server": "otakustream",
    "quality": "720p",
    "data_content": "eyJpZCI6NzM2NzQsImkiOjAsInEiOiI3MjBwIn0=",
    "decoded_data": {
      "id": 73674,
      "i": 0,
      "q": "720p"
    },
    "stream_url": "https://desustream.info/dstream/otakustream/v2/index.php?id=TjNQRmtITlcwbFMvYlJHWGpndGJKdGE1eFV6N1BrRmdLT2YrVGVEQkRjaz0=",
    "is_default": false,
    "timestamp": "2025-09-12T08:50:33.745Z"
  },
  {
    "anime_title": "Black Clover",
    "episode_title": "Black Clover Episode 55 Subtitle Indonesia",
    "episode_link": "https://otakudesu.best/episode/bkclrv-episode-55-sub-indo/",
    "episode_date": "16 November,2018",
    "server": "desudrive",
    "quality": "720p",
    "data_content": "eyJpZCI6NzM2NzQsImkiOjEsInEiOiI3MjBwIn0=",
    "decoded_data": {
      "id": 73674,
      "i": 1,
      "q": "720p"
    },
    "stream_url": "https://desustream.info/dstream/desudrive/player.php?id=dkFhV2hwOTFRK0wxdjdUYjZ5NHVXZWRqajAxVnh6NnBFS3VuT0VkR1ZYemdGM2JiMktpVG4zZmNxcDhxczJlSg==",
    "is_default": false,
    "timestamp": "2025-09-12T08:50:33.997Z"
  },
  {
    "anime_title": "Black Clover",
    "episode_title": "Black Clover Episode 55 Subtitle Indonesia",
    "episode_link": "https://otakudesu.best/episode/bkclrv-episode-55-sub-indo/",
    "episode_date": "16 November,2018",
    "server": "mega",
    "quality": "720p",
    "data_content": "eyJpZCI6NzM2NzQsImkiOjIsInEiOiI3MjBwIn0=",
    "decoded_data": {
      "id": 73674,
      "i": 2,
      "q": "720p"
    },
    "stream_url": "https://mega.nz/embed/#!1RZjHQZT!R1nR4BsrIeFCWZvxOx8DvvjUgtoJ36-qTSs7FL3ld2o",
    "is_default": false,
    "timestamp": "2025-09-12T08:50:34.027Z"
  },
  {
    "anime_title": "Black Clover",
    "episode_title": "Black Clover Episode 55 Subtitle Indonesia",
    "episode_link": "https://otakudesu.best/episode/bkclrv-episode-55-sub-indo/",
    "episode_date": "16 November,2018",
    "server": "mp4load",
    "quality": "360p",
    "data_content": "eyJpZCI6NzM2NzQsImkiOjAsInEiOiIzNjBwIn0=",
    "decoded_data": {
      "id": 73674,
      "i": 0,
      "q": "360p"
    },
    "stream_url": "https://www.mp4upload.com/embed-u62cx4to0pkh.html",
    "is_default": false,
    "timestamp": "2025-09-12T08:50:33.445Z"
  },
  {
    "anime_title": "Black Clover",
    "episode_title": "Black Clover Episode 55 Subtitle Indonesia",
    "episode_link": "https://otakudesu.best/episode/bkclrv-episode-55-sub-indo/",
    "episode_date": "16 November,2018",
    "server": "desudrive",
    "quality": "360p",
    "data_content": "eyJpZCI6NzM2NzQsImkiOjEsInEiOiIzNjBwIn0=",
    "decoded_data": {
      "id": 73674,
      "i": 1,
      "q": "360p"
    },
    "stream_url": "https://desustream.info/dstream/desudrive/player.php?id=MGJpZ1kzR01NaVZ0YVlEUVdQZ3FaQWc1VEtLMjFYZEg0dzVNRmE1UWZyOEZhQTFaWGlvUGZzNmtNbXhobnEzbg==",
    "is_default": false,
    "timestamp": "2025-09-12T08:50:33.464Z"
  },
  {
    "anime_title": "Black Clover",
    "episode_title": "Black Clover Episode 55 Subtitle Indonesia",
    "episode_link": "https://otakudesu.best/episode/bkclrv-episode-55-sub-indo/",
    "episode_date": "16 November,2018",
    "server": "mega",
    "quality": "360p",
    "data_content": "eyJpZCI6NzM2NzQsImkiOjIsInEiOiIzNjBwIn0=",
    "decoded_data": {
      "id": 73674,
      "i": 2,
      "q": "360p"
    },
    "stream_url": "https://mega.nz/embed/#!JZBjEATI!eYKs1Ltbci76ZJc4ql4jbO128vvUZiEVhWRYjESmSo8",
    "is_default": false,
    "timestamp": "2025-09-12T08:50:33.588Z"
  },
  {
    "anime_title": "Black Clover",
    "episode_title": "Black Clover Episode 55 Subtitle Indonesia",
    "episode_link": "https://otakudesu.best/episode/bkclrv-episode-55-sub-indo/",
    "episode_date": "16 November,2018",
    "server": "otakuplay",
    "quality": "480p",
    "data_content": "eyJpZCI6NzM2NzQsImkiOjAsInEiOiI0ODBwIn0=",
    "decoded_data": {
      "id": 73674,
      "i": 0,
      "q": "480p"
    },
    "stream_url": "https://desustream.info/dstream/otakuplay/v2/index.php?id=VnFUeTFmaFZ0eXoyQXU2U1NKM3BlYVR4RGtsdldIekZzU1c2ZkpkTGxjdz0=",
    "is_default": true,
    "timestamp": "2025-09-12T08:50:33.566Z"
  },
  {
    "anime_title": "Black Clover",
    "episode_title": "Black Clover Episode 55 Subtitle Indonesia",
    "episode_link": "https://otakudesu.best/episode/bkclrv-episode-55-sub-indo/",
    "episode_date": "16 November,2018",
    "server": "desudrive",
    "quality": "480p",
    "data_content": "eyJpZCI6NzM2NzQsImkiOjEsInEiOiI0ODBwIn0=",
    "decoded_data": {
      "id": 73674,
      "i": 1,
      "q": "480p"
    },
    "stream_url": "https://desustream.info/dstream/desudrive/player.php?id=c3VGZWJXRG1TVlRhSWpDUk5XbnNRR2RpQ2RvYWwxdDdqVFFEV3pma1RMelBRc1VpQ0txNnpxM2ZTWnVyRWxyUg==",
    "is_default": false,
    "timestamp": "2025-09-12T08:50:33.618Z"
  },
  {
    "anime_title": "Black Clover",
    "episode_title": "Black Clover Episode 55 Subtitle Indonesia",
    "episode_link": "https://otakudesu.best/episode/bkclrv-episode-55-sub-indo/",
    "episode_date": "16 November,2018",
    "server": "mega",
    "quality": "480p",
    "data_content": "eyJpZCI6NzM2NzQsImkiOjIsInEiOiI0ODBwIn0=",
    "decoded_data": {
      "id": 73674,
      "i": 2,
      "q": "480p"
    },
    "stream_url": "https://mega.nz/embed/#!hNRjXKDY!T_UeNdSDNT32f3nhe85VK534X7ySy8glBtuWR-pXTv4",
    "is_default": false,
    "timestamp": "2025-09-12T08:50:33.635Z"
  },
  {
    "anime_title": "Black Clover",
    "episode_title": "Black Clover Episode 55 Subtitle Indonesia",
    "episode_link": "https://otakudesu.best/episode/bkclrv-episode-55-sub-indo/",
    "episode_date": "16 November,2018",
    "server": "otakustream",
    "quality": "720p",
    "data_content": "eyJpZCI6NzM2NzQsImkiOjAsInEiOiI3MjBwIn0=",
    "decoded_data": {
      "id": 73674,
      "i": 0,
      "q": "720p"
    },
    "stream_url": "https://desustream.info/dstream/otakustream/v2/index.php?id=TjNQRmtITlcwbFMvYlJHWGpndGJKdGE1eFV6N1BrRmdLT2YrVGVEQkRjaz0=",
    "is_default": false,
    "timestamp": "2025-09-12T08:50:33.745Z"
  },
  {
    "anime_title": "Black Clover",
    "episode_title": "Black Clover Episode 55 Subtitle Indonesia",
    "episode_link": "https://otakudesu.best/episode/bkclrv-episode-55-sub-indo/",
    "episode_date": "16 November,2018",
    "server": "desudrive",
    "quality": "720p",
    "data_content": "eyJpZCI6NzM2NzQsImkiOjEsInEiOiI3MjBwIn0=",
    "decoded_data": {
      "id": 73674,
      "i": 1,
      "q": "720p"
    },
    "stream_url": "https://desustream.info/dstream/desudrive/player.php?id=dkFhV2hwOTFRK0wxdjdUYjZ5NHVXZWRqajAxVnh6NnBFS3VuT0VkR1ZYemdGM2JiMktpVG4zZmNxcDhxczJlSg==",
    "is_default": false,
    "timestamp": "2025-09-12T08:50:33.997Z"
  },
  {
    "anime_title": "Black Clover",
    "episode_title": "Black Clover Episode 55 Subtitle Indonesia",
    "episode_link": "https://otakudesu.best/episode/bkclrv-episode-55-sub-indo/",
    "episode_date": "16 November,2018",
    "server": "mega",
    "quality": "720p",
    "data_content": "eyJpZCI6NzM2NzQsImkiOjIsInEiOiI3MjBwIn0=",
    "decoded_data": {
      "id": 73674,
      "i": 2,
      "q": "720p"
    },
    "stream_url": "https://mega.nz/embed/#!1RZjHQZT!R1nR4BsrIeFCWZvxOx8DvvjUgtoJ36-qTSs7FL3ld2o",
    "is_default": false,
    "timestamp": "2025-09-12T08:50:34.027Z"
  }
]